[info] Job ID: 375435.venus01
[info] Host: cnode-33-43-42
[info] Project dir: /home/svu/e0968015/experiments
[info] Dataset dir: /hpctmp/scratch/e0968015/mosei
[info] Features: /hpctmp/scratch/e0968015/mosei/Processed/features.pkl
[info] Out dir: /hpctmp/scratch/e0968015/mosei/FusionRuns/audio_guided_attn_run4
Loading anaconda3
  Loading requirement: /app1/modules/root/NUSREC gcc-4.8.2
[info] python: /home/svu/e0968015/.conda/envs/msa-unimodal/bin/python
Python 3.10.6
Data loaders initialised
Model initialised
Trainer initialised
Labels: [ 1.          0.33333334 -0.6666667  -0.8333333  -0.33333334  0.
  0.5         0.          0.33333334 -0.5         0.33333334  0.
  0.5         0.5         0.6666667  -0.16666667  0.         -0.6666667
  1.         -0.33333334 -1.          0.         -0.33333334 -0.8333333
  0.16666667  0.33333334 -0.6666667   0.          0.          0.
  0.33333334 -0.8333333   0.5         0.16666667 -0.33333334  0.33333334
  0.          0.6666667   0.         -0.16666667  0.33333334  0.16666667
 -0.6666667  -0.5         0.          0.16666667  0.          1.
  0.33333334 -0.8333333   0.16666667 -0.16666667  0.16666667  0.16666667
  0.6666667  -0.5         0.         -0.6666667   0.5         0.6666667
 -0.16666667 -0.6666667   0.         -0.8333333   0.33333334 -0.16666667
 -0.5        -0.33333334 -0.8333333  -0.8333333  -0.5         0.5
  0.33333334  0.          0.5         0.33333334  0.6666667   0.6666667
 -0.16666667 -0.33333334  0.33333334  0.16666667 -0.33333334 -0.6666667
  0.          0.          0.16666667  0.          0.5         0.
  0.          0.          0.16666667 -0.8333333   0.          0.
  0.16666667  0.16666667  0.16666667  0.         -0.33333334 -0.8333333
  0.         -0.33333334  0.          0.33333334  0.         -0.8333333
 -0.33333334  0.         -0.5         0.          0.8333333   0.5
  0.5         0.33333334  0.          0.          0.6666667  -0.16666667
  0.75        0.8333333  -0.5         0.33333334  0.          0.16666667
  0.5         0.33333334  0.6666667  -0.5        -0.16666667  0.33333334
  0.8333333  -0.8333333   0.16666667  0.          0.          0.
 -1.          0.16666667  0.33333334 -1.          0.          0.
  1.          0.33333334 -1.          0.33333334 -0.16666667  0.16666667
  0.6666667  -0.6666667   0.          0.33333334 -0.16666667  0.16666667
  0.33333334  0.33333334  0.33333334  0.5         0.33333334 -0.16666667
 -0.6666667  -0.8333333   0.          0.16666667 -0.16666667  1.
  0.5         0.16666667  0.16666667 -0.16666667  0.16666667  0.33333334
  0.16666667 -0.33333334  0.          0.16666667  0.16666667  0.33333334
  0.         -0.8333333  -0.5         0.16666667  1.          0.16666667
  0.16666667 -0.8333333   0.         -0.16666667  0.6666667  -0.6666667
  0.5         0.33333334  0.16666667  0.          0.33333334  0.33333334
  0.          1.          0.25        0.33333334 -0.6666667  -0.8333333
  0.          0.16666667 -0.33333334  0.          0.5        -0.16666667
  0.16666667 -0.16666667  0.         -0.16666667  0.33333334  0.8333333
  0.8333333   0.5        -0.5         0.16666667 -1.          0.
  0.16666667 -0.8333333  -0.16666667 -0.33333334 -0.16666667 -1.
 -0.16666667  0.          0.5        -0.5        -0.5         0.33333334
  0.          0.33333334  0.33333334  0.          0.          0.6666667
  0.5         0.33333334 -0.8333333  -0.8333333   0.16666667 -0.16666667
  1.          0.8333333   0.5         0.16666667 -0.16666667 -0.16666667
  0.5        -0.5         0.5        -0.16666667  0.33333334  0.33333334
 -0.5         0.5        -0.6666667  -1.         -0.5        -0.16666667
  0.6666667  -0.33333334  0.          0.33333334  0.         -0.8333333
  0.33333334 -0.33333334 -0.16666667  0.33333334  0.          0.33333334
  0.6666667   0.5         0.16666667  0.16666667  0.08333334  0.
  0.5         0.6666667   0.16666667  0.          0.          0.
  0.          0.16666667 -0.33333334 -0.8333333  -0.16666667  0.
  0.16666667  0.          0.5         0.         -0.8333333   0.5
 -0.6666667  -0.8333333  -0.6666667   0.          1.          0.16666667
 -0.6666667   0.16666667  0.          0.          1.         -0.16666667
  0.          0.33333334  0.16666667  0.8333333   0.5         1.
  0.          0.          0.6666667   0.33333334  0.          0.
  0.          0.          1.          0.16666667  0.5        -0.33333334
  0.16666667  0.          0.33333334  0.         -0.16666667 -0.5
 -0.5         0.8333333   0.          0.16666667  0.         -0.8333333
 -0.6666667   0.          0.8333333   0.          0.          0.
  0.         -0.6666667  -0.33333334 -0.6666667   0.16666667  0.16666667
  0.16666667  0.33333334  0.33333334  0.8333333  -0.33333334  0.
  0.6666667   0.          0.          0.          0.33333334  0.
  0.33333334  1.          0.16666667  0.         -0.16666667  0.16666667
  0.33333334  0.          0.33333334 -0.8333333   0.6666667   0.5
  0.          0.8333333  -0.5        -0.16666667 -0.5         0.
  0.8333333  -0.16666667  0.6666667  -0.33333334  0.16666667 -0.8333333
  0.8333333  -1.          0.5         0.5         0.          0.16666667
  0.5         0.         -0.16666667  0.33333334  0.6666667   0.6666667
 -0.16666667  0.          0.6666667   0.16666667  0.          0.16666667
  0.5         0.33333334  0.6666667   0.6666667   0.33333334  0.5
 -0.6666667   0.5         0.8333333   0.5         0.          0.16666667
  0.         -0.8333333  -0.5        -0.16666667  0.8333333   0.
  0.33333334  0.         -0.6666667  -0.5        -0.16666667 -0.16666667
  0.          0.6666667   0.          0.5         0.          0.8333333
  0.          0.33333334  0.41666666  0.         -0.8333333  -0.33333334
  0.          0.16666667  0.          0.8333333   0.8333333   0.
 -0.6666667   0.         -0.16666667  0.          0.33333334  0.
  0.          0.         -0.6666667   0.         -0.33333334 -0.16666667
  0.         -0.6666667   0.6666667   0.16666667 -0.33333334 -0.6666667
 -0.8333333  -0.16666667 -0.8333333  -0.5        -0.6666667   0.16666667
 -0.33333334  0.          0.16666667  0.8333333  -0.33333334  0.33333334
  0.6666667   0.          0.16666667  0.          0.8333333   0.
 -0.16666667  0.33333334 -0.33333334  0.16666667  0.16666667 -0.33333334
 -0.33333334  0.5         0.33333334 -0.6666667   0.         -0.6666667
  0.          0.16666667 -0.16666667  0.5         0.6666667   0.
 -0.16666667  0.16666667  0.6666667  -0.5         0.5         0.
  0.         -1.         -0.6666667   0.          0.16666667 -1.
  0.5        -0.5         0.6666667   0.16666667 -0.8333333  -0.33333334
  0.         -0.16666667  0.8333333   0.          0.16666667  0.33333334
  0.6666667  -0.16666667  0.16666667  0.5         0.8333333  -0.6666667
  0.          0.33333334  0.6666667   0.         -0.16666667 -0.33333334
 -0.8333333   1.         -0.6666667   0.6666667   0.          0.6666667
  0.16666667  0.5         0.33333334 -0.8333333   0.          0.
  0.5         0.33333334  0.          0.          0.          0.
  0.          0.33333334 -0.5         0.          0.16666667  0.
  0.          0.          0.16666667  1.          0.6666667  -0.5
  0.33333334  0.          0.          1.          0.          0.5
  0.16666667  0.         -0.16666667  0.          1.          0.
  1.          0.          0.16666667  0.          0.16666667 -0.16666667
 -0.8333333  -0.33333334  0.          0.16666667  0.          0.16666667
  0.33333334  0.33333334 -0.8333333  -0.8333333   0.16666667  0.16666667
  0.9166667   0.16666667  0.5         0.6666667   0.33333334 -0.6666667
 -0.6666667   0.33333334 -0.6666667   0.          0.16666667 -0.16666667
 -0.8333333  -0.33333334 -0.6666667   0.33333334  0.5         0.33333334
  0.25        0.33333334  0.          0.33333334  0.          0.
  0.6666667   0.          0.8333333   0.6666667   0.5         0.33333334
  0.75       -0.16666667  0.25        0.          1.          0.33333334
  0.33333334  0.33333334  0.5         0.8333333   0.16666667  0.
  0.16666667  0.5         0.75        0.41666666  0.16666667]
Predictions: [ 3.78432751e-01  3.06879193e-01 -1.13932222e-01 -1.59667194e-01
  1.89849794e-01  4.34628636e-01 -2.52484709e-01  5.82073815e-02
  4.62572128e-01 -5.00904731e-02  2.17225164e-01 -5.95236383e-02
  4.69769806e-01 -4.44078296e-01  4.65475470e-01  7.68148601e-02
  5.60319796e-03  3.15508544e-01 -2.61296332e-01  3.91203105e-01
 -5.37228763e-01  5.31465709e-01  1.89719424e-01  1.47200465e-01
  4.13285106e-01  8.38980079e-01 -9.96860862e-02 -6.42700493e-02
 -1.68756247e-01  2.11639076e-01  1.01602626e+00 -1.03062153e-01
  3.89687210e-01  3.01903486e-01  4.05945629e-01  2.09930062e-01
  6.38559878e-01  2.68219858e-01  5.23290753e-01 -3.45363244e-02
  3.28760862e-01  4.52589899e-01  1.75828040e-01 -2.33257934e-03
  1.49158373e-01  2.10380942e-01  1.92917466e-01 -1.84240535e-01
  3.61650497e-01 -2.48953216e-02  1.51829779e-01  1.54430605e-02
  4.23364490e-01 -3.02374393e-01 -1.21171549e-01 -1.42173730e-02
  3.35225224e-01 -3.34687144e-01  3.94796245e-02  2.75670856e-01
  1.06952935e-02 -6.14558995e-01 -1.09890550e-01 -1.44020751e-01
 -1.02717794e-01  2.31698424e-01 -1.89832777e-01  3.96092921e-01
 -9.44477767e-02 -1.07085869e-01  2.54800379e-01  3.98416221e-01
  3.44679832e-01  5.06671667e-01  6.64857328e-01  5.15319288e-01
  3.28937054e-01  2.77654737e-01  4.78856236e-01  3.16081911e-01
  5.06848752e-01  4.33522046e-01  1.98154926e-01 -5.54104112e-02
  5.31515814e-02  4.17893082e-01  1.14059493e-01  2.26878285e-01
  5.45449555e-01  4.30333227e-01  3.64123404e-01  3.00248653e-01
  4.92587000e-01 -4.44133788e-01 -2.29665145e-01  4.17568266e-01
  2.81690985e-01 -1.29117504e-01 -1.63462490e-01 -3.72325033e-02
 -1.67204902e-01 -7.19284058e-01  3.07985246e-01  1.29532486e-01
  3.23116899e-01  4.57855374e-01 -3.26092392e-01 -2.55345076e-01
  7.77196437e-02 -1.20979995e-01  1.41661242e-01  1.93338811e-01
  3.16579878e-01  7.82155991e-01  4.17871952e-01  4.27053571e-01
  4.13110614e-01  2.75633126e-01  4.98415858e-01  4.38911736e-01
  3.33732784e-01  8.05608690e-01 -2.65225172e-01  1.86183840e-01
  3.88535500e-01  2.81295896e-01 -4.49409366e-01  6.59218669e-01
  7.80809939e-01 -2.36491740e-01  2.02714354e-01 -1.87538955e-02
  1.31134629e-01 -1.94767192e-01  2.87215263e-01  2.85448164e-01
 -3.45770642e-03 -8.09448510e-02  2.07611084e-01  5.46285152e-01
 -1.80732131e-01 -4.48677927e-01 -1.72161832e-01  2.82382220e-03
 -1.54088512e-01  4.04438108e-01 -3.29504788e-01 -2.34971315e-01
 -2.48422623e-01  6.72295392e-02  3.40678751e-01  1.07669607e-01
  2.81580657e-01  1.44914202e-02  3.90434593e-01  3.06900650e-01
  4.30895805e-01  3.63159895e-01  5.31776786e-01  3.61529171e-01
  3.10402036e-01 -1.89360440e-01 -2.73535609e-01  3.55118066e-01
  4.67846543e-01  1.58978954e-01 -4.25257981e-01  4.60566469e-02
  4.67606097e-01  1.57070123e-02  2.50041306e-01  4.23774868e-01
  3.35380226e-01 -1.67540982e-01 -5.19232415e-02 -1.23484462e-01
  6.21468984e-02  1.15259707e-01 -2.72717364e-02  1.25678450e-01
 -6.22718632e-02 -4.12643701e-01  1.12470418e-01  6.26670271e-02
  9.02546644e-02  3.79243642e-01  1.71061754e-01  1.34987772e-01
  1.19183570e-01 -5.42042971e-01  5.76956511e-01  1.15094990e-01
  3.82739127e-01  1.67988539e-01  5.95839135e-02  3.72738004e-01
  4.27018017e-01  4.67485934e-03  5.02889752e-01  5.69333851e-01
  7.94055760e-01  3.98867369e-01 -9.84034240e-02  1.79264434e-02
  4.59971279e-01  5.91728866e-01  4.46826369e-01  3.06361727e-02
  4.48833585e-01  3.71638864e-01  3.74128878e-01 -8.97612050e-03
  1.63114533e-01 -4.97453362e-01  5.21934330e-01  4.41716045e-01
  3.54660839e-01 -1.44152522e-01 -4.11916107e-01  3.17897677e-01
 -1.93760023e-02  4.14381534e-01 -3.08130290e-02 -7.71836787e-02
 -2.69410968e-01  3.70545000e-01  5.52830577e-01  3.00562620e-01
 -2.98527300e-01 -1.22449532e-01  3.70668679e-01  2.60256916e-01
  8.96051228e-02  2.41479486e-01  1.89554989e-01  3.30648541e-01
  5.14489233e-01  4.11327511e-01  4.15762037e-01  2.62652814e-01
  8.65916908e-02 -1.60549879e-02 -1.82356745e-01 -2.18281209e-01
 -1.13893002e-02  2.36724675e-01 -2.49776915e-01  2.40523845e-01
  6.96355283e-01 -1.36364445e-01  2.32725799e-01  1.93130404e-01
  3.70999098e-01 -2.09211677e-01  3.49331141e-01 -5.17960131e-01
  1.12155765e-01 -2.63196491e-02 -1.46864578e-01  4.59126264e-01
 -2.40118995e-01 -5.91632843e-01  7.47468174e-02 -1.07288018e-01
  2.42289156e-04  5.46047091e-01  4.85719234e-01 -1.23472691e-01
 -7.40747303e-02 -2.20084131e-01  4.28005010e-01  4.46605422e-02
  5.23046792e-01 -1.61707431e-01  2.45981544e-01  4.09608990e-01
  4.43778336e-01  1.62028074e-01  6.46607816e-01  1.76131666e-01
  5.02086222e-01  1.11334607e-01 -2.64420331e-01 -1.34189695e-01
  3.12296957e-01  5.03914356e-01  5.53096570e-02  7.91914761e-04
  3.87171388e-01  2.99781770e-01 -7.10430682e-01 -1.68049350e-01
  4.81298000e-01 -3.86194512e-03  2.55172879e-01  1.74783953e-02
  2.27535665e-01 -1.01079673e-01 -1.65364042e-01  3.20171744e-01
 -2.35094577e-01 -1.96448803e-01  6.10505603e-02  4.77584630e-01
  4.36637819e-01  1.80241108e-01 -4.62457895e-01 -1.40777119e-02
 -8.76978785e-02  1.62174135e-01  3.92772466e-01  4.93010134e-01
  1.49161831e-01  1.85245663e-01  1.77578703e-01  3.11598420e-01
  4.41392869e-01  1.77550003e-01  3.09765220e-01  4.61962610e-01
  1.96553648e-01  8.09145421e-02 -1.75262511e-01  2.42563039e-01
  4.32358593e-01  2.02330172e-01  1.68940485e-01 -1.86647803e-01
  8.42419267e-01 -1.15334332e-01  6.97486103e-01  1.90360472e-03
  2.57816106e-01 -2.09494412e-01  6.15250506e-02  4.09099571e-02
  2.22333111e-02  2.01716386e-02  1.86518103e-01 -5.04152060e-01
 -3.52829657e-02 -2.31218740e-01  2.36854367e-02 -2.48904973e-01
  5.39911211e-01  2.84680188e-01 -5.00210941e-01 -7.65939951e-02
  1.34364158e-01 -2.06101745e-01  2.03367054e-01  6.94165379e-02
  8.37765634e-04  2.74337709e-01  6.53470457e-01  7.66248256e-02
  4.96677130e-01  3.50657374e-01  5.85157335e-01  3.85914773e-01
  5.49260497e-01  2.00073093e-01 -8.00553858e-02  7.37405121e-02
  3.62632483e-01  1.45316228e-01 -1.85596570e-01  2.44100094e-01
  7.88359821e-01 -1.33429557e-01  7.15764403e-01  9.73188877e-02
  7.21069396e-01 -2.34625906e-01  1.49042159e-01 -1.84071556e-01
  1.58418775e-01 -1.80741474e-01 -9.41997468e-02  6.64078116e-01
 -7.62668326e-02  1.89563259e-03 -1.89359918e-01  1.75648853e-01
  3.47479135e-01  5.43980598e-01 -1.88727304e-01 -1.76158383e-01
 -1.03825733e-01 -6.43812269e-02  5.24079978e-01 -4.67547238e-01
  3.22945595e-01  3.83749634e-01  3.08883160e-01  3.40737492e-01
  2.44865626e-01  3.24821658e-02  1.07601628e-01  5.38696535e-02
  4.47339267e-01  4.91717011e-01 -1.09976605e-01  2.77606785e-01
  4.95099038e-01  4.20168430e-01 -6.05841465e-02 -1.91563129e-01
  6.34395719e-01 -1.66266084e-01  4.26218241e-01  2.31151402e-01
  3.29107523e-01 -3.09734404e-01  1.61100969e-01  1.47397816e-03
  2.56162643e-01  4.19160664e-01  3.76480930e-02 -8.66896659e-02
  5.03263064e-02 -1.71209574e-01 -4.54858467e-02 -1.86283752e-01
  2.57217646e-01  2.21483290e-01 -3.29377055e-01  8.49721581e-03
 -2.11518914e-01 -2.92356819e-01  5.34807742e-01 -4.89374511e-02
  2.46241063e-01  6.18499704e-02  1.23035878e-01  1.83252901e-01
  1.10147774e-01  6.53007388e-01  7.71015286e-02  3.97444725e-01
  2.93099165e-01  7.41026223e-01 -2.84477592e-01  4.56331708e-02
  3.42367619e-01  3.76973331e-01  1.51733220e-01 -1.05801992e-01
  2.34340131e-01 -2.26331532e-01 -1.28247365e-01 -3.91127504e-02
  4.07099128e-01  1.26570717e-01  1.08962297e-01 -1.40591472e-01
  1.20208770e-01  1.37060970e-01 -1.93932578e-01  4.79010731e-01
 -1.85125560e-01  1.31568089e-01  2.56611228e-01 -2.35936925e-01
  3.48660499e-01  1.42773122e-01 -3.20060015e-01 -2.08883479e-01
 -5.56008756e-01  8.01450759e-02 -5.51801175e-02  1.16275638e-01
  4.36293446e-02  3.89351875e-01  2.15883106e-01  5.98444283e-01
  3.95122856e-01  5.33346593e-01  2.05137193e-01  3.58964145e-01
  5.27426898e-01 -1.35420233e-01  3.69643532e-02 -3.45017985e-02
  1.88242882e-01  3.40577304e-01  2.23925114e-01  3.18150431e-01
 -1.05070658e-02  3.79397720e-01  4.29002792e-01 -5.04229426e-01
  5.48762716e-02  4.53118652e-01  1.43412538e-02 -1.23610124e-01
 -2.53026560e-03  5.30502200e-03  3.25211167e-01  6.59619272e-01
  2.40209490e-01 -6.01119399e-02  4.54304785e-01 -1.40341118e-01
  4.74010497e-01  6.44126058e-01  1.46858066e-01  2.40020454e-05
  2.49506027e-01 -3.51806968e-01  1.19363472e-01 -2.43240356e-01
 -5.85007131e-01  2.85822749e-01  1.31954908e-01 -8.02803561e-02
  6.77200705e-02  1.53608829e-01  6.13061249e-01  4.49833721e-01
 -1.63633630e-01 -3.59899938e-01  2.28745311e-01  5.80920458e-01
  1.37955859e-01  3.45637590e-01  5.66015661e-01 -1.55712143e-02
 -4.22292724e-02 -1.25587672e-01  4.71895307e-01 -2.83772737e-01
  5.69626391e-01 -2.30243742e-01  6.78347200e-02 -6.43140450e-03
  1.20972753e-01  4.21912432e-01 -5.02652265e-02  3.53034168e-01
 -3.54762435e-01  1.45791456e-01  1.96101755e-01  4.38715637e-01
  5.91235280e-01  3.97767633e-01  5.68395674e-01 -1.96254790e-01
  5.07209241e-01 -7.10641295e-02  2.22316444e-01 -1.97247505e-01
  3.79502743e-01 -7.59730935e-02  2.40505874e-01  3.12881738e-01
  4.24522571e-02 -1.08053863e-01  4.14287634e-02  7.68364847e-01
 -2.06854157e-02  8.24616998e-02  3.21302056e-01  4.12407726e-01
  2.52582461e-01  1.94701076e-01  1.10485017e-01  3.31233829e-01
  3.38540167e-01 -1.50576845e-01  6.49249434e-01  8.56472850e-02
  3.08955193e-01 -1.20638847e-01 -1.04597844e-01  3.85300159e-01
 -1.79660946e-01  4.54689652e-01  4.45786491e-03 -1.71796605e-01
  4.71126847e-02  3.77249904e-02  4.76561695e-01  5.87769449e-01
  5.26697636e-01  2.06816077e-01  1.79290399e-03 -2.81820297e-02
  1.61365457e-02  2.85184175e-01 -7.19230622e-04  2.72105873e-01
  3.97700220e-01  4.10909384e-01  1.91718593e-01  3.77628148e-01
  2.33933866e-01 -2.71009319e-02  3.34505588e-01  3.76563251e-01
  1.75485328e-01  3.20571244e-01 -1.99468344e-01  8.12042534e-01
  5.41586816e-01 -1.72782570e-01 -1.20821297e-01  2.32547104e-01
 -2.61953454e-02 -2.90149182e-01  3.23485024e-02  2.97257215e-01
  1.39561057e-01  2.17164963e-01 -6.25320897e-03  4.46376413e-01
  2.39463836e-01 -2.66330838e-02  7.04819262e-01  2.24835724e-01
  2.48406410e-01  6.60174936e-02 -2.45929323e-02 -5.02907969e-02
  6.66996241e-02  8.06753337e-02  5.81395626e-01  5.66839814e-01
  4.52575654e-01  3.25167358e-01  7.38482296e-01 -1.74330249e-01
  4.18217450e-01  4.04177219e-01 -1.37425020e-01  4.41510916e-01
  1.96566045e-01  4.94960517e-01  1.60073400e-01  4.52849656e-01
  5.27005911e-01  4.06054795e-01  3.31149131e-01  8.54252219e-01
  5.87321699e-01  3.15698564e-01  4.16745186e-01]
{"epoch": 1, "train_loss": 0.4405584127403969, "val_mae": 0.3512578308582306, "val_corr": 0.4285309666263912, "val_binary_acc": 0.6120556414219475, "val_binary_f1": 0.664886515353805, "threshold": 0.0}
Labels: [ 1.          0.33333334 -0.6666667  -0.8333333  -0.33333334  0.
  0.5         0.          0.33333334 -0.5         0.33333334  0.
  0.5         0.5         0.6666667  -0.16666667  0.         -0.6666667
  1.         -0.33333334 -1.          0.         -0.33333334 -0.8333333
  0.16666667  0.33333334 -0.6666667   0.          0.          0.
  0.33333334 -0.8333333   0.5         0.16666667 -0.33333334  0.33333334
  0.          0.6666667   0.         -0.16666667  0.33333334  0.16666667
 -0.6666667  -0.5         0.          0.16666667  0.          1.
  0.33333334 -0.8333333   0.16666667 -0.16666667  0.16666667  0.16666667
  0.6666667  -0.5         0.         -0.6666667   0.5         0.6666667
 -0.16666667 -0.6666667   0.         -0.8333333   0.33333334 -0.16666667
 -0.5        -0.33333334 -0.8333333  -0.8333333  -0.5         0.5
  0.33333334  0.          0.5         0.33333334  0.6666667   0.6666667
 -0.16666667 -0.33333334  0.33333334  0.16666667 -0.33333334 -0.6666667
  0.          0.          0.16666667  0.          0.5         0.
  0.          0.          0.16666667 -0.8333333   0.          0.
  0.16666667  0.16666667  0.16666667  0.         -0.33333334 -0.8333333
  0.         -0.33333334  0.          0.33333334  0.         -0.8333333
 -0.33333334  0.         -0.5         0.          0.8333333   0.5
  0.5         0.33333334  0.          0.          0.6666667  -0.16666667
  0.75        0.8333333  -0.5         0.33333334  0.          0.16666667
  0.5         0.33333334  0.6666667  -0.5        -0.16666667  0.33333334
  0.8333333  -0.8333333   0.16666667  0.          0.          0.
 -1.          0.16666667  0.33333334 -1.          0.          0.
  1.          0.33333334 -1.          0.33333334 -0.16666667  0.16666667
  0.6666667  -0.6666667   0.          0.33333334 -0.16666667  0.16666667
  0.33333334  0.33333334  0.33333334  0.5         0.33333334 -0.16666667
 -0.6666667  -0.8333333   0.          0.16666667 -0.16666667  1.
  0.5         0.16666667  0.16666667 -0.16666667  0.16666667  0.33333334
  0.16666667 -0.33333334  0.          0.16666667  0.16666667  0.33333334
  0.         -0.8333333  -0.5         0.16666667  1.          0.16666667
  0.16666667 -0.8333333   0.         -0.16666667  0.6666667  -0.6666667
  0.5         0.33333334  0.16666667  0.          0.33333334  0.33333334
  0.          1.          0.25        0.33333334 -0.6666667  -0.8333333
  0.          0.16666667 -0.33333334  0.          0.5        -0.16666667
  0.16666667 -0.16666667  0.         -0.16666667  0.33333334  0.8333333
  0.8333333   0.5        -0.5         0.16666667 -1.          0.
  0.16666667 -0.8333333  -0.16666667 -0.33333334 -0.16666667 -1.
 -0.16666667  0.          0.5        -0.5        -0.5         0.33333334
  0.          0.33333334  0.33333334  0.          0.          0.6666667
  0.5         0.33333334 -0.8333333  -0.8333333   0.16666667 -0.16666667
  1.          0.8333333   0.5         0.16666667 -0.16666667 -0.16666667
  0.5        -0.5         0.5        -0.16666667  0.33333334  0.33333334
 -0.5         0.5        -0.6666667  -1.         -0.5        -0.16666667
  0.6666667  -0.33333334  0.          0.33333334  0.         -0.8333333
  0.33333334 -0.33333334 -0.16666667  0.33333334  0.          0.33333334
  0.6666667   0.5         0.16666667  0.16666667  0.08333334  0.
  0.5         0.6666667   0.16666667  0.          0.          0.
  0.          0.16666667 -0.33333334 -0.8333333  -0.16666667  0.
  0.16666667  0.          0.5         0.         -0.8333333   0.5
 -0.6666667  -0.8333333  -0.6666667   0.          1.          0.16666667
 -0.6666667   0.16666667  0.          0.          1.         -0.16666667
  0.          0.33333334  0.16666667  0.8333333   0.5         1.
  0.          0.          0.6666667   0.33333334  0.          0.
  0.          0.          1.          0.16666667  0.5        -0.33333334
  0.16666667  0.          0.33333334  0.         -0.16666667 -0.5
 -0.5         0.8333333   0.          0.16666667  0.         -0.8333333
 -0.6666667   0.          0.8333333   0.          0.          0.
  0.         -0.6666667  -0.33333334 -0.6666667   0.16666667  0.16666667
  0.16666667  0.33333334  0.33333334  0.8333333  -0.33333334  0.
  0.6666667   0.          0.          0.          0.33333334  0.
  0.33333334  1.          0.16666667  0.         -0.16666667  0.16666667
  0.33333334  0.          0.33333334 -0.8333333   0.6666667   0.5
  0.          0.8333333  -0.5        -0.16666667 -0.5         0.
  0.8333333  -0.16666667  0.6666667  -0.33333334  0.16666667 -0.8333333
  0.8333333  -1.          0.5         0.5         0.          0.16666667
  0.5         0.         -0.16666667  0.33333334  0.6666667   0.6666667
 -0.16666667  0.          0.6666667   0.16666667  0.          0.16666667
  0.5         0.33333334  0.6666667   0.6666667   0.33333334  0.5
 -0.6666667   0.5         0.8333333   0.5         0.          0.16666667
  0.         -0.8333333  -0.5        -0.16666667  0.8333333   0.
  0.33333334  0.         -0.6666667  -0.5        -0.16666667 -0.16666667
  0.          0.6666667   0.          0.5         0.          0.8333333
  0.          0.33333334  0.41666666  0.         -0.8333333  -0.33333334
  0.          0.16666667  0.          0.8333333   0.8333333   0.
 -0.6666667   0.         -0.16666667  0.          0.33333334  0.
  0.          0.         -0.6666667   0.         -0.33333334 -0.16666667
  0.         -0.6666667   0.6666667   0.16666667 -0.33333334 -0.6666667
 -0.8333333  -0.16666667 -0.8333333  -0.5        -0.6666667   0.16666667
 -0.33333334  0.          0.16666667  0.8333333  -0.33333334  0.33333334
  0.6666667   0.          0.16666667  0.          0.8333333   0.
 -0.16666667  0.33333334 -0.33333334  0.16666667  0.16666667 -0.33333334
 -0.33333334  0.5         0.33333334 -0.6666667   0.         -0.6666667
  0.          0.16666667 -0.16666667  0.5         0.6666667   0.
 -0.16666667  0.16666667  0.6666667  -0.5         0.5         0.
  0.         -1.         -0.6666667   0.          0.16666667 -1.
  0.5        -0.5         0.6666667   0.16666667 -0.8333333  -0.33333334
  0.         -0.16666667  0.8333333   0.          0.16666667  0.33333334
  0.6666667  -0.16666667  0.16666667  0.5         0.8333333  -0.6666667
  0.          0.33333334  0.6666667   0.         -0.16666667 -0.33333334
 -0.8333333   1.         -0.6666667   0.6666667   0.          0.6666667
  0.16666667  0.5         0.33333334 -0.8333333   0.          0.
  0.5         0.33333334  0.          0.          0.          0.
  0.          0.33333334 -0.5         0.          0.16666667  0.
  0.          0.          0.16666667  1.          0.6666667  -0.5
  0.33333334  0.          0.          1.          0.          0.5
  0.16666667  0.         -0.16666667  0.          1.          0.
  1.          0.          0.16666667  0.          0.16666667 -0.16666667
 -0.8333333  -0.33333334  0.          0.16666667  0.          0.16666667
  0.33333334  0.33333334 -0.8333333  -0.8333333   0.16666667  0.16666667
  0.9166667   0.16666667  0.5         0.6666667   0.33333334 -0.6666667
 -0.6666667   0.33333334 -0.6666667   0.          0.16666667 -0.16666667
 -0.8333333  -0.33333334 -0.6666667   0.33333334  0.5         0.33333334
  0.25        0.33333334  0.          0.33333334  0.          0.
  0.6666667   0.          0.8333333   0.6666667   0.5         0.33333334
  0.75       -0.16666667  0.25        0.          1.          0.33333334
  0.33333334  0.33333334  0.5         0.8333333   0.16666667  0.
  0.16666667  0.5         0.75        0.41666666  0.16666667]
Predictions: [ 0.5193658   0.58619225 -0.07690243  0.12592334  0.475648    0.3317065
 -0.13023412  0.05404607  0.2450279   0.06450909  0.17881939  0.05486298
  0.34825724 -0.29724956  0.39054155  0.32875454  0.31833827 -0.20392758
 -0.09094971  0.59934354 -0.32371217  0.41885492  0.35729808  0.4809512
  0.5124825   0.36538303 -0.38513488  0.03907187 -0.10069959  0.22695339
  0.15824303  0.30218697  0.5182684   0.27497157  0.35480648  0.5489374
  0.38779396  0.00561292  0.39432758  0.28832692  0.47459888  0.27809978
  0.26921505 -0.3347929   0.29184014  0.23861721  0.20592964 -0.07337846
  0.44650173  0.02499402  0.4857999   0.04262329  0.24899226  0.02396991
  0.02279649  0.03544644  0.11638949 -0.15598413  0.35603046  0.2618686
  0.26380372 -0.3325247   0.16163468 -0.10083565  0.09447659  0.27437058
 -0.01789476  0.01955446  0.26714328 -0.02149811  0.3328395   0.53229403
  0.25195634  0.4072472   0.5428077   0.30474743  0.33577126  0.20322424
  0.2779413   0.31264067  0.6306803   0.48222333  0.22053218  0.02416914
  0.365017    0.4781822  -0.50545543  0.21443424  0.712146    0.21669042
  0.25869477 -0.05121581  0.19024745 -0.39598876  0.33973554 -0.07559624
  0.35505632  0.04897355  0.13093352  0.32356596 -0.0915684  -0.22073996
  0.677189    0.38550907  0.03367964  0.2560643   0.08261996 -0.25515744
  0.3178109  -0.00117777  0.38754126  0.5730219   0.29789418  0.34527257
  0.24777275  0.41224462  0.22424164  0.02946289  0.50050414  0.25116345
  0.3554937   0.46095437 -0.23271352  0.05925898  0.45458555  0.27031046
 -0.1826829  -0.02478866  0.65728724 -0.11280621 -0.0262686   0.0054225
  0.14681634 -0.0584111   0.20784259  0.41086906  0.21208107  0.01580629
  0.34255978  0.4472977  -0.04899369 -0.31567302 -0.2110542   0.04986893
 -0.36308178  0.14009073 -0.4200907   0.24154523 -0.0361993   0.2821108
  0.74478847 -0.15246958  0.05477939  0.19174987  0.20550984  0.22352844
  0.4464828   0.32148546  0.51516247  0.3216216   0.3962704  -0.1873599
 -0.00508767  0.05924096  0.4695077   0.36950037 -0.05009454  0.18208614
  0.7768345   0.32882786  0.42400858  0.2507684   0.41424847 -0.05753789
 -0.07291758 -0.03830115  0.16297567  0.36720058  0.1098358   0.48663372
 -0.05513455 -0.10935926  0.46117604 -0.31177568  0.3100102   0.20796019
  0.03845961  0.26568636  0.1857597  -0.17653146  0.4860978   0.45293784
  0.12534723  0.25283733  0.29251903  0.19612446  0.34921327  0.15342289
  0.4517889   0.5729589   0.6272603   0.4189948   0.15208402 -0.05954616
  0.40389666  0.4585582   0.33428088  0.2584152   0.45989764  0.16440174
  0.13840142 -0.11723723  0.32203108 -0.06052694  0.0657943   0.61691165
  0.1886208  -0.04718418 -0.25016463  0.2839162  -0.20949593  0.28046116
  0.01421954  0.00653562 -0.07394096  0.19399467  0.31710118  0.29548475
 -0.02954146  0.1117846   0.34462878  0.32479155  0.0321247   0.21906415
  0.31736308  0.340947    0.46383506 -0.10367555  0.5327582   0.2470141
  0.5501013   0.1407775   0.06255786 -0.175641    0.40380993  0.11979728
  0.41464832  0.297495    0.8027777  -0.04056779  0.5545177   0.12229427
  0.30356905 -0.03303415  0.33194202  0.01480253  0.13913709  0.01069256
 -0.01018536  0.21208978 -0.17195931 -0.6360115   0.43904775  0.22892308
  0.4224218   0.17248079  0.43453985 -0.09387918  0.06193054 -0.23183966
  0.41035753  0.09958865  0.24002749  0.22082207 -0.00389479  0.33534124
  0.41447774  0.21070665  0.6130983   0.40072134  0.44595584  0.4263691
 -0.16732883 -0.1735811   0.19007227  0.24087924  0.01714374  0.5452151
  0.7093513   0.15610465 -0.32593665  0.34193286  0.4790163   0.03429043
  0.14034945  0.16678694  0.19924638 -0.0395987  -0.18807197  0.5301068
 -0.00947263 -0.18359488  0.36966246  0.55994725  0.53635246  0.08330154
  0.06286601  0.03914656  0.16652799  0.24647593  0.42230433  0.31940597
  0.17211011  0.05309992  0.22812518  0.29028842  0.22206742  0.17712536
  0.2413365   0.36136264  0.20095342  0.13672009 -0.06397538 -0.21507809
  0.4537204   0.42224187 -0.3457195   0.0294022   0.77957255  0.05700326
  0.31711653  0.38153893  0.4485345  -0.09757388  0.18821165 -0.30633503
  0.20006755  0.06293362 -0.11324226 -0.10757332 -0.42973235 -0.16926405
  0.48400646  0.19545639  0.5524131   0.19022602 -0.49500042  0.03634869
  0.1997627  -0.11542144  0.24560276  0.23694357  0.22372374  0.33715624
  0.42571735  0.23500967  0.5619839   0.27743238  0.38175905  0.2907391
  0.6293457   0.27788636  0.19771329  0.02659512  0.55141896  0.2657928
  0.22255933  0.34873638  0.84171546 -0.0534869   0.17091036 -0.18119174
  0.4540807  -0.15100154  0.17272222  0.05084444  0.21379927 -0.02022342
  0.03366364  0.29249611  0.32871792  0.07526468  0.23347065  0.09474986
  0.7550945   0.13983077 -0.05010402 -0.07015746  0.11311337 -0.05184446
  0.8456321  -0.1769433   0.43831643  0.12438322  0.18076438  0.6037443
  0.51774794 -0.08130307  0.18499547  0.4406594   0.5015083   0.43434402
  0.14785877 -0.08922555  0.6296454   0.3264337   0.18724108 -0.04523158
  0.48745805 -0.08198753  0.27480483  0.16078311  0.19305503 -0.2597817
  0.17761612  0.41792965  0.30600643  0.21215314  0.1113432  -0.10689651
 -0.27518    -0.09444003  0.22642851 -0.07259532  0.67725545  0.16534859
 -0.21309578  0.26354736 -0.14690611  0.28335005  0.5653562   0.02713288
  0.40144974  0.3214281  -0.07679725  0.30934313  0.21302944  0.3069243
 -0.1396018   0.38893083  0.4862178   0.29572356 -0.03016438  0.1301198
  0.3251135   0.25277835  0.34138262  0.40862286  0.24975166 -0.26473287
 -0.22430208 -0.13769057  0.30635196  0.10325225  0.09687068  0.12003734
  0.10861341 -0.11467179  0.3138941   0.48034096  0.11938811  0.27475092
  0.05434927  0.1201799   0.520655    0.42408422 -0.21376505 -0.26137573
 -0.23088545  0.08608573  0.20046207  0.20175052  0.09110267  0.26618552
  0.21436799  0.36020046  0.25293857  0.05648322  0.2624938   0.30456826
  0.4322853  -0.17716438 -0.0238629   0.0902117   0.22840047  0.4313204
 -0.07053777  0.1693384   0.03718619  0.1390546   0.51438063 -0.19497758
  0.20448601  0.09887541  0.12309483 -0.03166766 -0.3278495   0.07548786
  0.26401794  0.44328794  0.4462142  -0.04670393  0.54453593 -0.10241462
  0.54805815  0.2485531   0.28242332 -0.14914161  0.1822936  -0.2631556
  0.30440348 -0.07850578 -0.20968583  0.38451263  0.2163297  -0.16780338
  0.1903229   0.10293054  0.48583645  0.28552625  0.29657394 -0.19394022
  0.38862187  0.32590178  0.36546573 -0.01201231  0.679494    0.13055363
  0.33306563  0.03611157  0.40321416 -0.16989487  0.05362844 -0.00496292
  0.32063377  0.09496029  0.21733809  0.50391567 -0.05405099  0.2638396
 -0.22333306  0.4393957  -0.03600563  0.37388057  0.31911698  0.32145056
  0.576097   -0.00789889  0.5167411   0.05083849 -0.0108684   0.08523919
  0.6616844  -0.54717195  0.3779802   0.19303769  0.16781479 -0.4245
 -0.26337883  0.69768053  0.0635473   0.1428788  -0.10821263  0.38431814
  0.42707247  0.08352166  0.507384    0.32135594  0.5911041  -0.08550424
  0.413225    0.12201083  0.33438432 -0.09997693  0.14406094  0.63139117
 -0.12759036  0.21728763  0.29866767 -0.02286337  0.54416347  0.03913798
  0.04484127  0.69851524  0.36372578  0.32327664 -0.01142356  0.03272893
  0.42633852  0.23696584  0.06397993  0.24573135  0.4385268   0.37805006
  0.5741918   0.56010675 -0.2946131   0.20734733  0.4234914   0.29532677
  0.11727669  0.44580722  0.25699806  0.1640012   0.31188363  0.11600778
  0.03213751  0.13607988  0.13584271 -0.23391822  0.3650113   0.1688337
  0.36037567 -0.10550659  0.50241166  0.70726895  0.16473073 -0.0480914
  0.6317991   0.10870867  0.23413703  0.17812297  0.14659908  0.4517895
  0.5374651   0.15299743  0.4345619   0.24539754  0.15853003  0.48387927
  0.29296213 -0.06917357  0.38855886  0.23063463  0.21824706  0.29566783
  0.43192196  0.25845653  0.41214788  0.34357998  0.5643297   0.17855048
  0.62479144  0.6611468   0.66162276  0.45894867  0.50476104]
{"epoch": 2, "train_loss": 0.35810505789379743, "val_mae": 0.36070626974105835, "val_corr": 0.37703748254829555, "val_binary_acc": 0.5795981452859351, "val_binary_f1": 0.6608478802992518, "threshold": 0.0}
Labels: [ 1.          0.33333334 -0.6666667  -0.8333333  -0.33333334  0.
  0.5         0.          0.33333334 -0.5         0.33333334  0.
  0.5         0.5         0.6666667  -0.16666667  0.         -0.6666667
  1.         -0.33333334 -1.          0.         -0.33333334 -0.8333333
  0.16666667  0.33333334 -0.6666667   0.          0.          0.
  0.33333334 -0.8333333   0.5         0.16666667 -0.33333334  0.33333334
  0.          0.6666667   0.         -0.16666667  0.33333334  0.16666667
 -0.6666667  -0.5         0.          0.16666667  0.          1.
  0.33333334 -0.8333333   0.16666667 -0.16666667  0.16666667  0.16666667
  0.6666667  -0.5         0.         -0.6666667   0.5         0.6666667
 -0.16666667 -0.6666667   0.         -0.8333333   0.33333334 -0.16666667
 -0.5        -0.33333334 -0.8333333  -0.8333333  -0.5         0.5
  0.33333334  0.          0.5         0.33333334  0.6666667   0.6666667
 -0.16666667 -0.33333334  0.33333334  0.16666667 -0.33333334 -0.6666667
  0.          0.          0.16666667  0.          0.5         0.
  0.          0.          0.16666667 -0.8333333   0.          0.
  0.16666667  0.16666667  0.16666667  0.         -0.33333334 -0.8333333
  0.         -0.33333334  0.          0.33333334  0.         -0.8333333
 -0.33333334  0.         -0.5         0.          0.8333333   0.5
  0.5         0.33333334  0.          0.          0.6666667  -0.16666667
  0.75        0.8333333  -0.5         0.33333334  0.          0.16666667
  0.5         0.33333334  0.6666667  -0.5        -0.16666667  0.33333334
  0.8333333  -0.8333333   0.16666667  0.          0.          0.
 -1.          0.16666667  0.33333334 -1.          0.          0.
  1.          0.33333334 -1.          0.33333334 -0.16666667  0.16666667
  0.6666667  -0.6666667   0.          0.33333334 -0.16666667  0.16666667
  0.33333334  0.33333334  0.33333334  0.5         0.33333334 -0.16666667
 -0.6666667  -0.8333333   0.          0.16666667 -0.16666667  1.
  0.5         0.16666667  0.16666667 -0.16666667  0.16666667  0.33333334
  0.16666667 -0.33333334  0.          0.16666667  0.16666667  0.33333334
  0.         -0.8333333  -0.5         0.16666667  1.          0.16666667
  0.16666667 -0.8333333   0.         -0.16666667  0.6666667  -0.6666667
  0.5         0.33333334  0.16666667  0.          0.33333334  0.33333334
  0.          1.          0.25        0.33333334 -0.6666667  -0.8333333
  0.          0.16666667 -0.33333334  0.          0.5        -0.16666667
  0.16666667 -0.16666667  0.         -0.16666667  0.33333334  0.8333333
  0.8333333   0.5        -0.5         0.16666667 -1.          0.
  0.16666667 -0.8333333  -0.16666667 -0.33333334 -0.16666667 -1.
 -0.16666667  0.          0.5        -0.5        -0.5         0.33333334
  0.          0.33333334  0.33333334  0.          0.          0.6666667
  0.5         0.33333334 -0.8333333  -0.8333333   0.16666667 -0.16666667
  1.          0.8333333   0.5         0.16666667 -0.16666667 -0.16666667
  0.5        -0.5         0.5        -0.16666667  0.33333334  0.33333334
 -0.5         0.5        -0.6666667  -1.         -0.5        -0.16666667
  0.6666667  -0.33333334  0.          0.33333334  0.         -0.8333333
  0.33333334 -0.33333334 -0.16666667  0.33333334  0.          0.33333334
  0.6666667   0.5         0.16666667  0.16666667  0.08333334  0.
  0.5         0.6666667   0.16666667  0.          0.          0.
  0.          0.16666667 -0.33333334 -0.8333333  -0.16666667  0.
  0.16666667  0.          0.5         0.         -0.8333333   0.5
 -0.6666667  -0.8333333  -0.6666667   0.          1.          0.16666667
 -0.6666667   0.16666667  0.          0.          1.         -0.16666667
  0.          0.33333334  0.16666667  0.8333333   0.5         1.
  0.          0.          0.6666667   0.33333334  0.          0.
  0.          0.          1.          0.16666667  0.5        -0.33333334
  0.16666667  0.          0.33333334  0.         -0.16666667 -0.5
 -0.5         0.8333333   0.          0.16666667  0.         -0.8333333
 -0.6666667   0.          0.8333333   0.          0.          0.
  0.         -0.6666667  -0.33333334 -0.6666667   0.16666667  0.16666667
  0.16666667  0.33333334  0.33333334  0.8333333  -0.33333334  0.
  0.6666667   0.          0.          0.          0.33333334  0.
  0.33333334  1.          0.16666667  0.         -0.16666667  0.16666667
  0.33333334  0.          0.33333334 -0.8333333   0.6666667   0.5
  0.          0.8333333  -0.5        -0.16666667 -0.5         0.
  0.8333333  -0.16666667  0.6666667  -0.33333334  0.16666667 -0.8333333
  0.8333333  -1.          0.5         0.5         0.          0.16666667
  0.5         0.         -0.16666667  0.33333334  0.6666667   0.6666667
 -0.16666667  0.          0.6666667   0.16666667  0.          0.16666667
  0.5         0.33333334  0.6666667   0.6666667   0.33333334  0.5
 -0.6666667   0.5         0.8333333   0.5         0.          0.16666667
  0.         -0.8333333  -0.5        -0.16666667  0.8333333   0.
  0.33333334  0.         -0.6666667  -0.5        -0.16666667 -0.16666667
  0.          0.6666667   0.          0.5         0.          0.8333333
  0.          0.33333334  0.41666666  0.         -0.8333333  -0.33333334
  0.          0.16666667  0.          0.8333333   0.8333333   0.
 -0.6666667   0.         -0.16666667  0.          0.33333334  0.
  0.          0.         -0.6666667   0.         -0.33333334 -0.16666667
  0.         -0.6666667   0.6666667   0.16666667 -0.33333334 -0.6666667
 -0.8333333  -0.16666667 -0.8333333  -0.5        -0.6666667   0.16666667
 -0.33333334  0.          0.16666667  0.8333333  -0.33333334  0.33333334
  0.6666667   0.          0.16666667  0.          0.8333333   0.
 -0.16666667  0.33333334 -0.33333334  0.16666667  0.16666667 -0.33333334
 -0.33333334  0.5         0.33333334 -0.6666667   0.         -0.6666667
  0.          0.16666667 -0.16666667  0.5         0.6666667   0.
 -0.16666667  0.16666667  0.6666667  -0.5         0.5         0.
  0.         -1.         -0.6666667   0.          0.16666667 -1.
  0.5        -0.5         0.6666667   0.16666667 -0.8333333  -0.33333334
  0.         -0.16666667  0.8333333   0.          0.16666667  0.33333334
  0.6666667  -0.16666667  0.16666667  0.5         0.8333333  -0.6666667
  0.          0.33333334  0.6666667   0.         -0.16666667 -0.33333334
 -0.8333333   1.         -0.6666667   0.6666667   0.          0.6666667
  0.16666667  0.5         0.33333334 -0.8333333   0.          0.
  0.5         0.33333334  0.          0.          0.          0.
  0.          0.33333334 -0.5         0.          0.16666667  0.
  0.          0.          0.16666667  1.          0.6666667  -0.5
  0.33333334  0.          0.          1.          0.          0.5
  0.16666667  0.         -0.16666667  0.          1.          0.
  1.          0.          0.16666667  0.          0.16666667 -0.16666667
 -0.8333333  -0.33333334  0.          0.16666667  0.          0.16666667
  0.33333334  0.33333334 -0.8333333  -0.8333333   0.16666667  0.16666667
  0.9166667   0.16666667  0.5         0.6666667   0.33333334 -0.6666667
 -0.6666667   0.33333334 -0.6666667   0.          0.16666667 -0.16666667
 -0.8333333  -0.33333334 -0.6666667   0.33333334  0.5         0.33333334
  0.25        0.33333334  0.          0.33333334  0.          0.
  0.6666667   0.          0.8333333   0.6666667   0.5         0.33333334
  0.75       -0.16666667  0.25        0.          1.          0.33333334
  0.33333334  0.33333334  0.5         0.8333333   0.16666667  0.
  0.16666667  0.5         0.75        0.41666666  0.16666667]
Predictions: [ 3.84384513e-01  2.84603924e-01 -4.00184572e-01 -2.46419325e-01
  5.86669520e-03  2.29510292e-01 -1.37253061e-01 -9.89690199e-02
  3.05640787e-01 -4.37121123e-01 -1.24876708e-01  8.85374099e-02
  2.38934204e-01 -8.75619352e-02 -3.55399191e-01  1.85349397e-02
  1.12495363e-01 -1.10181883e-01  3.09020281e-01  1.87560141e-01
 -3.87488395e-01 -2.47956179e-02 -6.41540661e-02 -2.56084621e-01
  1.34855956e-02  4.46465403e-01  1.65164083e-01 -3.44486088e-01
 -5.43305352e-02  2.39671484e-01  1.96726575e-01  7.72874057e-02
  3.43783386e-02  1.94452003e-01  2.97962517e-01  4.45110708e-01
  3.56532723e-01  1.95122674e-01  3.84680480e-01 -7.69256502e-02
  3.13927472e-01  1.04912311e-01 -3.80922705e-01  1.22101799e-01
  1.84261009e-01  1.11718461e-01  3.44697684e-01  3.19184184e-01
  3.30900341e-01 -9.98905748e-02  1.86308667e-01  2.26539418e-01
  4.39011931e-01 -4.26870704e-01  1.12881325e-02 -1.75558969e-01
 -3.00177094e-02 -3.34028482e-01 -2.24184930e-01  1.33702651e-01
 -2.94015929e-02 -7.08751440e-01  2.91617811e-01 -1.96259186e-01
  3.07876915e-01  3.78049798e-02 -3.39832008e-01  9.67523903e-02
 -2.98595876e-01 -2.74817497e-01  1.10564634e-01  7.06776321e-01
  1.23072162e-01  4.16047096e-01  4.45680916e-01  1.66013747e-01
  4.90161687e-01  2.96788275e-01  1.27161637e-01 -3.09210774e-02
  3.45747024e-01 -5.03805652e-02  2.73771793e-01 -1.28270090e-01
  2.31986627e-01  5.47448814e-01  7.61277676e-02  3.36556405e-01
  5.93306065e-01  8.22952986e-02  1.36704668e-01  2.31067255e-01
  1.68059215e-01 -3.54486436e-01 -2.90967107e-01  2.19260857e-01
  1.37344807e-01  2.19004110e-01  2.58731574e-01 -1.41835690e-01
  5.66165857e-02 -5.80031753e-01  3.53848517e-01 -4.06701893e-01
 -1.00608364e-01  3.26555729e-01 -1.70572251e-01 -3.98674577e-01
  2.07701996e-01  4.05569792e-01  1.15764469e-01  1.51550412e-01
 -1.62940547e-02  5.35833955e-01  3.54891926e-01  3.89037520e-01
  1.65778503e-01  2.45367698e-02  3.02241981e-01  2.60581702e-01
  3.08975875e-01  4.59420353e-01  1.26118422e-01  2.00825557e-03
  4.57978696e-01  1.42630517e-01 -1.67380735e-01  3.90915513e-01
  3.72697502e-01  2.45789275e-01 -1.78165749e-01  3.65135342e-01
  3.10810506e-01 -2.02591941e-01 -3.48516367e-02 -2.98225582e-01
  1.22200251e-02 -6.81368858e-02  5.21671414e-01  4.28824067e-01
 -8.30413923e-02 -1.46879442e-02 -3.71180773e-01 -9.60865021e-02
 -5.92686176e-01  1.31138727e-01 -4.77783799e-01  2.15246841e-01
 -4.75182422e-02  8.88764709e-02  3.69770288e-01 -1.50475502e-01
  7.23802596e-02  2.57824212e-01  1.80106416e-01  2.36412749e-01
  8.66334885e-04  2.49192610e-01  2.80731440e-01  1.02483958e-01
  4.47731405e-01 -2.12897763e-01 -1.28206015e-02 -6.53361082e-02
  4.46317941e-01  3.94970179e-04 -2.89714575e-01  6.27922058e-01
  5.33847809e-01 -1.70652866e-01 -2.75811523e-01 -1.09208494e-01
  1.82485774e-01 -1.71392679e-01 -1.04540765e-01 -3.05058748e-01
 -1.27733633e-01 -7.13905394e-02 -1.23348713e-01  3.60797733e-01
 -2.05042586e-01 -5.67746937e-01  3.38872045e-01  1.94486931e-01
  1.02517620e-01  2.06117496e-01  8.46019089e-02  2.26738736e-01
 -6.77292794e-03 -5.91330051e-01  5.05723596e-01 -1.41634911e-01
  5.17441072e-02  3.00895989e-01  8.00304860e-02  1.29651397e-01
  2.84601897e-01  1.21597379e-01  3.05069566e-01  4.55959767e-01
  4.05703574e-01  3.06992084e-01  2.90607288e-03 -1.64279208e-01
  3.70838255e-01  2.28746578e-01 -1.49562344e-01 -3.06510419e-01
  1.85838431e-01 -3.17797184e-01 -8.71765614e-02  3.47761549e-02
  2.90013701e-01 -4.07627821e-01  7.25540817e-02  3.66476536e-01
  3.46397571e-02  1.65092573e-01 -2.92142957e-01  2.86723018e-01
  8.79736245e-02  1.09102130e-01 -2.88307220e-01  3.27502698e-01
 -3.76794189e-01  9.07286555e-02 -4.69119735e-02 -1.07424140e-01
 -4.53364640e-01  1.63363874e-01  2.71916658e-01 -1.91996749e-02
  1.15924254e-02  2.93889828e-02  9.30334926e-02  3.70841116e-01
  4.33105201e-01  5.88257350e-02  1.65015861e-01  1.14676297e-01
  6.02223873e-01 -2.27282569e-03 -7.24092543e-01  2.34599248e-01
  3.37817043e-01  8.49823505e-02 -5.81143424e-03  4.18935210e-01
  7.10280180e-01 -2.48842642e-01  1.17708668e-01 -2.82239318e-01
  5.29684007e-01 -1.66089445e-01  2.41253689e-01 -9.08383727e-02
 -2.24086016e-01  4.64052744e-02 -1.96101889e-01  6.60233647e-02
 -3.97820979e-01 -7.73262203e-01 -1.83955386e-01  3.74670736e-02
  3.05892155e-03  5.52038960e-02 -1.14775747e-01 -2.98850417e-01
 -7.42703155e-02 -1.97375476e-01  3.25140148e-01  2.39580885e-01
  1.40872389e-01  2.23290071e-01 -1.32230252e-01  1.78534150e-01
  2.19448969e-01  4.57480103e-01  6.11864865e-01  1.33145154e-01
  3.79732758e-01  6.60620034e-02 -1.36408806e-01 -2.31668651e-01
  4.11392510e-01  3.04233104e-01 -5.11636250e-02  4.28914756e-01
  6.65000737e-01  3.05273682e-01 -6.33942664e-01 -1.75796449e-01
  3.75657290e-01  2.06954792e-01  1.48417607e-01  8.85381103e-02
  1.16216466e-01 -4.52437699e-02 -4.79320824e-01  2.87691690e-02
 -1.10695034e-01 -1.57877460e-01  1.19652599e-04  2.71007597e-01
  4.81593519e-01  7.43675232e-02 -6.01922333e-01 -8.03058892e-02
 -2.39425510e-01  3.93262617e-02  2.75584728e-01  3.10949802e-01
  8.60491991e-02  2.26186737e-01  3.58747691e-01  1.61931723e-01
  4.37488437e-01  2.16625020e-01  2.04220876e-01  2.95575708e-01
  3.73574018e-01  2.52612084e-01  8.10475200e-02  8.05003345e-02
  4.44826841e-01  1.25782415e-01  8.23818892e-02 -4.33582589e-02
  6.23631418e-01  3.15160900e-01  3.21825176e-01  6.09835051e-02
  2.67883837e-01  1.24896735e-01 -2.67989524e-02 -6.51082039e-01
 -3.74446273e-01 -6.91214651e-02 -3.08960825e-01 -5.60510933e-01
  1.33283794e-01 -7.72295475e-01  3.72093976e-01  1.52438864e-01
  5.45606256e-01  1.96384937e-01 -4.33817118e-01 -7.05884546e-02
  1.19028702e-01 -4.44502115e-01  1.62110075e-01 -8.08040202e-02
  1.36420488e-01  2.81730980e-01  3.52985412e-01  1.91495329e-01
  3.63018423e-01  2.12688372e-01  2.38880917e-01  4.40310150e-01
  3.76206368e-01  3.96285385e-01  2.30874524e-01  1.40756756e-01
  5.48715532e-01  1.93391368e-01  8.29955041e-02  2.79018611e-01
  6.74502492e-01 -1.03342637e-01  5.76178469e-02  6.68573678e-02
  1.40833586e-01 -1.24282464e-01  1.72487438e-01  2.92414017e-02
  2.28777811e-01 -7.35700876e-02  1.45007148e-02  5.89858055e-01
  4.12873179e-01 -1.75596252e-01 -4.34434354e-01 -1.15633830e-01
  4.44206089e-01  1.68750718e-01  3.26674223e-01 -4.49830770e-01
 -7.79823512e-02 -1.22360170e-01  4.41349953e-01 -5.04517436e-01
  1.72583595e-01  1.36885285e-01  1.07173935e-01  2.07991943e-01
  4.36425209e-01 -4.27067690e-02  1.18341967e-01  3.25743370e-02
  1.92162678e-01  1.45149142e-01 -2.78185695e-01  1.65531971e-02
  2.47637406e-01  1.42375216e-01  1.93895057e-01  2.69195080e-01
  1.83496282e-01  3.88632827e-02  3.97943646e-01  1.44628391e-01
  6.52038306e-02 -3.63617837e-02  7.17800111e-02  7.04225540e-01
 -5.18759191e-02  3.39910477e-01 -4.92241457e-02  7.85312206e-02
 -1.96130440e-01 -2.86465794e-01 -2.13160530e-01 -4.90161747e-01
  3.88421685e-01  1.09700680e-01 -5.29301643e-01  2.72921860e-01
 -9.53632444e-02 -5.37242889e-01  1.78146899e-01 -6.71318471e-02
  1.39656559e-01  2.07820907e-01 -1.37614936e-01  3.91982377e-01
  2.36900851e-01  2.18449548e-01 -3.52649540e-01  3.41494292e-01
  5.35332084e-01  3.15935254e-01 -2.72157490e-01  1.85938567e-01
  2.54666686e-01  1.62308872e-01 -4.79600355e-02  3.77004713e-01
  2.42284343e-01 -4.54469144e-01 -2.85037845e-01  7.44677186e-02
  1.91355839e-01 -1.35061905e-01  5.90214171e-02 -6.15541860e-02
  5.34210242e-02 -3.23833406e-01 -4.16629136e-01  3.42054516e-01
 -3.05472583e-01 -1.75597057e-01 -1.51804641e-01  9.15003195e-03
  1.96051568e-01  2.20265552e-01 -3.83732468e-01 -5.26090026e-01
 -6.35760963e-01 -4.52094316e-01  2.43609771e-03  1.90107271e-01
 -6.94525838e-02  2.74642646e-01  1.59314528e-01  1.76178053e-01
  2.65340120e-01  1.65742934e-01  4.54023108e-03  3.60915124e-01
  4.74831671e-01 -7.81671852e-02  6.35594130e-02 -6.12816997e-02
 -3.24621722e-02 -1.07664317e-01  1.00635260e-01  2.16898844e-01
  3.44986729e-02 -4.23074551e-02  7.62037933e-02 -5.50084591e-01
 -1.83583871e-02  3.99892122e-01 -2.19741836e-03 -2.86703408e-01
  6.72118217e-02 -9.84732360e-02  1.65728524e-01  2.92245507e-01
  4.98596400e-01  5.71732186e-02  3.57536584e-01 -3.12700987e-01
  1.20720282e-01  4.54701513e-01  4.84639734e-01 -2.23511443e-01
  1.54941790e-02 -2.35008746e-01  1.00194737e-01 -7.63266504e-01
 -1.95678025e-02  4.82110947e-01  1.30270317e-01  1.75384775e-01
 -4.02460009e-01 -3.61675918e-01  4.32469435e-02  1.83087379e-01
 -1.88811317e-01 -9.17700678e-02  3.59200031e-01  1.67872101e-01
  1.54036403e-01  2.03177497e-01  6.14150941e-01 -4.78516579e-01
  3.38992953e-01  1.40798479e-01  3.97619814e-01  7.37136602e-02
  1.51926368e-01  5.42553887e-03 -9.16127041e-02 -1.06526226e-01
 -2.69219309e-01  2.09319636e-01 -6.13881648e-03  1.13177121e-01
 -4.34285969e-01  2.68867165e-01  6.91222548e-02  4.49097812e-01
  2.31795773e-01  1.31613061e-01 -3.31747755e-02 -8.49580616e-02
  3.18468153e-01 -8.54441524e-01 -2.94599950e-01 -6.19730838e-02
  3.55978966e-01 -4.67596948e-01 -2.63576269e-01  2.17320755e-01
  1.12070456e-01  3.32074046e-01  3.18303674e-01  6.33234978e-01
 -5.00142336e-01  6.24736436e-02  1.11041963e-03  2.89538831e-01
  4.82075363e-01 -1.11805201e-01  2.00635672e-01  4.80249673e-01
  7.52682030e-01 -3.89628083e-01  2.96071470e-01  2.08480313e-01
  5.57207167e-01  2.25647107e-01 -4.97036092e-02  5.43717146e-01
  3.31404023e-02 -6.95459247e-02  3.52134228e-01 -1.99642271e-01
  5.12465298e-01 -1.10710964e-01 -3.51758093e-01  4.97254878e-01
  1.83392644e-01  1.72435984e-01  2.45784506e-01  1.69493839e-01
  2.32604310e-01  4.05101508e-01 -1.12398371e-01  5.16370177e-01
  1.51055709e-01  2.32179150e-01  3.10921758e-01  2.76386261e-01
 -4.40200746e-01  2.94033922e-02  2.97003239e-01  1.93604216e-01
  1.45626180e-02  2.42249534e-01  3.24544400e-01 -2.94123292e-02
  1.64975807e-01  1.82635337e-01 -9.51884210e-01  1.88338943e-02
 -2.59177368e-02 -5.83537668e-03  3.36686701e-01  1.66370079e-01
  1.89905196e-01 -1.24805108e-01 -2.98222631e-01  6.39104724e-01
  2.83618987e-01 -7.21212626e-02  5.95191419e-01  1.18603110e-01
  1.59106374e-01  1.82494111e-02  1.80196702e-01 -2.16920257e-01
  2.39874080e-01  3.69074285e-01  6.46969676e-01  5.13290644e-01
 -2.22956404e-01  6.07136130e-01  2.44785741e-01 -2.60925412e-01
  2.73229629e-01  4.26087767e-01 -2.45321959e-01  2.24932566e-01
  3.39322269e-01  3.15818638e-01  2.62840658e-01  4.00187075e-01
  7.08225727e-01  5.71542680e-01  2.26208642e-01  6.02249682e-01
  5.73908329e-01  2.38721237e-01  4.94300991e-01]
{"epoch": 3, "train_loss": 0.32552707888359245, "val_mae": 0.31655997037887573, "val_corr": 0.483417289218178, "val_binary_acc": 0.6506955177743431, "val_binary_f1": 0.6895604395604396, "threshold": 0.0}
Labels: [ 1.          0.33333334 -0.6666667  -0.8333333  -0.33333334  0.
  0.5         0.          0.33333334 -0.5         0.33333334  0.
  0.5         0.5         0.6666667  -0.16666667  0.         -0.6666667
  1.         -0.33333334 -1.          0.         -0.33333334 -0.8333333
  0.16666667  0.33333334 -0.6666667   0.          0.          0.
  0.33333334 -0.8333333   0.5         0.16666667 -0.33333334  0.33333334
  0.          0.6666667   0.         -0.16666667  0.33333334  0.16666667
 -0.6666667  -0.5         0.          0.16666667  0.          1.
  0.33333334 -0.8333333   0.16666667 -0.16666667  0.16666667  0.16666667
  0.6666667  -0.5         0.         -0.6666667   0.5         0.6666667
 -0.16666667 -0.6666667   0.         -0.8333333   0.33333334 -0.16666667
 -0.5        -0.33333334 -0.8333333  -0.8333333  -0.5         0.5
  0.33333334  0.          0.5         0.33333334  0.6666667   0.6666667
 -0.16666667 -0.33333334  0.33333334  0.16666667 -0.33333334 -0.6666667
  0.          0.          0.16666667  0.          0.5         0.
  0.          0.          0.16666667 -0.8333333   0.          0.
  0.16666667  0.16666667  0.16666667  0.         -0.33333334 -0.8333333
  0.         -0.33333334  0.          0.33333334  0.         -0.8333333
 -0.33333334  0.         -0.5         0.          0.8333333   0.5
  0.5         0.33333334  0.          0.          0.6666667  -0.16666667
  0.75        0.8333333  -0.5         0.33333334  0.          0.16666667
  0.5         0.33333334  0.6666667  -0.5        -0.16666667  0.33333334
  0.8333333  -0.8333333   0.16666667  0.          0.          0.
 -1.          0.16666667  0.33333334 -1.          0.          0.
  1.          0.33333334 -1.          0.33333334 -0.16666667  0.16666667
  0.6666667  -0.6666667   0.          0.33333334 -0.16666667  0.16666667
  0.33333334  0.33333334  0.33333334  0.5         0.33333334 -0.16666667
 -0.6666667  -0.8333333   0.          0.16666667 -0.16666667  1.
  0.5         0.16666667  0.16666667 -0.16666667  0.16666667  0.33333334
  0.16666667 -0.33333334  0.          0.16666667  0.16666667  0.33333334
  0.         -0.8333333  -0.5         0.16666667  1.          0.16666667
  0.16666667 -0.8333333   0.         -0.16666667  0.6666667  -0.6666667
  0.5         0.33333334  0.16666667  0.          0.33333334  0.33333334
  0.          1.          0.25        0.33333334 -0.6666667  -0.8333333
  0.          0.16666667 -0.33333334  0.          0.5        -0.16666667
  0.16666667 -0.16666667  0.         -0.16666667  0.33333334  0.8333333
  0.8333333   0.5        -0.5         0.16666667 -1.          0.
  0.16666667 -0.8333333  -0.16666667 -0.33333334 -0.16666667 -1.
 -0.16666667  0.          0.5        -0.5        -0.5         0.33333334
  0.          0.33333334  0.33333334  0.          0.          0.6666667
  0.5         0.33333334 -0.8333333  -0.8333333   0.16666667 -0.16666667
  1.          0.8333333   0.5         0.16666667 -0.16666667 -0.16666667
  0.5        -0.5         0.5        -0.16666667  0.33333334  0.33333334
 -0.5         0.5        -0.6666667  -1.         -0.5        -0.16666667
  0.6666667  -0.33333334  0.          0.33333334  0.         -0.8333333
  0.33333334 -0.33333334 -0.16666667  0.33333334  0.          0.33333334
  0.6666667   0.5         0.16666667  0.16666667  0.08333334  0.
  0.5         0.6666667   0.16666667  0.          0.          0.
  0.          0.16666667 -0.33333334 -0.8333333  -0.16666667  0.
  0.16666667  0.          0.5         0.         -0.8333333   0.5
 -0.6666667  -0.8333333  -0.6666667   0.          1.          0.16666667
 -0.6666667   0.16666667  0.          0.          1.         -0.16666667
  0.          0.33333334  0.16666667  0.8333333   0.5         1.
  0.          0.          0.6666667   0.33333334  0.          0.
  0.          0.          1.          0.16666667  0.5        -0.33333334
  0.16666667  0.          0.33333334  0.         -0.16666667 -0.5
 -0.5         0.8333333   0.          0.16666667  0.         -0.8333333
 -0.6666667   0.          0.8333333   0.          0.          0.
  0.         -0.6666667  -0.33333334 -0.6666667   0.16666667  0.16666667
  0.16666667  0.33333334  0.33333334  0.8333333  -0.33333334  0.
  0.6666667   0.          0.          0.          0.33333334  0.
  0.33333334  1.          0.16666667  0.         -0.16666667  0.16666667
  0.33333334  0.          0.33333334 -0.8333333   0.6666667   0.5
  0.          0.8333333  -0.5        -0.16666667 -0.5         0.
  0.8333333  -0.16666667  0.6666667  -0.33333334  0.16666667 -0.8333333
  0.8333333  -1.          0.5         0.5         0.          0.16666667
  0.5         0.         -0.16666667  0.33333334  0.6666667   0.6666667
 -0.16666667  0.          0.6666667   0.16666667  0.          0.16666667
  0.5         0.33333334  0.6666667   0.6666667   0.33333334  0.5
 -0.6666667   0.5         0.8333333   0.5         0.          0.16666667
  0.         -0.8333333  -0.5        -0.16666667  0.8333333   0.
  0.33333334  0.         -0.6666667  -0.5        -0.16666667 -0.16666667
  0.          0.6666667   0.          0.5         0.          0.8333333
  0.          0.33333334  0.41666666  0.         -0.8333333  -0.33333334
  0.          0.16666667  0.          0.8333333   0.8333333   0.
 -0.6666667   0.         -0.16666667  0.          0.33333334  0.
  0.          0.         -0.6666667   0.         -0.33333334 -0.16666667
  0.         -0.6666667   0.6666667   0.16666667 -0.33333334 -0.6666667
 -0.8333333  -0.16666667 -0.8333333  -0.5        -0.6666667   0.16666667
 -0.33333334  0.          0.16666667  0.8333333  -0.33333334  0.33333334
  0.6666667   0.          0.16666667  0.          0.8333333   0.
 -0.16666667  0.33333334 -0.33333334  0.16666667  0.16666667 -0.33333334
 -0.33333334  0.5         0.33333334 -0.6666667   0.         -0.6666667
  0.          0.16666667 -0.16666667  0.5         0.6666667   0.
 -0.16666667  0.16666667  0.6666667  -0.5         0.5         0.
  0.         -1.         -0.6666667   0.          0.16666667 -1.
  0.5        -0.5         0.6666667   0.16666667 -0.8333333  -0.33333334
  0.         -0.16666667  0.8333333   0.          0.16666667  0.33333334
  0.6666667  -0.16666667  0.16666667  0.5         0.8333333  -0.6666667
  0.          0.33333334  0.6666667   0.         -0.16666667 -0.33333334
 -0.8333333   1.         -0.6666667   0.6666667   0.          0.6666667
  0.16666667  0.5         0.33333334 -0.8333333   0.          0.
  0.5         0.33333334  0.          0.          0.          0.
  0.          0.33333334 -0.5         0.          0.16666667  0.
  0.          0.          0.16666667  1.          0.6666667  -0.5
  0.33333334  0.          0.          1.          0.          0.5
  0.16666667  0.         -0.16666667  0.          1.          0.
  1.          0.          0.16666667  0.          0.16666667 -0.16666667
 -0.8333333  -0.33333334  0.          0.16666667  0.          0.16666667
  0.33333334  0.33333334 -0.8333333  -0.8333333   0.16666667  0.16666667
  0.9166667   0.16666667  0.5         0.6666667   0.33333334 -0.6666667
 -0.6666667   0.33333334 -0.6666667   0.          0.16666667 -0.16666667
 -0.8333333  -0.33333334 -0.6666667   0.33333334  0.5         0.33333334
  0.25        0.33333334  0.          0.33333334  0.          0.
  0.6666667   0.          0.8333333   0.6666667   0.5         0.33333334
  0.75       -0.16666667  0.25        0.          1.          0.33333334
  0.33333334  0.33333334  0.5         0.8333333   0.16666667  0.
  0.16666667  0.5         0.75        0.41666666  0.16666667]
Predictions: [ 3.74029726e-01  9.49147344e-03 -2.65143394e-01 -1.76550388e-01
  1.50661170e-01  1.54647022e-01 -1.12295724e-01 -1.82272106e-01
  1.90369725e-01 -5.66642880e-01 -1.54897094e-01 -7.89661556e-02
  1.23422615e-01 -4.75770161e-02 -4.01026219e-01 -7.98609704e-02
  9.00436416e-02 -5.77463061e-02 -2.98402697e-01  6.69306070e-02
 -2.90179342e-01 -4.44544777e-02 -2.99170196e-01 -2.36051440e-01
  7.10758716e-02  1.53769165e-01  4.76051047e-02 -2.86219358e-01
 -1.04428522e-01  6.18195608e-02  1.36840641e-01 -3.00969351e-02
  8.28192085e-02  1.89826041e-01  9.99091640e-02  2.41258621e-01
  3.23711514e-01  9.85258743e-02  8.19892138e-02 -8.66905302e-02
  2.10942537e-01 -6.20862879e-02 -3.20930213e-01  3.70463133e-02
  1.06341727e-01  1.21151812e-01 -2.34786838e-01  2.73103267e-01
  2.13806301e-01 -7.64905393e-01  6.93882704e-02 -1.07378021e-01
  2.69141555e-01 -5.48478782e-01 -6.54344261e-02 -6.97384417e-01
  1.67730823e-02 -3.43066305e-01 -2.95999229e-01  1.16657294e-01
  6.00223392e-02 -8.49510729e-01  7.24324882e-02 -4.11886752e-01
  7.23902285e-02  5.67705631e-02 -4.76135582e-01 -5.20717762e-02
 -3.65430892e-01 -2.16699034e-01  1.68314576e-02  5.95053077e-01
 -4.00105231e-02  1.87645167e-01  4.55481350e-01  1.36587560e-01
  4.69067693e-01  2.44487643e-01  7.35705495e-02  1.25430524e-01
  2.35881895e-01  1.11732133e-01  4.76924926e-02 -1.39776587e-01
  1.80852115e-01  3.65085661e-01 -6.94446266e-03  9.45731774e-02
  3.69294941e-01  4.66019213e-02  5.62786311e-02  3.05394977e-02
  1.84472471e-01 -2.58898675e-01 -2.48319268e-01  5.90680838e-02
  9.56512913e-02  1.89825237e-01  4.48157042e-02 -1.34264067e-01
 -1.38235748e-01 -3.63160878e-01 -3.54497045e-01 -1.49184823e-01
  7.19104111e-02  1.94715410e-01 -1.10504888e-01 -3.36015105e-01
 -4.30683419e-02 -3.33156943e-01  9.65738669e-03  1.93787366e-01
  6.35228306e-03  5.05675614e-01  2.70517707e-01  3.13770503e-01
  1.78508818e-01 -3.69726196e-02  4.76356506e-01  3.89818400e-01
  6.64437935e-02  3.18612874e-01  1.03929192e-02 -2.60083765e-01
  2.81220496e-01  7.24403933e-02  1.03649683e-01 -1.32940292e-01
  2.79845893e-01  2.86802426e-02 -2.61641413e-01  1.75447881e-01
  1.47663534e-01 -2.12084800e-01 -3.52850378e-01 -2.65571475e-01
 -6.19654059e-02 -4.25157733e-02  6.42185211e-02  8.32973421e-02
  5.46852276e-02 -9.44351792e-01 -4.70171690e-01 -1.24474734e-01
 -6.97702467e-01  1.49176925e-01 -2.43147224e-01 -5.23879886e-01
 -2.94234872e-01  4.19542119e-02  1.50604427e-01 -5.17737210e-01
  8.31611007e-02 -5.24047166e-02  8.96529630e-02  2.17660904e-01
  7.55240694e-02  1.77448928e-01 -1.16763897e-01  7.68350735e-02
  2.88464397e-01 -4.50060040e-01 -1.93797171e-01 -1.55807808e-01
  6.18025661e-01  1.61696166e-01 -3.74910563e-01  3.85968804e-01
  3.65399539e-01 -6.74958602e-02 -1.48080885e-01 -4.11774188e-01
  1.67409211e-01 -3.08840185e-01  9.73329321e-03 -3.71217906e-01
  5.92007861e-03 -3.62715982e-02  2.74852887e-02  1.75212115e-01
 -4.85714190e-02 -5.57443440e-01  7.87028745e-02  2.54983827e-02
 -7.02567175e-02  1.23339213e-01  5.87275028e-02  2.00635999e-01
 -1.76017821e-01 -4.71717715e-01  4.47256297e-01 -4.51805562e-01
  1.90353207e-02  2.62986392e-01  1.17994919e-02  1.20567374e-01
  2.51362801e-01 -1.17728449e-02  2.70468265e-01  3.28290164e-01
  4.52710986e-01  3.48658681e-01 -1.89129949e-01 -9.51652974e-02
  2.67102718e-01  1.95409745e-01 -6.31166399e-01 -2.67110199e-01
  5.13988510e-02 -3.49947214e-02 -1.73280269e-01 -6.98577017e-02
  3.01047266e-01 -2.20702618e-01 -1.26025200e-01  3.35430682e-01
  1.78267211e-01 -1.36865862e-02 -3.53056937e-01  2.67253488e-01
  2.26524562e-01  6.72391802e-02 -2.38457918e-01  1.66672498e-01
 -3.92347485e-01 -3.27607989e-03 -2.54070669e-01 -6.32151812e-02
 -7.18116462e-01 -9.66180861e-02  3.49776983e-01 -1.42094448e-01
 -1.07414059e-01  1.40467793e-01  1.41937941e-01  2.99958318e-01
  3.87057334e-01  4.81572747e-03  3.48803774e-02  2.92069465e-02
  4.34378445e-01 -1.12372965e-01 -7.60381699e-01 -1.87071681e-01
  1.22880332e-01  3.77235785e-02  8.01330805e-02  1.87803328e-01
  5.36647081e-01 -1.67460531e-01 -2.58105602e-02 -3.20982337e-01
  3.51431042e-01 -1.95256233e-01  2.38546878e-01 -9.45366733e-03
 -2.66274035e-01  2.56908715e-01 -6.75764382e-01  5.76850325e-02
 -3.32701057e-01 -9.14806068e-01 -5.72555780e-01  1.29597187e-01
  1.49745643e-01  5.59276268e-02 -1.10950172e-02 -8.20960924e-02
 -2.42872149e-01 -3.67527038e-01  2.59032816e-01  1.23042829e-01
  2.53362134e-02 -5.15838750e-02 -8.41519311e-02  7.30015859e-02
  1.54972225e-01  3.55895400e-01  3.22302461e-01  2.54911691e-01
  3.48693609e-01 -7.63514042e-02 -3.84625971e-01 -2.86867112e-01
  3.17243814e-01  2.12217957e-01 -2.62753159e-01  1.45545602e-01
  4.42826271e-01  7.18353838e-02 -5.71411312e-01 -5.07052362e-01
  3.31376612e-01  1.55178457e-01  4.52756882e-04  5.95203117e-02
  1.20492764e-01 -1.23630717e-01 -6.25610292e-01  1.24586083e-01
 -3.24275047e-02 -5.01746893e-01  9.11009684e-03  1.30691588e-01
  3.68414879e-01  7.37196878e-02 -8.69034946e-01 -7.36261904e-03
 -1.71302021e-01 -7.63807446e-02  2.06498027e-01  5.50417826e-02
 -2.83645838e-02  1.96294188e-01  3.77412856e-01  8.81295428e-02
  3.86067480e-01  1.63345397e-01  1.66911155e-01  1.32148713e-01
  2.17489600e-01  2.88106591e-01  7.69691318e-02  8.30109790e-02
  1.34051651e-01  3.76420319e-02 -2.75496691e-01 -9.23985243e-02
  5.43686867e-01  2.94274777e-01  1.16759889e-01 -1.25106245e-01
  1.21882252e-01  5.45235425e-02  1.03787027e-01 -6.97846949e-01
 -1.19003028e-01  3.94723415e-02 -3.25923115e-01 -4.94403183e-01
 -1.16622243e-02 -9.81193185e-01 -2.68339574e-01 -2.16121584e-01
  4.27614629e-01  1.24743931e-01 -6.03091896e-01 -1.79565072e-01
 -4.80138175e-02 -5.11433721e-01 -1.77036583e-01 -4.43672627e-01
  9.56387445e-02  1.85299098e-01  2.31951416e-01  1.07735284e-01
  2.98624545e-01  2.60372400e-01  1.92031652e-01  2.14175254e-01
  3.08732778e-01  3.66314739e-01  1.28861129e-01 -1.07396655e-02
  5.01258612e-01  8.12980235e-02  2.87358612e-02  3.39479297e-02
  4.32096183e-01 -9.53239389e-03 -9.23893228e-02 -7.09922686e-02
  1.81281179e-01 -1.75404459e-01  1.12642623e-01 -5.99635281e-02
  3.47697705e-01 -6.03437647e-02  6.16849661e-02  5.96042812e-01
  2.01285660e-01 -2.03879550e-02 -3.04131657e-01 -2.21843198e-02
  2.30014563e-01  1.31228596e-01 -3.01010430e-01 -4.25343752e-01
 -1.95132613e-01 -4.11974579e-01  3.72292668e-01 -8.17805171e-01
  2.18347490e-01  8.09967294e-02  8.80619362e-02  2.39543825e-01
  2.09903836e-01  1.14766136e-02  1.18504874e-01  5.76982796e-02
 -1.52775228e-01  4.14687321e-02 -1.13454841e-01 -2.11953260e-02
  3.59326750e-01 -1.74995154e-01 -2.59308890e-03  2.37941951e-01
  2.64935046e-01 -3.64064485e-01  2.13101655e-01 -1.18289530e-01
 -1.45409778e-01 -8.61580223e-02 -8.24491382e-02  3.70683372e-01
  1.34544969e-01  1.56390220e-02 -1.02759548e-01 -9.99263227e-02
 -1.30852550e-01 -1.99842125e-01 -1.52260870e-01 -4.50726271e-01
  2.76843041e-01  1.50317132e-01 -2.84586161e-01  1.04171075e-01
 -2.98205763e-01 -3.38380635e-01  2.55800247e-01 -2.52579302e-01
  7.26882294e-02  2.38382936e-01 -1.14417396e-01  2.79310942e-01
  2.32988894e-01  2.25534707e-01 -6.08521104e-01  1.49539202e-01
  4.19560313e-01  1.96655989e-01 -2.85088122e-01 -1.68007225e-01
  2.28305489e-01  1.69755191e-01 -3.95933054e-02  4.25222397e-01
  2.30902284e-02 -2.44798481e-01 -2.59720802e-01 -6.82851672e-02
  4.30361331e-02  9.84245539e-03  7.40970597e-02 -2.49558449e-01
 -1.19787566e-02 -3.17277908e-01 -4.87119973e-01  2.50361234e-01
 -1.92413181e-01 -2.37370104e-01 -2.78886735e-01 -3.52341175e-01
 -4.87435721e-02  6.55489787e-02 -4.01005745e-01 -5.78095555e-01
 -3.74070197e-01 -2.26512492e-01 -1.44746378e-01 -5.24348840e-02
 -6.45392984e-02  1.19695850e-01  3.59560549e-02  2.74408191e-01
  1.72880530e-01  2.27436453e-01 -1.98032439e-01 -7.21539408e-02
  4.57755566e-01 -7.02562183e-02  6.48001954e-02 -1.47368506e-01
 -5.23149893e-02 -1.73141211e-02 -3.37632261e-02  2.08617777e-01
 -1.11328863e-01 -3.33408654e-01  1.32786810e-01 -4.83298540e-01
 -1.97228223e-01  1.27644658e-01  2.93970257e-02 -2.26620644e-01
 -2.55483538e-02 -2.17580289e-01  1.72409981e-01  3.10300320e-01
 -1.11452721e-01 -1.51383758e-01  2.51585782e-01 -6.16766334e-01
  1.39582932e-01  2.92838991e-01  3.42150241e-01 -1.95788622e-01
 -6.09978288e-03 -3.75101864e-01  8.72488096e-02 -7.75403023e-01
 -2.17844069e-01  2.33613342e-01  1.56159222e-01 -7.19341934e-02
 -3.97490174e-01 -2.84522563e-01 -1.60240918e-01  1.50404602e-01
 -2.40725130e-01 -6.74680829e-01  2.68874288e-01  9.41345468e-02
  8.31941217e-02 -1.15317143e-01  3.30736905e-01 -3.27742666e-01
  1.14145778e-01 -2.63237029e-01  4.26842332e-01  3.29320952e-02
  1.61529303e-01 -4.19557631e-01 -3.86675969e-02  3.52837145e-02
 -1.38036847e-01  6.28328174e-02 -1.72880888e-01  7.76871890e-02
 -3.91944617e-01  3.29382211e-01 -1.63607746e-02  1.46842152e-01
  1.77983671e-01  1.86875969e-01  7.87892640e-02 -1.98124975e-01
  2.33688235e-01 -9.56589282e-01 -2.40752906e-01 -3.36106211e-01
  3.99038166e-01 -4.75528240e-01 -1.41720682e-01  1.67258620e-01
  1.13229625e-01  5.77595606e-02  1.06521048e-01  5.09602785e-01
 -8.42677593e-01  1.97464436e-01 -1.55628055e-01  1.82830572e-01
  2.83665687e-01 -1.73579752e-01  1.38933539e-01  1.72087491e-01
  6.65173590e-01 -3.09242904e-01  1.54658228e-01 -3.08825001e-02
  4.95822728e-01 -1.08310953e-03 -1.64234474e-01  5.19656420e-01
  1.42600030e-01 -4.70825061e-02  2.17897505e-01  1.80503547e-01
  3.33154976e-01 -1.70639157e-01 -5.58654130e-01  4.84684229e-01
  1.28866166e-01  1.66788101e-01  9.44056138e-02 -1.94109440e-01
  9.61938575e-02  2.28538305e-01 -7.06888959e-02  2.34808415e-01
  1.52428061e-01  1.16985075e-01  3.45150113e-01  2.92876035e-01
 -7.10342288e-01 -9.55818743e-02  2.44124174e-01  1.42801285e-01
 -2.04140455e-01 -3.76457572e-02  8.06429312e-02 -1.68910712e-01
  1.77180976e-01 -1.46754496e-02 -2.52438605e-01 -4.88434434e-02
 -1.60089135e-01 -1.15137935e-01  2.48979360e-01  1.06232576e-01
  6.63032830e-02 -1.24060817e-01 -1.64758399e-01  4.98996794e-01
  1.00205801e-01 -2.46751755e-01  1.18608020e-01  2.78005838e-01
  3.27353269e-01  9.49525610e-02  1.02607757e-02 -2.53445785e-02
 -1.19584054e-03  1.66823268e-01  5.60459316e-01  3.34284842e-01
 -3.09935331e-01  2.52491683e-01  2.41170943e-01 -4.60741669e-01
  2.04795480e-01  3.18685025e-01 -7.95266181e-02  1.48885995e-01
  2.06508428e-01  2.89787352e-01  2.66719103e-01  2.50439405e-01
  4.35076743e-01  2.32283860e-01  1.35414273e-01  3.93590689e-01
  6.60536647e-01  2.00389862e-01  4.67004061e-01]
{"epoch": 4, "train_loss": 0.30287306842415834, "val_mae": 0.30536431074142456, "val_corr": 0.5156858759721965, "val_binary_acc": 0.6846986089644513, "val_binary_f1": 0.6909090909090909, "threshold": 0.0}
Labels: [ 1.          0.33333334 -0.6666667  -0.8333333  -0.33333334  0.
  0.5         0.          0.33333334 -0.5         0.33333334  0.
  0.5         0.5         0.6666667  -0.16666667  0.         -0.6666667
  1.         -0.33333334 -1.          0.         -0.33333334 -0.8333333
  0.16666667  0.33333334 -0.6666667   0.          0.          0.
  0.33333334 -0.8333333   0.5         0.16666667 -0.33333334  0.33333334
  0.          0.6666667   0.         -0.16666667  0.33333334  0.16666667
 -0.6666667  -0.5         0.          0.16666667  0.          1.
  0.33333334 -0.8333333   0.16666667 -0.16666667  0.16666667  0.16666667
  0.6666667  -0.5         0.         -0.6666667   0.5         0.6666667
 -0.16666667 -0.6666667   0.         -0.8333333   0.33333334 -0.16666667
 -0.5        -0.33333334 -0.8333333  -0.8333333  -0.5         0.5
  0.33333334  0.          0.5         0.33333334  0.6666667   0.6666667
 -0.16666667 -0.33333334  0.33333334  0.16666667 -0.33333334 -0.6666667
  0.          0.          0.16666667  0.          0.5         0.
  0.          0.          0.16666667 -0.8333333   0.          0.
  0.16666667  0.16666667  0.16666667  0.         -0.33333334 -0.8333333
  0.         -0.33333334  0.          0.33333334  0.         -0.8333333
 -0.33333334  0.         -0.5         0.          0.8333333   0.5
  0.5         0.33333334  0.          0.          0.6666667  -0.16666667
  0.75        0.8333333  -0.5         0.33333334  0.          0.16666667
  0.5         0.33333334  0.6666667  -0.5        -0.16666667  0.33333334
  0.8333333  -0.8333333   0.16666667  0.          0.          0.
 -1.          0.16666667  0.33333334 -1.          0.          0.
  1.          0.33333334 -1.          0.33333334 -0.16666667  0.16666667
  0.6666667  -0.6666667   0.          0.33333334 -0.16666667  0.16666667
  0.33333334  0.33333334  0.33333334  0.5         0.33333334 -0.16666667
 -0.6666667  -0.8333333   0.          0.16666667 -0.16666667  1.
  0.5         0.16666667  0.16666667 -0.16666667  0.16666667  0.33333334
  0.16666667 -0.33333334  0.          0.16666667  0.16666667  0.33333334
  0.         -0.8333333  -0.5         0.16666667  1.          0.16666667
  0.16666667 -0.8333333   0.         -0.16666667  0.6666667  -0.6666667
  0.5         0.33333334  0.16666667  0.          0.33333334  0.33333334
  0.          1.          0.25        0.33333334 -0.6666667  -0.8333333
  0.          0.16666667 -0.33333334  0.          0.5        -0.16666667
  0.16666667 -0.16666667  0.         -0.16666667  0.33333334  0.8333333
  0.8333333   0.5        -0.5         0.16666667 -1.          0.
  0.16666667 -0.8333333  -0.16666667 -0.33333334 -0.16666667 -1.
 -0.16666667  0.          0.5        -0.5        -0.5         0.33333334
  0.          0.33333334  0.33333334  0.          0.          0.6666667
  0.5         0.33333334 -0.8333333  -0.8333333   0.16666667 -0.16666667
  1.          0.8333333   0.5         0.16666667 -0.16666667 -0.16666667
  0.5        -0.5         0.5        -0.16666667  0.33333334  0.33333334
 -0.5         0.5        -0.6666667  -1.         -0.5        -0.16666667
  0.6666667  -0.33333334  0.          0.33333334  0.         -0.8333333
  0.33333334 -0.33333334 -0.16666667  0.33333334  0.          0.33333334
  0.6666667   0.5         0.16666667  0.16666667  0.08333334  0.
  0.5         0.6666667   0.16666667  0.          0.          0.
  0.          0.16666667 -0.33333334 -0.8333333  -0.16666667  0.
  0.16666667  0.          0.5         0.         -0.8333333   0.5
 -0.6666667  -0.8333333  -0.6666667   0.          1.          0.16666667
 -0.6666667   0.16666667  0.          0.          1.         -0.16666667
  0.          0.33333334  0.16666667  0.8333333   0.5         1.
  0.          0.          0.6666667   0.33333334  0.          0.
  0.          0.          1.          0.16666667  0.5        -0.33333334
  0.16666667  0.          0.33333334  0.         -0.16666667 -0.5
 -0.5         0.8333333   0.          0.16666667  0.         -0.8333333
 -0.6666667   0.          0.8333333   0.          0.          0.
  0.         -0.6666667  -0.33333334 -0.6666667   0.16666667  0.16666667
  0.16666667  0.33333334  0.33333334  0.8333333  -0.33333334  0.
  0.6666667   0.          0.          0.          0.33333334  0.
  0.33333334  1.          0.16666667  0.         -0.16666667  0.16666667
  0.33333334  0.          0.33333334 -0.8333333   0.6666667   0.5
  0.          0.8333333  -0.5        -0.16666667 -0.5         0.
  0.8333333  -0.16666667  0.6666667  -0.33333334  0.16666667 -0.8333333
  0.8333333  -1.          0.5         0.5         0.          0.16666667
  0.5         0.         -0.16666667  0.33333334  0.6666667   0.6666667
 -0.16666667  0.          0.6666667   0.16666667  0.          0.16666667
  0.5         0.33333334  0.6666667   0.6666667   0.33333334  0.5
 -0.6666667   0.5         0.8333333   0.5         0.          0.16666667
  0.         -0.8333333  -0.5        -0.16666667  0.8333333   0.
  0.33333334  0.         -0.6666667  -0.5        -0.16666667 -0.16666667
  0.          0.6666667   0.          0.5         0.          0.8333333
  0.          0.33333334  0.41666666  0.         -0.8333333  -0.33333334
  0.          0.16666667  0.          0.8333333   0.8333333   0.
 -0.6666667   0.         -0.16666667  0.          0.33333334  0.
  0.          0.         -0.6666667   0.         -0.33333334 -0.16666667
  0.         -0.6666667   0.6666667   0.16666667 -0.33333334 -0.6666667
 -0.8333333  -0.16666667 -0.8333333  -0.5        -0.6666667   0.16666667
 -0.33333334  0.          0.16666667  0.8333333  -0.33333334  0.33333334
  0.6666667   0.          0.16666667  0.          0.8333333   0.
 -0.16666667  0.33333334 -0.33333334  0.16666667  0.16666667 -0.33333334
 -0.33333334  0.5         0.33333334 -0.6666667   0.         -0.6666667
  0.          0.16666667 -0.16666667  0.5         0.6666667   0.
 -0.16666667  0.16666667  0.6666667  -0.5         0.5         0.
  0.         -1.         -0.6666667   0.          0.16666667 -1.
  0.5        -0.5         0.6666667   0.16666667 -0.8333333  -0.33333334
  0.         -0.16666667  0.8333333   0.          0.16666667  0.33333334
  0.6666667  -0.16666667  0.16666667  0.5         0.8333333  -0.6666667
  0.          0.33333334  0.6666667   0.         -0.16666667 -0.33333334
 -0.8333333   1.         -0.6666667   0.6666667   0.          0.6666667
  0.16666667  0.5         0.33333334 -0.8333333   0.          0.
  0.5         0.33333334  0.          0.          0.          0.
  0.          0.33333334 -0.5         0.          0.16666667  0.
  0.          0.          0.16666667  1.          0.6666667  -0.5
  0.33333334  0.          0.          1.          0.          0.5
  0.16666667  0.         -0.16666667  0.          1.          0.
  1.          0.          0.16666667  0.          0.16666667 -0.16666667
 -0.8333333  -0.33333334  0.          0.16666667  0.          0.16666667
  0.33333334  0.33333334 -0.8333333  -0.8333333   0.16666667  0.16666667
  0.9166667   0.16666667  0.5         0.6666667   0.33333334 -0.6666667
 -0.6666667   0.33333334 -0.6666667   0.          0.16666667 -0.16666667
 -0.8333333  -0.33333334 -0.6666667   0.33333334  0.5         0.33333334
  0.25        0.33333334  0.          0.33333334  0.          0.
  0.6666667   0.          0.8333333   0.6666667   0.5         0.33333334
  0.75       -0.16666667  0.25        0.          1.          0.33333334
  0.33333334  0.33333334  0.5         0.8333333   0.16666667  0.
  0.16666667  0.5         0.75        0.41666666  0.16666667]
Predictions: [ 0.37323555  0.21170533 -0.21678078 -0.25836974 -0.10839875  0.13095719
 -0.41545162 -0.27846792  0.2269656  -0.63663876 -0.39700153 -0.04690327
  0.25745705 -0.1461106  -0.15881681 -0.05844589  0.12790912 -0.02601924
  0.00551414  0.02573513 -0.47872123  0.07610333 -0.21077555 -0.4228939
 -0.36915258  0.39484122  0.06217188 -0.0558544  -0.06472795 -0.2051934
  0.13336498 -0.02187786  0.11318699 -0.20844254  0.12165079  0.30274183
  0.36143404  0.08994884  0.28309152  0.14529803  0.07892665 -0.10604501
 -0.13058797  0.02720325  0.11501787 -0.02682349 -0.20640141 -0.29500282
  0.20215821 -0.7577712  -0.17332962 -0.27454144  0.27792308 -0.12015051
 -0.2648968  -0.55740345  0.00458836 -0.57805824 -0.04916409  0.22453827
  0.05360224 -0.99283713 -0.09219539 -0.6527849   0.01004075  0.14188161
 -0.44890317 -0.20163515 -0.575619   -0.3220052   0.16382658  0.5699449
 -0.01478268  0.12601453  0.42801788  0.15810663  0.34794345  0.20866692
  0.06462676  0.15092134  0.06452447  0.11731005  0.07428502 -0.17558637
  0.063438    0.28045163 -0.00714864 -0.17805773  0.2730452  -0.1008644
  0.03366335 -0.06156363  0.08110734 -0.39568424 -0.10084402  0.13476399
  0.01406892  0.11855156 -0.0939577  -0.14460135 -0.03582664 -0.7459502
 -0.29866573 -0.293707   -0.19474375  0.24137229 -0.10309005 -0.273869
 -0.20624402  0.07879306  0.08242702 -0.10562746  0.10550577  0.32618615
  0.32413343  0.3311401   0.08921675  0.0331952   0.23752967  0.20400009
  0.20410979  0.30667734 -0.06269935 -0.20013013  0.32760844 -0.04252774
 -0.1339431  -0.24015835  0.3314507  -0.24377197 -0.4754486   0.01443155
  0.10231333 -0.3721119  -0.22478521 -0.11405254 -0.02015861  0.02007866
  0.1800856   0.08353261  0.11927549 -1.132057   -0.71368337  0.1367974
 -0.74241084  0.21053782 -0.60099906 -0.19302052 -0.4681381   0.06249285
  0.33905143 -0.43386573  0.01751155  0.01620285  0.09155881  0.18810228
  0.09189101  0.29403672  0.24649507  0.12477017  0.28884414 -0.33921087
 -0.12801793 -0.27616018  0.27051714  0.04229765 -0.44009277  0.36056575
  0.45081735 -0.03711037 -0.36581215 -0.44367442  0.13200378 -0.4071547
 -0.1659039  -0.1119876   0.008926    0.06117091 -0.17148522  0.26409766
 -0.06570826 -0.3897067   0.15315306 -0.0343664   0.10408986  0.14733753
  0.06635065  0.10496824 -0.4684204  -0.6857171   0.5280002  -0.37352386
  0.06803109  0.01423774  0.10403404  0.1861386   0.13854134  0.05371071
  0.16605258  0.3307974   0.47489575  0.27724275 -0.51449823 -0.32066903
  0.27806172  0.12288725 -0.40926147 -0.10069573  0.2272425  -0.26116058
 -0.42161995 -0.08165698  0.22879547 -0.43646634 -0.20560735  0.1984207
  0.11052666  0.08219277 -0.54205567  0.18013346  0.13538367  0.0569898
  0.02475288  0.28479132 -0.6065346   0.13100815 -0.08333821 -0.25275132
 -0.68562996 -0.07924174  0.2085231  -0.29542014  0.02269021  0.09747498
  0.1811738   0.23760006  0.31841505  0.09928251  0.11913087  0.06904129
  0.35292026 -0.12088214 -0.33208936 -0.1733518   0.29250368  0.12540856
 -0.2522952   0.04277258  0.48205653 -0.17658916 -0.2621578  -0.43329096
  0.32791153 -0.08657381  0.3198994  -0.1247882  -0.03544805  0.04943517
 -0.41599357  0.15704453 -0.28858888 -0.9888433  -0.43953547  0.09966267
 -0.05843586  0.1210755   0.22456917 -0.38573465  0.01643929 -0.3715728
  0.20486048 -0.150986    0.07144682 -0.37461954 -0.02337071  0.10423598
  0.21996379  0.41034105  0.5050933   0.231868    0.32779312 -0.18261242
 -0.09840992 -0.3126663   0.3635649   0.1869753  -0.38801402  0.00326502
  0.4716113   0.03677162 -0.74278253 -0.7534067   0.27845097  0.11102808
 -0.12506995 -0.00115912  0.10924559  0.01693353 -0.93574286  0.0857035
 -0.24310517 -0.30953857 -0.1761595   0.21016642  0.22849235  0.04959695
 -0.7770908  -0.2128588  -0.04792552  0.08512267  0.26208198  0.20845985
  0.03869     0.11702076 -0.01477033  0.09240151  0.20973995  0.14489728
  0.23851734  0.21744356  0.25467944  0.20122075  0.09630021  0.10518508
  0.19600219  0.12709609 -0.18747741 -0.17659608  0.65689045 -0.13798207
 -0.10556302 -0.11981854  0.23289269  0.03093223 -0.08565121 -0.74697375
 -0.19445089  0.17646086  0.0314308  -0.44008836 -0.14947528 -0.64295673
 -0.22430941 -0.23824495  0.21212384  0.18576095 -0.6348574  -0.2999255
  0.05097532 -0.6341721  -0.02235397 -0.38223174  0.08886258  0.08145836
  0.20720905  0.03908093  0.3501581   0.33266774  0.20853105  0.23592687
  0.14274341  0.21103597  0.10459731 -0.13252416  0.51345104  0.01331743
 -0.17018375  0.00216846  0.45007697  0.11307833 -0.05563752 -0.07236657
  0.04370053 -0.06329723 -0.00648835 -0.21685502  0.35268298 -0.01835639
  0.06386166  0.5342331   0.18830022 -0.09408001 -0.6365163  -0.13852364
  0.36956403  0.17418772  0.14993685 -0.5676142  -0.02151991 -0.5825214
  0.37338513 -0.84759444  0.16168684  0.0250443   0.1473214   0.27738944
  0.17920816  0.04936088  0.0746963   0.14841416 -0.4614995   0.09167149
 -0.13092408 -0.0854461   0.21914199 -0.04221147  0.18436915 -0.15332642
  0.35710964 -0.24717844  0.05130239 -0.26607043 -0.12885827 -0.19193015
  0.08119719 -0.02999494  0.01293042  0.09420697  0.01365603 -0.19819587
 -0.06245114  0.01450034 -0.22227922 -0.68602055  0.19500431  0.17860243
 -0.6811344   0.02382785 -0.45533875 -0.8049933   0.29743084 -0.16498074
  0.10987101  0.14110714  0.04888123  0.12505054  0.12355066  0.12454087
 -0.3008674   0.27987573  0.32412693  0.21153867 -0.621856   -0.19832158
  0.22898227  0.03741928 -0.09697048  0.32995495  0.09889833 -0.34617937
 -0.27116185  0.01973421  0.19613251 -0.07157739 -0.00698236 -0.06597366
  0.03256819 -0.14713453 -0.5215483   0.20205954 -0.0222535  -0.2910309
 -0.09415393 -0.37432495  0.34375897  0.07747091 -0.6286037  -0.3783301
 -0.48076203 -0.36925027  0.019712    0.14135978  0.02479524 -0.00701898
  0.13279057  0.2123594   0.16597536  0.1396358  -0.08574328 -0.11423799
  0.526151   -0.20544088  0.08783721 -0.15532044  0.04688533  0.09131641
 -0.14086387  0.13010266 -0.03732423 -0.27543405  0.14694041 -0.74771166
 -0.02799196  0.25478473  0.03401863 -0.75441825 -0.0119155  -0.2723788
  0.1182711   0.14721328 -0.39853522 -0.03477249  0.26053727 -0.2594098
  0.24588001  0.29946324  0.19833997 -0.3020382   0.04003522 -0.3894725
  0.13247383 -0.78979605 -0.7759957   0.18254802  0.11886372 -0.2020193
 -0.4969168  -0.12802213  0.06069808  0.15248582 -0.21422043 -0.33734193
  0.1865257   0.08922393 -0.54903597 -0.13614637  0.46188757 -0.45495206
 -0.06834011 -0.12264129  0.23595521 -0.0555059   0.12993094 -0.25138152
 -0.02419989 -0.04999039 -0.24879065  0.0583292  -0.06722672 -0.06650883
 -0.6257725   0.24561518 -0.17115712  0.16821644  0.15492314  0.14999264
 -0.11160202 -0.04257976  0.2963189  -1.0181385  -0.4084698  -0.21860453
  0.38276395 -0.6665417   0.14483953  0.16883564 -0.02211939 -0.05407204
  0.05053723  0.47789624 -0.8034826  -0.10266554 -0.409382    0.14246407
  0.19222191 -0.21007997  0.043315    0.0792389   0.6890742  -0.04570822
  0.08472716 -0.20039251  0.440027   -0.53954226 -0.1461046   0.45587966
 -0.36577985 -0.29091194  0.2806746  -0.1048646   0.49976918  0.07845045
 -0.2377412   0.62963456  0.14477277  0.1592471  -0.05471314 -0.04847632
  0.04750326  0.31115034  0.05107786  0.21798888  0.19315165  0.05667245
 -0.04140732  0.21331418 -0.65875846 -0.49171     0.12487376 -0.00530464
 -0.06769805  0.14107925 -0.34402314 -0.05481319  0.15635893 -0.21587977
 -0.79644185  0.07969817 -0.2178056  -0.34245002 -0.03434011  0.14240727
 -0.04488334 -0.1830611   0.09743991  0.36073712  0.01527609  0.16659847
 -0.02365876  0.28560394  0.08207577 -0.01443593  0.03065985  0.12478919
 -0.21709585  0.16102567  0.50957584  0.29712865 -0.40238798  0.5054888
  0.12805969 -0.43180808  0.14179954  0.29370326 -0.48096442  0.11955144
  0.4311859   0.21785259  0.17003393  0.38015845  0.40673116  0.3713115
  0.03381538  0.31240577  0.4001088   0.12092965  0.4132824 ]
{"epoch": 5, "train_loss": 0.2858819161043611, "val_mae": 0.31580325961112976, "val_corr": 0.5013693284028449, "val_binary_acc": 0.6398763523956723, "val_binary_f1": 0.642089093701997, "threshold": 0.0}
Labels: [ 1.          0.33333334 -0.6666667  -0.8333333  -0.33333334  0.
  0.5         0.          0.33333334 -0.5         0.33333334  0.
  0.5         0.5         0.6666667  -0.16666667  0.         -0.6666667
  1.         -0.33333334 -1.          0.         -0.33333334 -0.8333333
  0.16666667  0.33333334 -0.6666667   0.          0.          0.
  0.33333334 -0.8333333   0.5         0.16666667 -0.33333334  0.33333334
  0.          0.6666667   0.         -0.16666667  0.33333334  0.16666667
 -0.6666667  -0.5         0.          0.16666667  0.          1.
  0.33333334 -0.8333333   0.16666667 -0.16666667  0.16666667  0.16666667
  0.6666667  -0.5         0.         -0.6666667   0.5         0.6666667
 -0.16666667 -0.6666667   0.         -0.8333333   0.33333334 -0.16666667
 -0.5        -0.33333334 -0.8333333  -0.8333333  -0.5         0.5
  0.33333334  0.          0.5         0.33333334  0.6666667   0.6666667
 -0.16666667 -0.33333334  0.33333334  0.16666667 -0.33333334 -0.6666667
  0.          0.          0.16666667  0.          0.5         0.
  0.          0.          0.16666667 -0.8333333   0.          0.
  0.16666667  0.16666667  0.16666667  0.         -0.33333334 -0.8333333
  0.         -0.33333334  0.          0.33333334  0.         -0.8333333
 -0.33333334  0.         -0.5         0.          0.8333333   0.5
  0.5         0.33333334  0.          0.          0.6666667  -0.16666667
  0.75        0.8333333  -0.5         0.33333334  0.          0.16666667
  0.5         0.33333334  0.6666667  -0.5        -0.16666667  0.33333334
  0.8333333  -0.8333333   0.16666667  0.          0.          0.
 -1.          0.16666667  0.33333334 -1.          0.          0.
  1.          0.33333334 -1.          0.33333334 -0.16666667  0.16666667
  0.6666667  -0.6666667   0.          0.33333334 -0.16666667  0.16666667
  0.33333334  0.33333334  0.33333334  0.5         0.33333334 -0.16666667
 -0.6666667  -0.8333333   0.          0.16666667 -0.16666667  1.
  0.5         0.16666667  0.16666667 -0.16666667  0.16666667  0.33333334
  0.16666667 -0.33333334  0.          0.16666667  0.16666667  0.33333334
  0.         -0.8333333  -0.5         0.16666667  1.          0.16666667
  0.16666667 -0.8333333   0.         -0.16666667  0.6666667  -0.6666667
  0.5         0.33333334  0.16666667  0.          0.33333334  0.33333334
  0.          1.          0.25        0.33333334 -0.6666667  -0.8333333
  0.          0.16666667 -0.33333334  0.          0.5        -0.16666667
  0.16666667 -0.16666667  0.         -0.16666667  0.33333334  0.8333333
  0.8333333   0.5        -0.5         0.16666667 -1.          0.
  0.16666667 -0.8333333  -0.16666667 -0.33333334 -0.16666667 -1.
 -0.16666667  0.          0.5        -0.5        -0.5         0.33333334
  0.          0.33333334  0.33333334  0.          0.          0.6666667
  0.5         0.33333334 -0.8333333  -0.8333333   0.16666667 -0.16666667
  1.          0.8333333   0.5         0.16666667 -0.16666667 -0.16666667
  0.5        -0.5         0.5        -0.16666667  0.33333334  0.33333334
 -0.5         0.5        -0.6666667  -1.         -0.5        -0.16666667
  0.6666667  -0.33333334  0.          0.33333334  0.         -0.8333333
  0.33333334 -0.33333334 -0.16666667  0.33333334  0.          0.33333334
  0.6666667   0.5         0.16666667  0.16666667  0.08333334  0.
  0.5         0.6666667   0.16666667  0.          0.          0.
  0.          0.16666667 -0.33333334 -0.8333333  -0.16666667  0.
  0.16666667  0.          0.5         0.         -0.8333333   0.5
 -0.6666667  -0.8333333  -0.6666667   0.          1.          0.16666667
 -0.6666667   0.16666667  0.          0.          1.         -0.16666667
  0.          0.33333334  0.16666667  0.8333333   0.5         1.
  0.          0.          0.6666667   0.33333334  0.          0.
  0.          0.          1.          0.16666667  0.5        -0.33333334
  0.16666667  0.          0.33333334  0.         -0.16666667 -0.5
 -0.5         0.8333333   0.          0.16666667  0.         -0.8333333
 -0.6666667   0.          0.8333333   0.          0.          0.
  0.         -0.6666667  -0.33333334 -0.6666667   0.16666667  0.16666667
  0.16666667  0.33333334  0.33333334  0.8333333  -0.33333334  0.
  0.6666667   0.          0.          0.          0.33333334  0.
  0.33333334  1.          0.16666667  0.         -0.16666667  0.16666667
  0.33333334  0.          0.33333334 -0.8333333   0.6666667   0.5
  0.          0.8333333  -0.5        -0.16666667 -0.5         0.
  0.8333333  -0.16666667  0.6666667  -0.33333334  0.16666667 -0.8333333
  0.8333333  -1.          0.5         0.5         0.          0.16666667
  0.5         0.         -0.16666667  0.33333334  0.6666667   0.6666667
 -0.16666667  0.          0.6666667   0.16666667  0.          0.16666667
  0.5         0.33333334  0.6666667   0.6666667   0.33333334  0.5
 -0.6666667   0.5         0.8333333   0.5         0.          0.16666667
  0.         -0.8333333  -0.5        -0.16666667  0.8333333   0.
  0.33333334  0.         -0.6666667  -0.5        -0.16666667 -0.16666667
  0.          0.6666667   0.          0.5         0.          0.8333333
  0.          0.33333334  0.41666666  0.         -0.8333333  -0.33333334
  0.          0.16666667  0.          0.8333333   0.8333333   0.
 -0.6666667   0.         -0.16666667  0.          0.33333334  0.
  0.          0.         -0.6666667   0.         -0.33333334 -0.16666667
  0.         -0.6666667   0.6666667   0.16666667 -0.33333334 -0.6666667
 -0.8333333  -0.16666667 -0.8333333  -0.5        -0.6666667   0.16666667
 -0.33333334  0.          0.16666667  0.8333333  -0.33333334  0.33333334
  0.6666667   0.          0.16666667  0.          0.8333333   0.
 -0.16666667  0.33333334 -0.33333334  0.16666667  0.16666667 -0.33333334
 -0.33333334  0.5         0.33333334 -0.6666667   0.         -0.6666667
  0.          0.16666667 -0.16666667  0.5         0.6666667   0.
 -0.16666667  0.16666667  0.6666667  -0.5         0.5         0.
  0.         -1.         -0.6666667   0.          0.16666667 -1.
  0.5        -0.5         0.6666667   0.16666667 -0.8333333  -0.33333334
  0.         -0.16666667  0.8333333   0.          0.16666667  0.33333334
  0.6666667  -0.16666667  0.16666667  0.5         0.8333333  -0.6666667
  0.          0.33333334  0.6666667   0.         -0.16666667 -0.33333334
 -0.8333333   1.         -0.6666667   0.6666667   0.          0.6666667
  0.16666667  0.5         0.33333334 -0.8333333   0.          0.
  0.5         0.33333334  0.          0.          0.          0.
  0.          0.33333334 -0.5         0.          0.16666667  0.
  0.          0.          0.16666667  1.          0.6666667  -0.5
  0.33333334  0.          0.          1.          0.          0.5
  0.16666667  0.         -0.16666667  0.          1.          0.
  1.          0.          0.16666667  0.          0.16666667 -0.16666667
 -0.8333333  -0.33333334  0.          0.16666667  0.          0.16666667
  0.33333334  0.33333334 -0.8333333  -0.8333333   0.16666667  0.16666667
  0.9166667   0.16666667  0.5         0.6666667   0.33333334 -0.6666667
 -0.6666667   0.33333334 -0.6666667   0.          0.16666667 -0.16666667
 -0.8333333  -0.33333334 -0.6666667   0.33333334  0.5         0.33333334
  0.25        0.33333334  0.          0.33333334  0.          0.
  0.6666667   0.          0.8333333   0.6666667   0.5         0.33333334
  0.75       -0.16666667  0.25        0.          1.          0.33333334
  0.33333334  0.33333334  0.5         0.8333333   0.16666667  0.
  0.16666667  0.5         0.75        0.41666666  0.16666667]
Predictions: [ 4.71352547e-01  1.19820073e-01 -1.68600082e-01  1.16837159e-01
  1.37243137e-01  1.85585290e-01 -3.50331008e-01  7.93188438e-03
  9.38741863e-02 -1.43289357e-01  1.32844493e-01 -1.70439370e-02
  4.59051520e-01  2.10453108e-01  8.38838518e-02 -1.47760231e-02
  4.60899360e-02 -5.16725741e-02  2.77353346e-01  6.37701571e-01
  2.47495115e-01  3.25962156e-03 -5.56857139e-03  8.03179294e-02
  1.02322638e-01  4.03184593e-01 -2.70156682e-01 -4.08565998e-03
  5.75549565e-02  4.62351024e-01  3.16712171e-01  3.94626647e-01
  8.71436149e-02 -1.52068630e-01  1.65777400e-01  2.63243169e-01
  5.47118604e-01  6.12075217e-02  3.10078532e-01  5.94948269e-02
  1.06115192e-01  4.29850787e-01 -2.53982335e-01 -1.31250024e-02
  8.46333802e-02 -2.94479132e-02  2.82857031e-01 -1.27784491e-01
  1.11736760e-01 -5.71206868e-01  5.12447000e-01  2.55090296e-01
  2.73502082e-01 -1.20325759e-03 -1.03074074e-01 -8.80654752e-02
  1.43797949e-01 -4.19468284e-01  1.10557646e-01  2.25718737e-01
  5.65047972e-02 -6.34777129e-01 -9.22564641e-02  9.99625176e-02
  3.01004380e-01  1.07869253e-01 -1.02913827e-01 -1.08398736e-01
 -2.01309472e-03  1.51930869e-01  2.31825590e-01  8.61895680e-01
  3.37190665e-02  1.94867224e-01  4.57422405e-01  1.89672247e-01
  7.06692636e-01  1.64893866e-01  1.09676182e-01  4.25820537e-02
  2.03339756e-01  1.38840705e-01  1.30043045e-01 -1.02149054e-01
  8.57791603e-02  1.88898638e-01 -3.53726409e-02 -1.14543691e-01
  2.99013644e-01  1.50102228e-02  9.96794850e-02  1.32959001e-02
  1.16725221e-01  2.59470254e-01  2.49458626e-02  1.24241710e-01
  1.38422430e-01  1.57415837e-01  6.90501928e-02  1.54838651e-01
 -7.81246871e-02 -6.92655921e-01  3.98261487e-01  2.65952319e-01
  5.17635107e-01  3.49450111e-01 -9.50254053e-02 -1.25001833e-01
  2.10698724e-01  3.23861055e-02 -1.50735870e-01  5.48278987e-01
  8.84309411e-02  3.19187403e-01  2.28812754e-01  3.47831160e-01
  9.74908620e-02  4.11167406e-02  3.11089963e-01  2.77691394e-01
  9.18431133e-02  7.11411417e-01 -1.60024427e-02  2.82537013e-01
  3.62450033e-01  1.67005181e-01 -3.06248039e-01  8.06626081e-02
  9.99157131e-01  2.32668191e-01  9.94669497e-02  3.60572606e-01
  2.69397408e-01 -7.82899559e-02 -1.30269065e-01 -2.76157588e-01
  9.88236666e-02 -1.61778219e-02  3.60693812e-01  8.24169666e-02
 -7.96442181e-02 -7.92360365e-01 -4.97290567e-02  4.24499772e-02
 -4.62661415e-01  8.25874954e-02 -4.75101560e-01  6.11752331e-01
 -6.94443882e-02  8.24622959e-02  4.44959879e-01  4.59662825e-03
  2.74864733e-02  1.60052963e-02  4.76882495e-02  1.60593674e-01
  1.32788658e-01  3.84729147e-01  2.90518254e-01  1.01623401e-01
  5.12968242e-01 -5.87120652e-04  4.75144349e-02  1.02229640e-01
  2.96458334e-01  4.96310256e-02 -3.98726523e-01  3.43766272e-01
  8.12786818e-01 -8.02637339e-02  2.44405836e-01 -2.69776314e-01
  6.48839623e-02 -1.12579077e-01  2.66727060e-02 -1.96219489e-01
  2.69610763e-01  1.49120554e-01 -2.61768013e-01  2.84474134e-01
  1.29915327e-01 -7.73099065e-02  5.60778320e-01 -1.45961624e-02
  2.22172104e-02  6.81096613e-02  2.13425741e-01  1.18682623e-01
 -1.67167976e-01  1.68491647e-01  4.29651707e-01 -2.29946882e-01
  6.23801239e-02 -1.75405368e-02  8.59450847e-02  1.24063343e-01
  2.29752570e-01  2.93991454e-02  1.68112040e-01  5.66677570e-01
  5.67542911e-01  1.62715182e-01 -3.13202679e-01  1.13629773e-01
  2.38501579e-01  1.94296330e-01  3.56863812e-03  2.85887271e-02
  3.39604944e-01 -2.67144382e-01  3.13862115e-01  1.88072622e-02
  2.99009144e-01  2.21268266e-01  2.05008239e-01  3.20573479e-01
  2.12473944e-01  9.47384387e-02  3.79225016e-01  1.44912049e-01
 -9.24334228e-02 -7.20623136e-03  3.12813342e-01 -2.14972943e-01
 -1.57731757e-01  9.99200195e-02  4.03678864e-01  6.61833644e-01
 -3.43104780e-01  1.64486080e-01  1.63328364e-01  2.28383720e-01
 -1.88486278e-03  8.61176252e-02  5.94416074e-02  2.88336933e-01
  6.04683936e-01  7.36373514e-02  1.43940225e-01  7.79939294e-02
  6.90270960e-01  1.63729563e-01 -1.09638080e-01  7.85350651e-02
  2.89813012e-01  6.36126250e-02  6.30902946e-02  1.50846049e-01
  8.51773739e-01  1.62813246e-01  5.11508584e-01 -1.57428011e-01
  7.87950814e-01 -7.74930567e-02  4.29289937e-01 -1.23953402e-01
 -9.14536715e-02  4.12715971e-01 -1.29130721e-01  1.68058053e-01
 -3.17647040e-01 -6.69385791e-01  4.00148511e-01  1.35664448e-01
  2.67816514e-01  1.13455728e-01  3.45860630e-01  2.86058664e-01
 -9.07421485e-03 -6.19132757e-01  2.79201180e-01  4.53376658e-02
  4.28501852e-02 -2.76481267e-02  2.57368013e-03  6.59142584e-02
  5.85430920e-01  6.61363900e-01  6.02859974e-01  2.72679240e-01
  4.39502865e-01 -5.67202717e-02  1.15504250e-01 -1.94541886e-01
  3.08611691e-01  2.44198531e-01 -1.06635600e-01  4.20350760e-01
  3.62731248e-01  1.13256484e-01  1.44668929e-02 -6.70526803e-01
  5.73825419e-01  1.75798789e-01  4.54669856e-02  2.38404796e-03
  5.07186614e-02 -2.11367514e-02 -6.08613312e-01 -8.57497156e-02
  2.02001154e-01 -2.47767150e-01  2.58697093e-01  3.96726966e-01
  7.00742245e-01  1.07373998e-01 -3.65601957e-01  4.45647947e-02
 -1.70976520e-01  1.80083126e-01  3.24812889e-01  1.68902948e-01
  4.33972813e-02  1.17942020e-01 -2.75340118e-03  5.92694245e-02
  2.21002132e-01  2.27018118e-01  2.24582344e-01  2.85085142e-01
  5.25561750e-01  1.56605095e-01  4.36258316e-03  9.19044763e-03
  6.71970844e-02  1.39584541e-01 -2.89007053e-02 -9.61564481e-02
  8.88631105e-01  5.35726070e-01  4.08301920e-01 -1.07380956e-01
  2.69775122e-01  1.15988165e-01 -2.03322582e-02 -5.19173920e-01
  1.44553438e-01  6.97278231e-02  1.37071043e-01 -1.64755985e-01
 -2.81811692e-03 -3.99031371e-01 -5.58081493e-02 -3.04361165e-01
  6.16543591e-01  1.23577923e-01 -3.64596367e-01  1.71038993e-02
 -4.19057719e-03  9.08517241e-02 -1.71147659e-03  2.31271833e-02
  8.78880322e-02  7.53777623e-02  2.54420817e-01  7.98134953e-02
  4.40853626e-01  1.63066700e-01  2.17061728e-01  6.39736056e-01
  6.32981360e-02  4.73666102e-01  6.54411614e-02 -3.58931907e-02
  8.68165255e-01  1.36021465e-01  1.70864254e-01  2.82496512e-02
  7.89187253e-01 -1.99439935e-02  3.38636041e-01 -1.80614963e-02
  7.97100365e-01 -5.55275753e-02  1.83826499e-02  7.24580586e-02
  7.40435719e-01 -4.63212654e-03 -3.44159789e-02  6.71009958e-01
  3.50097507e-01 -1.01042598e-01  3.79631907e-01 -1.93596199e-01
  5.81948876e-01  2.62248009e-01 -6.37684092e-02  2.52906263e-01
 -4.62579168e-03  3.92500103e-01  6.02499604e-01 -2.65547425e-01
  2.00304672e-01 -3.88224833e-02  2.18467563e-01  2.62728900e-01
  4.93402690e-01  3.26575972e-02  8.81642699e-02  1.02733493e-01
  4.14651297e-02  1.52207017e-01  6.76345825e-03 -5.82407154e-02
  3.84811193e-01  4.48498540e-02  1.06640086e-01  4.11354870e-01
  5.09267151e-01 -1.93977177e-01  6.07977509e-01 -2.13706300e-01
  4.23881710e-01  4.57247458e-02  1.22368261e-01  4.56548363e-01
  3.93768907e-01  1.80301338e-01  1.01229757e-01  5.88868745e-02
 -2.21841931e-02  2.10513458e-01  1.02964059e-01  1.46342993e-01
  2.88422585e-01  1.19151026e-01  1.62128940e-01  1.03002787e-01
  1.95356637e-01 -4.17295009e-01  2.89741188e-01  1.87254250e-02
  1.14363253e-01  1.31674558e-01  2.15978920e-02  4.07005958e-02
  9.17863995e-02  8.79959613e-02 -2.68998891e-01  2.32108891e-01
  6.48765147e-01  1.48454696e-01 -3.42514902e-01  1.66364297e-01
  1.35611713e-01  7.67088234e-02  2.22766250e-02  6.19996846e-01
  1.37451455e-01 -1.02788672e-01 -1.23398334e-01  3.52748074e-02
  1.01165473e-01  3.56812030e-03  5.29539101e-02 -7.64576048e-02
  1.34835407e-01 -6.91276193e-02 -4.27440792e-01  1.64970234e-01
 -1.15593046e-01 -2.80564964e-01 -1.07031867e-01 -1.64590627e-01
  6.01158857e-01  8.38897824e-02  2.12963790e-01  1.06109455e-01
 -2.83523232e-01  3.84628959e-02  4.34064679e-02  3.19960535e-01
 -1.35903526e-02 -6.07224368e-02  2.60852605e-01  2.43604511e-01
  3.74876469e-01  4.71542440e-02  4.00558896e-02  1.86090879e-02
  8.14377904e-01  9.82057303e-03  5.81756718e-02 -2.10748434e-01
  4.02151309e-02  9.90655124e-02 -1.33451894e-02  1.40553012e-01
 -3.20043601e-03 -1.43500015e-01  2.59898126e-01  3.77617367e-02
 -3.55525576e-02  2.42212534e-01  4.82569449e-02  2.37600535e-01
  6.25932589e-03 -2.15844214e-01  1.44680306e-01  9.54004228e-02
  5.00629306e-01  4.19855826e-02  2.55557448e-01  2.48234123e-02
  1.18458733e-01  3.72215450e-01  7.90902257e-01 -4.83142361e-02
  4.20576893e-02 -2.63233751e-01  1.07496411e-01 -3.81202132e-01
 -3.74614060e-01  3.18236977e-01  1.11994147e-02 -2.37922855e-02
  1.93586469e-01  1.74256667e-01  3.76209676e-01  1.21985227e-01
 -2.02461824e-01 -1.62669510e-01  1.45626158e-01  3.31744999e-01
 -5.70512474e-01 -8.06944519e-02  5.69701195e-01  3.60725909e-01
  5.19951433e-03 -1.33330494e-01  2.49897510e-01  3.14392954e-01
  7.18174577e-02 -2.18621016e-01  8.22605491e-02  8.22238475e-02
  6.17311895e-01  9.23001170e-02 -1.62003357e-02 -2.29696203e-02
  1.26372933e-01  5.99171460e-01 -7.63633996e-02  1.65491387e-01
  1.61335707e-01  1.18664563e-01  3.07594925e-01  6.33128360e-03
  1.79414079e-01 -5.60777068e-01  2.82942355e-01 -1.85094938e-01
  4.61697608e-01 -4.08175319e-01  3.11413795e-01  1.54664353e-01
 -1.41239893e-02  2.43193209e-01  3.68694551e-02  7.65567899e-01
 -4.85666543e-01  3.12548220e-01  3.29209059e-01  1.83625966e-01
  5.44404507e-01  3.45423847e-01  3.82288128e-01  3.04753125e-01
  1.00428998e+00  5.08013427e-01  1.68553367e-01  2.58489996e-01
  9.07287896e-01  1.34350806e-01 -1.28335115e-02  7.18936801e-01
  5.39488673e-01  3.37875724e-01  2.16765359e-01  1.94656588e-02
  6.90948129e-01 -4.65298630e-03  9.76846665e-02  8.54587913e-01
  7.87734985e-02  1.81529671e-01 -1.11836419e-02  3.68738085e-01
  7.97013491e-02  4.41686690e-01  5.73552363e-02  2.26642907e-01
  1.55419201e-01  1.15214571e-01  6.58416033e-01  1.73523024e-01
 -2.66640276e-01 -3.66681129e-01  1.66255534e-01 -9.51660797e-03
  1.79323517e-02  1.82788625e-01 -1.36373907e-01  8.05563927e-02
  1.47890672e-01  3.53344411e-01 -7.47190893e-01  4.70012836e-02
 -2.76147693e-01 -1.31947145e-01  6.28679752e-01  6.42892122e-02
 -4.60180528e-02 -2.61589289e-01  2.00781837e-01  8.88737619e-01
  7.25691915e-02  7.86029920e-03  5.00467479e-01  2.91854888e-01
  2.16430873e-01  2.58218408e-01  1.14913985e-01  2.41959468e-02
  5.21677732e-01  1.33558780e-01  7.04696953e-01  2.85167336e-01
  1.58978939e-01  8.31313729e-01  2.90199310e-01 -4.42297831e-02
  3.16591412e-01  3.43625426e-01  7.43303299e-02  7.82885998e-02
  7.65259266e-01  1.81493104e-01  1.06827214e-01  6.57433808e-01
  8.42598855e-01  4.31179702e-01  2.09565029e-01  3.78385931e-01
  2.22333193e-01  1.54462487e-01  6.64260745e-01]
{"epoch": 6, "train_loss": 0.2834262321161669, "val_mae": 0.33069276809692383, "val_corr": 0.41195218495833946, "val_binary_acc": 0.6089644513137558, "val_binary_f1": 0.676056338028169, "threshold": 0.0}
Labels: [ 1.          0.33333334 -0.6666667  -0.8333333  -0.33333334  0.
  0.5         0.          0.33333334 -0.5         0.33333334  0.
  0.5         0.5         0.6666667  -0.16666667  0.         -0.6666667
  1.         -0.33333334 -1.          0.         -0.33333334 -0.8333333
  0.16666667  0.33333334 -0.6666667   0.          0.          0.
  0.33333334 -0.8333333   0.5         0.16666667 -0.33333334  0.33333334
  0.          0.6666667   0.         -0.16666667  0.33333334  0.16666667
 -0.6666667  -0.5         0.          0.16666667  0.          1.
  0.33333334 -0.8333333   0.16666667 -0.16666667  0.16666667  0.16666667
  0.6666667  -0.5         0.         -0.6666667   0.5         0.6666667
 -0.16666667 -0.6666667   0.         -0.8333333   0.33333334 -0.16666667
 -0.5        -0.33333334 -0.8333333  -0.8333333  -0.5         0.5
  0.33333334  0.          0.5         0.33333334  0.6666667   0.6666667
 -0.16666667 -0.33333334  0.33333334  0.16666667 -0.33333334 -0.6666667
  0.          0.          0.16666667  0.          0.5         0.
  0.          0.          0.16666667 -0.8333333   0.          0.
  0.16666667  0.16666667  0.16666667  0.         -0.33333334 -0.8333333
  0.         -0.33333334  0.          0.33333334  0.         -0.8333333
 -0.33333334  0.         -0.5         0.          0.8333333   0.5
  0.5         0.33333334  0.          0.          0.6666667  -0.16666667
  0.75        0.8333333  -0.5         0.33333334  0.          0.16666667
  0.5         0.33333334  0.6666667  -0.5        -0.16666667  0.33333334
  0.8333333  -0.8333333   0.16666667  0.          0.          0.
 -1.          0.16666667  0.33333334 -1.          0.          0.
  1.          0.33333334 -1.          0.33333334 -0.16666667  0.16666667
  0.6666667  -0.6666667   0.          0.33333334 -0.16666667  0.16666667
  0.33333334  0.33333334  0.33333334  0.5         0.33333334 -0.16666667
 -0.6666667  -0.8333333   0.          0.16666667 -0.16666667  1.
  0.5         0.16666667  0.16666667 -0.16666667  0.16666667  0.33333334
  0.16666667 -0.33333334  0.          0.16666667  0.16666667  0.33333334
  0.         -0.8333333  -0.5         0.16666667  1.          0.16666667
  0.16666667 -0.8333333   0.         -0.16666667  0.6666667  -0.6666667
  0.5         0.33333334  0.16666667  0.          0.33333334  0.33333334
  0.          1.          0.25        0.33333334 -0.6666667  -0.8333333
  0.          0.16666667 -0.33333334  0.          0.5        -0.16666667
  0.16666667 -0.16666667  0.         -0.16666667  0.33333334  0.8333333
  0.8333333   0.5        -0.5         0.16666667 -1.          0.
  0.16666667 -0.8333333  -0.16666667 -0.33333334 -0.16666667 -1.
 -0.16666667  0.          0.5        -0.5        -0.5         0.33333334
  0.          0.33333334  0.33333334  0.          0.          0.6666667
  0.5         0.33333334 -0.8333333  -0.8333333   0.16666667 -0.16666667
  1.          0.8333333   0.5         0.16666667 -0.16666667 -0.16666667
  0.5        -0.5         0.5        -0.16666667  0.33333334  0.33333334
 -0.5         0.5        -0.6666667  -1.         -0.5        -0.16666667
  0.6666667  -0.33333334  0.          0.33333334  0.         -0.8333333
  0.33333334 -0.33333334 -0.16666667  0.33333334  0.          0.33333334
  0.6666667   0.5         0.16666667  0.16666667  0.08333334  0.
  0.5         0.6666667   0.16666667  0.          0.          0.
  0.          0.16666667 -0.33333334 -0.8333333  -0.16666667  0.
  0.16666667  0.          0.5         0.         -0.8333333   0.5
 -0.6666667  -0.8333333  -0.6666667   0.          1.          0.16666667
 -0.6666667   0.16666667  0.          0.          1.         -0.16666667
  0.          0.33333334  0.16666667  0.8333333   0.5         1.
  0.          0.          0.6666667   0.33333334  0.          0.
  0.          0.          1.          0.16666667  0.5        -0.33333334
  0.16666667  0.          0.33333334  0.         -0.16666667 -0.5
 -0.5         0.8333333   0.          0.16666667  0.         -0.8333333
 -0.6666667   0.          0.8333333   0.          0.          0.
  0.         -0.6666667  -0.33333334 -0.6666667   0.16666667  0.16666667
  0.16666667  0.33333334  0.33333334  0.8333333  -0.33333334  0.
  0.6666667   0.          0.          0.          0.33333334  0.
  0.33333334  1.          0.16666667  0.         -0.16666667  0.16666667
  0.33333334  0.          0.33333334 -0.8333333   0.6666667   0.5
  0.          0.8333333  -0.5        -0.16666667 -0.5         0.
  0.8333333  -0.16666667  0.6666667  -0.33333334  0.16666667 -0.8333333
  0.8333333  -1.          0.5         0.5         0.          0.16666667
  0.5         0.         -0.16666667  0.33333334  0.6666667   0.6666667
 -0.16666667  0.          0.6666667   0.16666667  0.          0.16666667
  0.5         0.33333334  0.6666667   0.6666667   0.33333334  0.5
 -0.6666667   0.5         0.8333333   0.5         0.          0.16666667
  0.         -0.8333333  -0.5        -0.16666667  0.8333333   0.
  0.33333334  0.         -0.6666667  -0.5        -0.16666667 -0.16666667
  0.          0.6666667   0.          0.5         0.          0.8333333
  0.          0.33333334  0.41666666  0.         -0.8333333  -0.33333334
  0.          0.16666667  0.          0.8333333   0.8333333   0.
 -0.6666667   0.         -0.16666667  0.          0.33333334  0.
  0.          0.         -0.6666667   0.         -0.33333334 -0.16666667
  0.         -0.6666667   0.6666667   0.16666667 -0.33333334 -0.6666667
 -0.8333333  -0.16666667 -0.8333333  -0.5        -0.6666667   0.16666667
 -0.33333334  0.          0.16666667  0.8333333  -0.33333334  0.33333334
  0.6666667   0.          0.16666667  0.          0.8333333   0.
 -0.16666667  0.33333334 -0.33333334  0.16666667  0.16666667 -0.33333334
 -0.33333334  0.5         0.33333334 -0.6666667   0.         -0.6666667
  0.          0.16666667 -0.16666667  0.5         0.6666667   0.
 -0.16666667  0.16666667  0.6666667  -0.5         0.5         0.
  0.         -1.         -0.6666667   0.          0.16666667 -1.
  0.5        -0.5         0.6666667   0.16666667 -0.8333333  -0.33333334
  0.         -0.16666667  0.8333333   0.          0.16666667  0.33333334
  0.6666667  -0.16666667  0.16666667  0.5         0.8333333  -0.6666667
  0.          0.33333334  0.6666667   0.         -0.16666667 -0.33333334
 -0.8333333   1.         -0.6666667   0.6666667   0.          0.6666667
  0.16666667  0.5         0.33333334 -0.8333333   0.          0.
  0.5         0.33333334  0.          0.          0.          0.
  0.          0.33333334 -0.5         0.          0.16666667  0.
  0.          0.          0.16666667  1.          0.6666667  -0.5
  0.33333334  0.          0.          1.          0.          0.5
  0.16666667  0.         -0.16666667  0.          1.          0.
  1.          0.          0.16666667  0.          0.16666667 -0.16666667
 -0.8333333  -0.33333334  0.          0.16666667  0.          0.16666667
  0.33333334  0.33333334 -0.8333333  -0.8333333   0.16666667  0.16666667
  0.9166667   0.16666667  0.5         0.6666667   0.33333334 -0.6666667
 -0.6666667   0.33333334 -0.6666667   0.          0.16666667 -0.16666667
 -0.8333333  -0.33333334 -0.6666667   0.33333334  0.5         0.33333334
  0.25        0.33333334  0.          0.33333334  0.          0.
  0.6666667   0.          0.8333333   0.6666667   0.5         0.33333334
  0.75       -0.16666667  0.25        0.          1.          0.33333334
  0.33333334  0.33333334  0.5         0.8333333   0.16666667  0.
  0.16666667  0.5         0.75        0.41666666  0.16666667]
Predictions: [ 5.24723232e-01  1.33398607e-01 -1.17417015e-02 -1.59567669e-01
  1.01131439e-01  1.50595501e-01 -2.36582041e-01 -1.15010977e-01
  2.10748225e-01 -4.16988671e-01 -1.54412627e-01 -9.83284228e-03
  2.90763199e-01  1.58255175e-01  1.97804421e-02 -1.42474994e-02
  9.35882479e-02  9.40880179e-03  3.26046497e-01  3.70269001e-01
 -9.64761525e-02 -2.72884946e-02 -4.37516645e-02  3.02942954e-02
 -6.42817318e-02  3.30109805e-01  8.16376880e-03  1.11654401e-01
  1.48557276e-02  2.75841475e-01  3.11385214e-01  3.07861447e-01
  1.12172529e-01 -5.12231290e-02  2.16711715e-01  3.85864139e-01
  4.43016440e-01  9.73886251e-02  3.65642667e-01  1.31413341e-01
  1.66524619e-01  2.76922703e-01 -3.75067592e-02  2.53267363e-02
  1.75914451e-01  3.37092094e-02  8.81690234e-02  3.35017800e-01
  1.60002276e-01 -3.37592989e-01  2.26657346e-01  8.79539549e-02
  2.64683038e-01 -6.61939010e-03 -9.37407017e-02 -3.59778434e-01
  3.51274870e-02 -4.69248742e-01 -5.15981950e-03  2.61380762e-01
  5.79077862e-02 -6.22717023e-01  1.19974300e-01 -2.15118885e-01
  2.71519572e-01  7.58420080e-02 -4.35116947e-01 -5.18902838e-02
 -3.05292487e-01 -5.01779616e-02  2.45995626e-01  6.30217552e-01
 -2.78705917e-03  3.13494593e-01  6.13536954e-01  3.11101526e-01
  5.61433554e-01  1.86541438e-01  1.77324921e-01  1.09436423e-01
  2.98721313e-01  1.69709891e-01  1.61095589e-01 -7.89043605e-02
  1.09175771e-01  1.90728113e-01  7.80381560e-02  2.00648122e-02
  3.63936037e-01 -4.86358814e-03  1.11740097e-01  3.74789946e-02
  1.57576233e-01 -7.59941638e-02  9.15727764e-03  2.75748998e-01
  1.15513876e-01  1.25641733e-01  1.41074866e-01  2.29376629e-01
  4.20962386e-02 -6.22842193e-01  2.98518151e-01  7.55411983e-02
  2.30051771e-01  2.43197754e-01 -1.82775483e-01 -7.07315654e-03
 -7.12804943e-02  1.23711452e-02 -4.41178411e-01  3.92868727e-01
  1.15432650e-01  2.57147342e-01  2.94131160e-01  4.11224931e-01
  1.03336498e-01  3.94294448e-02  3.78437340e-01  2.45135352e-01
  2.12039992e-01  5.06218076e-01 -2.86718458e-01  3.83939780e-02
  4.11774337e-01  2.16602460e-01 -1.31809741e-01 -1.16295040e-01
  6.93417907e-01  1.28749639e-01 -2.21131653e-01  1.56404212e-01
  3.58114690e-01 -3.16116363e-01  3.29728052e-03  2.83117533e-01
  2.04347596e-02 -6.53974712e-05  3.01310241e-01  1.50372475e-01
  4.06635664e-02 -9.31022048e-01 -4.19253595e-02  8.72095823e-02
 -5.89219153e-01  1.42060831e-01 -4.48153406e-01  3.95900398e-01
 -1.74929783e-01  8.02865177e-02  4.46747273e-01 -7.99501538e-02
  2.54508778e-02  2.07308345e-02  1.16678625e-01  2.69073963e-01
  2.14597076e-01  4.10322130e-01  3.98873538e-01  1.86190218e-01
  4.22678113e-01 -1.86286643e-01  8.81733745e-02  5.50470762e-02
  4.04323280e-01  2.62163803e-02 -2.43689314e-01  2.80544698e-01
  5.62522650e-01  7.37096667e-02 -4.69838381e-02 -3.20850015e-01
  8.94578993e-02 -1.11267507e-01  3.63894515e-02 -5.33830859e-02
  1.39725983e-01  1.30975321e-01 -2.25544795e-01  2.79239237e-01
  7.05647022e-02 -2.35948011e-01  4.31948781e-01  1.15435377e-01
  7.38836825e-02  1.05885208e-01  1.93233028e-01  1.87324032e-01
 -1.70654655e-01 -2.94731230e-01  4.84170288e-01 -1.94672167e-01
  4.17762659e-02  1.80372186e-02  1.39422983e-01  2.36706868e-01
  1.97614655e-01  4.77049388e-02  1.57733500e-01  4.72479194e-01
  6.40846729e-01  2.20682397e-01 -2.99725860e-01  9.61555392e-02
  2.26159379e-01  1.79821864e-01 -1.12114534e-01  4.24306281e-02
  2.39226684e-01 -2.38901272e-01  4.90227602e-02  3.41513269e-02
  2.41086319e-01 -1.30592227e-01  1.04245648e-01  1.95802480e-01
  2.25224540e-01  7.83458650e-02  3.26767825e-02  2.14365870e-01
 -6.91897050e-03  1.81997940e-02  2.78008014e-01  3.71603280e-01
 -3.99311125e-01  9.04387534e-02  9.77569968e-02  4.01956588e-01
 -3.58912915e-01  1.71628907e-01  2.69291788e-01  1.66899607e-01
  5.89488409e-02  1.97732523e-02  1.46347255e-01  3.02868336e-01
  6.05587900e-01  5.64211197e-02  2.58658797e-01  8.67925435e-02
  5.14161348e-01  6.88640624e-02  8.02316666e-02  6.91043139e-02
  3.31242204e-01  1.04956463e-01  4.24858071e-02  7.82757550e-02
  6.15446508e-01  7.45965093e-02  2.63226271e-01 -3.11006397e-01
  5.27445138e-01 -3.71163152e-02  4.66103047e-01 -8.16019475e-02
 -1.33969799e-01  1.67545125e-01 -1.85847338e-02  2.61676490e-01
 -4.29290503e-01 -6.92292392e-01  1.05074555e-01  1.80157661e-01
  1.53573871e-01  1.11120939e-01  2.79080957e-01 -3.54395807e-03
  3.19515131e-02 -1.31044880e-01  2.18493924e-01 -6.45509958e-02
  4.96058650e-02  3.35615128e-03  5.60620911e-02  1.32700875e-01
  3.73198748e-01  5.01549900e-01  6.07607245e-01  2.67669648e-01
  3.78979474e-01 -3.16107124e-01 -4.17259336e-03 -1.20144427e-01
  3.61639977e-01  2.25892082e-01 -3.51959914e-01  2.96535671e-01
  4.19258267e-01  1.15770936e-01 -3.37741166e-01 -5.90344191e-01
  3.45615625e-01  1.19255364e-01  1.16533324e-01  5.28732799e-02
  4.05259617e-02  1.85151771e-03 -6.66391492e-01 -1.41621903e-02
  2.36770585e-02 -2.37815812e-01  1.44568756e-01  3.52330655e-01
  4.75603014e-01 -6.40233979e-03 -4.99864548e-01 -3.99803668e-02
  1.05465472e-01  2.22228691e-01  3.39887798e-01  2.75040537e-01
  1.62411444e-02  1.77047849e-02  4.29728061e-01  6.61930144e-02
  2.98452973e-01  2.38878354e-01  3.04028183e-01  3.77905220e-01
  3.95511299e-01  1.65687039e-01 -2.64067203e-03  6.03206120e-02
  9.68670398e-02  1.62545636e-01  8.05587322e-03 -5.68423942e-02
  6.97949529e-01  3.51911902e-01  1.91269472e-01 -1.06237918e-01
  2.87159979e-01  9.22694653e-02  9.44073349e-02 -4.21848804e-01
  2.55866386e-02  9.19649377e-03  1.13152727e-01 -1.07140332e-01
  1.94264203e-03 -5.44752955e-01  2.12315358e-02 -1.12441391e-01
  4.47961956e-01  1.26746953e-01 -4.23412919e-01 -2.67620772e-01
 -6.00355491e-03 -9.55847055e-02  6.82656914e-02 -2.41667584e-01
  1.09128326e-01  4.21195589e-02  3.02330285e-01  9.33099836e-02
  4.54949051e-01  2.19581261e-01  2.15720728e-01  5.25962234e-01
  1.59129545e-01  3.45965236e-01  1.89876810e-01  1.54687129e-02
  6.30045474e-01  2.58682184e-02 -2.91119143e-03  2.28454731e-02
  5.81190467e-01  2.42551342e-01  2.38979623e-01 -2.25230873e-01
  4.42056775e-01 -4.46946844e-02  3.21132131e-02 -1.15227327e-03
  4.83675390e-01  4.15876769e-02  2.91443765e-01  5.20587683e-01
  1.54483750e-01 -6.80196658e-03 -1.26263916e-01 -2.16079578e-02
  4.42107856e-01  1.02246985e-01 -1.50722004e-02 -1.35134310e-01
  1.05993897e-01  6.86898232e-02  5.02262950e-01 -2.18413860e-01
  2.55877316e-01  1.41303986e-03  1.11437440e-01  2.83790678e-01
  3.74902457e-01  1.70298144e-02  1.83578148e-01  1.41467497e-01
 -4.73253876e-02  1.26411974e-01 -2.07192637e-02  4.68188152e-03
  5.20304978e-01  1.06856927e-01  1.16430208e-01  2.15390906e-01
  4.48936075e-01 -1.33455396e-01  3.06071192e-01 -2.29291156e-01
  4.70294207e-01 -1.88168004e-01  1.04224488e-01  3.08662355e-01
  2.44245723e-01  1.91314340e-01  7.84097463e-02  1.18753478e-01
 -4.03539240e-02  1.45268574e-01  2.67014235e-01 -2.26630583e-01
  2.67038316e-01  1.06106982e-01 -2.87120312e-01  1.73899457e-01
  1.28670707e-02 -5.18032134e-01  3.26457709e-01  4.34964933e-02
  1.17913797e-01  1.10656559e-01  2.78054208e-01  2.39708051e-01
  1.42514586e-01  3.12669128e-01 -1.66208595e-01  1.87462941e-01
  4.98665839e-01  2.38605067e-01 -3.74896497e-01  1.04887322e-01
  2.92912334e-01  5.16121872e-02  2.57658400e-02  8.26204941e-03
  1.23246565e-01 -3.20011139e-01 -1.29481912e-01  3.63214873e-02
  3.17466378e-01 -2.23167334e-02  4.98804860e-02  3.05881537e-02
  5.79654314e-02 -5.03469557e-02 -3.10920030e-01  2.15077221e-01
 -1.20989513e-02 -2.20101908e-01 -1.28775835e-02 -2.28736892e-01
  3.93691748e-01  9.25134271e-02 -1.91921905e-01 -2.99892165e-02
 -2.89285332e-01 -1.79917634e-01  5.51368035e-02  2.10928425e-01
  1.57663710e-02 -2.02384852e-02  2.22009465e-01  2.96136528e-01
  2.82737702e-01  6.26520067e-02  1.94097944e-02  1.26865879e-01
  6.48337126e-01 -1.31420389e-01  4.85003330e-02 -3.22388038e-02
  1.09252945e-01  1.01055458e-01  4.81757931e-02  1.55060053e-01
  3.15645225e-02 -2.65275121e-01  2.03666210e-01 -4.36662346e-01
  3.44177447e-02  2.42557719e-01  4.75692786e-02  1.02847785e-01
  5.91214411e-02 -1.80508330e-01  2.55794853e-01  2.34818712e-01
  3.18163365e-01  2.02331170e-01  3.29368919e-01 -2.41509214e-01
  3.09993066e-02  1.14662662e-01  5.29842436e-01 -3.06370676e-01
  4.23535071e-02 -3.18339258e-01  1.18398622e-01 -5.02119899e-01
 -4.56219107e-01  2.32216254e-01  7.09731281e-02 -7.21824169e-02
 -9.29832458e-05  3.25685479e-02  1.98904231e-01  1.62349239e-01
  6.54230416e-02 -1.75234690e-01  2.86576986e-01  2.39459321e-01
 -5.17701507e-01 -4.49539907e-03  5.29608309e-01  1.14049613e-01
  6.38796389e-02 -1.76198706e-01  2.72447735e-01  2.21666560e-01
  5.08727692e-02 -1.14476711e-01  7.16610551e-02  6.74371868e-02
  3.39488357e-01  1.37115046e-01 -1.82684939e-02 -9.37882252e-03
 -2.83715189e-01  3.98812920e-01 -6.86699599e-02  1.25586689e-01
  2.33412817e-01  1.17553696e-01  2.97021002e-01  1.06283262e-01
  2.41000280e-01 -5.25064647e-01 -1.83063801e-02 -1.46906421e-01
  4.06528473e-01 -5.21182179e-01  2.46379748e-01  2.22284064e-01
  1.67525783e-02  7.91655630e-02  1.22434363e-01  6.05499208e-01
 -4.43495125e-01  1.12724483e-01  1.11922041e-01  2.50057131e-01
  3.66246164e-01  2.09112957e-01  2.82407761e-01  3.33527535e-01
  7.56683409e-01  3.42289150e-01  1.43157527e-01  1.43126830e-01
  6.48164034e-01 -2.06776708e-01  6.13781177e-02  5.25180280e-01
  1.75598919e-01  4.00691070e-02  1.97241306e-01  2.91253589e-02
  5.33159018e-01  1.34872466e-01 -9.12726671e-02  6.91621959e-01
  1.75121516e-01  2.41726771e-01  4.32216004e-03  3.30668576e-02
  6.76337332e-02  5.47099888e-01  1.06975108e-01  2.26364002e-01
  2.40964308e-01  1.20904371e-01  4.97977108e-01  2.09749177e-01
 -3.70268494e-01 -3.63272846e-01  1.43705979e-01  1.45135149e-02
  4.76553999e-02 -7.97096193e-02  2.13164240e-02  7.72642195e-02
  1.57059357e-01  1.40184790e-01 -6.16352320e-01  4.44419421e-02
 -1.23103008e-01 -2.83536427e-02  4.73453730e-01  1.59952894e-01
  5.49271330e-03 -1.79128870e-01  1.65616781e-01  5.77687502e-01
  9.47116464e-02  1.14623263e-01  4.23292339e-01  2.33858153e-01
  1.74279571e-01  2.53540874e-01  7.31037706e-02  2.85058320e-01
  3.44426841e-01  1.60299718e-01  6.01274490e-01  2.65628695e-01
  1.48971394e-01  5.81577778e-01  6.21857904e-02 -9.48775411e-02
  3.46408278e-01  1.81616187e-01  1.31246775e-01  1.36687160e-01
  6.83747113e-01  2.15396747e-01  1.19833380e-01  4.40747529e-01
  5.87333560e-01  3.33642453e-01  3.03376615e-01  4.13615346e-01
  2.66113222e-01  3.06061924e-01  4.85763520e-01]
{"epoch": 7, "train_loss": 0.27651532826035524, "val_mae": 0.31205064058303833, "val_corr": 0.4689058758892708, "val_binary_acc": 0.6089644513137558, "val_binary_f1": 0.6752246469833119, "threshold": 0.0}
Labels: [ 1.          0.33333334 -0.6666667  -0.8333333  -0.33333334  0.
  0.5         0.          0.33333334 -0.5         0.33333334  0.
  0.5         0.5         0.6666667  -0.16666667  0.         -0.6666667
  1.         -0.33333334 -1.          0.         -0.33333334 -0.8333333
  0.16666667  0.33333334 -0.6666667   0.          0.          0.
  0.33333334 -0.8333333   0.5         0.16666667 -0.33333334  0.33333334
  0.          0.6666667   0.         -0.16666667  0.33333334  0.16666667
 -0.6666667  -0.5         0.          0.16666667  0.          1.
  0.33333334 -0.8333333   0.16666667 -0.16666667  0.16666667  0.16666667
  0.6666667  -0.5         0.         -0.6666667   0.5         0.6666667
 -0.16666667 -0.6666667   0.         -0.8333333   0.33333334 -0.16666667
 -0.5        -0.33333334 -0.8333333  -0.8333333  -0.5         0.5
  0.33333334  0.          0.5         0.33333334  0.6666667   0.6666667
 -0.16666667 -0.33333334  0.33333334  0.16666667 -0.33333334 -0.6666667
  0.          0.          0.16666667  0.          0.5         0.
  0.          0.          0.16666667 -0.8333333   0.          0.
  0.16666667  0.16666667  0.16666667  0.         -0.33333334 -0.8333333
  0.         -0.33333334  0.          0.33333334  0.         -0.8333333
 -0.33333334  0.         -0.5         0.          0.8333333   0.5
  0.5         0.33333334  0.          0.          0.6666667  -0.16666667
  0.75        0.8333333  -0.5         0.33333334  0.          0.16666667
  0.5         0.33333334  0.6666667  -0.5        -0.16666667  0.33333334
  0.8333333  -0.8333333   0.16666667  0.          0.          0.
 -1.          0.16666667  0.33333334 -1.          0.          0.
  1.          0.33333334 -1.          0.33333334 -0.16666667  0.16666667
  0.6666667  -0.6666667   0.          0.33333334 -0.16666667  0.16666667
  0.33333334  0.33333334  0.33333334  0.5         0.33333334 -0.16666667
 -0.6666667  -0.8333333   0.          0.16666667 -0.16666667  1.
  0.5         0.16666667  0.16666667 -0.16666667  0.16666667  0.33333334
  0.16666667 -0.33333334  0.          0.16666667  0.16666667  0.33333334
  0.         -0.8333333  -0.5         0.16666667  1.          0.16666667
  0.16666667 -0.8333333   0.         -0.16666667  0.6666667  -0.6666667
  0.5         0.33333334  0.16666667  0.          0.33333334  0.33333334
  0.          1.          0.25        0.33333334 -0.6666667  -0.8333333
  0.          0.16666667 -0.33333334  0.          0.5        -0.16666667
  0.16666667 -0.16666667  0.         -0.16666667  0.33333334  0.8333333
  0.8333333   0.5        -0.5         0.16666667 -1.          0.
  0.16666667 -0.8333333  -0.16666667 -0.33333334 -0.16666667 -1.
 -0.16666667  0.          0.5        -0.5        -0.5         0.33333334
  0.          0.33333334  0.33333334  0.          0.          0.6666667
  0.5         0.33333334 -0.8333333  -0.8333333   0.16666667 -0.16666667
  1.          0.8333333   0.5         0.16666667 -0.16666667 -0.16666667
  0.5        -0.5         0.5        -0.16666667  0.33333334  0.33333334
 -0.5         0.5        -0.6666667  -1.         -0.5        -0.16666667
  0.6666667  -0.33333334  0.          0.33333334  0.         -0.8333333
  0.33333334 -0.33333334 -0.16666667  0.33333334  0.          0.33333334
  0.6666667   0.5         0.16666667  0.16666667  0.08333334  0.
  0.5         0.6666667   0.16666667  0.          0.          0.
  0.          0.16666667 -0.33333334 -0.8333333  -0.16666667  0.
  0.16666667  0.          0.5         0.         -0.8333333   0.5
 -0.6666667  -0.8333333  -0.6666667   0.          1.          0.16666667
 -0.6666667   0.16666667  0.          0.          1.         -0.16666667
  0.          0.33333334  0.16666667  0.8333333   0.5         1.
  0.          0.          0.6666667   0.33333334  0.          0.
  0.          0.          1.          0.16666667  0.5        -0.33333334
  0.16666667  0.          0.33333334  0.         -0.16666667 -0.5
 -0.5         0.8333333   0.          0.16666667  0.         -0.8333333
 -0.6666667   0.          0.8333333   0.          0.          0.
  0.         -0.6666667  -0.33333334 -0.6666667   0.16666667  0.16666667
  0.16666667  0.33333334  0.33333334  0.8333333  -0.33333334  0.
  0.6666667   0.          0.          0.          0.33333334  0.
  0.33333334  1.          0.16666667  0.         -0.16666667  0.16666667
  0.33333334  0.          0.33333334 -0.8333333   0.6666667   0.5
  0.          0.8333333  -0.5        -0.16666667 -0.5         0.
  0.8333333  -0.16666667  0.6666667  -0.33333334  0.16666667 -0.8333333
  0.8333333  -1.          0.5         0.5         0.          0.16666667
  0.5         0.         -0.16666667  0.33333334  0.6666667   0.6666667
 -0.16666667  0.          0.6666667   0.16666667  0.          0.16666667
  0.5         0.33333334  0.6666667   0.6666667   0.33333334  0.5
 -0.6666667   0.5         0.8333333   0.5         0.          0.16666667
  0.         -0.8333333  -0.5        -0.16666667  0.8333333   0.
  0.33333334  0.         -0.6666667  -0.5        -0.16666667 -0.16666667
  0.          0.6666667   0.          0.5         0.          0.8333333
  0.          0.33333334  0.41666666  0.         -0.8333333  -0.33333334
  0.          0.16666667  0.          0.8333333   0.8333333   0.
 -0.6666667   0.         -0.16666667  0.          0.33333334  0.
  0.          0.         -0.6666667   0.         -0.33333334 -0.16666667
  0.         -0.6666667   0.6666667   0.16666667 -0.33333334 -0.6666667
 -0.8333333  -0.16666667 -0.8333333  -0.5        -0.6666667   0.16666667
 -0.33333334  0.          0.16666667  0.8333333  -0.33333334  0.33333334
  0.6666667   0.          0.16666667  0.          0.8333333   0.
 -0.16666667  0.33333334 -0.33333334  0.16666667  0.16666667 -0.33333334
 -0.33333334  0.5         0.33333334 -0.6666667   0.         -0.6666667
  0.          0.16666667 -0.16666667  0.5         0.6666667   0.
 -0.16666667  0.16666667  0.6666667  -0.5         0.5         0.
  0.         -1.         -0.6666667   0.          0.16666667 -1.
  0.5        -0.5         0.6666667   0.16666667 -0.8333333  -0.33333334
  0.         -0.16666667  0.8333333   0.          0.16666667  0.33333334
  0.6666667  -0.16666667  0.16666667  0.5         0.8333333  -0.6666667
  0.          0.33333334  0.6666667   0.         -0.16666667 -0.33333334
 -0.8333333   1.         -0.6666667   0.6666667   0.          0.6666667
  0.16666667  0.5         0.33333334 -0.8333333   0.          0.
  0.5         0.33333334  0.          0.          0.          0.
  0.          0.33333334 -0.5         0.          0.16666667  0.
  0.          0.          0.16666667  1.          0.6666667  -0.5
  0.33333334  0.          0.          1.          0.          0.5
  0.16666667  0.         -0.16666667  0.          1.          0.
  1.          0.          0.16666667  0.          0.16666667 -0.16666667
 -0.8333333  -0.33333334  0.          0.16666667  0.          0.16666667
  0.33333334  0.33333334 -0.8333333  -0.8333333   0.16666667  0.16666667
  0.9166667   0.16666667  0.5         0.6666667   0.33333334 -0.6666667
 -0.6666667   0.33333334 -0.6666667   0.          0.16666667 -0.16666667
 -0.8333333  -0.33333334 -0.6666667   0.33333334  0.5         0.33333334
  0.25        0.33333334  0.          0.33333334  0.          0.
  0.6666667   0.          0.8333333   0.6666667   0.5         0.33333334
  0.75       -0.16666667  0.25        0.          1.          0.33333334
  0.33333334  0.33333334  0.5         0.8333333   0.16666667  0.
  0.16666667  0.5         0.75        0.41666666  0.16666667]
Predictions: [ 5.85449517e-01  2.11684301e-01  3.75021175e-02 -1.27043396e-01
  5.95375150e-02  1.27262786e-01 -1.23895563e-01  4.19376642e-02
  4.91463751e-01 -5.55654466e-01 -2.96730191e-01  1.08876731e-02
  2.90467769e-01  1.16670795e-01 -1.54999778e-01 -6.53016120e-02
 -1.13247987e-02 -2.71643009e-02  3.92744362e-01  3.08375597e-01
 -4.49537158e-01  2.17342138e-01 -2.02705845e-01 -5.71494043e-01
 -2.53081173e-01  4.64692444e-01  1.31389592e-02 -8.77815485e-02
 -9.04342234e-02  1.70713022e-01  4.07314122e-01  3.37402999e-01
  6.99503645e-02 -1.43422494e-02  3.10637057e-01  4.64869440e-01
  5.20497501e-01  1.83536977e-01  3.29311967e-01  1.54312775e-01
  1.09015323e-01  2.49525473e-01 -2.55555838e-01 -4.56871651e-03
  1.91898525e-01 -1.13909051e-01  1.65295407e-01  8.45572725e-02
  5.05500317e-01 -7.55624175e-01  7.05761537e-02 -1.94680452e-01
  3.81549150e-01  1.00397684e-01 -1.00236692e-01 -5.33684552e-01
  3.31804678e-02 -7.43501067e-01 -1.69365942e-01  1.26710951e-01
  1.26462221e-01 -8.27970147e-01  2.44492646e-02 -4.12332743e-01
  3.38514507e-01  1.38429925e-01 -5.26049972e-01  4.77187894e-03
 -6.11806095e-01 -2.77991712e-01  3.52996230e-01  7.90206730e-01
 -5.34435734e-02  4.20790911e-01  7.89736331e-01  3.49553078e-01
  5.69230676e-01  3.04071218e-01  2.43525550e-01  7.10601509e-02
  2.94887662e-01  1.62777260e-01  1.66267306e-01 -5.45371249e-02
  9.51794162e-02  1.86045155e-01  1.54541478e-01  1.21647064e-02
  4.79219168e-01 -8.92380103e-02 -1.67381465e-02  1.87063869e-02
  1.61196202e-01 -1.68926567e-01 -3.44831608e-02  2.73959845e-01
  1.30706448e-02  1.82372779e-01  2.44728968e-01  3.17963868e-01
  1.09751023e-01 -3.26455683e-01  4.24527973e-01 -2.91656673e-01
  9.53715444e-02  3.60218436e-01 -2.28795841e-01 -4.89469133e-02
 -2.05680028e-01  8.27172026e-02 -5.94670236e-01  4.15444285e-01
  1.66654006e-01  3.08605611e-01  3.68678242e-01  5.11424720e-01
  2.59365261e-01  1.11312475e-02  7.57614017e-01  2.12474152e-01
  2.76980072e-01  5.45680702e-01  2.37906706e-02 -3.47964354e-02
  6.31456017e-01  2.67725676e-01 -9.07471552e-02 -8.57870802e-02
  8.32332492e-01 -2.74354756e-01 -3.35457653e-01  2.72528622e-02
  5.94541490e-01 -4.29653913e-01 -1.68983161e-01  5.37306666e-01
 -3.08503956e-03  1.87996905e-02  3.18317384e-01  1.94640458e-01
  9.21762139e-02 -9.87416148e-01 -4.60007280e-01  4.61357981e-02
 -5.78152478e-01  2.27000490e-01 -5.25481462e-01  1.13812082e-01
 -2.48094767e-01  1.28863066e-01  4.15454805e-01 -4.21966165e-01
  5.79077825e-02  8.23774412e-02  1.26881748e-01  1.69693112e-01
  2.38118395e-01  4.92336661e-01  1.88002542e-01  2.33274058e-01
  3.31450641e-01 -7.39549622e-02 -1.36661246e-01 -7.65929930e-03
  4.63096499e-01  4.29364108e-03 -1.72488675e-01  5.18716753e-01
  7.08943725e-01 -7.19911009e-02 -1.90145686e-01 -4.40373421e-01
  1.01780288e-01 -3.14781845e-01  3.93187180e-02 -1.25525240e-02
  1.04578264e-01  1.35254815e-01 -3.33920032e-01  3.45274776e-01
  6.88642710e-02 -3.51494610e-01  5.11218727e-01  1.28064975e-01
  1.49708048e-01  1.54145449e-01  5.30075096e-03  1.95040002e-01
 -8.18299353e-02 -5.85910857e-01  6.47097468e-01 -3.67030472e-01
  6.06606826e-02  2.07916901e-01  1.90773651e-01  4.24549758e-01
  2.23487094e-01  6.49052709e-02  2.65579224e-01  5.26886523e-01
  8.10069025e-01  1.48803771e-01 -4.94522333e-01 -9.64510664e-02
  3.33787143e-01  2.05207005e-01 -2.23087877e-01  5.83156794e-02
  2.53152102e-01 -3.05149555e-01 -3.27694833e-01  5.89164943e-02
  2.63579816e-01 -1.83705434e-01 -1.00965962e-01  2.80454904e-01
  1.60669878e-01  7.33454227e-02 -3.93901855e-01  3.22434396e-01
 -2.17413023e-01  1.83231998e-02  1.89196929e-01  4.80892271e-01
 -4.79629844e-01  2.46181861e-01  3.28770697e-01  2.88556874e-01
 -6.28585577e-01  2.41942778e-01  2.50801057e-01 -2.08046839e-01
  1.96801890e-02  4.64576706e-02  2.41239145e-01  3.57559294e-01
  6.98931336e-01  1.04966320e-01  2.75042355e-01  1.90247059e-01
  6.07453108e-01 -4.79587466e-02 -2.08384186e-01 -4.51243281e-01
  4.08545345e-01  9.33014825e-02  1.00296773e-01  1.75630614e-01
  7.61580050e-01  1.85578372e-02  7.17563108e-02 -3.89275819e-01
  5.95202148e-01  2.01967545e-03  7.35426247e-01 -1.29018813e-01
 -2.81343460e-01 -9.49140638e-03 -2.03769103e-01  2.94643849e-01
 -7.46223927e-01 -8.74250352e-01 -2.25522637e-01  2.61499017e-01
 -5.57747334e-02  1.21230431e-01  2.21241251e-01 -5.57179451e-02
 -9.24519822e-02 -2.75242507e-01  2.44120494e-01 -2.46873543e-01
  7.40615949e-02  2.96964627e-02  5.33602610e-02  1.17064886e-01
  4.02462572e-01  5.50309300e-01  6.79776967e-01  3.15687984e-01
  4.92217630e-01 -3.90690982e-01  2.36621931e-01 -2.35462800e-01
  6.36065722e-01  2.38638952e-01 -4.62554753e-01  2.15910882e-01
  5.97968340e-01  3.41362506e-02 -6.62896097e-01 -8.31123114e-01
  3.05746615e-01  1.17574655e-01  7.62124732e-02  2.98496019e-02
  2.96414848e-02  1.09468214e-03 -7.68857300e-01 -5.48587218e-02
 -2.26396009e-01 -3.85188013e-01 -2.22259000e-01  3.76370192e-01
  5.21836579e-01  1.26097891e-02 -7.33153343e-01 -1.22614637e-01
  6.85215816e-02  1.18096329e-01  4.18965787e-01  3.49543661e-01
  8.32876489e-02  1.29988536e-01  5.68547785e-01  5.80386668e-02
  3.75381321e-01  3.25774699e-01  9.44243744e-02  4.64195520e-01
 -5.43090329e-02  1.59278646e-01  1.35802832e-02  1.48751978e-02
  2.53292650e-01  9.33765918e-02  4.41076979e-02  1.17746197e-01
  9.74168360e-01  3.38055581e-01  6.85840696e-02 -1.50237277e-01
  2.05089957e-01  8.66436660e-02  5.81214279e-02 -4.86547828e-01
 -2.45070040e-01 -1.30779278e-02  7.04379603e-02 -1.65839925e-01
 -9.24908929e-03 -7.54483521e-01  3.51088345e-02 -1.24556109e-01
  5.29064119e-01  1.61011532e-01 -5.08475482e-01 -1.56134158e-01
 -1.77769661e-02 -4.32806253e-01  7.59070180e-03 -3.16095084e-01
  1.31040156e-01  1.36201486e-01  3.39960933e-01  1.21903367e-01
  5.55535138e-01  5.14352977e-01  1.23392172e-01  5.92407703e-01
  1.94866970e-01  3.75825286e-01  2.13577822e-01  7.77398609e-03
  8.18833292e-01  1.81031972e-01 -5.32694161e-04  5.45561165e-02
  7.02755213e-01  2.11992204e-01  1.10887371e-01 -1.56031743e-01
  4.21091765e-01  7.36553445e-02  4.82799411e-02 -1.64607745e-02
  4.78110760e-01  2.38206815e-02 -1.11274429e-01  7.12786794e-01
  2.14567602e-01  3.05035803e-02 -4.57078069e-01  3.53893414e-02
  6.75684988e-01  2.22660974e-01  3.65102530e-01 -3.30559939e-01
  6.29873797e-02 -4.22666937e-01  4.89684612e-01 -6.88477814e-01
  2.59152919e-01  3.38895172e-02  1.55266851e-01  3.38426203e-01
  3.73939365e-01  7.77024627e-02  2.25715682e-01  1.61201939e-01
 -1.34818256e-01  1.28469720e-01 -4.74294722e-02 -1.30901292e-01
  6.71714485e-01  7.16250464e-02 -6.81959838e-02  1.60948738e-01
  4.42833602e-01 -1.07689742e-02  3.11288565e-01 -1.07489444e-01
  3.43183756e-01 -3.19802046e-01  1.33835971e-01  3.39418083e-01
  4.45475131e-02  2.60450780e-01  6.19810000e-02  5.92861921e-02
 -5.98484576e-02 -1.70395896e-01  1.54654816e-01 -4.16866094e-01
  3.03296596e-01  1.68136612e-01 -5.17441034e-01  2.52993971e-01
 -3.23609620e-01 -6.11402035e-01  4.12319958e-01 -2.54064918e-01
  5.06288558e-02  1.50941789e-01  2.92526752e-01  3.76354605e-01
  2.04483703e-01  4.32324529e-01  4.73210141e-02  1.97187766e-01
  5.26722729e-01  3.08792651e-01 -4.98004019e-01  1.71998329e-03
  3.55840802e-01  7.92816132e-02  5.28395101e-02 -9.25991461e-02
  2.61717200e-01 -4.37970668e-01 -4.49446887e-01  1.19491719e-01
  3.97216797e-01 -1.29367456e-01  2.37322319e-02  1.58941373e-03
  6.93164468e-02 -4.82239351e-02 -4.37932640e-01  1.87395930e-01
 -4.20007974e-01 -1.79183170e-01  2.06493046e-02 -2.50147909e-01
  3.38235259e-01  1.15065821e-01 -3.62742454e-01 -1.78750947e-01
 -3.54161620e-01 -2.90107697e-01  1.66194420e-02  1.02621697e-01
 -1.32943131e-03 -2.43779160e-02  2.96469063e-01  3.96809518e-01
  2.67601877e-01  8.56805146e-02 -6.32736161e-02  7.25999661e-03
  7.47556925e-01 -1.19447030e-01  3.78590748e-02 -7.49116987e-02
  8.10604692e-02  8.96460339e-02  5.42538762e-02  2.18109056e-01
  4.95457500e-02 -5.00070572e-01  1.97841495e-01 -7.92823613e-01
  3.26869637e-02  2.87680566e-01  1.52217988e-02 -7.12787032e-01
  1.95404235e-02 -4.17134255e-01  3.80564481e-01  2.05115840e-01
  8.82586017e-02  2.92070866e-01  2.90145308e-01 -3.26949418e-01
 -6.87358454e-02  1.42762125e-01  5.48426390e-01 -4.38006073e-01
  4.98086661e-02  1.07327793e-02 -2.00864598e-01 -8.95179689e-01
 -6.14564359e-01  3.34084988e-01 -8.35229643e-03  9.40632075e-04
 -3.42254966e-01  1.31189093e-01  3.09574753e-01  2.68079489e-01
  6.64062127e-02 -1.42304212e-01  4.69000727e-01  2.25511625e-01
 -2.17319146e-01 -3.44155356e-04  6.83665752e-01 -1.50669981e-02
  9.34384093e-02 -2.85478473e-01  2.22394541e-01  2.43080214e-01
  1.25753716e-01  3.46348807e-02  2.21798662e-02  3.76734510e-02
  7.21138567e-02  1.65001154e-01  6.83396868e-03 -1.92180611e-02
 -3.95181119e-01  4.47279006e-01 -1.16176028e-02  1.76090673e-01
  3.24693829e-01  7.47988448e-02  3.77995104e-01 -3.22177783e-02
  4.12347347e-01 -8.76398146e-01 -2.09337667e-01 -2.70302325e-01
  5.79208374e-01 -4.45344508e-01  2.19808429e-01  1.87524632e-01
  7.08106905e-02  1.62728339e-01  1.34044662e-01  8.28426778e-01
 -7.05642879e-01  9.10742432e-02 -2.42533997e-01  1.93862543e-01
  4.24240708e-01  1.44562483e-01  3.31405401e-01  3.25489193e-01
  9.29557085e-01  3.47356617e-01  2.32418880e-01  1.81435645e-01
  7.26525962e-01 -2.06316765e-02 -1.31879728e-02  5.97446620e-01
  3.95187959e-02 -1.54008679e-02  1.81384042e-01  3.73470187e-02
  8.76043618e-01  8.18689615e-02 -3.70175242e-01  9.39191043e-01
  2.88614213e-01  2.22668126e-01  4.03997302e-02 -5.75547442e-02
  6.40402213e-02  6.58235431e-01  1.14233799e-01  3.33029062e-01
  2.90500283e-01  1.09598987e-01  3.67054462e-01  2.76021570e-01
 -3.80661756e-01 -6.38336122e-01  1.29907727e-01  2.67030466e-02
 -9.24435854e-02 -6.08094856e-02  3.71085376e-01 -4.12623324e-02
  2.36285135e-01  1.31147522e-02 -5.00002205e-01  7.07303807e-02
 -1.96654573e-01 -1.67082623e-03  4.93149728e-01  1.89643413e-01
 -6.83976896e-03 -6.71516173e-03  1.95545495e-01  5.73476493e-01
  2.96467781e-01  3.71456817e-02  1.33699968e-01  2.98786074e-01
  4.00617808e-01 -4.26174253e-02  1.01611577e-01  1.95842102e-01
  2.76190966e-01  2.77191192e-01  6.67324841e-01  2.96965420e-01
 -1.64807498e-01  7.30190933e-01  2.49396130e-01 -3.06098193e-01
  4.61635053e-01  1.67716026e-01 -2.63704151e-01  1.59453284e-02
  9.10576940e-01  2.20389977e-01  2.43446127e-01  4.96161908e-01
  6.64419711e-01  4.36546206e-01  3.60605121e-01  4.75455910e-01
  4.18593138e-01  3.74965727e-01  6.23347521e-01]
{"epoch": 8, "train_loss": 0.27001981056013774, "val_mae": 0.3069491386413574, "val_corr": 0.5232237338127124, "val_binary_acc": 0.6182380216383307, "val_binary_f1": 0.665764546684709, "threshold": 0.0}
Labels: [ 1.          0.33333334 -0.6666667  -0.8333333  -0.33333334  0.
  0.5         0.          0.33333334 -0.5         0.33333334  0.
  0.5         0.5         0.6666667  -0.16666667  0.         -0.6666667
  1.         -0.33333334 -1.          0.         -0.33333334 -0.8333333
  0.16666667  0.33333334 -0.6666667   0.          0.          0.
  0.33333334 -0.8333333   0.5         0.16666667 -0.33333334  0.33333334
  0.          0.6666667   0.         -0.16666667  0.33333334  0.16666667
 -0.6666667  -0.5         0.          0.16666667  0.          1.
  0.33333334 -0.8333333   0.16666667 -0.16666667  0.16666667  0.16666667
  0.6666667  -0.5         0.         -0.6666667   0.5         0.6666667
 -0.16666667 -0.6666667   0.         -0.8333333   0.33333334 -0.16666667
 -0.5        -0.33333334 -0.8333333  -0.8333333  -0.5         0.5
  0.33333334  0.          0.5         0.33333334  0.6666667   0.6666667
 -0.16666667 -0.33333334  0.33333334  0.16666667 -0.33333334 -0.6666667
  0.          0.          0.16666667  0.          0.5         0.
  0.          0.          0.16666667 -0.8333333   0.          0.
  0.16666667  0.16666667  0.16666667  0.         -0.33333334 -0.8333333
  0.         -0.33333334  0.          0.33333334  0.         -0.8333333
 -0.33333334  0.         -0.5         0.          0.8333333   0.5
  0.5         0.33333334  0.          0.          0.6666667  -0.16666667
  0.75        0.8333333  -0.5         0.33333334  0.          0.16666667
  0.5         0.33333334  0.6666667  -0.5        -0.16666667  0.33333334
  0.8333333  -0.8333333   0.16666667  0.          0.          0.
 -1.          0.16666667  0.33333334 -1.          0.          0.
  1.          0.33333334 -1.          0.33333334 -0.16666667  0.16666667
  0.6666667  -0.6666667   0.          0.33333334 -0.16666667  0.16666667
  0.33333334  0.33333334  0.33333334  0.5         0.33333334 -0.16666667
 -0.6666667  -0.8333333   0.          0.16666667 -0.16666667  1.
  0.5         0.16666667  0.16666667 -0.16666667  0.16666667  0.33333334
  0.16666667 -0.33333334  0.          0.16666667  0.16666667  0.33333334
  0.         -0.8333333  -0.5         0.16666667  1.          0.16666667
  0.16666667 -0.8333333   0.         -0.16666667  0.6666667  -0.6666667
  0.5         0.33333334  0.16666667  0.          0.33333334  0.33333334
  0.          1.          0.25        0.33333334 -0.6666667  -0.8333333
  0.          0.16666667 -0.33333334  0.          0.5        -0.16666667
  0.16666667 -0.16666667  0.         -0.16666667  0.33333334  0.8333333
  0.8333333   0.5        -0.5         0.16666667 -1.          0.
  0.16666667 -0.8333333  -0.16666667 -0.33333334 -0.16666667 -1.
 -0.16666667  0.          0.5        -0.5        -0.5         0.33333334
  0.          0.33333334  0.33333334  0.          0.          0.6666667
  0.5         0.33333334 -0.8333333  -0.8333333   0.16666667 -0.16666667
  1.          0.8333333   0.5         0.16666667 -0.16666667 -0.16666667
  0.5        -0.5         0.5        -0.16666667  0.33333334  0.33333334
 -0.5         0.5        -0.6666667  -1.         -0.5        -0.16666667
  0.6666667  -0.33333334  0.          0.33333334  0.         -0.8333333
  0.33333334 -0.33333334 -0.16666667  0.33333334  0.          0.33333334
  0.6666667   0.5         0.16666667  0.16666667  0.08333334  0.
  0.5         0.6666667   0.16666667  0.          0.          0.
  0.          0.16666667 -0.33333334 -0.8333333  -0.16666667  0.
  0.16666667  0.          0.5         0.         -0.8333333   0.5
 -0.6666667  -0.8333333  -0.6666667   0.          1.          0.16666667
 -0.6666667   0.16666667  0.          0.          1.         -0.16666667
  0.          0.33333334  0.16666667  0.8333333   0.5         1.
  0.          0.          0.6666667   0.33333334  0.          0.
  0.          0.          1.          0.16666667  0.5        -0.33333334
  0.16666667  0.          0.33333334  0.         -0.16666667 -0.5
 -0.5         0.8333333   0.          0.16666667  0.         -0.8333333
 -0.6666667   0.          0.8333333   0.          0.          0.
  0.         -0.6666667  -0.33333334 -0.6666667   0.16666667  0.16666667
  0.16666667  0.33333334  0.33333334  0.8333333  -0.33333334  0.
  0.6666667   0.          0.          0.          0.33333334  0.
  0.33333334  1.          0.16666667  0.         -0.16666667  0.16666667
  0.33333334  0.          0.33333334 -0.8333333   0.6666667   0.5
  0.          0.8333333  -0.5        -0.16666667 -0.5         0.
  0.8333333  -0.16666667  0.6666667  -0.33333334  0.16666667 -0.8333333
  0.8333333  -1.          0.5         0.5         0.          0.16666667
  0.5         0.         -0.16666667  0.33333334  0.6666667   0.6666667
 -0.16666667  0.          0.6666667   0.16666667  0.          0.16666667
  0.5         0.33333334  0.6666667   0.6666667   0.33333334  0.5
 -0.6666667   0.5         0.8333333   0.5         0.          0.16666667
  0.         -0.8333333  -0.5        -0.16666667  0.8333333   0.
  0.33333334  0.         -0.6666667  -0.5        -0.16666667 -0.16666667
  0.          0.6666667   0.          0.5         0.          0.8333333
  0.          0.33333334  0.41666666  0.         -0.8333333  -0.33333334
  0.          0.16666667  0.          0.8333333   0.8333333   0.
 -0.6666667   0.         -0.16666667  0.          0.33333334  0.
  0.          0.         -0.6666667   0.         -0.33333334 -0.16666667
  0.         -0.6666667   0.6666667   0.16666667 -0.33333334 -0.6666667
 -0.8333333  -0.16666667 -0.8333333  -0.5        -0.6666667   0.16666667
 -0.33333334  0.          0.16666667  0.8333333  -0.33333334  0.33333334
  0.6666667   0.          0.16666667  0.          0.8333333   0.
 -0.16666667  0.33333334 -0.33333334  0.16666667  0.16666667 -0.33333334
 -0.33333334  0.5         0.33333334 -0.6666667   0.         -0.6666667
  0.          0.16666667 -0.16666667  0.5         0.6666667   0.
 -0.16666667  0.16666667  0.6666667  -0.5         0.5         0.
  0.         -1.         -0.6666667   0.          0.16666667 -1.
  0.5        -0.5         0.6666667   0.16666667 -0.8333333  -0.33333334
  0.         -0.16666667  0.8333333   0.          0.16666667  0.33333334
  0.6666667  -0.16666667  0.16666667  0.5         0.8333333  -0.6666667
  0.          0.33333334  0.6666667   0.         -0.16666667 -0.33333334
 -0.8333333   1.         -0.6666667   0.6666667   0.          0.6666667
  0.16666667  0.5         0.33333334 -0.8333333   0.          0.
  0.5         0.33333334  0.          0.          0.          0.
  0.          0.33333334 -0.5         0.          0.16666667  0.
  0.          0.          0.16666667  1.          0.6666667  -0.5
  0.33333334  0.          0.          1.          0.          0.5
  0.16666667  0.         -0.16666667  0.          1.          0.
  1.          0.          0.16666667  0.          0.16666667 -0.16666667
 -0.8333333  -0.33333334  0.          0.16666667  0.          0.16666667
  0.33333334  0.33333334 -0.8333333  -0.8333333   0.16666667  0.16666667
  0.9166667   0.16666667  0.5         0.6666667   0.33333334 -0.6666667
 -0.6666667   0.33333334 -0.6666667   0.          0.16666667 -0.16666667
 -0.8333333  -0.33333334 -0.6666667   0.33333334  0.5         0.33333334
  0.25        0.33333334  0.          0.33333334  0.          0.
  0.6666667   0.          0.8333333   0.6666667   0.5         0.33333334
  0.75       -0.16666667  0.25        0.          1.          0.33333334
  0.33333334  0.33333334  0.5         0.8333333   0.16666667  0.
  0.16666667  0.5         0.75        0.41666666  0.16666667]
Predictions: [ 3.42866510e-01  2.68340170e-01  1.51725829e-01 -1.19775973e-01
  1.51161849e-01  7.99406469e-02 -2.65145302e-01 -1.45373687e-01
  2.21607104e-01 -5.93820453e-01 -1.54094025e-01 -4.48828191e-02
  3.95439476e-01  3.16036373e-01 -2.21032083e-01 -1.90027028e-01
  3.73503566e-02 -3.06730289e-02  3.00540239e-01  4.08817500e-01
 -2.96141118e-01 -3.26582938e-02 -1.61143154e-01 -6.09756112e-01
 -3.87229413e-01  3.85041058e-01 -6.98131979e-01 -2.13707425e-03
 -6.30913973e-02  3.84676635e-01  9.44740325e-02  3.05899501e-01
 -6.81274012e-03 -1.11083709e-01  1.72976747e-01  3.22188824e-01
  3.39335322e-01 -7.27852806e-04  3.62894177e-01  4.12562490e-02
  1.35417655e-01  4.00697738e-01 -4.28964496e-01 -1.71164833e-02
  9.23451968e-03 -7.39547312e-02  1.26744628e-01  1.64933547e-01
  3.67866546e-01 -7.05302119e-01  3.20692569e-01  4.12707478e-02
  2.02307492e-01 -1.04321465e-02  7.47362524e-02 -7.24171698e-01
  1.18836135e-01 -5.94328105e-01 -2.55717367e-01  4.84608933e-02
 -8.21859576e-03 -7.62780666e-01  1.38900995e-01 -4.27937806e-01
  3.08189929e-01  1.36698514e-01 -4.33347255e-01 -1.03919372e-01
 -4.70300823e-01 -2.16230787e-02  1.56250954e-01  5.74418724e-01
 -3.55501734e-02  5.87111413e-02  4.07842189e-01  2.92807221e-01
  5.60796738e-01  9.39994603e-02  2.29357973e-01  3.19392532e-02
  4.10230041e-01  1.58590376e-01  1.97993323e-01 -1.88541695e-01
  5.64190447e-02  3.00120115e-01  3.14469263e-02 -7.44707137e-02
  5.51234543e-01 -1.57563746e-01  5.42871654e-02  2.09796894e-02
  5.86906075e-02  8.11478198e-02 -1.06309943e-01  2.04720989e-01
  9.05783549e-02  4.02263850e-02  1.76137254e-01  2.24313274e-01
  3.30692381e-02 -4.99480009e-01  3.49426448e-01 -2.04689875e-01
  3.95202816e-01  4.08826292e-01 -2.17046604e-01 -9.67101678e-02
 -5.71093597e-02  2.35601321e-01 -6.77839100e-01  3.39485615e-01
  3.34609672e-02  4.22777012e-02  1.80321157e-01  3.13695192e-01
  6.84904978e-02 -1.83126368e-02  3.85385752e-01  2.57247120e-01
  8.91652852e-02  5.63755095e-01 -1.69838928e-02  1.63860753e-01
  4.49409366e-01  2.47001305e-01 -3.14199507e-01 -1.92178369e-01
  7.74955928e-01 -4.37855363e-01 -3.11860174e-01  1.45727143e-01
  1.78346828e-01 -4.91400868e-01 -2.32479945e-01  3.60039592e-01
 -2.52019539e-02 -1.83110349e-02  1.94907650e-01 -1.95969753e-02
  3.95511538e-02 -1.08030498e+00 -2.35512018e-01  2.98316963e-03
 -7.47446418e-01  1.56894416e-01 -4.88616407e-01  3.59473199e-01
 -3.53486896e-01  1.06111422e-01  4.01665837e-01 -5.07887304e-01
 -2.68976390e-02 -2.93350965e-03  1.10244632e-01  1.50876909e-01
  1.31820291e-01  4.46265638e-01 -2.43413478e-01  1.08056217e-01
  3.91627759e-01  1.06117308e-01 -7.40209669e-02 -2.72110291e-02
  2.60308355e-01 -6.99350797e-03 -3.56618613e-01 -3.54237296e-02
  6.53087854e-01 -1.03115119e-01  3.61957699e-02 -5.03624797e-01
  9.72019136e-02 -1.54434264e-01  7.04481266e-03 -5.25704697e-02
  2.41848931e-01  1.66104376e-01 -4.19355512e-01  1.34469688e-01
  4.51640859e-02 -5.05907953e-01  5.69169760e-01  6.76703379e-02
 -1.12813897e-03  9.57724005e-02 -1.72563121e-02 -4.76309657e-03
 -3.60210896e-01 -4.35851604e-01  4.65068668e-01 -4.03119117e-01
 -1.81906130e-02 -2.62184329e-02  5.96513897e-02  2.37709180e-01
  2.79437184e-01 -4.39734831e-02  5.15490621e-02  3.41458291e-01
  5.31363070e-01  1.69767618e-01 -5.43633163e-01  1.35975387e-02
  2.24311218e-01  2.16340989e-01 -4.88802165e-01  1.01766307e-02
  3.37439239e-01 -4.65492517e-01 -6.92390278e-02 -1.96606759e-02
  2.54597157e-01  2.26201508e-02 -6.40894994e-02  2.25859806e-01
  2.93429822e-01  1.61638528e-01 -4.32884283e-02  1.38263270e-01
 -2.68570453e-01 -1.71590019e-02  3.14836472e-01  4.02811348e-01
 -4.61086601e-01  8.39490965e-02  5.20389438e-01  3.31894606e-01
 -6.02780163e-01  2.24619940e-01  7.47510716e-02  8.25966373e-02
 -1.01696007e-01 -2.53556222e-02  5.84304705e-02  3.18238229e-01
  4.66235191e-01  2.71816645e-02  1.62883937e-01  5.63726872e-02
  4.55566734e-01  1.60836726e-01  2.10896228e-02 -4.65877622e-01
  3.96621644e-01  2.01491356e-01 -3.12660664e-01  1.51795894e-01
  6.86455369e-01 -5.44715971e-02  3.93197656e-01 -1.67865247e-01
  5.77212751e-01 -1.07839480e-02  2.08139271e-01 -1.67391211e-01
 -2.75419280e-03  2.39411101e-01 -2.56180614e-01  1.73920795e-01
 -6.95259690e-01 -8.31471384e-01 -1.19965591e-01  1.09635994e-01
  2.73165088e-02  1.88359424e-01  1.60497382e-01  1.05874270e-01
 -1.07104413e-01 -2.03299329e-01  1.76939860e-01  9.10630450e-02
 -7.23314472e-03 -3.73445936e-02  2.70138122e-03  5.26303723e-02
  5.48690677e-01  4.83980507e-01  5.00826597e-01  3.90225142e-01
  3.62542629e-01 -2.49882817e-01  1.36259228e-01 -2.87742376e-01
  3.80946487e-01  2.60585427e-01 -4.30860490e-01  2.51593143e-01
  5.24640024e-01  2.01839488e-02 -4.79049385e-01 -1.04043365e+00
  4.26097244e-01  1.35921940e-01 -1.50335923e-01 -1.65061019e-02
  1.62791628e-02 -1.59138367e-02 -8.55105817e-01 -2.20702663e-01
 -2.53905326e-01 -7.78160632e-01 -6.30826429e-02  2.86152244e-01
  5.26246250e-01  1.00627974e-01 -8.06088746e-01 -1.07927285e-01
 -1.11195762e-02  1.09761372e-01  2.52182901e-01  2.91530550e-01
 -1.95872262e-02 -5.66586107e-03  4.25959706e-01  2.70319711e-02
  1.95025250e-01  1.10125363e-01  7.23717660e-02  3.23469669e-01
 -1.24459788e-01  1.22146785e-01 -9.66789201e-03 -2.56558713e-02
  1.75921768e-01  1.17278934e-01 -2.15269789e-01 -2.05140561e-04
  8.06347489e-01  2.12003678e-01  2.83862740e-01 -2.87801474e-01
  7.52559230e-02  7.97399729e-02  3.95124592e-03 -4.45448101e-01
 -6.37328327e-02 -9.89747569e-02  5.93993068e-02 -4.36806560e-01
 -2.79628243e-02 -7.18703806e-01 -8.52282345e-03 -2.50651896e-01
  5.46450198e-01  1.93694666e-01 -5.13293684e-01 -1.04476884e-01
  5.84738143e-03 -3.28425348e-01 -1.27736881e-01 -3.82725120e-01
  1.07069742e-02 -1.30467024e-02  2.97953993e-01  1.09232247e-01
  3.69407713e-01  2.56392956e-01  2.28723183e-01  6.22738779e-01
  1.04600057e-01  3.03981304e-01  2.03549117e-01 -6.40466586e-02
  6.30907893e-01  1.43862680e-01  6.44543581e-03 -6.22844473e-02
  7.15685785e-01  1.38804823e-01  2.66923517e-01 -3.22411060e-01
  5.90791345e-01  8.12245533e-04  2.22501252e-02 -5.47410697e-02
  5.05079985e-01  1.04731992e-01  9.48855728e-02  2.53352910e-01
 -3.64082828e-02  6.91195950e-04 -7.19512776e-02 -2.26309709e-03
  3.02247286e-01  2.56432116e-01  1.92753881e-01 -7.08781034e-02
  8.55208263e-02 -1.09627493e-01  4.97509271e-01 -8.37267756e-01
  2.37345055e-01 -8.59754160e-03  1.26292020e-01  3.25828344e-01
  4.22350913e-01 -3.65770049e-03  1.75487638e-01  1.51353702e-01
 -5.28596938e-02  1.16169661e-01  5.58227375e-02 -1.78057820e-01
  2.18465939e-01  3.39086205e-02 -1.10140935e-01  1.12230599e-01
  5.80372155e-01 -2.73308028e-02  4.34395432e-01 -2.34983921e-01
  6.10708952e-01 -1.89595401e-01  5.66027537e-02  1.33631170e-01
  2.22859249e-01  3.78584713e-02  2.29413006e-02 -6.24737293e-02
 -7.52440989e-02 -3.18295896e-01  1.64290696e-01 -3.32152724e-01
  1.32791951e-01  1.21675715e-01 -2.53315538e-01  1.64942801e-01
 -1.43687025e-01 -6.39075637e-01  3.11923027e-01 -2.90698647e-01
 -1.73422210e-02 -2.50937417e-02  3.75166625e-01  1.57619357e-01
  9.09614004e-03  2.69722372e-01 -1.30320545e-02  1.13974154e-01
  4.97985095e-01  1.33493975e-01 -5.06312847e-01 -2.36587271e-01
  2.72027135e-01  1.06385008e-01 -1.06905058e-01 -1.49336517e-01
  3.14434320e-01 -3.04224432e-01 -3.80218923e-01  1.64339896e-02
  3.94279242e-01 -3.86316106e-02 -8.34590942e-03 -1.45816192e-01
  1.49978083e-02 -1.90893129e-01 -5.93618214e-01  2.75034700e-02
 -5.22674918e-01 -3.33143145e-01 -7.02285580e-03 -1.46123126e-01
  3.09998363e-01  1.92763492e-01 -2.97728896e-01 -1.69441715e-01
 -3.26947123e-01 -1.69780567e-01 -1.57687351e-01 -1.69159397e-01
 -3.46611068e-02 -5.88454790e-02  2.87245214e-01  1.91169113e-01
  3.04210782e-01 -8.26855004e-03 -4.31799442e-02  4.43440750e-02
  6.65912807e-01 -1.25665188e-01 -7.99147412e-03 -1.18014991e-01
  1.40642494e-01  1.31032765e-01  2.54922081e-02  1.01020366e-01
 -1.41621958e-02 -4.28628922e-01  1.20175883e-01 -6.52671635e-01
 -9.80166718e-02  2.45969936e-01  2.97649782e-02 -5.04453480e-01
  5.50783947e-02 -3.97685319e-01  1.25705466e-01  2.50486225e-01
  2.86718309e-01  1.32519275e-01  2.87060887e-01 -2.57024258e-01
  2.51717657e-01 -1.83648355e-02  6.99325919e-01 -2.73003876e-01
 -7.47305714e-03 -4.40540284e-01  1.57946259e-01 -5.71044803e-01
 -7.16366827e-01  1.20692924e-01 -9.02033411e-03 -2.82372683e-01
 -5.77724278e-02 -3.05769235e-01  1.66120753e-01  2.91114658e-01
 -9.15140361e-02 -2.00476095e-01  2.46829674e-01  1.62770286e-01
 -2.60475546e-01 -2.25294475e-02  5.69241285e-01 -1.29563421e-01
  1.64697379e-01 -4.26402986e-01  1.66757256e-01  3.57335895e-01
  1.09730884e-01  6.26014248e-02  7.62495548e-02  3.76545452e-03
  3.73881966e-01 -1.89480744e-02 -3.32708284e-02 -7.22175762e-02
 -2.33877227e-01  4.58158970e-01  2.65875142e-02  4.90072593e-02
  2.49886826e-01  4.91585433e-02  1.28903195e-01  9.86791588e-03
  1.00098714e-01 -6.68140650e-01 -9.82554927e-02 -1.94160953e-01
  3.77137393e-01 -5.43164730e-01  1.55793130e-01  2.49012802e-02
 -1.88106485e-03  1.21585593e-01  2.03220900e-02  7.26968944e-01
 -5.58680236e-01  2.17901066e-01 -8.53507370e-02  2.14823276e-01
  5.26507437e-01  9.34047550e-02  2.37023428e-01  2.34912202e-01
  7.73534477e-01  3.00064385e-01  1.26992479e-01  2.38615647e-01
  7.16666102e-01 -3.21818650e-01 -2.56621063e-01  6.25392497e-01
  2.66968280e-01  1.34571835e-01  8.34938437e-02 -4.79330048e-02
  6.23399734e-01  7.25399852e-02 -4.91389155e-01  7.02305198e-01
  1.66681752e-01  3.23104531e-01 -3.62334102e-02 -4.28419746e-02
  4.04400453e-02  5.93451142e-01  7.49081522e-02  1.02545202e-01
  2.12546229e-01  2.24533960e-01  5.42957723e-01  1.24546826e-01
 -4.58516747e-01 -6.35258973e-01  4.26092185e-03  2.44700778e-02
 -1.78725973e-01  1.42022803e-01  4.90302533e-01 -7.25123063e-02
  2.23874882e-01  1.18793711e-01 -5.28738856e-01  3.14457193e-02
 -3.35970193e-01 -1.99596643e-01  5.30579984e-01  7.72146359e-02
 -1.77988801e-02 -6.78884014e-02  2.78969824e-01  6.43395185e-01
  2.37502262e-01  1.83237325e-02  4.15840149e-02  2.96009988e-01
  1.98797479e-01  1.06137484e-01  1.11192092e-01  1.02451712e-01
  4.86789435e-01  2.05356181e-01  6.07491970e-01  2.83223867e-01
 -1.28791258e-01  6.53303742e-01  1.31147489e-01 -1.14450883e-02
  3.50850761e-01  1.38610139e-01 -3.79194826e-01 -7.35109858e-03
  6.17533743e-01  1.32403627e-01  2.44573191e-01  5.17264247e-01
  6.25353694e-01  3.44703019e-01  2.60715961e-01  3.72775406e-01
  1.60185054e-01  2.64004916e-01  4.37444657e-01]
{"epoch": 9, "train_loss": 0.26676517413106077, "val_mae": 0.3135857582092285, "val_corr": 0.47755246102504073, "val_binary_acc": 0.6306027820710973, "val_binary_f1": 0.6521106259097526, "threshold": 0.0}
Labels: [ 1.          0.33333334 -0.6666667  -0.8333333  -0.33333334  0.
  0.5         0.          0.33333334 -0.5         0.33333334  0.
  0.5         0.5         0.6666667  -0.16666667  0.         -0.6666667
  1.         -0.33333334 -1.          0.         -0.33333334 -0.8333333
  0.16666667  0.33333334 -0.6666667   0.          0.          0.
  0.33333334 -0.8333333   0.5         0.16666667 -0.33333334  0.33333334
  0.          0.6666667   0.         -0.16666667  0.33333334  0.16666667
 -0.6666667  -0.5         0.          0.16666667  0.          1.
  0.33333334 -0.8333333   0.16666667 -0.16666667  0.16666667  0.16666667
  0.6666667  -0.5         0.         -0.6666667   0.5         0.6666667
 -0.16666667 -0.6666667   0.         -0.8333333   0.33333334 -0.16666667
 -0.5        -0.33333334 -0.8333333  -0.8333333  -0.5         0.5
  0.33333334  0.          0.5         0.33333334  0.6666667   0.6666667
 -0.16666667 -0.33333334  0.33333334  0.16666667 -0.33333334 -0.6666667
  0.          0.          0.16666667  0.          0.5         0.
  0.          0.          0.16666667 -0.8333333   0.          0.
  0.16666667  0.16666667  0.16666667  0.         -0.33333334 -0.8333333
  0.         -0.33333334  0.          0.33333334  0.         -0.8333333
 -0.33333334  0.         -0.5         0.          0.8333333   0.5
  0.5         0.33333334  0.          0.          0.6666667  -0.16666667
  0.75        0.8333333  -0.5         0.33333334  0.          0.16666667
  0.5         0.33333334  0.6666667  -0.5        -0.16666667  0.33333334
  0.8333333  -0.8333333   0.16666667  0.          0.          0.
 -1.          0.16666667  0.33333334 -1.          0.          0.
  1.          0.33333334 -1.          0.33333334 -0.16666667  0.16666667
  0.6666667  -0.6666667   0.          0.33333334 -0.16666667  0.16666667
  0.33333334  0.33333334  0.33333334  0.5         0.33333334 -0.16666667
 -0.6666667  -0.8333333   0.          0.16666667 -0.16666667  1.
  0.5         0.16666667  0.16666667 -0.16666667  0.16666667  0.33333334
  0.16666667 -0.33333334  0.          0.16666667  0.16666667  0.33333334
  0.         -0.8333333  -0.5         0.16666667  1.          0.16666667
  0.16666667 -0.8333333   0.         -0.16666667  0.6666667  -0.6666667
  0.5         0.33333334  0.16666667  0.          0.33333334  0.33333334
  0.          1.          0.25        0.33333334 -0.6666667  -0.8333333
  0.          0.16666667 -0.33333334  0.          0.5        -0.16666667
  0.16666667 -0.16666667  0.         -0.16666667  0.33333334  0.8333333
  0.8333333   0.5        -0.5         0.16666667 -1.          0.
  0.16666667 -0.8333333  -0.16666667 -0.33333334 -0.16666667 -1.
 -0.16666667  0.          0.5        -0.5        -0.5         0.33333334
  0.          0.33333334  0.33333334  0.          0.          0.6666667
  0.5         0.33333334 -0.8333333  -0.8333333   0.16666667 -0.16666667
  1.          0.8333333   0.5         0.16666667 -0.16666667 -0.16666667
  0.5        -0.5         0.5        -0.16666667  0.33333334  0.33333334
 -0.5         0.5        -0.6666667  -1.         -0.5        -0.16666667
  0.6666667  -0.33333334  0.          0.33333334  0.         -0.8333333
  0.33333334 -0.33333334 -0.16666667  0.33333334  0.          0.33333334
  0.6666667   0.5         0.16666667  0.16666667  0.08333334  0.
  0.5         0.6666667   0.16666667  0.          0.          0.
  0.          0.16666667 -0.33333334 -0.8333333  -0.16666667  0.
  0.16666667  0.          0.5         0.         -0.8333333   0.5
 -0.6666667  -0.8333333  -0.6666667   0.          1.          0.16666667
 -0.6666667   0.16666667  0.          0.          1.         -0.16666667
  0.          0.33333334  0.16666667  0.8333333   0.5         1.
  0.          0.          0.6666667   0.33333334  0.          0.
  0.          0.          1.          0.16666667  0.5        -0.33333334
  0.16666667  0.          0.33333334  0.         -0.16666667 -0.5
 -0.5         0.8333333   0.          0.16666667  0.         -0.8333333
 -0.6666667   0.          0.8333333   0.          0.          0.
  0.         -0.6666667  -0.33333334 -0.6666667   0.16666667  0.16666667
  0.16666667  0.33333334  0.33333334  0.8333333  -0.33333334  0.
  0.6666667   0.          0.          0.          0.33333334  0.
  0.33333334  1.          0.16666667  0.         -0.16666667  0.16666667
  0.33333334  0.          0.33333334 -0.8333333   0.6666667   0.5
  0.          0.8333333  -0.5        -0.16666667 -0.5         0.
  0.8333333  -0.16666667  0.6666667  -0.33333334  0.16666667 -0.8333333
  0.8333333  -1.          0.5         0.5         0.          0.16666667
  0.5         0.         -0.16666667  0.33333334  0.6666667   0.6666667
 -0.16666667  0.          0.6666667   0.16666667  0.          0.16666667
  0.5         0.33333334  0.6666667   0.6666667   0.33333334  0.5
 -0.6666667   0.5         0.8333333   0.5         0.          0.16666667
  0.         -0.8333333  -0.5        -0.16666667  0.8333333   0.
  0.33333334  0.         -0.6666667  -0.5        -0.16666667 -0.16666667
  0.          0.6666667   0.          0.5         0.          0.8333333
  0.          0.33333334  0.41666666  0.         -0.8333333  -0.33333334
  0.          0.16666667  0.          0.8333333   0.8333333   0.
 -0.6666667   0.         -0.16666667  0.          0.33333334  0.
  0.          0.         -0.6666667   0.         -0.33333334 -0.16666667
  0.         -0.6666667   0.6666667   0.16666667 -0.33333334 -0.6666667
 -0.8333333  -0.16666667 -0.8333333  -0.5        -0.6666667   0.16666667
 -0.33333334  0.          0.16666667  0.8333333  -0.33333334  0.33333334
  0.6666667   0.          0.16666667  0.          0.8333333   0.
 -0.16666667  0.33333334 -0.33333334  0.16666667  0.16666667 -0.33333334
 -0.33333334  0.5         0.33333334 -0.6666667   0.         -0.6666667
  0.          0.16666667 -0.16666667  0.5         0.6666667   0.
 -0.16666667  0.16666667  0.6666667  -0.5         0.5         0.
  0.         -1.         -0.6666667   0.          0.16666667 -1.
  0.5        -0.5         0.6666667   0.16666667 -0.8333333  -0.33333334
  0.         -0.16666667  0.8333333   0.          0.16666667  0.33333334
  0.6666667  -0.16666667  0.16666667  0.5         0.8333333  -0.6666667
  0.          0.33333334  0.6666667   0.         -0.16666667 -0.33333334
 -0.8333333   1.         -0.6666667   0.6666667   0.          0.6666667
  0.16666667  0.5         0.33333334 -0.8333333   0.          0.
  0.5         0.33333334  0.          0.          0.          0.
  0.          0.33333334 -0.5         0.          0.16666667  0.
  0.          0.          0.16666667  1.          0.6666667  -0.5
  0.33333334  0.          0.          1.          0.          0.5
  0.16666667  0.         -0.16666667  0.          1.          0.
  1.          0.          0.16666667  0.          0.16666667 -0.16666667
 -0.8333333  -0.33333334  0.          0.16666667  0.          0.16666667
  0.33333334  0.33333334 -0.8333333  -0.8333333   0.16666667  0.16666667
  0.9166667   0.16666667  0.5         0.6666667   0.33333334 -0.6666667
 -0.6666667   0.33333334 -0.6666667   0.          0.16666667 -0.16666667
 -0.8333333  -0.33333334 -0.6666667   0.33333334  0.5         0.33333334
  0.25        0.33333334  0.          0.33333334  0.          0.
  0.6666667   0.          0.8333333   0.6666667   0.5         0.33333334
  0.75       -0.16666667  0.25        0.          1.          0.33333334
  0.33333334  0.33333334  0.5         0.8333333   0.16666667  0.
  0.16666667  0.5         0.75        0.41666666  0.16666667]
Predictions: [ 4.17808145e-01  1.48504257e-01  4.18676883e-02 -4.46127430e-02
  5.11421934e-02  1.01157174e-01 -2.97456272e-02 -1.09203216e-02
  2.71395236e-01 -4.80316371e-01 -2.09817961e-01 -7.09032267e-03
  3.08850557e-01  2.05086600e-02 -1.48418471e-01 -9.79223102e-02
  5.75679392e-02 -2.65630949e-02 -2.00384073e-02  2.05911860e-01
 -2.80079484e-01 -6.05553612e-02 -6.66278303e-02 -1.93579584e-01
  4.77332436e-03  3.97774905e-01 -5.63729584e-01  1.64858308e-02
  2.99707614e-03  2.33837515e-01  1.79025263e-01 -4.45008576e-01
  2.29079146e-02 -5.82131259e-02  1.99556515e-01  4.45266873e-01
  4.28409725e-02  3.99863049e-02  3.37813824e-01 -3.70480865e-03
  1.26812607e-01  2.06793100e-01 -2.07157046e-01 -2.38407031e-03
  5.74307293e-02 -1.01586640e-01 -2.12692171e-01  5.14448434e-02
  1.88225716e-01 -6.70762002e-01  1.67909101e-01 -1.88630357e-01
  2.69514829e-01  3.44286114e-02  1.01565167e-01 -5.94373941e-01
  7.76057914e-02 -4.82264966e-01 -4.15009201e-01  1.03960391e-02
 -2.25621741e-02 -7.02424109e-01  1.40865907e-01 -4.52243954e-01
  1.22206256e-01  1.65517375e-01 -3.81298810e-01 -2.75444575e-02
 -4.10486341e-01 -7.76141584e-02  1.49845615e-01  4.32643116e-01
 -4.57662158e-02  1.46851659e-01  5.54182410e-01  3.56290638e-01
  4.40367699e-01  1.25903517e-01  2.40467936e-01  1.33550316e-01
  2.86306560e-01  1.35393813e-01  1.20505303e-01 -1.14318833e-01
  4.53158617e-02  5.06533682e-01  6.29758984e-02 -9.17531922e-03
  4.12006110e-01 -5.99655211e-02 -6.09165616e-03  4.04440425e-03
  1.73806861e-01 -6.20574653e-02 -1.63093284e-02  1.26149341e-01
  1.47135202e-02 -1.56665966e-03  1.54860973e-01  2.08288729e-01
 -1.09269880e-01 -3.56122822e-01  3.77164990e-01 -8.25803503e-02
  1.20465621e-01  2.97687143e-01 -3.45831178e-02 -5.43962941e-02
 -5.32367341e-02  4.33575064e-02 -6.38971686e-01  1.59975052e-01
  3.17900628e-02  9.19593871e-02  2.03849420e-01  3.86435717e-01
  7.75002092e-02 -7.03243390e-02  3.98146838e-01  2.54400998e-01
  2.63369650e-01  4.91688401e-01 -2.39971578e-02 -5.81521504e-02
  3.70148510e-01  3.60914558e-01  9.64685343e-03 -1.23984449e-01
  5.69114387e-01 -3.33264679e-01 -2.01899856e-01  5.04235700e-02
  1.87237248e-01 -2.91962236e-01 -1.31419957e-01 -8.43150243e-02
  6.38832003e-02  2.21204963e-02  2.11137205e-01  2.46399436e-02
  7.61751831e-02 -8.18622172e-01 -3.38193893e-01  2.61295680e-02
 -5.25799453e-01  2.00482920e-01 -3.78481716e-01  2.21681446e-01
 -2.39040747e-01  2.06191674e-01  4.05511558e-01 -4.41303194e-01
  1.33826304e-02  3.15420255e-02  1.45196229e-01  1.78007752e-01
  2.17460483e-01  5.46002924e-01 -3.30624342e-01  1.71132937e-01
  2.68932194e-01  3.06513254e-02 -7.77984634e-02 -1.13827348e-01
  3.68974954e-01  3.43357325e-02 -2.04072416e-01 -6.94018900e-02
  4.85874742e-01 -1.39335729e-03 -7.03769475e-02 -3.29905599e-01
  1.56872749e-01 -1.20408617e-01  7.76462629e-02  1.36241373e-02
  1.34805650e-01  1.57930687e-01 -2.62213200e-01  1.97157368e-01
  3.56174335e-02 -3.11713904e-01  4.17041361e-01  1.11744240e-01
  6.97323605e-02  1.56404749e-01  8.66867416e-03 -2.10260719e-01
 -2.51543254e-01 -3.05328459e-01  3.98604780e-01 -1.79543167e-01
  1.83619913e-02  5.94205186e-02  8.74032974e-02  3.40094119e-01
  1.94119647e-01 -2.25519277e-02  7.69386366e-02  3.72855872e-01
  6.39449477e-01  2.86069959e-01 -3.13831508e-01 -2.40222067e-01
  2.03977466e-01  2.83161581e-01 -1.34141505e-01  4.10043895e-02
  2.06016913e-01 -2.92152226e-01 -3.51696089e-02 -1.51982484e-02
  2.53600359e-01 -9.94671136e-02 -1.06013805e-01  1.21073037e-01
  1.38863206e-01 -4.83698398e-03 -3.24212104e-01  7.15747029e-02
 -1.18499197e-01 -1.29638799e-03  3.14663231e-01  5.72406352e-02
 -2.87351131e-01  2.29010284e-01  3.51627886e-01  2.84525543e-01
 -5.24047852e-01  2.69967914e-01  8.71040002e-02 -1.76552907e-01
 -1.08851366e-01 -1.02193229e-01  4.73438203e-02  4.07530993e-01
  4.42462623e-01  3.73582616e-02  1.80503160e-01  6.44621924e-02
  4.44522738e-01  2.92209331e-02 -4.82149631e-01 -4.04077381e-01
  4.14279640e-01  4.01953459e-02 -1.86717346e-01  1.76110655e-01
  5.41950405e-01  1.57744009e-02  2.45852709e-01 -3.22652906e-01
  4.40504670e-01  3.46773267e-02  2.94807017e-01 -1.07756414e-01
 -1.54872090e-01 -2.83860136e-02  1.46215167e-02  2.19578713e-01
 -5.91909111e-01 -7.31790960e-01 -4.45566207e-01  1.18484095e-01
 -2.67418236e-01  1.92988455e-01  1.63900465e-01  2.71642078e-02
  1.75368767e-02 -3.62180650e-01  1.49865612e-01  3.38540077e-02
  5.85977547e-03 -6.03736192e-03  6.96214475e-03  4.43661064e-02
  3.11706930e-01  4.50671494e-01  4.83960479e-01  3.29983443e-01
  4.45801347e-01 -1.92786485e-01  1.80976372e-02 -1.60731390e-01
  3.92419428e-01  1.86139718e-01 -3.51242244e-01  1.46106958e-01
  5.69740117e-01  1.23482466e-01 -3.00254703e-01 -7.64499962e-01
  2.77035415e-01  4.84697968e-02 -2.99993567e-02 -1.37037951e-02
  1.17579643e-02  1.89996194e-02 -6.50749445e-01 -1.26846477e-01
 -1.30632639e-01 -6.55202687e-01 -3.05923969e-01  2.48954028e-01
  3.94787371e-01  1.07525885e-01 -5.94898582e-01 -7.31339380e-02
 -7.22303987e-04  5.47345728e-02  3.46635848e-01  2.37147361e-01
 -2.32470408e-03  2.83760186e-02  4.96986657e-01  4.02726382e-02
  2.29450405e-01  2.09000692e-01  1.51148111e-01  5.25648654e-01
  2.86079109e-01  1.44493207e-01  2.71004383e-02 -7.87516832e-02
  2.55048815e-02  6.08058646e-02 -1.08150460e-01  3.11425980e-02
  5.52804053e-01 -1.49881601e-01  2.03274459e-01 -1.25023440e-01
  1.41410768e-01  3.52603346e-02 -5.79074100e-02 -3.73919696e-01
 -1.33630931e-01  7.61730410e-03  3.36208865e-02 -2.32455015e-01
 -1.24608092e-02 -6.44766390e-01  2.27268666e-01 -6.56143129e-01
  3.62787634e-01  2.51361519e-01 -2.70483285e-01 -1.82849634e-02
  9.35972668e-03 -3.63652170e-01 -1.92541882e-01 -3.69912952e-01
  5.57356030e-02  2.72893887e-02  3.10602963e-01  7.18501881e-02
  3.45710665e-01  3.55769962e-01  2.38523215e-01  4.88254935e-01
  1.39743507e-01  2.07815513e-01  1.83010355e-01 -2.32161004e-02
  4.90433007e-01  1.47732496e-01 -2.06546694e-01 -2.51523163e-02
  5.29656649e-01  2.73345690e-02  1.62458032e-01 -3.41390282e-01
  3.81202966e-01  2.47273427e-02  3.96121740e-02 -1.30752593e-01
  3.57681841e-01  3.87057103e-03  1.69706587e-02  2.67189920e-01
 -2.10599415e-02  6.15124404e-02 -1.99284390e-01 -9.21064429e-03
  4.30108249e-01  2.81420916e-01  7.03920648e-02 -1.85102478e-01
  2.38321442e-02 -4.43111926e-01  4.86714274e-01 -5.40864408e-01
  3.22289973e-01  2.03790385e-02  1.42613441e-01  3.90970170e-01
  2.93446511e-01  4.03426774e-03  2.04773366e-01  1.14490464e-01
  9.61193442e-02  1.73277840e-01  1.62840467e-02 -1.98311910e-01
  5.35215318e-01  1.10523731e-01  4.59418148e-02 -5.61437607e-02
  4.64221597e-01 -2.12638266e-03  3.42281938e-01 -2.00431868e-01
  3.57102126e-01 -1.50865480e-01  7.79351294e-02  1.07491165e-01
  8.04400593e-02  2.17621818e-01  4.20144126e-02 -8.52279142e-02
  7.64358230e-03 -3.01752687e-01  2.23135918e-01 -2.85394430e-01
  7.34982714e-02  9.17282999e-02 -2.69275546e-01  2.30991691e-01
 -2.76268482e-01 -4.26364243e-01 -2.65071332e-01 -2.69496083e-01
  3.67382541e-02  5.42029440e-02  3.84861857e-01  3.38754833e-01
  3.85711491e-02  4.93118316e-02 -2.49753028e-01  1.66504800e-01
  4.04751420e-01  1.19921967e-01 -2.41843909e-01 -4.19400446e-03
  2.50116497e-01  1.11200556e-01 -3.43733221e-01 -7.31541887e-02
  2.37941384e-01 -1.17969371e-01 -2.63761252e-01  4.62475792e-02
  1.85250610e-01 -9.60708968e-03  1.84665713e-02 -1.02000795e-01
  3.12112365e-02 -6.51817694e-02 -6.14781499e-01  1.41115457e-01
 -4.17592019e-01 -1.89136729e-01  6.93828054e-03 -1.82559609e-01
 -3.98040920e-01  1.04053825e-01 -2.60154873e-01 -5.32095283e-02
 -6.16186440e-01 -4.99865115e-02 -2.23591819e-01 -3.32886875e-01
  6.85072504e-03 -4.07201052e-02  2.99269319e-01  2.78053254e-01
  1.82777971e-01  1.62889566e-02 -7.55694881e-02  1.77393127e-02
  5.97689450e-01 -2.82780044e-02 -1.68895107e-02 -3.60324308e-02
  1.33719444e-01  2.00980529e-01  1.53066386e-02  1.01946384e-01
  2.64039058e-02 -3.29105943e-01  2.61068791e-01 -4.02548611e-01
  6.01783395e-05  3.62829179e-01  4.49800864e-02 -4.20421600e-01
  1.67485196e-02 -3.19224477e-01  2.68447429e-01  3.48475456e-01
 -5.01525030e-02  1.41670913e-01  1.85172915e-01 -2.34741881e-01
  2.49040842e-01 -3.35043930e-02  4.90323037e-01 -2.37052783e-01
 -1.07735023e-03 -2.18216896e-01  2.25573391e-01 -5.87418258e-01
 -4.57973331e-01  2.17279509e-01  1.94130968e-02 -3.43425065e-01
 -8.76025632e-02 -4.60149676e-01 -5.03057539e-01  3.18476528e-01
 -5.63232303e-02 -3.47897500e-01  2.03995183e-01  1.67844623e-01
 -4.50114459e-01  1.03742313e-02  4.65824097e-01 -9.64445099e-02
  2.28338987e-01 -3.98862153e-01  2.49195904e-01  6.95102811e-02
  6.33381605e-02  5.31006157e-02  5.53007871e-02  7.48652779e-03
  4.95021492e-02 -1.60169601e-01  2.55068149e-02 -8.10391009e-02
 -2.22512692e-01  3.06587845e-01 -1.08090080e-01 -1.35676078e-02
  2.41288304e-01  5.51945269e-02  9.57869291e-02  1.80879813e-02
  1.35820717e-01 -6.67028129e-01 -1.72984853e-01 -1.58281982e-01
  4.25929666e-01 -4.09737110e-01  1.21354088e-01  2.79037002e-02
  3.93746793e-02  4.29949537e-02  4.53804880e-02  5.70797622e-01
 -4.03545588e-01  7.79100806e-02 -2.94685990e-01  1.61821067e-01
  3.23766649e-01  1.74067810e-01  1.34061515e-01  7.07739294e-02
  6.26456678e-01 -2.54721753e-03  2.29429245e-01  1.13647252e-01
  5.60961843e-01 -3.57961476e-01 -9.17629004e-02  3.96356583e-01
 -1.79695170e-02  1.93826724e-02  6.29168078e-02 -1.40193291e-03
  5.27221382e-01  4.71851155e-02 -3.40823352e-01  6.94021106e-01
  2.80595034e-01  3.39823008e-01  1.15774740e-02  5.29633164e-02
 -1.92556873e-01  5.37268341e-01  4.33112532e-02  1.27319723e-01
  1.78885728e-01  1.93523034e-01  3.76652569e-01  2.63958067e-01
 -3.89758289e-01 -7.57277012e-01  1.30585611e-01  2.52596419e-02
 -5.72431609e-02 -1.38101187e-02  3.85508686e-01 -2.67036080e-01
  3.15196693e-01 -1.36195287e-01 -4.51242983e-01 -1.81272626e-05
 -7.29434639e-02 -7.45843649e-02  4.74760205e-01  1.06062204e-01
 -1.09246429e-02 -3.36201787e-02  2.56042987e-01  5.20632505e-01
  2.85233140e-01  6.01099804e-02  1.47138104e-01  2.77679354e-01
  1.77738100e-01  3.66029665e-02  9.64868665e-02  1.70611069e-01
  3.05401832e-01  2.00635970e-01  5.62160850e-01  2.54402101e-01
 -1.27346411e-01  4.10442889e-01  1.71313345e-01 -3.64485420e-02
  3.70576113e-01  1.57294095e-01 -1.76511809e-01  3.38374376e-02
  5.73630869e-01  9.25961360e-02  2.64373004e-01  3.82260829e-01
  5.36884069e-01  3.09697062e-01  2.97009021e-01  3.77215266e-01
  2.32799172e-01  3.19791019e-01  5.47549665e-01]
{"epoch": 10, "train_loss": 0.2650535546762999, "val_mae": 0.30037447810173035, "val_corr": 0.5027156685719691, "val_binary_acc": 0.6398763523956723, "val_binary_f1": 0.6685633001422475, "threshold": 0.0}
Labels: [ 1.          0.33333334 -0.6666667  -0.8333333  -0.33333334  0.
  0.5         0.          0.33333334 -0.5         0.33333334  0.
  0.5         0.5         0.6666667  -0.16666667  0.         -0.6666667
  1.         -0.33333334 -1.          0.         -0.33333334 -0.8333333
  0.16666667  0.33333334 -0.6666667   0.          0.          0.
  0.33333334 -0.8333333   0.5         0.16666667 -0.33333334  0.33333334
  0.          0.6666667   0.         -0.16666667  0.33333334  0.16666667
 -0.6666667  -0.5         0.          0.16666667  0.          1.
  0.33333334 -0.8333333   0.16666667 -0.16666667  0.16666667  0.16666667
  0.6666667  -0.5         0.         -0.6666667   0.5         0.6666667
 -0.16666667 -0.6666667   0.         -0.8333333   0.33333334 -0.16666667
 -0.5        -0.33333334 -0.8333333  -0.8333333  -0.5         0.5
  0.33333334  0.          0.5         0.33333334  0.6666667   0.6666667
 -0.16666667 -0.33333334  0.33333334  0.16666667 -0.33333334 -0.6666667
  0.          0.          0.16666667  0.          0.5         0.
  0.          0.          0.16666667 -0.8333333   0.          0.
  0.16666667  0.16666667  0.16666667  0.         -0.33333334 -0.8333333
  0.         -0.33333334  0.          0.33333334  0.         -0.8333333
 -0.33333334  0.         -0.5         0.          0.8333333   0.5
  0.5         0.33333334  0.          0.          0.6666667  -0.16666667
  0.75        0.8333333  -0.5         0.33333334  0.          0.16666667
  0.5         0.33333334  0.6666667  -0.5        -0.16666667  0.33333334
  0.8333333  -0.8333333   0.16666667  0.          0.          0.
 -1.          0.16666667  0.33333334 -1.          0.          0.
  1.          0.33333334 -1.          0.33333334 -0.16666667  0.16666667
  0.6666667  -0.6666667   0.          0.33333334 -0.16666667  0.16666667
  0.33333334  0.33333334  0.33333334  0.5         0.33333334 -0.16666667
 -0.6666667  -0.8333333   0.          0.16666667 -0.16666667  1.
  0.5         0.16666667  0.16666667 -0.16666667  0.16666667  0.33333334
  0.16666667 -0.33333334  0.          0.16666667  0.16666667  0.33333334
  0.         -0.8333333  -0.5         0.16666667  1.          0.16666667
  0.16666667 -0.8333333   0.         -0.16666667  0.6666667  -0.6666667
  0.5         0.33333334  0.16666667  0.          0.33333334  0.33333334
  0.          1.          0.25        0.33333334 -0.6666667  -0.8333333
  0.          0.16666667 -0.33333334  0.          0.5        -0.16666667
  0.16666667 -0.16666667  0.         -0.16666667  0.33333334  0.8333333
  0.8333333   0.5        -0.5         0.16666667 -1.          0.
  0.16666667 -0.8333333  -0.16666667 -0.33333334 -0.16666667 -1.
 -0.16666667  0.          0.5        -0.5        -0.5         0.33333334
  0.          0.33333334  0.33333334  0.          0.          0.6666667
  0.5         0.33333334 -0.8333333  -0.8333333   0.16666667 -0.16666667
  1.          0.8333333   0.5         0.16666667 -0.16666667 -0.16666667
  0.5        -0.5         0.5        -0.16666667  0.33333334  0.33333334
 -0.5         0.5        -0.6666667  -1.         -0.5        -0.16666667
  0.6666667  -0.33333334  0.          0.33333334  0.         -0.8333333
  0.33333334 -0.33333334 -0.16666667  0.33333334  0.          0.33333334
  0.6666667   0.5         0.16666667  0.16666667  0.08333334  0.
  0.5         0.6666667   0.16666667  0.          0.          0.
  0.          0.16666667 -0.33333334 -0.8333333  -0.16666667  0.
  0.16666667  0.          0.5         0.         -0.8333333   0.5
 -0.6666667  -0.8333333  -0.6666667   0.          1.          0.16666667
 -0.6666667   0.16666667  0.          0.          1.         -0.16666667
  0.          0.33333334  0.16666667  0.8333333   0.5         1.
  0.          0.          0.6666667   0.33333334  0.          0.
  0.          0.          1.          0.16666667  0.5        -0.33333334
  0.16666667  0.          0.33333334  0.         -0.16666667 -0.5
 -0.5         0.8333333   0.          0.16666667  0.         -0.8333333
 -0.6666667   0.          0.8333333   0.          0.          0.
  0.         -0.6666667  -0.33333334 -0.6666667   0.16666667  0.16666667
  0.16666667  0.33333334  0.33333334  0.8333333  -0.33333334  0.
  0.6666667   0.          0.          0.          0.33333334  0.
  0.33333334  1.          0.16666667  0.         -0.16666667  0.16666667
  0.33333334  0.          0.33333334 -0.8333333   0.6666667   0.5
  0.          0.8333333  -0.5        -0.16666667 -0.5         0.
  0.8333333  -0.16666667  0.6666667  -0.33333334  0.16666667 -0.8333333
  0.8333333  -1.          0.5         0.5         0.          0.16666667
  0.5         0.         -0.16666667  0.33333334  0.6666667   0.6666667
 -0.16666667  0.          0.6666667   0.16666667  0.          0.16666667
  0.5         0.33333334  0.6666667   0.6666667   0.33333334  0.5
 -0.6666667   0.5         0.8333333   0.5         0.          0.16666667
  0.         -0.8333333  -0.5        -0.16666667  0.8333333   0.
  0.33333334  0.         -0.6666667  -0.5        -0.16666667 -0.16666667
  0.          0.6666667   0.          0.5         0.          0.8333333
  0.          0.33333334  0.41666666  0.         -0.8333333  -0.33333334
  0.          0.16666667  0.          0.8333333   0.8333333   0.
 -0.6666667   0.         -0.16666667  0.          0.33333334  0.
  0.          0.         -0.6666667   0.         -0.33333334 -0.16666667
  0.         -0.6666667   0.6666667   0.16666667 -0.33333334 -0.6666667
 -0.8333333  -0.16666667 -0.8333333  -0.5        -0.6666667   0.16666667
 -0.33333334  0.          0.16666667  0.8333333  -0.33333334  0.33333334
  0.6666667   0.          0.16666667  0.          0.8333333   0.
 -0.16666667  0.33333334 -0.33333334  0.16666667  0.16666667 -0.33333334
 -0.33333334  0.5         0.33333334 -0.6666667   0.         -0.6666667
  0.          0.16666667 -0.16666667  0.5         0.6666667   0.
 -0.16666667  0.16666667  0.6666667  -0.5         0.5         0.
  0.         -1.         -0.6666667   0.          0.16666667 -1.
  0.5        -0.5         0.6666667   0.16666667 -0.8333333  -0.33333334
  0.         -0.16666667  0.8333333   0.          0.16666667  0.33333334
  0.6666667  -0.16666667  0.16666667  0.5         0.8333333  -0.6666667
  0.          0.33333334  0.6666667   0.         -0.16666667 -0.33333334
 -0.8333333   1.         -0.6666667   0.6666667   0.          0.6666667
  0.16666667  0.5         0.33333334 -0.8333333   0.          0.
  0.5         0.33333334  0.          0.          0.          0.
  0.          0.33333334 -0.5         0.          0.16666667  0.
  0.          0.          0.16666667  1.          0.6666667  -0.5
  0.33333334  0.          0.          1.          0.          0.5
  0.16666667  0.         -0.16666667  0.          1.          0.
  1.          0.          0.16666667  0.          0.16666667 -0.16666667
 -0.8333333  -0.33333334  0.          0.16666667  0.          0.16666667
  0.33333334  0.33333334 -0.8333333  -0.8333333   0.16666667  0.16666667
  0.9166667   0.16666667  0.5         0.6666667   0.33333334 -0.6666667
 -0.6666667   0.33333334 -0.6666667   0.          0.16666667 -0.16666667
 -0.8333333  -0.33333334 -0.6666667   0.33333334  0.5         0.33333334
  0.25        0.33333334  0.          0.33333334  0.          0.
  0.6666667   0.          0.8333333   0.6666667   0.5         0.33333334
  0.75       -0.16666667  0.25        0.          1.          0.33333334
  0.33333334  0.33333334  0.5         0.8333333   0.16666667  0.
  0.16666667  0.5         0.75        0.41666666  0.16666667]
Predictions: [ 2.41517946e-01 -1.82410814e-02  1.88990869e-03 -5.97103357e-01
  1.16779074e-01 -6.70897402e-03  2.08132081e-02 -6.58178702e-03
  2.06551701e-01 -6.08184338e-01 -3.88910115e-01  1.09432489e-02
  2.26762101e-01  1.72210738e-01 -7.40316883e-03  8.74531269e-03
 -4.43155877e-03 -3.03885061e-02 -4.31746244e-02  2.99260199e-01
 -4.63655889e-01  8.63831490e-03 -3.82540405e-01 -6.05896413e-01
 -6.96278214e-02  3.64426315e-01 -5.22647619e-01 -1.11013371e-02
 -8.15471113e-02  2.58254632e-03  8.72386545e-02 -4.80331838e-01
  1.00198574e-03  3.38225104e-02  8.89813602e-02  2.82521725e-01
  1.70346536e-02  5.21252118e-02  2.44710073e-01  7.45308548e-02
  1.07668824e-02 -3.96508574e-02 -3.31825018e-01  4.06065919e-02
  4.83305193e-02  1.88236274e-02 -9.64230001e-02 -1.84726372e-01
  2.61417836e-01 -8.11824858e-01  1.70481175e-01 -2.77997524e-01
  9.54957455e-02 -8.14024545e-03 -2.44221464e-01 -9.09231663e-01
  8.77880305e-02 -4.45861250e-01 -3.57016653e-01  2.85431668e-02
  1.09891407e-02 -7.66466260e-01 -7.19216466e-03 -5.33072889e-01
 -7.78989196e-02  1.02349609e-01 -1.22711405e-01  2.94577628e-02
 -4.47063625e-01 -3.15166473e-01  1.87373057e-01  4.16943908e-01
 -1.25257969e-01  1.05640054e-01  2.35794947e-01  2.41038427e-01
  3.49462390e-01  6.14229701e-02  5.88179864e-02  1.43817827e-01
  3.26121449e-01  1.21455148e-01  1.78154819e-02  2.43757293e-03
  2.47383639e-02  5.15243821e-02  2.86680833e-03  4.60884757e-02
  1.38154611e-01 -1.38659939e-01  1.90829672e-02 -6.34235144e-02
  3.19209322e-02 -2.57546574e-01  4.20573317e-02  5.89317419e-02
 -1.53405610e-02  1.16158165e-02  2.15975195e-02  1.73887134e-01
  3.32434103e-02 -5.64391315e-01  9.46649611e-02 -2.53599197e-01
 -1.23231813e-01  3.38816613e-01 -6.10266253e-02 -6.75100327e-01
 -1.74754858e-01  6.92432001e-03 -5.17147899e-01  1.87174156e-02
  3.97302248e-02  1.11644670e-01  2.07217023e-01  2.25025579e-01
  2.89704949e-02  8.13627616e-03  1.42945260e-01  1.60530090e-01
  1.61688343e-01  4.28865492e-01 -7.86622092e-02 -4.90285233e-02
  2.51159728e-01  2.31148586e-01 -2.05871817e-02 -2.80036509e-01
  4.44583297e-01 -4.71878082e-01 -3.79946262e-01 -1.16028525e-02
  1.71687678e-01 -3.24157208e-01 -1.84485003e-01 -2.28488311e-01
 -7.19898194e-02 -7.06929713e-02  6.01947494e-02  1.13690197e-02
  3.49874236e-02 -9.55938280e-01 -3.36833596e-01 -2.12980993e-03
 -7.62736917e-01  1.70639887e-01 -4.73480016e-01 -1.56573117e-01
 -3.88096213e-01  2.83366516e-02  2.86248624e-01 -7.12818086e-01
  6.69152662e-03  1.52724944e-02  3.64103951e-02  5.76218776e-02
  2.40635499e-01  2.23602042e-01  5.19352369e-02  7.72851408e-02
  3.43145818e-01 -2.93765515e-01 -1.66633844e-01 -5.27003296e-02
  1.92114651e-01  1.38303302e-02 -1.99663281e-01  2.89555490e-01
  4.21303719e-01 -4.21313569e-03 -2.05029145e-01 -4.85917151e-01
  1.21903628e-01 -3.85642350e-01  3.24640609e-02  4.18692939e-02
  9.77076292e-02 -8.87200981e-03 -2.98213452e-01  4.84976433e-02
 -2.48431601e-02 -4.73126292e-01  4.38118339e-01  1.12082064e-02
  3.84026654e-02  1.34548604e-01  4.18584794e-03 -9.11677331e-02
 -3.21040154e-01 -6.46950185e-01  2.60505378e-01 -2.17493325e-01
  1.51831098e-02  1.63814463e-02  6.43438101e-02  1.57370314e-01
  1.03245229e-01 -2.11169533e-02  4.72580828e-02  2.74432749e-01
  4.07592833e-01  1.20621711e-01 -4.82530057e-01 -1.86514065e-01
  1.12362832e-01  1.37986869e-01 -8.78902674e-02  1.00491866e-02
  7.79557377e-02 -3.21220726e-01 -2.24687517e-01  4.85571362e-02
  1.09242305e-01 -2.93987274e-01 -5.46664238e-01  1.12552360e-01
  1.80430979e-01 -2.47059748e-01 -5.50325990e-01  8.92170221e-02
 -5.65576255e-02  2.35040672e-02  5.03012575e-02  5.25721274e-02
 -5.30501187e-01  6.42424226e-02 -1.71595156e-01  2.48676278e-02
 -5.63791275e-01  9.54510868e-02  4.12110575e-02 -2.70767156e-02
 -4.44189087e-02 -8.89766216e-02 -7.17325509e-02  1.80501804e-01
  4.04475123e-01  2.61841938e-02  1.93558350e-01  1.62578821e-01
  3.32808673e-01 -1.79682776e-01 -4.32618596e-02 -5.78133464e-01
  2.67810285e-01  3.83759849e-02 -3.51433814e-01  1.15419492e-01
  3.76218677e-01 -6.05145276e-01  1.08432546e-01 -2.30463281e-01
  3.24201137e-01  4.42325212e-02  4.24643427e-01 -8.05578232e-02
 -4.13078479e-02 -1.51052013e-01 -1.99695393e-01  3.08250077e-02
 -6.35348439e-01 -8.02757621e-01 -4.85970289e-01  1.87803470e-02
 -4.64623213e-01  2.69511715e-02  2.74245106e-02 -1.72956184e-01
 -1.04624089e-02 -4.03358012e-01  1.51438624e-01 -3.80047224e-02
  2.08086073e-02  2.46507563e-02  5.43705039e-02  2.47262232e-02
  3.70748401e-01  2.29672268e-01  3.33510429e-01 -7.22230375e-02
  2.21171603e-03 -2.81819731e-01  6.80094957e-02 -2.83706963e-01
  1.99590415e-01  8.07683468e-02 -4.13047940e-01  2.29934797e-01
  2.69239366e-01  3.52814831e-02 -5.67210674e-01 -5.75428247e-01
  1.71761811e-01  1.30541883e-02 -3.51023227e-02  2.52288282e-02
  1.79779343e-02  2.70886347e-02 -7.39173830e-01 -1.66006640e-01
 -2.67010480e-01 -3.92260313e-01 -4.74055141e-01  2.41288655e-02
  3.67692381e-01 -7.31800199e-02 -5.67974448e-01 -1.63170725e-01
  4.95873764e-03 -7.63910450e-03  3.42377752e-01  1.31745130e-01
  1.85838081e-02  2.92904042e-02  1.70474462e-02  2.94741616e-02
  9.61558521e-02  5.38637079e-02  5.83190806e-02  3.64083946e-01
  1.73046112e-01  8.68232399e-02  3.78436483e-02  1.08031034e-02
  3.22407298e-02  4.57185768e-02 -8.69467109e-02 -1.15298592e-02
  5.05064428e-01 -2.20527917e-01  1.99235573e-01 -6.81049377e-02
  1.02086037e-01 -2.87973862e-02 -1.00519136e-01 -4.54560548e-01
 -7.85736591e-02 -6.15048558e-02  3.58847342e-02 -2.69728988e-01
 -7.81454444e-02 -6.56123161e-01  1.99872270e-01 -2.57552505e-01
  3.61944556e-01  8.52998346e-02 -5.92138886e-01 -6.46510422e-02
  3.59134935e-02 -4.76429939e-01 -6.05720691e-02 -4.52659875e-01
  1.33639015e-02  3.24235447e-02  8.46937001e-02  5.20679094e-02
  1.99214131e-01  2.58742012e-02  4.40366454e-02  5.73910236e-01
  1.32509917e-01  6.88152164e-02  2.29343027e-02  6.35485724e-03
  5.59661686e-01  1.85587853e-01 -3.87449712e-01  1.52855776e-02
  4.12295043e-01 -3.86068672e-02  6.59068823e-02 -2.99754858e-01
  3.62869084e-01  1.14478730e-02  3.75702642e-02 -1.37277171e-01
  3.98440093e-01 -1.62844043e-02  4.84243594e-02  1.10198319e-01
 -7.21385702e-04  3.37698497e-02 -4.95455384e-01 -2.67776489e-01
  2.03146473e-01  1.78980395e-01  8.38601440e-02 -3.74318510e-01
  1.88445114e-03 -4.51473057e-01  3.51390690e-01 -6.62395418e-01
  6.11089058e-02  1.02536827e-02  1.96117237e-01  3.34101617e-01
  2.53720880e-01  8.83827358e-03  9.04780924e-02  4.53612022e-02
 -1.59109280e-01  4.54456471e-02 -4.90779504e-02 -9.40306038e-02
  1.38140291e-01  6.60987943e-02  1.63204074e-02 -6.06651567e-02
  3.21658432e-01 -1.06199905e-02  2.52656370e-01 -1.99348852e-01
  4.56172049e-01 -7.48811960e-02  1.01163909e-01  6.29727840e-02
  1.33251712e-01  1.00159913e-01  1.72030628e-02  6.65339082e-03
 -1.15339439e-02 -1.66747943e-01  3.31525877e-02 -5.78985155e-01
  4.06770296e-02  5.90591095e-02 -6.16227746e-01  2.40119696e-02
 -3.69257331e-01 -6.12186670e-01 -8.24494660e-02 -4.72245812e-01
 -3.23681906e-02  5.16154654e-02  2.87340909e-01  2.00944185e-01
  1.65389225e-01  3.31023075e-02 -2.41995797e-01  1.82480380e-01
  1.60446391e-01  1.11562386e-01 -1.49079666e-01 -3.01525950e-01
  1.70447350e-01  8.14656913e-02 -1.11122187e-02  3.71820629e-01
  8.14352334e-02 -3.22167367e-01 -4.56711739e-01  3.81128229e-02
  5.93376905e-03  1.89331882e-02  1.37925148e-02 -8.25720653e-03
  3.93124036e-02 -1.00663051e-01 -3.56149852e-01  3.50263454e-02
 -1.37879327e-01 -4.11095798e-01  2.32906267e-03 -3.01496517e-02
 -4.30474222e-01  6.15037419e-02 -5.39369702e-01 -3.67556125e-01
 -6.92499995e-01 -3.63048404e-01 -4.54758227e-01 -2.97975600e-01
  2.98677012e-03  3.37719060e-02  1.22249514e-01  5.29961102e-02
  1.46410152e-01  2.19256766e-02  1.92580670e-02  3.32482159e-06
  6.03790224e-01 -2.18128219e-01  1.98791176e-02 -6.07923344e-02
  1.57745481e-02  2.25022957e-02  1.26433335e-02  7.46341348e-02
  2.98291333e-02 -4.94303077e-01  2.93585323e-02 -7.11836159e-01
 -6.19281940e-02  5.76982833e-02  1.48295984e-02 -5.67071974e-01
  4.78623472e-02 -2.65289955e-02  1.92650005e-01  5.83930574e-02
 -1.32246137e-01 -1.26922354e-02  1.83247671e-01 -4.07163352e-01
  7.86974281e-02  3.09693888e-02  5.38692594e-01 -3.83097589e-01
  2.57183872e-02 -3.20817053e-01  2.38838658e-01 -5.60492694e-01
 -6.88823462e-01  5.86717539e-02  2.83939429e-02 -2.50307381e-01
 -2.64561146e-01 -4.59938079e-01 -6.46557808e-01  2.28096649e-01
 -1.44375771e-01 -4.16470587e-01  2.17778876e-01  1.61781803e-01
 -4.70006973e-01  3.65990065e-02  3.80939096e-01 -1.05998322e-01
 -5.15869409e-02 -4.14084405e-01  8.83332789e-02  2.13393718e-01
 -1.13099553e-02  2.46946029e-02 -1.74771458e-01 -2.59694010e-02
 -1.88428536e-01 -6.49431795e-02  1.94698796e-02 -1.48708783e-02
 -5.15334964e-01  3.42299879e-01 -1.12441573e-02 -2.02541035e-02
  7.17559159e-02  5.34404926e-02 -1.22909263e-01 -2.60182042e-02
  1.75488770e-01 -6.13018394e-01 -3.76968682e-01 -4.80569005e-01
  3.61801475e-01 -3.96945655e-01  2.45304033e-02  5.41541167e-02
  2.02443413e-02 -3.26272920e-02  1.16620883e-02  3.61644179e-01
 -6.79350197e-01  2.20426917e-03 -3.80297482e-01  1.71950579e-01
  3.22316229e-01  1.85425684e-01  5.34656905e-02  4.00305599e-01
  5.78133464e-01 -4.21348691e-01  2.01568887e-01  1.43569820e-02
  5.67309499e-01 -5.50160587e-01 -1.14285424e-01  4.55184847e-01
 -1.81628168e-01 -8.52380544e-02  7.30094016e-02  1.53576396e-02
  5.93312144e-01  1.32902227e-02 -6.20781720e-01  5.31741202e-01
  9.20405835e-02  2.14958861e-01  4.51123342e-04  1.06438845e-01
 -2.15188786e-01  1.99313372e-01  1.57221369e-02  3.30196694e-03
  2.02318013e-01  1.33363292e-01  5.56896508e-01  1.27867103e-01
 -6.44296467e-01 -7.52204776e-01  9.30453986e-02  3.74902077e-02
 -2.91045070e-01 -1.26461178e-01 -5.06470203e-02 -3.94444883e-01
  2.22399577e-01 -2.01943845e-01 -4.14885968e-01 -3.94644737e-02
 -7.78044015e-02 -1.46387503e-01  3.65457565e-01  6.39488697e-02
  4.62304987e-02 -2.25673765e-02  2.01659635e-01  3.64531279e-01
  6.21599741e-02  3.15071717e-02  1.32315889e-01  6.46186471e-02
  1.76826522e-01  7.92251527e-02  3.09889764e-02  3.72423120e-02
  1.88459024e-01  1.95537537e-01  3.30057710e-01  7.28368461e-02
 -2.24700615e-01  4.61173475e-01  9.36215669e-02 -2.62652755e-01
  5.15516512e-02  1.96001261e-01 -1.78482667e-01  4.89105470e-02
  4.77020472e-01  1.12485111e-01  9.81330723e-02  4.40666258e-01
  4.43805635e-01  1.27984896e-01  2.38409385e-01  1.92472890e-01
  2.05122441e-01  1.68960430e-02  3.21217597e-01]
{"epoch": 11, "train_loss": 0.25755550833635554, "val_mae": 0.30709606409072876, "val_corr": 0.4902564637028476, "val_binary_acc": 0.6213292117465224, "val_binary_f1": 0.6423357664233577, "threshold": 0.0}
Labels: [ 1.          0.33333334 -0.6666667  -0.8333333  -0.33333334  0.
  0.5         0.          0.33333334 -0.5         0.33333334  0.
  0.5         0.5         0.6666667  -0.16666667  0.         -0.6666667
  1.         -0.33333334 -1.          0.         -0.33333334 -0.8333333
  0.16666667  0.33333334 -0.6666667   0.          0.          0.
  0.33333334 -0.8333333   0.5         0.16666667 -0.33333334  0.33333334
  0.          0.6666667   0.         -0.16666667  0.33333334  0.16666667
 -0.6666667  -0.5         0.          0.16666667  0.          1.
  0.33333334 -0.8333333   0.16666667 -0.16666667  0.16666667  0.16666667
  0.6666667  -0.5         0.         -0.6666667   0.5         0.6666667
 -0.16666667 -0.6666667   0.         -0.8333333   0.33333334 -0.16666667
 -0.5        -0.33333334 -0.8333333  -0.8333333  -0.5         0.5
  0.33333334  0.          0.5         0.33333334  0.6666667   0.6666667
 -0.16666667 -0.33333334  0.33333334  0.16666667 -0.33333334 -0.6666667
  0.          0.          0.16666667  0.          0.5         0.
  0.          0.          0.16666667 -0.8333333   0.          0.
  0.16666667  0.16666667  0.16666667  0.         -0.33333334 -0.8333333
  0.         -0.33333334  0.          0.33333334  0.         -0.8333333
 -0.33333334  0.         -0.5         0.          0.8333333   0.5
  0.5         0.33333334  0.          0.          0.6666667  -0.16666667
  0.75        0.8333333  -0.5         0.33333334  0.          0.16666667
  0.5         0.33333334  0.6666667  -0.5        -0.16666667  0.33333334
  0.8333333  -0.8333333   0.16666667  0.          0.          0.
 -1.          0.16666667  0.33333334 -1.          0.          0.
  1.          0.33333334 -1.          0.33333334 -0.16666667  0.16666667
  0.6666667  -0.6666667   0.          0.33333334 -0.16666667  0.16666667
  0.33333334  0.33333334  0.33333334  0.5         0.33333334 -0.16666667
 -0.6666667  -0.8333333   0.          0.16666667 -0.16666667  1.
  0.5         0.16666667  0.16666667 -0.16666667  0.16666667  0.33333334
  0.16666667 -0.33333334  0.          0.16666667  0.16666667  0.33333334
  0.         -0.8333333  -0.5         0.16666667  1.          0.16666667
  0.16666667 -0.8333333   0.         -0.16666667  0.6666667  -0.6666667
  0.5         0.33333334  0.16666667  0.          0.33333334  0.33333334
  0.          1.          0.25        0.33333334 -0.6666667  -0.8333333
  0.          0.16666667 -0.33333334  0.          0.5        -0.16666667
  0.16666667 -0.16666667  0.         -0.16666667  0.33333334  0.8333333
  0.8333333   0.5        -0.5         0.16666667 -1.          0.
  0.16666667 -0.8333333  -0.16666667 -0.33333334 -0.16666667 -1.
 -0.16666667  0.          0.5        -0.5        -0.5         0.33333334
  0.          0.33333334  0.33333334  0.          0.          0.6666667
  0.5         0.33333334 -0.8333333  -0.8333333   0.16666667 -0.16666667
  1.          0.8333333   0.5         0.16666667 -0.16666667 -0.16666667
  0.5        -0.5         0.5        -0.16666667  0.33333334  0.33333334
 -0.5         0.5        -0.6666667  -1.         -0.5        -0.16666667
  0.6666667  -0.33333334  0.          0.33333334  0.         -0.8333333
  0.33333334 -0.33333334 -0.16666667  0.33333334  0.          0.33333334
  0.6666667   0.5         0.16666667  0.16666667  0.08333334  0.
  0.5         0.6666667   0.16666667  0.          0.          0.
  0.          0.16666667 -0.33333334 -0.8333333  -0.16666667  0.
  0.16666667  0.          0.5         0.         -0.8333333   0.5
 -0.6666667  -0.8333333  -0.6666667   0.          1.          0.16666667
 -0.6666667   0.16666667  0.          0.          1.         -0.16666667
  0.          0.33333334  0.16666667  0.8333333   0.5         1.
  0.          0.          0.6666667   0.33333334  0.          0.
  0.          0.          1.          0.16666667  0.5        -0.33333334
  0.16666667  0.          0.33333334  0.         -0.16666667 -0.5
 -0.5         0.8333333   0.          0.16666667  0.         -0.8333333
 -0.6666667   0.          0.8333333   0.          0.          0.
  0.         -0.6666667  -0.33333334 -0.6666667   0.16666667  0.16666667
  0.16666667  0.33333334  0.33333334  0.8333333  -0.33333334  0.
  0.6666667   0.          0.          0.          0.33333334  0.
  0.33333334  1.          0.16666667  0.         -0.16666667  0.16666667
  0.33333334  0.          0.33333334 -0.8333333   0.6666667   0.5
  0.          0.8333333  -0.5        -0.16666667 -0.5         0.
  0.8333333  -0.16666667  0.6666667  -0.33333334  0.16666667 -0.8333333
  0.8333333  -1.          0.5         0.5         0.          0.16666667
  0.5         0.         -0.16666667  0.33333334  0.6666667   0.6666667
 -0.16666667  0.          0.6666667   0.16666667  0.          0.16666667
  0.5         0.33333334  0.6666667   0.6666667   0.33333334  0.5
 -0.6666667   0.5         0.8333333   0.5         0.          0.16666667
  0.         -0.8333333  -0.5        -0.16666667  0.8333333   0.
  0.33333334  0.         -0.6666667  -0.5        -0.16666667 -0.16666667
  0.          0.6666667   0.          0.5         0.          0.8333333
  0.          0.33333334  0.41666666  0.         -0.8333333  -0.33333334
  0.          0.16666667  0.          0.8333333   0.8333333   0.
 -0.6666667   0.         -0.16666667  0.          0.33333334  0.
  0.          0.         -0.6666667   0.         -0.33333334 -0.16666667
  0.         -0.6666667   0.6666667   0.16666667 -0.33333334 -0.6666667
 -0.8333333  -0.16666667 -0.8333333  -0.5        -0.6666667   0.16666667
 -0.33333334  0.          0.16666667  0.8333333  -0.33333334  0.33333334
  0.6666667   0.          0.16666667  0.          0.8333333   0.
 -0.16666667  0.33333334 -0.33333334  0.16666667  0.16666667 -0.33333334
 -0.33333334  0.5         0.33333334 -0.6666667   0.         -0.6666667
  0.          0.16666667 -0.16666667  0.5         0.6666667   0.
 -0.16666667  0.16666667  0.6666667  -0.5         0.5         0.
  0.         -1.         -0.6666667   0.          0.16666667 -1.
  0.5        -0.5         0.6666667   0.16666667 -0.8333333  -0.33333334
  0.         -0.16666667  0.8333333   0.          0.16666667  0.33333334
  0.6666667  -0.16666667  0.16666667  0.5         0.8333333  -0.6666667
  0.          0.33333334  0.6666667   0.         -0.16666667 -0.33333334
 -0.8333333   1.         -0.6666667   0.6666667   0.          0.6666667
  0.16666667  0.5         0.33333334 -0.8333333   0.          0.
  0.5         0.33333334  0.          0.          0.          0.
  0.          0.33333334 -0.5         0.          0.16666667  0.
  0.          0.          0.16666667  1.          0.6666667  -0.5
  0.33333334  0.          0.          1.          0.          0.5
  0.16666667  0.         -0.16666667  0.          1.          0.
  1.          0.          0.16666667  0.          0.16666667 -0.16666667
 -0.8333333  -0.33333334  0.          0.16666667  0.          0.16666667
  0.33333334  0.33333334 -0.8333333  -0.8333333   0.16666667  0.16666667
  0.9166667   0.16666667  0.5         0.6666667   0.33333334 -0.6666667
 -0.6666667   0.33333334 -0.6666667   0.          0.16666667 -0.16666667
 -0.8333333  -0.33333334 -0.6666667   0.33333334  0.5         0.33333334
  0.25        0.33333334  0.          0.33333334  0.          0.
  0.6666667   0.          0.8333333   0.6666667   0.5         0.33333334
  0.75       -0.16666667  0.25        0.          1.          0.33333334
  0.33333334  0.33333334  0.5         0.8333333   0.16666667  0.
  0.16666667  0.5         0.75        0.41666666  0.16666667]
Predictions: [ 3.63999128e-01 -2.35231519e-01  2.37654805e-01 -3.81593347e-01
  1.68455005e-01  1.52037650e-01  3.67314488e-01 -1.57787614e-02
  3.62161100e-01 -3.29715759e-01 -2.85312403e-02 -1.37828812e-02
  2.92950302e-01  3.88273209e-01  1.98016793e-01  1.51527859e-02
  6.32048026e-02 -3.13897468e-02  1.84921801e-01  5.06659567e-01
  5.99683076e-02  8.30710158e-02 -2.93071568e-02 -4.19568896e-01
  2.95917958e-01  6.13789618e-01 -3.71116459e-01  5.61244935e-02
 -6.68783300e-03  2.33372301e-01  2.49083817e-01 -3.27842951e-01
  5.28895631e-02  3.92929092e-02  1.58798665e-01  4.01712060e-01
  1.18427493e-01 -2.09567770e-02  4.77249742e-01  1.62333906e-01
  1.24252312e-01  1.28198057e-01 -2.47814089e-01 -8.96481797e-03
  1.30496770e-01  8.67818445e-02  4.24311161e-01  3.50780964e-01
  3.30754876e-01 -7.28843868e-01  4.94087577e-01  2.32325867e-04
  1.86817259e-01  1.51537150e-01 -2.60412954e-02 -8.10150921e-01
  8.15432146e-02 -6.22725487e-01 -1.16086856e-01  1.30687281e-03
  1.66722357e-01 -7.09821343e-01  5.77067956e-04 -3.27004343e-01
  3.40153798e-02  6.48787022e-02 -2.36129940e-01  2.03334652e-02
 -3.09439242e-01  2.53713131e-03  2.65422046e-01  7.35581040e-01
  6.79370910e-02  2.06979871e-01  5.01106620e-01  3.14515412e-01
  6.28077388e-01  7.30692074e-02  2.11086154e-01  1.56906277e-01
  5.77248752e-01  1.53596997e-01  7.26892427e-02  2.90901884e-02
  1.01575576e-01  1.93097353e-01  2.31634080e-03  3.34165618e-02
  3.33166927e-01  4.09298018e-03  5.67844138e-04 -3.60861942e-02
  1.79118842e-01  1.34423345e-01  1.31081492e-01  1.38246626e-01
  2.86548622e-02  9.02149007e-02  1.03553794e-01  2.98852056e-01
  6.08233288e-02 -6.67101145e-01  3.81044984e-01 -3.04355115e-01
  2.43250936e-01  4.02915508e-01  7.94638842e-02 -4.62087929e-01
  1.72547907e-01  1.28123552e-01 -4.11764354e-01  4.40864086e-01
  3.03730667e-02  2.15159446e-01  2.78543442e-01  3.24201673e-01
  7.55157247e-02 -1.22903697e-02  3.63997251e-01  2.75210142e-01
  3.50406379e-01  5.79846382e-01  3.78391519e-02  2.10907280e-01
  5.69522262e-01  7.54936486e-02 -7.67149031e-03  1.00064673e-01
  7.83474386e-01 -1.51442528e-01 -7.55885020e-02  2.01446652e-01
  2.31466770e-01 -2.32890129e-01 -8.05643499e-02 -1.55373573e-01
  4.12371233e-02 -5.55138364e-02  4.39737052e-01  8.28066990e-02
  6.45082816e-02 -7.25025475e-01 -1.51230723e-01  2.80334502e-01
 -7.07425833e-01  2.26814449e-01 -2.77337551e-01 -8.09701160e-03
 -6.53974265e-02  1.72407091e-01 -6.95486963e-02 -4.25407588e-01
  1.62564218e-02  4.36571836e-02  1.72460258e-01  1.09416910e-01
  2.79310703e-01  4.55996156e-01  2.58714765e-01  1.57118380e-01
  5.08278787e-01 -1.78459175e-02  5.59791997e-02  1.02510788e-01
  4.67567801e-01  9.53292102e-03 -1.82943910e-01  5.90362430e-01
  6.33347094e-01 -3.18699516e-03  8.78674164e-02 -2.71546721e-01
  1.36773556e-01 -4.92401049e-03  6.71905950e-02  1.22829378e-02
  1.14483736e-01  5.46362922e-02 -5.17591387e-02  1.54527307e-01
  8.07156786e-02 -3.96376193e-01  5.01331210e-01  8.61494467e-02
  2.22808212e-01  1.86193258e-01  3.06425095e-02 -1.33239850e-01
 -9.52844694e-02 -1.90618664e-01  5.68855166e-01 -7.70174190e-02
  7.26008415e-03  2.43272096e-01  2.01792657e-01  1.43092349e-02
  2.28748381e-01 -5.76019473e-03  7.01640397e-02  4.30047005e-01
  6.51164949e-01  2.34109998e-01 -3.39931518e-01  1.46180511e-01
  3.26207936e-01  2.46641695e-01 -2.78889000e-01  5.16848043e-02
  2.12107509e-01 -2.33724713e-01  2.05972791e-03 -2.58215647e-02
  1.16447143e-01  6.36546463e-02 -4.91222203e-01  2.35675335e-01
  4.38137084e-01 -1.67714767e-02 -1.87425464e-01  3.76126170e-02
  1.63600668e-02  1.88253485e-02  2.49437273e-01  3.47794890e-01
 -2.67915815e-01  5.14349043e-02  1.31964922e-01  4.65293705e-01
 -4.72152114e-01  1.75967216e-01  2.59861737e-01  2.18738079e-01
 -3.39186192e-02  2.28015743e-02  1.59544468e-01  3.28552067e-01
  6.42932832e-01  5.90582341e-02  2.17679560e-01  2.38882035e-01
  6.19624555e-01  3.71630043e-02 -4.83998418e-01 -2.84964263e-01
  4.80049253e-01  1.01016529e-01 -2.13638604e-01  2.81125426e-01
  6.56580687e-01 -2.67706990e-01  3.34555835e-01 -3.15699540e-03
  4.47479367e-01 -4.99232486e-03  6.23020768e-01 -5.19528724e-02
 -6.91676289e-02  1.27829403e-01 -1.68322951e-01  1.63200587e-01
 -5.90232670e-01 -6.78364456e-01  7.17784092e-03  1.71422184e-01
 -2.05220520e-01  1.17437698e-01  1.36950374e-01  1.27711356e-01
  3.50551456e-02 -4.84622180e-01  4.15420741e-01  2.88275272e-01
  9.36203822e-03  1.10211574e-01  1.74213536e-02  4.08450589e-02
  5.04785120e-01  5.05290508e-01  6.15813673e-01  2.37297505e-01
  4.15998131e-01  3.11254114e-02  2.47964889e-01 -3.58306505e-02
  5.99654257e-01  1.83081239e-01 -1.43372446e-01  5.47865272e-01
  4.84238029e-01  1.51669979e-01 -2.54888415e-01 -3.22697788e-01
  2.45201737e-01  1.36992514e-01 -5.12794703e-02  2.71677338e-02
  1.87584721e-02  1.16274022e-02 -5.13644874e-01 -7.70992264e-02
  3.20151374e-02 -2.55185932e-01 -1.92324221e-01  2.60485739e-01
  6.30938292e-01  1.04553662e-01 -3.37844491e-01  6.71645701e-02
  9.12347808e-02  1.25316143e-01  5.36222577e-01  5.18592834e-01
  4.21069935e-02  5.42800203e-02  5.36332369e-01  1.87693834e-01
  2.33142942e-01  2.34510273e-01  1.76897854e-01  5.26278198e-01
  4.22921598e-01  1.80856228e-01  7.92229325e-02  1.36098750e-02
  7.22448304e-02  4.49687839e-02  3.60540301e-03  1.01240136e-01
  7.61911213e-01  3.20378989e-01  2.67371327e-01  2.60438919e-01
  2.20732056e-02  8.67400691e-02  6.40833378e-02 -1.57421201e-01
 -6.48187697e-02 -8.80420581e-03  3.15317750e-01 -4.51712757e-02
 -6.82722181e-02 -6.24778509e-01  3.43288243e-01 -1.37527529e-02
  5.81695199e-01  2.03805029e-01 -3.71031612e-01 -3.52984726e-01
  5.50491661e-02 -2.82671541e-01  3.38478833e-02 -6.38783500e-02
  3.45652625e-02  9.21710134e-02  2.13749379e-01  1.45120680e-01
  4.04501766e-01  1.78305417e-01  1.64588600e-01  7.07711577e-01
  2.13005543e-01  2.57978410e-01  2.24118233e-01 -1.61127932e-02
  7.74433136e-01  2.48773158e-01 -4.07846510e-01 -2.56288480e-02
  6.43412173e-01  8.16868916e-02  1.30007684e-01 -1.61463022e-01
  4.91014361e-01  2.53581926e-02  3.27349231e-02  3.91323417e-02
  4.90587115e-01  3.11245382e-01  2.56995201e-01  4.56689686e-01
 -2.53417380e-02  2.33035646e-02  2.85095721e-03 -5.65865412e-02
  3.37345213e-01  1.62383080e-01  3.08646470e-01  2.09596977e-02
  1.45802721e-02 -1.04325175e-01  5.90851009e-01 -4.50139076e-01
  2.48088062e-01  2.09798247e-01  3.11241895e-01  4.35163230e-01
  4.99476612e-01  4.28876951e-02  1.55921727e-01  1.93762854e-02
 -8.75128806e-03  1.58852905e-01  9.53565910e-02 -3.52485739e-02
  5.51061988e-01  3.99667397e-02  4.53675166e-02  2.62481958e-01
  4.30271804e-01  6.50853291e-02  4.25392300e-01  9.57016721e-02
  5.80568850e-01  5.08534834e-02  1.79620236e-01  4.21426356e-01
  1.99111760e-01  3.06553930e-01  2.98051909e-02  1.30842209e-01
 -1.72375366e-02 -1.68243229e-01  2.48561680e-01 -2.48705298e-01
  2.30970591e-01  1.14325352e-01 -1.34432048e-01  3.08945060e-01
 -1.69501632e-01 -4.30046737e-01 -2.89549455e-02 -1.32094711e-01
 -1.38529297e-02  1.51382685e-01  4.49190199e-01  4.19279039e-01
  2.88738757e-01  2.67978832e-02 -1.40357614e-01  1.41247183e-01
  5.57707369e-01  1.18966721e-01  5.55896014e-02 -1.03683382e-01
  3.16765875e-01  7.45693967e-02  4.00176644e-02  5.98136485e-01
  1.10721685e-01 -1.19476862e-01 -1.21863976e-01  2.32693344e-01
  2.04115838e-01 -4.52011377e-02  9.42614302e-02  1.25485249e-02
  9.63439867e-02 -1.98790938e-01  1.55865461e-01  1.79949343e-01
  4.48650941e-02 -1.63667977e-01 -4.03583869e-02  1.73423231e-01
 -3.27920943e-01  1.17883854e-01 -9.39481929e-02 -2.87832260e-01
 -6.53997481e-01  1.82233751e-03  2.73213595e-01 -1.75926745e-01
 -2.90708188e-02 -1.82257324e-01  2.40993321e-01  2.54647285e-01
  3.35438251e-01  1.17053859e-01  1.90918505e-01  1.41960979e-01
  8.03458929e-01 -1.16399880e-02  1.78351477e-02  1.26702152e-03
  1.13732986e-01  1.31518751e-01  2.84766406e-02  1.23496331e-01
  3.07522044e-02 -2.04588443e-01  3.26174170e-01 -4.14380968e-01
  1.84090078e-01  3.53674144e-02  6.01320192e-02 -3.03064167e-01
  7.25252181e-02  3.16486269e-01  4.33481961e-01  2.00159699e-01
  2.57863790e-01  1.94464207e-01  2.43829578e-01 -3.86038572e-02
  2.80933291e-01  5.18251732e-02  7.11411119e-01 -2.21743733e-01
  2.03206763e-03 -3.56802344e-01  2.08449036e-01 -7.38604188e-01
 -5.12831390e-01  3.38744223e-01 -1.11840107e-03 -3.90997455e-02
  1.49972200e-01  4.47259024e-02 -3.56277198e-01  4.84297276e-01
 -1.32919103e-01 -2.42543191e-01  4.68872845e-01  2.07445771e-01
 -1.59793794e-01 -8.05392861e-03  6.91959977e-01  2.86725849e-01
  3.79817188e-02 -4.23744023e-02  1.29188895e-01  3.85497719e-01
  3.29733714e-02  8.71595964e-02  9.63379070e-02 -2.13821996e-02
  2.46395320e-01  1.32168710e-01 -1.66473724e-02 -2.20037885e-02
 -3.44043300e-02  4.50173676e-01  9.48189050e-02  2.40646183e-01
  2.68238276e-01  9.72638950e-02  3.84186238e-01  4.67749387e-02
  2.85454005e-01 -5.82560599e-01  2.92244554e-03 -3.06983680e-01
  6.68179452e-01 -2.67028451e-01  1.69233948e-01  9.40518901e-02
  7.50746354e-02  6.56307340e-02  4.83162180e-02  7.29286909e-01
 -4.72317964e-01  1.68332398e-01 -7.47157782e-02  3.93096685e-01
  5.52773118e-01  3.82065594e-01  3.08339864e-01  5.80920756e-01
  8.45184386e-01 -2.03426003e-01  2.37478673e-01  2.78664172e-01
  7.48195231e-01 -1.74048543e-01 -9.84515809e-03  6.51398242e-01
  2.92754799e-01  1.33998513e-01  1.61829263e-01  3.97713333e-02
  7.96035349e-01 -1.53508559e-02 -3.35144997e-01  8.76211643e-01
  4.99540091e-01  3.37211996e-01  1.53770372e-02  5.63309729e-01
  1.49890214e-01  2.74088323e-01 -9.35902260e-03  2.34066397e-01
  2.91347533e-01  1.70662582e-01  6.93401217e-01  2.04771429e-01
 -3.43656689e-01 -6.46475852e-01  2.63006061e-01  1.08543970e-03
  1.39589846e-01  8.79791752e-03  3.28473926e-01  1.59772515e-01
  2.15249687e-01  2.03262806e-01 -6.20147109e-01  1.33545637e-01
 -1.69012975e-02 -5.35994880e-02  6.48551047e-01  1.42564416e-01
  3.68342549e-03 -1.95190944e-02  3.76581967e-01  7.36828864e-01
  3.38754356e-01  2.95650601e-01  2.38161743e-01  1.36383206e-01
  3.83669436e-01  3.14924598e-01  1.34562552e-01  2.71865010e-01
  6.68281794e-01  2.51870006e-01  6.56549811e-01  2.21179485e-01
  2.96746999e-01  6.97755814e-01  2.90078133e-01  1.45806700e-01
  9.00850222e-02  2.80886471e-01  8.84438008e-02  1.35542184e-01
  7.78928876e-01  1.98673069e-01  3.04682702e-01  5.40086269e-01
  6.79268360e-01  2.54797757e-01  4.01972175e-01  3.35231721e-01
  3.31785560e-01  1.32495165e-02  3.51557434e-01]
{"epoch": 12, "train_loss": 0.25978128404118295, "val_mae": 0.3136184513568878, "val_corr": 0.4809571188347579, "val_binary_acc": 0.60741885625966, "val_binary_f1": 0.672680412371134, "threshold": 0.0}
Labels: [ 1.          0.33333334 -0.6666667  -0.8333333  -0.33333334  0.
  0.5         0.          0.33333334 -0.5         0.33333334  0.
  0.5         0.5         0.6666667  -0.16666667  0.         -0.6666667
  1.         -0.33333334 -1.          0.         -0.33333334 -0.8333333
  0.16666667  0.33333334 -0.6666667   0.          0.          0.
  0.33333334 -0.8333333   0.5         0.16666667 -0.33333334  0.33333334
  0.          0.6666667   0.         -0.16666667  0.33333334  0.16666667
 -0.6666667  -0.5         0.          0.16666667  0.          1.
  0.33333334 -0.8333333   0.16666667 -0.16666667  0.16666667  0.16666667
  0.6666667  -0.5         0.         -0.6666667   0.5         0.6666667
 -0.16666667 -0.6666667   0.         -0.8333333   0.33333334 -0.16666667
 -0.5        -0.33333334 -0.8333333  -0.8333333  -0.5         0.5
  0.33333334  0.          0.5         0.33333334  0.6666667   0.6666667
 -0.16666667 -0.33333334  0.33333334  0.16666667 -0.33333334 -0.6666667
  0.          0.          0.16666667  0.          0.5         0.
  0.          0.          0.16666667 -0.8333333   0.          0.
  0.16666667  0.16666667  0.16666667  0.         -0.33333334 -0.8333333
  0.         -0.33333334  0.          0.33333334  0.         -0.8333333
 -0.33333334  0.         -0.5         0.          0.8333333   0.5
  0.5         0.33333334  0.          0.          0.6666667  -0.16666667
  0.75        0.8333333  -0.5         0.33333334  0.          0.16666667
  0.5         0.33333334  0.6666667  -0.5        -0.16666667  0.33333334
  0.8333333  -0.8333333   0.16666667  0.          0.          0.
 -1.          0.16666667  0.33333334 -1.          0.          0.
  1.          0.33333334 -1.          0.33333334 -0.16666667  0.16666667
  0.6666667  -0.6666667   0.          0.33333334 -0.16666667  0.16666667
  0.33333334  0.33333334  0.33333334  0.5         0.33333334 -0.16666667
 -0.6666667  -0.8333333   0.          0.16666667 -0.16666667  1.
  0.5         0.16666667  0.16666667 -0.16666667  0.16666667  0.33333334
  0.16666667 -0.33333334  0.          0.16666667  0.16666667  0.33333334
  0.         -0.8333333  -0.5         0.16666667  1.          0.16666667
  0.16666667 -0.8333333   0.         -0.16666667  0.6666667  -0.6666667
  0.5         0.33333334  0.16666667  0.          0.33333334  0.33333334
  0.          1.          0.25        0.33333334 -0.6666667  -0.8333333
  0.          0.16666667 -0.33333334  0.          0.5        -0.16666667
  0.16666667 -0.16666667  0.         -0.16666667  0.33333334  0.8333333
  0.8333333   0.5        -0.5         0.16666667 -1.          0.
  0.16666667 -0.8333333  -0.16666667 -0.33333334 -0.16666667 -1.
 -0.16666667  0.          0.5        -0.5        -0.5         0.33333334
  0.          0.33333334  0.33333334  0.          0.          0.6666667
  0.5         0.33333334 -0.8333333  -0.8333333   0.16666667 -0.16666667
  1.          0.8333333   0.5         0.16666667 -0.16666667 -0.16666667
  0.5        -0.5         0.5        -0.16666667  0.33333334  0.33333334
 -0.5         0.5        -0.6666667  -1.         -0.5        -0.16666667
  0.6666667  -0.33333334  0.          0.33333334  0.         -0.8333333
  0.33333334 -0.33333334 -0.16666667  0.33333334  0.          0.33333334
  0.6666667   0.5         0.16666667  0.16666667  0.08333334  0.
  0.5         0.6666667   0.16666667  0.          0.          0.
  0.          0.16666667 -0.33333334 -0.8333333  -0.16666667  0.
  0.16666667  0.          0.5         0.         -0.8333333   0.5
 -0.6666667  -0.8333333  -0.6666667   0.          1.          0.16666667
 -0.6666667   0.16666667  0.          0.          1.         -0.16666667
  0.          0.33333334  0.16666667  0.8333333   0.5         1.
  0.          0.          0.6666667   0.33333334  0.          0.
  0.          0.          1.          0.16666667  0.5        -0.33333334
  0.16666667  0.          0.33333334  0.         -0.16666667 -0.5
 -0.5         0.8333333   0.          0.16666667  0.         -0.8333333
 -0.6666667   0.          0.8333333   0.          0.          0.
  0.         -0.6666667  -0.33333334 -0.6666667   0.16666667  0.16666667
  0.16666667  0.33333334  0.33333334  0.8333333  -0.33333334  0.
  0.6666667   0.          0.          0.          0.33333334  0.
  0.33333334  1.          0.16666667  0.         -0.16666667  0.16666667
  0.33333334  0.          0.33333334 -0.8333333   0.6666667   0.5
  0.          0.8333333  -0.5        -0.16666667 -0.5         0.
  0.8333333  -0.16666667  0.6666667  -0.33333334  0.16666667 -0.8333333
  0.8333333  -1.          0.5         0.5         0.          0.16666667
  0.5         0.         -0.16666667  0.33333334  0.6666667   0.6666667
 -0.16666667  0.          0.6666667   0.16666667  0.          0.16666667
  0.5         0.33333334  0.6666667   0.6666667   0.33333334  0.5
 -0.6666667   0.5         0.8333333   0.5         0.          0.16666667
  0.         -0.8333333  -0.5        -0.16666667  0.8333333   0.
  0.33333334  0.         -0.6666667  -0.5        -0.16666667 -0.16666667
  0.          0.6666667   0.          0.5         0.          0.8333333
  0.          0.33333334  0.41666666  0.         -0.8333333  -0.33333334
  0.          0.16666667  0.          0.8333333   0.8333333   0.
 -0.6666667   0.         -0.16666667  0.          0.33333334  0.
  0.          0.         -0.6666667   0.         -0.33333334 -0.16666667
  0.         -0.6666667   0.6666667   0.16666667 -0.33333334 -0.6666667
 -0.8333333  -0.16666667 -0.8333333  -0.5        -0.6666667   0.16666667
 -0.33333334  0.          0.16666667  0.8333333  -0.33333334  0.33333334
  0.6666667   0.          0.16666667  0.          0.8333333   0.
 -0.16666667  0.33333334 -0.33333334  0.16666667  0.16666667 -0.33333334
 -0.33333334  0.5         0.33333334 -0.6666667   0.         -0.6666667
  0.          0.16666667 -0.16666667  0.5         0.6666667   0.
 -0.16666667  0.16666667  0.6666667  -0.5         0.5         0.
  0.         -1.         -0.6666667   0.          0.16666667 -1.
  0.5        -0.5         0.6666667   0.16666667 -0.8333333  -0.33333334
  0.         -0.16666667  0.8333333   0.          0.16666667  0.33333334
  0.6666667  -0.16666667  0.16666667  0.5         0.8333333  -0.6666667
  0.          0.33333334  0.6666667   0.         -0.16666667 -0.33333334
 -0.8333333   1.         -0.6666667   0.6666667   0.          0.6666667
  0.16666667  0.5         0.33333334 -0.8333333   0.          0.
  0.5         0.33333334  0.          0.          0.          0.
  0.          0.33333334 -0.5         0.          0.16666667  0.
  0.          0.          0.16666667  1.          0.6666667  -0.5
  0.33333334  0.          0.          1.          0.          0.5
  0.16666667  0.         -0.16666667  0.          1.          0.
  1.          0.          0.16666667  0.          0.16666667 -0.16666667
 -0.8333333  -0.33333334  0.          0.16666667  0.          0.16666667
  0.33333334  0.33333334 -0.8333333  -0.8333333   0.16666667  0.16666667
  0.9166667   0.16666667  0.5         0.6666667   0.33333334 -0.6666667
 -0.6666667   0.33333334 -0.6666667   0.          0.16666667 -0.16666667
 -0.8333333  -0.33333334 -0.6666667   0.33333334  0.5         0.33333334
  0.25        0.33333334  0.          0.33333334  0.          0.
  0.6666667   0.          0.8333333   0.6666667   0.5         0.33333334
  0.75       -0.16666667  0.25        0.          1.          0.33333334
  0.33333334  0.33333334  0.5         0.8333333   0.16666667  0.
  0.16666667  0.5         0.75        0.41666666  0.16666667]
Predictions: [ 2.92913705e-01  2.70447493e-01  5.77444509e-02 -5.94221592e-01
  1.60739888e-02  3.95767950e-03 -1.35768533e-01 -1.41229987e-01
  3.93789411e-01 -6.91179037e-01 -3.91374141e-01 -1.30374357e-02
  2.23409414e-01 -1.79162771e-01 -5.18721826e-02 -3.56234424e-02
  3.15612257e-02 -3.66141163e-02 -4.07181606e-02  4.73772913e-01
 -4.41722751e-01  1.37611791e-01 -1.00122958e-01 -7.08408475e-01
  1.25132710e-01  4.73223597e-01 -6.19559467e-01 -2.26007365e-02
 -1.35484979e-01  2.13337332e-01  1.74929067e-01 -4.76268440e-01
  6.72298297e-02 -2.51941215e-02  9.43626910e-02  2.19496265e-01
  4.84817773e-02 -3.53276916e-03  3.95905733e-01  5.35479113e-02
 -1.63698830e-02 -2.46124610e-01 -4.23356324e-01 -7.65935890e-03
  1.94344714e-01  7.95674026e-02  3.26395482e-02  1.45814970e-01
  2.79074192e-01 -8.82334828e-01  3.51704687e-01 -2.84470201e-01
  1.62085295e-01  1.05467271e-02 -1.30974442e-01 -8.77136827e-01
  4.02143151e-02 -7.88928032e-01 -4.38911855e-01 -4.65218723e-03
  9.31283832e-02 -7.82686293e-01  1.39628664e-01 -6.05224788e-01
 -4.86612879e-03  2.47247517e-01 -5.85385323e-01 -3.00873108e-02
 -5.68866611e-01 -1.21458739e-01  1.85063377e-01  6.14503741e-01
 -5.30436039e-02  9.10786241e-02  2.91459352e-01  2.86379039e-01
  5.05663216e-01  5.07795252e-03  1.35091349e-01  8.16515274e-03
  4.90288049e-01  1.48311615e-01  3.10397707e-03 -5.54531589e-02
 -1.58472322e-02  6.33822978e-02  1.43565796e-03 -2.24238411e-02
  4.62345332e-01 -9.28031728e-02 -1.36423185e-02 -9.65137482e-02
  6.22219816e-02 -2.83809692e-01  5.57417646e-02  6.63819462e-02
 -2.36251019e-02  6.52406216e-02 -6.88361973e-02  2.39833206e-01
 -1.77019183e-02 -7.23772883e-01  1.35779664e-01 -8.12441409e-01
  4.17151824e-02  3.95938218e-01  9.20518488e-02 -8.10172617e-01
 -2.26714462e-01  2.84901321e-01 -5.62732935e-01  3.05746466e-01
  5.24085537e-02  1.75758988e-01  1.98932320e-01  1.74484953e-01
  9.01583955e-02  4.95153219e-02  3.47748101e-01  3.83921355e-01
  2.61879891e-01  5.75213134e-01 -3.38199049e-01 -1.92286551e-01
  3.65797698e-01  1.18840285e-01 -1.94973364e-01 -1.03552617e-01
  6.97941601e-01 -4.81191993e-01 -3.94251704e-01  5.59239611e-02
  1.68722227e-01 -4.87805784e-01 -1.74147785e-01 -2.48513803e-01
  9.19225663e-02  7.01793469e-03  9.76202413e-02  5.43064997e-02
  7.12510757e-03 -1.03314316e+00 -2.72951961e-01  1.20098777e-01
 -8.10992062e-01  2.21415132e-01 -3.96911293e-01  1.68798566e-01
 -4.53781188e-01  1.30010933e-01 -4.19918261e-02 -5.95748782e-01
  2.17652526e-02  2.70678662e-03 -1.44113787e-03  1.66011974e-01
  1.60832062e-01  4.04207677e-01  1.35075256e-01  1.21545188e-01
  3.71383041e-01 -3.84136528e-01 -6.03772141e-03 -1.35936201e-01
  2.63162732e-01 -1.07590780e-02 -1.66842118e-01  3.74299109e-01
  5.01988888e-01 -1.98398326e-02 -1.84035972e-01 -3.95645946e-01
  2.32725680e-01 -3.60068798e-01  7.80844614e-02 -1.33388229e-02
  1.14644013e-01  4.40650359e-02 -2.61485308e-01  1.34667456e-01
 -5.48309684e-02 -8.33759964e-01  5.23946702e-01  4.98557650e-03
  9.35769007e-02  1.64008930e-01  3.97282839e-02  7.75142573e-03
 -4.15227771e-01 -5.98244667e-01  4.11515445e-01 -4.66771215e-01
  1.92207564e-02  1.81393474e-01  8.36918801e-02  2.39833534e-01
  2.51484483e-01 -1.11318771e-02  4.38527316e-02  4.34825540e-01
  5.65326989e-01  3.42348903e-01 -5.07764041e-01 -1.78827673e-01
  1.98063597e-01  1.14357777e-01 -4.67289060e-01 -1.21682510e-02
  1.84689328e-01 -4.14763480e-01 -1.37718052e-01 -4.80554923e-02
  3.26354176e-01 -3.49293023e-01 -5.99986255e-01  1.90846398e-01
  3.34348947e-01 -2.65136153e-01 -5.54710627e-01  1.84358269e-01
 -3.48177046e-01 -1.04729645e-02  1.06260680e-01  9.16146263e-02
 -6.05212867e-01  1.23895220e-01 -1.79847732e-01 -1.55186906e-01
 -5.77520788e-01  1.92851067e-01  2.77678985e-02 -4.79859442e-01
 -2.35710572e-02 -4.76352721e-02 -2.22164392e-01  3.19220096e-01
  5.18133521e-01  2.88299378e-02  1.52968436e-01  2.00084820e-01
  5.29945195e-01 -2.46704713e-01 -6.75285339e-01 -4.35325980e-01
  2.42656380e-01  1.00057922e-01 -4.05297220e-01  7.16289803e-02
  5.96983194e-01 -4.03609037e-01  7.65758753e-02 -1.93011791e-01
  4.29993540e-01 -4.16574217e-02  5.30218601e-01 -3.60919423e-02
 -1.18301101e-01 -7.61554912e-02 -4.48875129e-01  8.00328031e-02
 -6.84558988e-01 -7.38658786e-01 -3.73000830e-01  4.71091270e-02
 -4.79272783e-01  1.33365691e-01  1.66707605e-01 -2.09154770e-01
 -3.28421481e-02 -6.59176826e-01  2.30639189e-01  2.77537424e-02
  1.17964111e-03  3.35951671e-02  1.96289252e-02  8.17011595e-02
  3.44240636e-01  4.78426665e-01  4.37360674e-01  3.76393855e-01
  2.35534430e-01 -3.58570665e-01  7.92970136e-02 -1.08660199e-01
  4.38228607e-01  2.64069289e-01 -5.26015759e-01  4.41792905e-01
  4.28235769e-01  2.93296855e-02 -5.93701839e-01 -9.00491953e-01
  1.37793645e-01  7.24898204e-02  2.02452932e-02 -2.27515660e-02
  5.34592755e-03  3.81819755e-02 -7.82385528e-01 -1.49715364e-01
 -3.68898839e-01 -5.00569046e-01 -3.83319080e-01  2.34786391e-01
  5.14950335e-01 -3.84917520e-02 -4.64987785e-01 -1.23609632e-01
 -8.80549699e-02  1.17686000e-02  3.39403659e-01  2.79837787e-01
  5.59669137e-02 -6.52137585e-03  3.90417248e-01  1.11463197e-01
  2.70355344e-01  2.32432008e-01  2.87628263e-01  4.22005594e-01
 -1.94441453e-01  2.92403579e-01  1.98959559e-03 -8.53441842e-03
  8.67995396e-02  7.36311674e-02 -7.96236247e-02 -3.92877869e-03
  7.27665782e-01 -1.62609980e-01  2.74834991e-01 -9.42004099e-02
  1.54978424e-01 -3.92312370e-03 -1.37651097e-02 -4.20686781e-01
 -2.22114295e-01 -2.12612078e-02  9.20041725e-02 -2.62240052e-01
 -1.38013717e-02 -6.97665751e-01  2.95233071e-01 -3.46851230e-01
  4.62546080e-01  1.92245334e-01 -4.35141355e-01 -5.48109770e-01
 -8.30864906e-03 -5.64601243e-01 -1.56143323e-01 -4.95233893e-01
  1.40406098e-02  3.38727906e-02  1.07595570e-01  8.83746296e-02
  2.63542235e-01  2.02007741e-01 -4.38720062e-02  5.83505750e-01
  1.95422113e-01  3.57600659e-01  4.32362854e-02 -2.81881467e-02
  6.21456981e-01  1.52867913e-01 -5.32858670e-01 -3.88234891e-02
  5.92308581e-01  1.51281819e-01  1.79386541e-01 -4.13034737e-01
  3.91784072e-01 -5.19075058e-02 -8.12118687e-03 -9.92042273e-02
  4.23364103e-01  7.67128244e-02  1.69367716e-01  3.97508711e-01
 -2.00680643e-02 -5.46024367e-03 -3.89184147e-01 -9.78694856e-03
  2.63898700e-01  1.55702516e-01  2.77791739e-01 -4.69736129e-01
 -1.29130054e-02 -6.97157681e-01  4.52102125e-01 -8.50295722e-01
  1.45682573e-01  8.82355496e-02  2.49596059e-01  2.11680532e-01
  3.91533196e-01 -8.44744593e-03  6.38796464e-02  9.29872505e-03
 -3.61465991e-01  2.04827860e-01  5.69209084e-02 -8.54553208e-02
  4.67302084e-01  9.49582458e-02 -1.81873858e-01 -4.51011695e-02
  3.41192037e-01 -5.16997397e-01  3.88427377e-01 -4.90420640e-01
  3.16662818e-01 -3.90642136e-01  4.84784916e-02  2.38610387e-01
  1.87484041e-01  9.77341905e-02 -7.71202296e-02 -2.88934290e-01
 -7.24211186e-02 -3.42447847e-01  2.40746558e-01 -6.46606266e-01
  6.60673678e-02  5.40336743e-02 -5.81024468e-01  1.50129527e-01
 -4.48478788e-01 -6.05583310e-01 -5.43438196e-02 -3.29789758e-01
  3.63540426e-02  1.07671358e-01  3.69409591e-01  2.74749875e-01
  1.69969767e-01  1.99334264e-01 -4.11142170e-01  2.16417491e-01
  4.98102516e-01  9.45860296e-02 -2.73147076e-01 -3.54431331e-01
  2.00142056e-01  1.22650437e-01 -6.10468090e-02  2.14394152e-01
  1.13684572e-01 -3.81657928e-01 -4.53586191e-01 -5.21188602e-02
  1.56543851e-01 -6.77345619e-02  1.33934081e-01  8.47568735e-04
  1.93479642e-01 -1.75191239e-01 -6.81899071e-01  6.87801838e-02
 -3.17527741e-01 -3.77183557e-01  1.74006671e-01 -8.80901739e-02
 -4.93463993e-01  1.76292032e-01 -5.27809739e-01 -5.58641016e-01
 -6.63218915e-01 -3.22407156e-01 -9.23699364e-02 -5.12818933e-01
  8.70403945e-02 -1.01897791e-01  3.24483782e-01  1.70656696e-01
  1.98848099e-01  6.55597523e-02  6.11230955e-02 -8.02215189e-04
  6.81722939e-01 -3.64321649e-01  5.29483855e-02 -1.26157582e-01
  2.33971942e-02  1.90358862e-01 -3.03791091e-03  5.39231524e-02
 -1.98385715e-02 -4.07256842e-01  4.29202288e-01 -7.35806346e-01
 -4.30153683e-02  2.84904748e-01 -4.35164198e-03 -7.15808630e-01
  2.58650240e-02  1.49495721e-01  2.18878999e-01  3.18267941e-02
  1.18533727e-02  4.67026308e-02  2.44637847e-01 -4.15117949e-01
  2.76102483e-01 -3.07751633e-03  5.69352984e-01 -6.47374153e-01
  3.79831120e-02 -4.69803274e-01  2.01280937e-01 -9.02559817e-01
 -7.00045586e-01  1.09223418e-01 -1.47238793e-02 -3.16864848e-01
 -3.79659794e-03 -4.34645057e-01 -5.92630506e-01  4.44955140e-01
 -2.30832845e-01 -4.12311226e-01  2.75941730e-01  2.36845434e-01
 -3.32700193e-01  7.30946660e-04  5.59511602e-01 -2.77976900e-01
  8.51056725e-02 -4.53390896e-01  6.46602586e-02 -8.03237222e-03
  5.85593283e-04 -1.56743787e-02 -1.52562052e-01 -1.45963535e-01
 -2.17651367e-01  9.77347568e-02 -7.15933181e-03 -6.82009608e-02
 -4.54385161e-01  4.30789053e-01 -1.57725245e-01  8.10464025e-02
  2.59521008e-01  1.07936598e-01  8.72907788e-02 -6.33435510e-03
  2.81926304e-01 -1.04692614e+00 -3.07981491e-01 -4.87820446e-01
  5.53332806e-01 -6.04432404e-01  1.87126487e-01  1.74948707e-01
  5.48945665e-02 -1.02471430e-02 -9.53483582e-03  5.80695093e-01
 -6.32658601e-01  9.47422534e-02 -4.98344779e-01  2.57804245e-01
  4.27820772e-01  1.49468139e-01  2.09111705e-01  4.40214872e-01
  7.40843117e-01 -5.93079031e-01  3.32620323e-01  8.14789534e-02
  6.20566547e-01 -5.90974867e-01 -2.33459711e-01  4.51421916e-01
 -9.50855240e-02 -1.14880614e-01  6.04837611e-02 -1.24733951e-02
  6.38999581e-01  2.98783574e-02 -5.19540727e-01  6.67279780e-01
  3.79998237e-01  2.28626758e-01 -9.94839221e-02  2.51824528e-01
  8.28135572e-03  2.21217424e-01  2.28253957e-02  4.09062132e-02
  1.52999565e-01  1.89432502e-01  4.40384835e-01  1.64160565e-01
 -7.02388763e-01 -8.12848389e-01  1.57785520e-01  7.44046830e-03
 -2.83502061e-02 -2.44631082e-01 -6.75174408e-03 -1.10351644e-01
  3.11328560e-01 -2.64213473e-01 -8.58844638e-01  4.86614853e-02
 -1.12293281e-01 -6.46721572e-02  4.96116787e-01  1.11107133e-01
 -7.98388384e-03 -1.94019824e-03  2.51535416e-01  6.00394964e-01
  4.08034503e-01  1.52754679e-01  1.42363459e-01  1.51598230e-01
  3.12139004e-01  1.06717311e-01  3.09488531e-02  1.13137014e-01
  1.45245388e-01  2.86902487e-01  6.64916635e-01  3.69365394e-01
 -2.34185576e-01  5.66359043e-01  1.85341820e-01 -1.87373497e-02
 -2.74186991e-02  3.01136255e-01 -5.71940005e-01  4.22817394e-02
  5.72669387e-01  2.38817692e-01  1.92064598e-01  4.09091651e-01
  5.05890787e-01  2.67466992e-01  3.80041987e-01  3.67049485e-01
  3.46973181e-01  1.74058348e-01  4.48486716e-01]
{"epoch": 13, "train_loss": 0.2566081105276596, "val_mae": 0.3056457042694092, "val_corr": 0.5163666256222237, "val_binary_acc": 0.6352395672333848, "val_binary_f1": 0.6435045317220545, "threshold": 0.0}
Labels: [ 1.          0.33333334 -0.6666667  -0.8333333  -0.33333334  0.
  0.5         0.          0.33333334 -0.5         0.33333334  0.
  0.5         0.5         0.6666667  -0.16666667  0.         -0.6666667
  1.         -0.33333334 -1.          0.         -0.33333334 -0.8333333
  0.16666667  0.33333334 -0.6666667   0.          0.          0.
  0.33333334 -0.8333333   0.5         0.16666667 -0.33333334  0.33333334
  0.          0.6666667   0.         -0.16666667  0.33333334  0.16666667
 -0.6666667  -0.5         0.          0.16666667  0.          1.
  0.33333334 -0.8333333   0.16666667 -0.16666667  0.16666667  0.16666667
  0.6666667  -0.5         0.         -0.6666667   0.5         0.6666667
 -0.16666667 -0.6666667   0.         -0.8333333   0.33333334 -0.16666667
 -0.5        -0.33333334 -0.8333333  -0.8333333  -0.5         0.5
  0.33333334  0.          0.5         0.33333334  0.6666667   0.6666667
 -0.16666667 -0.33333334  0.33333334  0.16666667 -0.33333334 -0.6666667
  0.          0.          0.16666667  0.          0.5         0.
  0.          0.          0.16666667 -0.8333333   0.          0.
  0.16666667  0.16666667  0.16666667  0.         -0.33333334 -0.8333333
  0.         -0.33333334  0.          0.33333334  0.         -0.8333333
 -0.33333334  0.         -0.5         0.          0.8333333   0.5
  0.5         0.33333334  0.          0.          0.6666667  -0.16666667
  0.75        0.8333333  -0.5         0.33333334  0.          0.16666667
  0.5         0.33333334  0.6666667  -0.5        -0.16666667  0.33333334
  0.8333333  -0.8333333   0.16666667  0.          0.          0.
 -1.          0.16666667  0.33333334 -1.          0.          0.
  1.          0.33333334 -1.          0.33333334 -0.16666667  0.16666667
  0.6666667  -0.6666667   0.          0.33333334 -0.16666667  0.16666667
  0.33333334  0.33333334  0.33333334  0.5         0.33333334 -0.16666667
 -0.6666667  -0.8333333   0.          0.16666667 -0.16666667  1.
  0.5         0.16666667  0.16666667 -0.16666667  0.16666667  0.33333334
  0.16666667 -0.33333334  0.          0.16666667  0.16666667  0.33333334
  0.         -0.8333333  -0.5         0.16666667  1.          0.16666667
  0.16666667 -0.8333333   0.         -0.16666667  0.6666667  -0.6666667
  0.5         0.33333334  0.16666667  0.          0.33333334  0.33333334
  0.          1.          0.25        0.33333334 -0.6666667  -0.8333333
  0.          0.16666667 -0.33333334  0.          0.5        -0.16666667
  0.16666667 -0.16666667  0.         -0.16666667  0.33333334  0.8333333
  0.8333333   0.5        -0.5         0.16666667 -1.          0.
  0.16666667 -0.8333333  -0.16666667 -0.33333334 -0.16666667 -1.
 -0.16666667  0.          0.5        -0.5        -0.5         0.33333334
  0.          0.33333334  0.33333334  0.          0.          0.6666667
  0.5         0.33333334 -0.8333333  -0.8333333   0.16666667 -0.16666667
  1.          0.8333333   0.5         0.16666667 -0.16666667 -0.16666667
  0.5        -0.5         0.5        -0.16666667  0.33333334  0.33333334
 -0.5         0.5        -0.6666667  -1.         -0.5        -0.16666667
  0.6666667  -0.33333334  0.          0.33333334  0.         -0.8333333
  0.33333334 -0.33333334 -0.16666667  0.33333334  0.          0.33333334
  0.6666667   0.5         0.16666667  0.16666667  0.08333334  0.
  0.5         0.6666667   0.16666667  0.          0.          0.
  0.          0.16666667 -0.33333334 -0.8333333  -0.16666667  0.
  0.16666667  0.          0.5         0.         -0.8333333   0.5
 -0.6666667  -0.8333333  -0.6666667   0.          1.          0.16666667
 -0.6666667   0.16666667  0.          0.          1.         -0.16666667
  0.          0.33333334  0.16666667  0.8333333   0.5         1.
  0.          0.          0.6666667   0.33333334  0.          0.
  0.          0.          1.          0.16666667  0.5        -0.33333334
  0.16666667  0.          0.33333334  0.         -0.16666667 -0.5
 -0.5         0.8333333   0.          0.16666667  0.         -0.8333333
 -0.6666667   0.          0.8333333   0.          0.          0.
  0.         -0.6666667  -0.33333334 -0.6666667   0.16666667  0.16666667
  0.16666667  0.33333334  0.33333334  0.8333333  -0.33333334  0.
  0.6666667   0.          0.          0.          0.33333334  0.
  0.33333334  1.          0.16666667  0.         -0.16666667  0.16666667
  0.33333334  0.          0.33333334 -0.8333333   0.6666667   0.5
  0.          0.8333333  -0.5        -0.16666667 -0.5         0.
  0.8333333  -0.16666667  0.6666667  -0.33333334  0.16666667 -0.8333333
  0.8333333  -1.          0.5         0.5         0.          0.16666667
  0.5         0.         -0.16666667  0.33333334  0.6666667   0.6666667
 -0.16666667  0.          0.6666667   0.16666667  0.          0.16666667
  0.5         0.33333334  0.6666667   0.6666667   0.33333334  0.5
 -0.6666667   0.5         0.8333333   0.5         0.          0.16666667
  0.         -0.8333333  -0.5        -0.16666667  0.8333333   0.
  0.33333334  0.         -0.6666667  -0.5        -0.16666667 -0.16666667
  0.          0.6666667   0.          0.5         0.          0.8333333
  0.          0.33333334  0.41666666  0.         -0.8333333  -0.33333334
  0.          0.16666667  0.          0.8333333   0.8333333   0.
 -0.6666667   0.         -0.16666667  0.          0.33333334  0.
  0.          0.         -0.6666667   0.         -0.33333334 -0.16666667
  0.         -0.6666667   0.6666667   0.16666667 -0.33333334 -0.6666667
 -0.8333333  -0.16666667 -0.8333333  -0.5        -0.6666667   0.16666667
 -0.33333334  0.          0.16666667  0.8333333  -0.33333334  0.33333334
  0.6666667   0.          0.16666667  0.          0.8333333   0.
 -0.16666667  0.33333334 -0.33333334  0.16666667  0.16666667 -0.33333334
 -0.33333334  0.5         0.33333334 -0.6666667   0.         -0.6666667
  0.          0.16666667 -0.16666667  0.5         0.6666667   0.
 -0.16666667  0.16666667  0.6666667  -0.5         0.5         0.
  0.         -1.         -0.6666667   0.          0.16666667 -1.
  0.5        -0.5         0.6666667   0.16666667 -0.8333333  -0.33333334
  0.         -0.16666667  0.8333333   0.          0.16666667  0.33333334
  0.6666667  -0.16666667  0.16666667  0.5         0.8333333  -0.6666667
  0.          0.33333334  0.6666667   0.         -0.16666667 -0.33333334
 -0.8333333   1.         -0.6666667   0.6666667   0.          0.6666667
  0.16666667  0.5         0.33333334 -0.8333333   0.          0.
  0.5         0.33333334  0.          0.          0.          0.
  0.          0.33333334 -0.5         0.          0.16666667  0.
  0.          0.          0.16666667  1.          0.6666667  -0.5
  0.33333334  0.          0.          1.          0.          0.5
  0.16666667  0.         -0.16666667  0.          1.          0.
  1.          0.          0.16666667  0.          0.16666667 -0.16666667
 -0.8333333  -0.33333334  0.          0.16666667  0.          0.16666667
  0.33333334  0.33333334 -0.8333333  -0.8333333   0.16666667  0.16666667
  0.9166667   0.16666667  0.5         0.6666667   0.33333334 -0.6666667
 -0.6666667   0.33333334 -0.6666667   0.          0.16666667 -0.16666667
 -0.8333333  -0.33333334 -0.6666667   0.33333334  0.5         0.33333334
  0.25        0.33333334  0.          0.33333334  0.          0.
  0.6666667   0.          0.8333333   0.6666667   0.5         0.33333334
  0.75       -0.16666667  0.25        0.          1.          0.33333334
  0.33333334  0.33333334  0.5         0.8333333   0.16666667  0.
  0.16666667  0.5         0.75        0.41666666  0.16666667]
Predictions: [ 3.71698499e-01  1.80382326e-01  2.01855391e-01 -4.62276220e-01
  7.75714889e-02  1.13732502e-01 -1.59695029e-01 -3.48511487e-02
  3.43785167e-01 -5.42070508e-01 -1.07845783e-01 -8.93214904e-03
  1.30862132e-01  7.70259202e-02  5.39100617e-02 -1.51451547e-02
  3.76354456e-02 -7.17288442e-03  1.70885563e-01  4.60373759e-01
 -1.62082911e-01 -1.43223535e-02 -3.19842659e-02 -5.07011771e-01
 -1.31109029e-01  5.37898660e-01 -4.56179619e-01  3.26084122e-02
  3.16526741e-04  2.10098818e-01  4.12060201e-01 -2.82636404e-01
  8.58628526e-02 -6.96629286e-05  1.53087914e-01  3.41413617e-01
  1.16790250e-01  3.60443071e-03  4.43496406e-01  1.06879517e-01
  6.21572360e-02  1.67662166e-02 -3.61864090e-01 -5.86910918e-03
  1.90302581e-01  4.10143584e-02  1.22710928e-01  2.63646781e-01
  1.99630916e-01 -6.56142116e-01  3.91236365e-01 -5.06478585e-02
  1.85258999e-01 -1.34201914e-01 -1.02339648e-01 -7.46353865e-01
  6.70224130e-02 -5.00582814e-01 -1.94319591e-01  2.87084691e-02
  1.40764043e-01 -6.02303624e-01  4.20976058e-02 -3.14468741e-01
  6.04180247e-02  2.85222769e-01 -4.23703432e-01 -1.81989893e-02
 -4.03750658e-01 -1.39627337e-01  1.96391329e-01  6.30810440e-01
  6.64160848e-02  2.44887903e-01  5.52074015e-01  2.92738676e-01
  6.02972090e-01  4.11094278e-02  1.19878218e-01  1.13229267e-03
  4.54002738e-01  1.88549072e-01  1.51221305e-01 -2.17685476e-04
  2.05119520e-01  2.19348744e-01 -4.72829491e-03 -1.77066028e-02
  4.02345061e-01 -2.90853344e-02  5.47234714e-03 -6.63680583e-02
  2.14063495e-01  4.01380658e-02 -4.68082801e-02  1.21931553e-01
  2.24483684e-02  1.34136155e-03  1.22683764e-01  1.05815366e-01
  1.04582816e-01 -5.83736718e-01 -6.62362576e-03 -2.20606536e-01
  1.34619698e-01  3.20617735e-01  1.25595704e-01 -6.34769619e-01
 -4.05810177e-02  2.03388289e-01 -4.43885505e-01  2.77806103e-01
  1.69837028e-01  2.34585181e-01  3.29943359e-01  1.41459301e-01
  1.35690346e-02  1.81269683e-02  1.24822482e-01  3.08417380e-01
  1.56371206e-01  6.04321778e-01  2.35916786e-02 -4.14170958e-02
  4.06454444e-01  4.14103642e-02 -5.95502257e-02  4.29276600e-02
  8.16493511e-01 -3.03509235e-01 -1.60458028e-01  4.57375199e-02
  1.58577368e-01 -3.27054739e-01 -1.41685400e-02 -6.14498816e-02
  1.08863935e-01 -5.66661358e-03  1.97152928e-01  6.57565519e-02
  4.38369066e-02 -7.95379043e-01 -1.18341587e-01  1.99286640e-02
 -5.50961733e-01  2.77574539e-01 -4.10271287e-01  3.53221357e-01
 -3.08644474e-01  1.04842499e-01 -4.20758128e-02 -3.80550265e-01
 -3.88688222e-03  1.40100271e-02  8.16153362e-03  1.75672129e-01
  2.05416858e-01  5.56488156e-01  2.87245750e-01  1.25777826e-01
  3.97648454e-01 -2.03390464e-01 -1.37929201e-01  5.62139079e-02
  2.91133523e-01  1.50544122e-02 -1.00688703e-01  4.37083125e-01
  5.41860878e-01 -9.90989059e-03 -1.34320676e-01 -4.13564332e-02
  1.31529629e-01 -1.60430342e-01  4.33321297e-02 -1.23329181e-02
  1.47175997e-01  1.88613594e-01 -1.52163953e-01  2.00362831e-01
  5.22043258e-02 -6.17672741e-01  4.31571364e-01  7.38117993e-02
  9.40721259e-02  1.85398668e-01  7.11985677e-03 -6.06633350e-03
 -3.06435406e-01 -3.52528334e-01  5.26912808e-01  1.98290437e-01
  4.36798930e-02 -2.99640298e-02  1.01912826e-01  2.14688495e-01
  2.42512420e-01  4.43600491e-03  7.00895563e-02  4.21949208e-01
  5.49718082e-01  3.54971409e-01 -2.77415156e-01  1.27434447e-01
  2.93894529e-01  3.35957408e-01 -3.00958343e-02 -1.22491196e-02
  3.76709700e-01 -1.12535097e-01 -6.44967556e-02 -7.26815015e-02
  1.53283998e-01 -1.25961360e-02 -5.44497520e-02  2.27311715e-01
  3.74227822e-01 -9.75882187e-02 -2.03625485e-01  2.61218548e-01
 -7.63824582e-02  2.72135362e-02  1.40244737e-01 -4.37788069e-02
 -3.47533107e-01  8.06909949e-02  2.05306247e-01  1.14595488e-01
 -3.95385683e-01  1.33891389e-01  1.57931745e-01  5.72815686e-02
 -4.95814383e-02 -1.82782412e-02  1.51299313e-02  4.56650853e-01
  5.61025620e-01  9.55411792e-03  6.78240210e-02  1.56693459e-01
  5.25533915e-01 -1.48049574e-02 -3.98797393e-01 -3.69791031e-01
  4.58552122e-01  9.24933255e-02 -8.97410512e-02  1.14497781e-01
  6.70071840e-01  2.62687355e-03  1.64895952e-01  7.05590472e-02
  4.67261732e-01 -3.12189385e-03  1.85688630e-01 -2.17937976e-02
  1.67447366e-02  3.55583131e-02 -2.85932958e-01  2.29665622e-01
 -5.77748656e-01 -5.59722781e-01 -1.52259946e-01  4.97477576e-02
 -2.59772450e-01  6.42617419e-02  1.81880549e-01  3.36494595e-02
 -6.23350777e-03 -5.75934470e-01  3.79664660e-01  7.99443796e-02
  1.90986469e-01  7.23918974e-02 -1.35387480e-03  6.32246733e-02
  3.63823831e-01  5.11120498e-01  1.67426094e-01  1.19410917e-01
  3.24500442e-01 -2.65186913e-02  1.14313930e-01 -8.11462104e-03
  5.71534932e-01  2.37110779e-01 -3.03982973e-01 -3.02085932e-02
  4.68261361e-01  1.69454962e-01 -3.65270972e-01 -8.16192746e-01
  1.95691541e-01  1.21446460e-01 -9.62404907e-03 -1.27904974e-02
  5.41642532e-02  3.44684832e-02 -5.19724190e-01  7.92556033e-02
 -1.15292244e-01 -4.70280170e-01 -1.02101833e-01  2.09015578e-01
  5.81683457e-01  1.35691650e-02 -4.70992863e-01  1.09389611e-02
 -3.25132050e-02 -5.05885109e-03  3.22397709e-01  1.45299599e-01
  9.20084119e-02  1.24383345e-02  3.74892712e-01  4.52040955e-02
  4.89391029e-01  2.87159562e-01  2.63209999e-01  4.73045945e-01
 -1.15210734e-01  2.16431573e-01  1.08696446e-02 -3.94826978e-02
  2.23819479e-01  6.01666793e-02 -4.93742675e-02 -1.07865781e-02
  7.96588242e-01  1.29502058e-01  3.69071245e-01  2.86753774e-02
  3.68014425e-02  6.34100810e-02  3.04088257e-02 -1.91901907e-01
 -9.28963795e-02 -1.15163084e-02  1.00578442e-01 -4.35571223e-02
  3.17085534e-03 -5.25084555e-01  2.49568686e-01 -6.94029033e-02
  5.00004768e-01  1.90210283e-01 -3.80040824e-01 -3.16961527e-01
  1.86685771e-02 -3.69575441e-01 -1.37369424e-01 -3.03250909e-01
  8.31913054e-02  9.09095109e-02  2.48830780e-01  5.97837493e-02
  5.13652086e-01  2.52900779e-01  2.09912553e-01  5.69662929e-01
  1.41447276e-01  5.11085451e-01  5.26585728e-02 -1.65222324e-02
  6.92720711e-01  8.60475004e-02 -4.41638708e-01 -1.19845849e-02
  6.37095690e-01  5.47149777e-02  2.16971740e-01 -1.96028426e-01
  3.79791021e-01  2.60328390e-02  2.92631462e-02 -2.07851604e-02
  4.57973540e-01  1.12409621e-01 -2.25385167e-02  3.58699083e-01
  7.41991401e-03  2.28772871e-03 -4.49870005e-02  4.59142327e-02
  3.47234309e-01  2.36428574e-01  3.69611561e-01 -1.26372546e-01
 -4.40925360e-03 -2.72747874e-01  5.38907945e-01 -6.18000329e-01
  2.06460550e-01  3.20848078e-02  1.77675948e-01  1.50810748e-01
  4.27042007e-01 -4.22445312e-03  1.05129004e-01  1.00129679e-01
 -2.68994600e-01  8.49804431e-02  4.48240489e-02  5.64068556e-04
  5.03359675e-01  6.81147799e-02 -7.23380893e-02  1.49132326e-01
  3.81229401e-01 -3.39536667e-01  3.77924621e-01 -2.27175832e-01
  3.82783115e-01 -6.20202310e-02  1.63005427e-01  3.43842328e-01
  2.54294276e-01  9.34186131e-02  4.22936380e-02  3.10423039e-02
  1.53554417e-03 -1.42332226e-01 -7.13898055e-03 -2.43722722e-01
  1.11233488e-01  1.46722928e-01 -1.86516419e-01  2.02966735e-01
 -1.90602735e-01 -4.91157711e-01  3.39473784e-02 -2.66474247e-01
 -1.29434764e-02  1.74272493e-01  3.70724678e-01  1.94140658e-01
  7.24700019e-02  2.50203788e-01 -1.90802142e-01  1.63909763e-01
  4.90395188e-01  6.28538877e-02  1.86785385e-01  2.67456099e-03
  1.94555506e-01  1.06738314e-01  4.45068702e-02  4.59436595e-01
  1.58580095e-01 -1.08272508e-01 -2.69987643e-01 -1.87426507e-02
  1.49949759e-01 -1.74851306e-02  3.30704488e-02 -8.94099846e-03
  1.34901240e-01 -8.58564377e-02 -8.75212252e-02  1.69716522e-01
 -1.95311204e-01 -8.30018595e-02  3.33633423e-02 -3.40650901e-02
 -3.98785591e-01  1.10940024e-01 -1.81369707e-01 -2.21826896e-01
 -1.66721970e-01  8.22998211e-03 -4.98018265e-02 -3.55101049e-01
  3.38485949e-02 -6.93432838e-02  1.61371216e-01  2.57702529e-01
  2.40578428e-01  6.53791353e-02  4.50892597e-02  1.06459782e-02
  6.99189425e-01 -4.14394327e-02  2.07255445e-02 -5.81322424e-03
  1.23997539e-01  2.31219694e-01 -7.29288533e-03  1.15456894e-01
  9.55649838e-03 -2.42385745e-01  3.65983129e-01 -4.75911736e-01
  8.06821808e-02  3.88135612e-01  3.12353186e-02 -4.31163192e-01
 -5.24650887e-03  1.75885424e-01  3.76017511e-01  9.26910862e-02
  2.07106143e-01  7.93246180e-02  2.46570513e-01 -1.10709719e-01
  3.33385587e-01 -2.06010230e-03  5.65495789e-01 -2.37436324e-01
  2.90905349e-02 -3.30162048e-01  1.62462264e-01 -5.52808464e-01
 -5.02814710e-01  3.54784966e-01 -2.28038169e-02 -3.55283499e-01
  2.36355551e-02 -1.68392360e-01 -4.29585338e-01  4.48454797e-01
 -1.15173809e-01 -3.82821023e-01  3.85842264e-01  2.34398589e-01
 -3.69563580e-01 -6.99381083e-02  6.50687158e-01 -3.16253603e-01
  8.99616107e-02 -2.11112171e-01  1.65941194e-01  1.54715136e-01
  8.10011923e-02  1.85942277e-02 -6.48388416e-02 -4.62872609e-02
  7.37622529e-02  1.51022926e-01 -6.15298003e-03 -1.99297071e-02
 -1.27368748e-01  4.36420918e-01  2.52154619e-02  1.25011683e-01
  2.42562577e-01  6.50318116e-02  1.58967629e-01  2.74473429e-03
  3.24712515e-01 -8.29571068e-01 -1.11619875e-01 -2.62355268e-01
  6.13624156e-01 -3.43211472e-01  1.01306796e-01  3.75667512e-01
  1.69356540e-02  9.94145870e-03  4.45105135e-02  7.05979288e-01
 -4.26401794e-01  1.26213863e-01 -2.47270301e-01  2.51080453e-01
  4.75292206e-01  2.83481777e-01  1.04281947e-01  4.49338973e-01
  8.18331778e-01 -3.25084448e-01  2.29515806e-01  1.24901190e-01
  6.96162283e-01 -2.31499419e-01 -8.75352323e-02  6.50876939e-01
  1.61917433e-01  4.01363224e-02  2.14890286e-01 -7.01226294e-03
  3.59313369e-01 -4.51406464e-03 -3.13659251e-01  7.66426623e-01
  4.24777627e-01  2.78267741e-01  3.33007649e-02  1.97489426e-01
  1.35986909e-01  2.26955369e-01  5.49513474e-03  1.48005486e-01
  6.10863447e-01  1.21714056e-01  5.73204339e-01  2.40942791e-01
 -4.60378945e-01 -7.11728632e-01  4.11045492e-01  2.16412023e-02
  4.13093343e-02  3.46325338e-04  1.33021757e-01  1.44760087e-02
  1.30402178e-01  5.28869703e-02 -4.37134564e-01  3.79719287e-02
 -3.42989266e-02 -2.60241982e-02  5.24956346e-01  1.31082878e-01
 -4.48109396e-03  1.39589421e-02  1.95580438e-01  7.08468735e-01
  2.46593222e-01  1.46003813e-01  1.51243195e-01  3.24558735e-01
  2.87946761e-01  2.03689739e-01  8.56619105e-02  1.41403422e-01
  2.89462745e-01  1.92963228e-01  6.97532892e-01  1.84569597e-01
 -1.64420884e-02  6.01403296e-01  1.13040581e-01 -5.37348762e-02
  2.63978302e-01  2.31251374e-01 -4.48971987e-01  1.78380877e-01
  3.74372840e-01  2.99844623e-01  3.91792417e-01  5.26634276e-01
  5.62484980e-01  1.72591805e-01  1.48197576e-01  1.69880524e-01
  2.69299448e-01  1.01831421e-01  3.25173080e-01]
{"epoch": 14, "train_loss": 0.256720311766447, "val_mae": 0.30236586928367615, "val_corr": 0.5020763489530714, "val_binary_acc": 0.6414219474497682, "val_binary_f1": 0.6795580110497238, "threshold": 0.0}
Labels: [ 1.          0.33333334 -0.6666667  -0.8333333  -0.33333334  0.
  0.5         0.          0.33333334 -0.5         0.33333334  0.
  0.5         0.5         0.6666667  -0.16666667  0.         -0.6666667
  1.         -0.33333334 -1.          0.         -0.33333334 -0.8333333
  0.16666667  0.33333334 -0.6666667   0.          0.          0.
  0.33333334 -0.8333333   0.5         0.16666667 -0.33333334  0.33333334
  0.          0.6666667   0.         -0.16666667  0.33333334  0.16666667
 -0.6666667  -0.5         0.          0.16666667  0.          1.
  0.33333334 -0.8333333   0.16666667 -0.16666667  0.16666667  0.16666667
  0.6666667  -0.5         0.         -0.6666667   0.5         0.6666667
 -0.16666667 -0.6666667   0.         -0.8333333   0.33333334 -0.16666667
 -0.5        -0.33333334 -0.8333333  -0.8333333  -0.5         0.5
  0.33333334  0.          0.5         0.33333334  0.6666667   0.6666667
 -0.16666667 -0.33333334  0.33333334  0.16666667 -0.33333334 -0.6666667
  0.          0.          0.16666667  0.          0.5         0.
  0.          0.          0.16666667 -0.8333333   0.          0.
  0.16666667  0.16666667  0.16666667  0.         -0.33333334 -0.8333333
  0.         -0.33333334  0.          0.33333334  0.         -0.8333333
 -0.33333334  0.         -0.5         0.          0.8333333   0.5
  0.5         0.33333334  0.          0.          0.6666667  -0.16666667
  0.75        0.8333333  -0.5         0.33333334  0.          0.16666667
  0.5         0.33333334  0.6666667  -0.5        -0.16666667  0.33333334
  0.8333333  -0.8333333   0.16666667  0.          0.          0.
 -1.          0.16666667  0.33333334 -1.          0.          0.
  1.          0.33333334 -1.          0.33333334 -0.16666667  0.16666667
  0.6666667  -0.6666667   0.          0.33333334 -0.16666667  0.16666667
  0.33333334  0.33333334  0.33333334  0.5         0.33333334 -0.16666667
 -0.6666667  -0.8333333   0.          0.16666667 -0.16666667  1.
  0.5         0.16666667  0.16666667 -0.16666667  0.16666667  0.33333334
  0.16666667 -0.33333334  0.          0.16666667  0.16666667  0.33333334
  0.         -0.8333333  -0.5         0.16666667  1.          0.16666667
  0.16666667 -0.8333333   0.         -0.16666667  0.6666667  -0.6666667
  0.5         0.33333334  0.16666667  0.          0.33333334  0.33333334
  0.          1.          0.25        0.33333334 -0.6666667  -0.8333333
  0.          0.16666667 -0.33333334  0.          0.5        -0.16666667
  0.16666667 -0.16666667  0.         -0.16666667  0.33333334  0.8333333
  0.8333333   0.5        -0.5         0.16666667 -1.          0.
  0.16666667 -0.8333333  -0.16666667 -0.33333334 -0.16666667 -1.
 -0.16666667  0.          0.5        -0.5        -0.5         0.33333334
  0.          0.33333334  0.33333334  0.          0.          0.6666667
  0.5         0.33333334 -0.8333333  -0.8333333   0.16666667 -0.16666667
  1.          0.8333333   0.5         0.16666667 -0.16666667 -0.16666667
  0.5        -0.5         0.5        -0.16666667  0.33333334  0.33333334
 -0.5         0.5        -0.6666667  -1.         -0.5        -0.16666667
  0.6666667  -0.33333334  0.          0.33333334  0.         -0.8333333
  0.33333334 -0.33333334 -0.16666667  0.33333334  0.          0.33333334
  0.6666667   0.5         0.16666667  0.16666667  0.08333334  0.
  0.5         0.6666667   0.16666667  0.          0.          0.
  0.          0.16666667 -0.33333334 -0.8333333  -0.16666667  0.
  0.16666667  0.          0.5         0.         -0.8333333   0.5
 -0.6666667  -0.8333333  -0.6666667   0.          1.          0.16666667
 -0.6666667   0.16666667  0.          0.          1.         -0.16666667
  0.          0.33333334  0.16666667  0.8333333   0.5         1.
  0.          0.          0.6666667   0.33333334  0.          0.
  0.          0.          1.          0.16666667  0.5        -0.33333334
  0.16666667  0.          0.33333334  0.         -0.16666667 -0.5
 -0.5         0.8333333   0.          0.16666667  0.         -0.8333333
 -0.6666667   0.          0.8333333   0.          0.          0.
  0.         -0.6666667  -0.33333334 -0.6666667   0.16666667  0.16666667
  0.16666667  0.33333334  0.33333334  0.8333333  -0.33333334  0.
  0.6666667   0.          0.          0.          0.33333334  0.
  0.33333334  1.          0.16666667  0.         -0.16666667  0.16666667
  0.33333334  0.          0.33333334 -0.8333333   0.6666667   0.5
  0.          0.8333333  -0.5        -0.16666667 -0.5         0.
  0.8333333  -0.16666667  0.6666667  -0.33333334  0.16666667 -0.8333333
  0.8333333  -1.          0.5         0.5         0.          0.16666667
  0.5         0.         -0.16666667  0.33333334  0.6666667   0.6666667
 -0.16666667  0.          0.6666667   0.16666667  0.          0.16666667
  0.5         0.33333334  0.6666667   0.6666667   0.33333334  0.5
 -0.6666667   0.5         0.8333333   0.5         0.          0.16666667
  0.         -0.8333333  -0.5        -0.16666667  0.8333333   0.
  0.33333334  0.         -0.6666667  -0.5        -0.16666667 -0.16666667
  0.          0.6666667   0.          0.5         0.          0.8333333
  0.          0.33333334  0.41666666  0.         -0.8333333  -0.33333334
  0.          0.16666667  0.          0.8333333   0.8333333   0.
 -0.6666667   0.         -0.16666667  0.          0.33333334  0.
  0.          0.         -0.6666667   0.         -0.33333334 -0.16666667
  0.         -0.6666667   0.6666667   0.16666667 -0.33333334 -0.6666667
 -0.8333333  -0.16666667 -0.8333333  -0.5        -0.6666667   0.16666667
 -0.33333334  0.          0.16666667  0.8333333  -0.33333334  0.33333334
  0.6666667   0.          0.16666667  0.          0.8333333   0.
 -0.16666667  0.33333334 -0.33333334  0.16666667  0.16666667 -0.33333334
 -0.33333334  0.5         0.33333334 -0.6666667   0.         -0.6666667
  0.          0.16666667 -0.16666667  0.5         0.6666667   0.
 -0.16666667  0.16666667  0.6666667  -0.5         0.5         0.
  0.         -1.         -0.6666667   0.          0.16666667 -1.
  0.5        -0.5         0.6666667   0.16666667 -0.8333333  -0.33333334
  0.         -0.16666667  0.8333333   0.          0.16666667  0.33333334
  0.6666667  -0.16666667  0.16666667  0.5         0.8333333  -0.6666667
  0.          0.33333334  0.6666667   0.         -0.16666667 -0.33333334
 -0.8333333   1.         -0.6666667   0.6666667   0.          0.6666667
  0.16666667  0.5         0.33333334 -0.8333333   0.          0.
  0.5         0.33333334  0.          0.          0.          0.
  0.          0.33333334 -0.5         0.          0.16666667  0.
  0.          0.          0.16666667  1.          0.6666667  -0.5
  0.33333334  0.          0.          1.          0.          0.5
  0.16666667  0.         -0.16666667  0.          1.          0.
  1.          0.          0.16666667  0.          0.16666667 -0.16666667
 -0.8333333  -0.33333334  0.          0.16666667  0.          0.16666667
  0.33333334  0.33333334 -0.8333333  -0.8333333   0.16666667  0.16666667
  0.9166667   0.16666667  0.5         0.6666667   0.33333334 -0.6666667
 -0.6666667   0.33333334 -0.6666667   0.          0.16666667 -0.16666667
 -0.8333333  -0.33333334 -0.6666667   0.33333334  0.5         0.33333334
  0.25        0.33333334  0.          0.33333334  0.          0.
  0.6666667   0.          0.8333333   0.6666667   0.5         0.33333334
  0.75       -0.16666667  0.25        0.          1.          0.33333334
  0.33333334  0.33333334  0.5         0.8333333   0.16666667  0.
  0.16666667  0.5         0.75        0.41666666  0.16666667]
Predictions: [ 4.87389833e-01  3.10212076e-01  2.39849627e-01 -3.35806489e-01
  9.86303836e-02  5.98171465e-02  5.85384779e-02 -5.08434512e-03
  3.66769284e-01 -3.38103384e-01 -1.24010265e-01 -6.96986541e-03
  2.13922232e-01  8.88577253e-02  4.84559089e-01 -3.06663662e-03
  9.79657471e-02 -1.93033844e-01  2.40814894e-01  5.39343715e-01
 -7.86803216e-02  3.81768905e-02  8.21114928e-02 -4.70411122e-01
  1.57992527e-01  3.61904085e-01 -3.90113413e-01  1.04447305e-02
  5.64835779e-02  2.43581712e-01  4.65638340e-01 -1.47184297e-01
  8.36949348e-02  9.95647162e-04  1.10994428e-01  4.99735564e-01
  6.47668540e-01  3.14936414e-03  4.77215976e-01  1.31442651e-01
  4.18163948e-02  5.24401180e-02 -2.41317004e-02 -7.52361864e-03
  3.63900095e-01  3.07720602e-01  3.67011577e-01  2.90360034e-01
  2.34350890e-01 -5.47591925e-01  4.72803414e-01 -9.30399597e-02
  1.78587690e-01 -1.45883203e-01 -1.98587682e-02 -5.51169872e-01
  4.16878276e-02 -4.39715773e-01  9.55526158e-03  2.55276561e-02
  3.13909799e-01 -6.40397668e-01  7.51424283e-02 -3.17632765e-01
  1.30489707e-01  2.73486286e-01 -5.06598353e-01  1.67975202e-04
 -3.92788440e-01 -1.51387110e-01  2.11330771e-01  6.79208517e-01
  6.19822778e-02  2.49130130e-01  5.43734372e-01  3.72476846e-01
  6.22189879e-01  6.66980743e-02  8.95520151e-02 -1.79617777e-02
  4.00754482e-01  1.86401963e-01  1.19651154e-01  6.45237714e-02
  2.41278201e-01  2.01146230e-01  9.63405520e-02 -2.17487235e-02
  4.25309420e-01 -1.98155083e-02  1.27419867e-02 -4.71484140e-02
  3.09889257e-01  1.14384934e-01 -1.75288215e-01 -4.84293178e-02
  2.11355343e-01  1.01588629e-02  1.24725774e-01  1.11025162e-02
  5.12615331e-02 -6.28257692e-01  1.92877769e-01 -1.51308611e-01
  2.72095382e-01  3.00322682e-01  1.99987553e-03 -3.24026674e-01
 -1.99475959e-02  2.52268344e-01  1.61642835e-01  4.32521492e-01
  1.78837910e-01  1.65925011e-01  2.99126804e-01  6.76641017e-02
  7.26923496e-02  3.52667235e-02  5.09478152e-01  3.37746106e-02
  3.57457608e-01  6.20528758e-01 -1.27601892e-01 -1.01593837e-01
  3.74512106e-01  2.17003524e-02 -3.13964784e-02  4.45331521e-02
  7.62224615e-01  1.36582628e-01 -1.53430030e-01  6.57388270e-02
  1.69005796e-01 -4.02817935e-01  2.36349553e-02 -4.25033234e-02
  1.57837160e-02 -1.13844529e-01  2.65674531e-01  1.99170858e-01
  8.30310881e-02 -5.76612294e-01 -1.43207312e-01  2.14926675e-02
 -4.07989115e-01  1.20303705e-01 -3.83051150e-02  1.39350332e-02
 -3.97448763e-02  7.53302276e-02  3.55264097e-01 -2.42987171e-01
  1.33721754e-02 -1.83366891e-02  2.78159045e-02  2.52236992e-01
  1.99078739e-01  4.77491766e-01  3.53663743e-01  1.72059312e-01
  4.05108571e-01 -3.72096449e-02 -4.87937145e-02  1.74040943e-01
  4.84013349e-01  2.16315351e-02 -9.36410725e-02  5.19505620e-01
  5.01623809e-01 -1.52843818e-02 -7.03233778e-02 -1.63919121e-01
  1.66426763e-01 -2.32961491e-01  1.11305162e-01  7.03572109e-03
  1.40724272e-01 -2.66472977e-02 -9.48111117e-02  2.33028471e-01
  6.12311475e-02 -3.34832668e-01  4.62580383e-01  1.17528468e-01
  1.89724147e-01  1.41815320e-01  8.09431821e-03  1.19801596e-01
 -1.73360586e-01 -2.94142574e-01  5.87333918e-01 -1.34296939e-01
  3.17745991e-02 -3.83399874e-02  9.00588632e-02  1.94723308e-02
  2.41859227e-01  1.15684271e-01  4.14115898e-02  5.11487842e-01
  5.81398308e-01  3.38713467e-01  7.09773749e-02  2.24363148e-01
  3.17155451e-01  3.77697855e-01 -6.25299215e-02  2.17578299e-02
  2.09166959e-01 -1.60403952e-01  2.52640992e-02 -5.36932051e-03
  7.29987621e-02  4.63709496e-02 -8.54009986e-02  3.24057013e-01
  4.46310014e-01  1.91895440e-01 -3.28454465e-01  2.38388151e-01
 -7.83561319e-02  2.87230127e-02  2.93900609e-01  3.55776161e-01
 -3.97789985e-01  2.05690548e-01  6.20050728e-01  4.62721676e-01
 -3.76882434e-01  2.83418179e-01  2.45578945e-01  9.44550633e-02
  1.85293853e-02 -1.20266443e-02  1.80347577e-01  3.96095037e-01
  6.98240519e-01  3.40898409e-02  1.24894992e-01  1.85503870e-01
  5.71639955e-01  4.32120003e-02 -3.06205183e-01 -2.39930987e-01
  4.51350331e-01  1.94786429e-01 -4.11129445e-02  1.44182146e-01
  6.55979514e-01  3.38521861e-02  2.87103951e-01 -8.25176537e-02
  3.43010366e-01  9.19312984e-03  4.33481753e-01 -3.35017517e-02
 -3.81703600e-02  8.02031755e-02 -1.39100607e-02  2.16303438e-01
 -4.70657170e-01 -5.71112394e-01  4.52954285e-02  5.66869937e-02
 -1.10456645e-01  8.44692439e-02  1.47423550e-01  7.84814805e-02
 -3.19498032e-03 -4.68025357e-01  3.68413806e-01  2.41973668e-01
  4.56943326e-02  4.71942462e-02  2.12831087e-02  5.46517111e-02
  4.32871848e-01  4.80012387e-01  4.49258626e-01  1.95998132e-01
  2.21511677e-01  1.59878433e-02 -2.96828337e-03 -7.13622496e-02
  5.47690272e-01  1.99380189e-01  1.68728121e-02  2.06609100e-01
  4.42549109e-01  1.79931805e-01 -2.94329703e-01 -1.35837451e-01
  1.38873905e-01  1.65384591e-01  9.12784413e-03 -1.16077242e-02
  3.00739147e-02  6.23130426e-03 -2.83778816e-01  1.53085664e-01
  5.12265414e-03 -3.36529046e-01  8.86967480e-02  2.14641154e-01
  5.84913194e-01  1.00601278e-02 -3.27610254e-01  1.36523634e-01
 -1.50977066e-02  1.58853270e-02  3.76398355e-01  3.41885865e-01
  7.91631043e-02  3.71438637e-03  4.07481432e-01  5.70104532e-02
  5.88255048e-01  2.80409336e-01  1.51803181e-01  4.44868386e-01
  3.58274490e-01  1.32683739e-01  4.40388434e-02  2.78151743e-02
  4.05956358e-01  1.54731497e-01 -2.59149581e-01  2.31096633e-02
  7.48806298e-01  2.19068736e-01  3.61781389e-01 -3.04805517e-01
  1.89026803e-01  9.00451988e-02  1.57993332e-01 -3.85123402e-01
 -1.47267237e-01  1.90386117e-01  2.57831782e-01  8.01397115e-03
 -9.09554213e-03 -3.60193431e-01  3.18952829e-01  2.62033939e-01
  5.71504533e-01  1.68416172e-01 -2.93004960e-01 -1.55234307e-01
  4.30962332e-02 -2.84986466e-01 -1.03757530e-01 -2.43452340e-01
  6.29180819e-02  1.40057728e-01  1.73832521e-01  8.77051204e-02
  5.64146101e-01  3.78747195e-01  1.86393633e-01  6.71965361e-01
  2.10469753e-01  4.97126192e-01  1.77967623e-01 -9.50177573e-03
  7.29596376e-01  3.19945693e-01 -3.70783269e-01 -1.98950917e-02
  6.05299592e-01  1.53474420e-01  2.28388488e-01 -1.97049771e-02
  4.06332999e-01  2.35701278e-02  4.23586033e-02 -7.86702707e-03
  4.80613559e-01  2.92692959e-01 -1.71825290e-02  6.26331210e-01
  6.21208921e-04  3.85637693e-02  1.86579861e-02  3.86674665e-02
  3.17128956e-01  2.13815540e-01  3.79123092e-01 -1.10158660e-02
 -1.63742732e-02 -7.65923411e-02  5.41660190e-01 -2.09687576e-01
  2.42642999e-01 -6.96437061e-03  2.00800508e-01  1.78361490e-01
  4.99699682e-01 -4.06391919e-04  9.93676037e-02  2.04564050e-01
  4.85301130e-02  6.88302219e-02  6.74611181e-02 -2.15534549e-02
  5.80676138e-01  1.98558033e-01  6.14971630e-02  2.32022345e-01
  3.60226810e-01  2.97603190e-01  4.58179295e-01 -1.44726321e-01
 -1.82078686e-02 -1.02951273e-01  4.28192653e-02  6.72525167e-01
  2.41946906e-01  2.83301115e-01 -2.46722624e-03  2.81621516e-02
  2.01674066e-02 -1.47790685e-01  3.67881268e-01 -2.64487594e-01
  1.75964713e-01  3.08334112e-01 -7.68084675e-02  3.15135241e-01
 -1.71830565e-01 -3.08853477e-01  1.28826395e-01 -7.89225101e-02
  1.01955116e-01  2.51734972e-01  4.12024558e-01  2.93828189e-01
  2.36323208e-01  1.89562961e-02 -1.12376049e-01  1.49888009e-01
  5.04828751e-01  7.55600035e-02  5.27960248e-02 -1.64415687e-04
  3.84811193e-01  1.64094880e-01  6.96458295e-03  5.23483217e-01
  1.42024040e-01 -1.41740009e-01  1.69910602e-02 -7.91637078e-02
  1.78643242e-01 -1.19930506e-03  3.58170792e-02  3.22138146e-03
  5.78942932e-02 -3.97221148e-02  1.18662477e-01  1.42045878e-02
 -2.33911164e-02 -5.51910624e-02  1.11794278e-01 -3.35812658e-01
 -2.11104214e-01  1.20287195e-01 -1.48161918e-01 -2.03317374e-01
  5.71992993e-03  5.82099371e-02  1.83744028e-01  1.19731963e-01
  6.25802204e-03 -7.16935657e-03  1.36041120e-01  3.99813473e-01
  3.21064055e-01  6.70523643e-02  1.56423390e-01  2.19251327e-02
  6.78874850e-01 -1.37633681e-01  2.55045108e-02  1.32111199e-02
  8.92579108e-02  1.09055161e-01  1.15088560e-02  1.35242477e-01
  3.33662257e-02 -2.18177781e-01  2.22180560e-01 -4.17071015e-01
  2.78185517e-01  2.13952020e-01  2.08883621e-02 -9.35984999e-02
  5.29951788e-02  1.55307844e-01  2.77179122e-01  1.66722372e-01
  3.13478351e-01  2.00897902e-01  2.69646466e-01 -1.90700307e-01
  3.97364527e-01 -1.31839421e-02  5.50773799e-01 -2.39701897e-01
  1.86501667e-02 -3.43380868e-01  3.14206690e-01 -4.47797686e-01
  2.60773808e-01  3.97114992e-01  3.22161242e-03 -2.67801285e-01
  3.81551862e-01  2.30048656e-01 -2.57298231e-01  4.35292453e-01
 -7.73481578e-02 -1.98466331e-01  4.23277766e-01  2.49069840e-01
 -1.30449180e-02 -6.42888993e-02  4.03147370e-01 -1.55350119e-01
  8.78017098e-02 -1.91293463e-01  1.78533211e-01  4.98921685e-02
  4.19733822e-01 -2.14136764e-03 -2.96445955e-02 -1.04244903e-01
  4.90870029e-01  1.16334334e-01 -3.19813378e-03  8.35756212e-03
 -1.03643671e-01  4.58534956e-01 -4.02696244e-02  1.40438035e-01
  5.37569940e-01  1.65113643e-01  2.83311576e-01 -6.59939833e-03
  3.86683494e-01 -4.37839270e-01 -3.45771313e-02 -2.99587220e-01
  5.42305887e-01 -4.43182737e-01  2.24260926e-01  4.48005736e-01
  6.78702444e-02  7.05753639e-03  5.19714765e-02  6.74726605e-01
 -2.85331696e-01  1.80261880e-01 -2.58521765e-01  2.99726576e-01
  5.51869154e-01  3.03882360e-01  1.42733961e-01  4.24967974e-01
  8.07094097e-01 -1.53706655e-01  2.62232959e-01  1.28536060e-01
  6.58748984e-01  5.39381541e-02 -1.17784157e-01  7.42122710e-01
  3.07868570e-01  1.34688914e-01  2.65041828e-01 -2.17961241e-02
  4.97904688e-01  6.25991821e-02 -3.50642577e-02  6.05405986e-01
  2.46021956e-01  2.87389636e-01  5.18309325e-03  5.05375028e-01
  1.99926898e-01  5.61712146e-01  2.19100155e-02  1.18908092e-01
  3.22289497e-01  3.61758441e-01  6.66043222e-01  1.48822561e-01
 -2.28068262e-01 -4.98286963e-01  4.89712864e-01  2.15477347e-02
  1.74006373e-01  7.24677742e-03  1.96182892e-01  2.20416605e-01
  2.51887798e-01  1.00182965e-01 -2.63799876e-01  5.94758578e-02
  8.22966173e-03 -7.56142847e-03  5.91565907e-01  1.47438422e-01
  6.27356395e-03  5.95662743e-03  2.07034275e-01  7.54624724e-01
  3.53939027e-01  2.48566240e-01  2.41792083e-01  2.09672779e-01
  3.17748725e-01  1.86344594e-01  3.90017666e-02  2.33402401e-01
  3.29754800e-01  1.40886605e-01  8.25143576e-01  2.29575664e-01
  3.62190790e-02  5.07472456e-01  3.47692162e-01 -8.51754993e-02
  2.00568631e-01  2.78884739e-01  8.77463818e-02  9.41357315e-02
  5.84735215e-01  2.42324769e-01  4.95550960e-01  5.35725415e-01
  6.35512769e-01  2.54772097e-01  2.29823083e-01  2.87568003e-01
  2.00282872e-01  1.06216520e-01  3.54626030e-01]
{"epoch": 15, "train_loss": 0.2534480586994526, "val_mae": 0.3152499198913574, "val_corr": 0.4797176474097769, "val_binary_acc": 0.6120556414219475, "val_binary_f1": 0.6744487678339818, "threshold": 0.0}
Labels: [ 1.          0.33333334 -0.6666667  -0.8333333  -0.33333334  0.
  0.5         0.          0.33333334 -0.5         0.33333334  0.
  0.5         0.5         0.6666667  -0.16666667  0.         -0.6666667
  1.         -0.33333334 -1.          0.         -0.33333334 -0.8333333
  0.16666667  0.33333334 -0.6666667   0.          0.          0.
  0.33333334 -0.8333333   0.5         0.16666667 -0.33333334  0.33333334
  0.          0.6666667   0.         -0.16666667  0.33333334  0.16666667
 -0.6666667  -0.5         0.          0.16666667  0.          1.
  0.33333334 -0.8333333   0.16666667 -0.16666667  0.16666667  0.16666667
  0.6666667  -0.5         0.         -0.6666667   0.5         0.6666667
 -0.16666667 -0.6666667   0.         -0.8333333   0.33333334 -0.16666667
 -0.5        -0.33333334 -0.8333333  -0.8333333  -0.5         0.5
  0.33333334  0.          0.5         0.33333334  0.6666667   0.6666667
 -0.16666667 -0.33333334  0.33333334  0.16666667 -0.33333334 -0.6666667
  0.          0.          0.16666667  0.          0.5         0.
  0.          0.          0.16666667 -0.8333333   0.          0.
  0.16666667  0.16666667  0.16666667  0.         -0.33333334 -0.8333333
  0.         -0.33333334  0.          0.33333334  0.         -0.8333333
 -0.33333334  0.         -0.5         0.          0.8333333   0.5
  0.5         0.33333334  0.          0.          0.6666667  -0.16666667
  0.75        0.8333333  -0.5         0.33333334  0.          0.16666667
  0.5         0.33333334  0.6666667  -0.5        -0.16666667  0.33333334
  0.8333333  -0.8333333   0.16666667  0.          0.          0.
 -1.          0.16666667  0.33333334 -1.          0.          0.
  1.          0.33333334 -1.          0.33333334 -0.16666667  0.16666667
  0.6666667  -0.6666667   0.          0.33333334 -0.16666667  0.16666667
  0.33333334  0.33333334  0.33333334  0.5         0.33333334 -0.16666667
 -0.6666667  -0.8333333   0.          0.16666667 -0.16666667  1.
  0.5         0.16666667  0.16666667 -0.16666667  0.16666667  0.33333334
  0.16666667 -0.33333334  0.          0.16666667  0.16666667  0.33333334
  0.         -0.8333333  -0.5         0.16666667  1.          0.16666667
  0.16666667 -0.8333333   0.         -0.16666667  0.6666667  -0.6666667
  0.5         0.33333334  0.16666667  0.          0.33333334  0.33333334
  0.          1.          0.25        0.33333334 -0.6666667  -0.8333333
  0.          0.16666667 -0.33333334  0.          0.5        -0.16666667
  0.16666667 -0.16666667  0.         -0.16666667  0.33333334  0.8333333
  0.8333333   0.5        -0.5         0.16666667 -1.          0.
  0.16666667 -0.8333333  -0.16666667 -0.33333334 -0.16666667 -1.
 -0.16666667  0.          0.5        -0.5        -0.5         0.33333334
  0.          0.33333334  0.33333334  0.          0.          0.6666667
  0.5         0.33333334 -0.8333333  -0.8333333   0.16666667 -0.16666667
  1.          0.8333333   0.5         0.16666667 -0.16666667 -0.16666667
  0.5        -0.5         0.5        -0.16666667  0.33333334  0.33333334
 -0.5         0.5        -0.6666667  -1.         -0.5        -0.16666667
  0.6666667  -0.33333334  0.          0.33333334  0.         -0.8333333
  0.33333334 -0.33333334 -0.16666667  0.33333334  0.          0.33333334
  0.6666667   0.5         0.16666667  0.16666667  0.08333334  0.
  0.5         0.6666667   0.16666667  0.          0.          0.
  0.          0.16666667 -0.33333334 -0.8333333  -0.16666667  0.
  0.16666667  0.          0.5         0.         -0.8333333   0.5
 -0.6666667  -0.8333333  -0.6666667   0.          1.          0.16666667
 -0.6666667   0.16666667  0.          0.          1.         -0.16666667
  0.          0.33333334  0.16666667  0.8333333   0.5         1.
  0.          0.          0.6666667   0.33333334  0.          0.
  0.          0.          1.          0.16666667  0.5        -0.33333334
  0.16666667  0.          0.33333334  0.         -0.16666667 -0.5
 -0.5         0.8333333   0.          0.16666667  0.         -0.8333333
 -0.6666667   0.          0.8333333   0.          0.          0.
  0.         -0.6666667  -0.33333334 -0.6666667   0.16666667  0.16666667
  0.16666667  0.33333334  0.33333334  0.8333333  -0.33333334  0.
  0.6666667   0.          0.          0.          0.33333334  0.
  0.33333334  1.          0.16666667  0.         -0.16666667  0.16666667
  0.33333334  0.          0.33333334 -0.8333333   0.6666667   0.5
  0.          0.8333333  -0.5        -0.16666667 -0.5         0.
  0.8333333  -0.16666667  0.6666667  -0.33333334  0.16666667 -0.8333333
  0.8333333  -1.          0.5         0.5         0.          0.16666667
  0.5         0.         -0.16666667  0.33333334  0.6666667   0.6666667
 -0.16666667  0.          0.6666667   0.16666667  0.          0.16666667
  0.5         0.33333334  0.6666667   0.6666667   0.33333334  0.5
 -0.6666667   0.5         0.8333333   0.5         0.          0.16666667
  0.         -0.8333333  -0.5        -0.16666667  0.8333333   0.
  0.33333334  0.         -0.6666667  -0.5        -0.16666667 -0.16666667
  0.          0.6666667   0.          0.5         0.          0.8333333
  0.          0.33333334  0.41666666  0.         -0.8333333  -0.33333334
  0.          0.16666667  0.          0.8333333   0.8333333   0.
 -0.6666667   0.         -0.16666667  0.          0.33333334  0.
  0.          0.         -0.6666667   0.         -0.33333334 -0.16666667
  0.         -0.6666667   0.6666667   0.16666667 -0.33333334 -0.6666667
 -0.8333333  -0.16666667 -0.8333333  -0.5        -0.6666667   0.16666667
 -0.33333334  0.          0.16666667  0.8333333  -0.33333334  0.33333334
  0.6666667   0.          0.16666667  0.          0.8333333   0.
 -0.16666667  0.33333334 -0.33333334  0.16666667  0.16666667 -0.33333334
 -0.33333334  0.5         0.33333334 -0.6666667   0.         -0.6666667
  0.          0.16666667 -0.16666667  0.5         0.6666667   0.
 -0.16666667  0.16666667  0.6666667  -0.5         0.5         0.
  0.         -1.         -0.6666667   0.          0.16666667 -1.
  0.5        -0.5         0.6666667   0.16666667 -0.8333333  -0.33333334
  0.         -0.16666667  0.8333333   0.          0.16666667  0.33333334
  0.6666667  -0.16666667  0.16666667  0.5         0.8333333  -0.6666667
  0.          0.33333334  0.6666667   0.         -0.16666667 -0.33333334
 -0.8333333   1.         -0.6666667   0.6666667   0.          0.6666667
  0.16666667  0.5         0.33333334 -0.8333333   0.          0.
  0.5         0.33333334  0.          0.          0.          0.
  0.          0.33333334 -0.5         0.          0.16666667  0.
  0.          0.          0.16666667  1.          0.6666667  -0.5
  0.33333334  0.          0.          1.          0.          0.5
  0.16666667  0.         -0.16666667  0.          1.          0.
  1.          0.          0.16666667  0.          0.16666667 -0.16666667
 -0.8333333  -0.33333334  0.          0.16666667  0.          0.16666667
  0.33333334  0.33333334 -0.8333333  -0.8333333   0.16666667  0.16666667
  0.9166667   0.16666667  0.5         0.6666667   0.33333334 -0.6666667
 -0.6666667   0.33333334 -0.6666667   0.          0.16666667 -0.16666667
 -0.8333333  -0.33333334 -0.6666667   0.33333334  0.5         0.33333334
  0.25        0.33333334  0.          0.33333334  0.          0.
  0.6666667   0.          0.8333333   0.6666667   0.5         0.33333334
  0.75       -0.16666667  0.25        0.          1.          0.33333334
  0.33333334  0.33333334  0.5         0.8333333   0.16666667  0.
  0.16666667  0.5         0.75        0.41666666  0.16666667]
Predictions: [ 3.17961961e-01  1.92362279e-01 -4.05273214e-02 -6.74952149e-01
  1.10088021e-01  9.98533815e-02 -3.30787510e-01 -5.16561121e-02
  3.55604202e-01 -5.61595082e-01 -1.29519999e-01  4.45655361e-03
  2.24454954e-01 -1.52238786e-01 -2.69614831e-02 -1.59359396e-01
  8.94662067e-02 -2.77941197e-01  2.54300926e-02  5.01695395e-01
 -1.13899499e-01 -8.97661597e-02 -2.45561242e-01 -7.38332093e-01
 -1.10165544e-01  5.83220363e-01 -7.10880458e-01  2.69835982e-02
 -1.26141738e-02  1.77767485e-01  3.29395264e-01 -4.19945776e-01
  1.29300490e-01  1.60356984e-03  9.08785239e-02  4.98398364e-01
  5.24566829e-01  5.51120378e-03  3.06010514e-01 -4.27593812e-02
  5.90496436e-02  6.36398643e-02 -5.12227535e-01 -7.36752376e-02
  2.95975834e-01  2.61570454e-01  5.72726876e-02  7.05699436e-03
  2.12510720e-01 -7.77080357e-01  4.69564974e-01 -1.65984452e-01
  2.14935437e-01 -3.61166060e-01 -1.30891323e-01 -6.79776907e-01
  1.34006128e-01 -6.67827845e-01 -2.90446699e-01  2.33718287e-02
  6.01568259e-03 -8.76599610e-01 -5.79671562e-03 -5.08001328e-01
 -4.43780273e-02  1.70689523e-01 -4.80930030e-01  9.77607258e-03
 -5.81744730e-01 -1.66795433e-01  2.14575663e-01  6.37231410e-01
  2.58845333e-02  4.07134183e-03  4.62393224e-01  2.77963966e-01
  6.88088059e-01 -3.84865999e-02 -4.27095950e-01 -2.11745471e-01
  1.99231610e-01  2.44719654e-01  1.89284217e-02 -8.21365640e-02
  7.85885826e-02  2.16093630e-01 -7.59661496e-02 -1.98289994e-02
  3.56861085e-01 -4.55734432e-02  2.33109236e-01 -1.24052554e-01
  3.54437321e-01  1.34098873e-01 -3.37374598e-01 -1.69272900e-01
  1.42828777e-01  2.71244068e-02 -9.92311388e-02 -2.15748511e-03
 -7.67795220e-02 -8.67044210e-01 -2.39736944e-01 -2.83024341e-01
  2.05327630e-01  4.77148175e-01  2.64122132e-02 -8.84204507e-01
  4.69537377e-02  1.38918031e-02  5.97199053e-02 -1.53874785e-01
  1.98751271e-01  1.89416543e-01  3.45297396e-01  6.47590905e-02
  5.64613566e-02  7.74303637e-03  4.77143824e-01  5.08862920e-03
 -6.29610755e-03  6.95494771e-01 -7.48666823e-01 -2.22710490e-01
  1.20856151e-01 -9.55339521e-02 -9.18265432e-02 -4.41411659e-02
  8.71910334e-01 -1.12169497e-01 -1.59363180e-01  6.30968735e-02
  9.06416699e-02 -5.72587192e-01 -1.57747447e-01 -1.66385219e-01
  4.43821847e-02 -2.09528252e-01 -1.64544374e-01  7.95324817e-02
  7.64792562e-02 -8.05724263e-01 -2.40598291e-01  3.88686508e-02
 -8.58410835e-01  1.68991998e-01 -1.73824772e-01 -2.18553655e-03
 -2.21344084e-01 -2.04968285e-02  2.34134823e-01 -3.46620381e-01
  3.28925475e-02 -5.48423827e-03  2.07760651e-02  2.72093385e-01
  1.55968696e-01  4.41609591e-01  1.03932306e-01  1.15208104e-01
  1.92514613e-01 -1.16178721e-01 -3.24626237e-01 -1.03814855e-01
  4.78717506e-01  3.00301295e-02 -2.82489270e-01  3.80117774e-01
  5.62855661e-01 -4.73940223e-02 -5.81626967e-03 -2.28847936e-01
  1.38485655e-01 -4.34522122e-01 -9.89407077e-02  6.10092841e-03
  2.29765058e-01 -3.19181755e-02 -1.55955255e-01  2.85245419e-01
  1.31372720e-01 -4.66946155e-01  3.79004925e-01 -2.00570911e-01
  2.07643379e-02  2.32571185e-01 -1.11493267e-01 -3.80182207e-01
 -2.11254820e-01 -3.44276249e-01  4.89329159e-01 -2.90584683e-01
  3.43132541e-02 -1.02595456e-01 -7.03086331e-03  2.47672588e-01
  1.67883784e-01 -1.07821822e-01  6.91931471e-02  3.99157047e-01
  3.58713329e-01  3.49150360e-01 -2.09269553e-01 -4.62366864e-02
  2.84375250e-01  2.45975673e-01 -2.22699955e-01  1.52476300e-02
  2.27680057e-01 -3.01199496e-01  4.92035821e-02 -2.55413592e-01
  1.74829990e-01 -3.70969772e-02 -1.48471758e-01  2.24079877e-01
  3.42671931e-01 -2.19793558e-01 -4.43221122e-01  1.69238046e-01
 -8.72778296e-02 -2.42660008e-03 -1.72720715e-01  1.88842252e-01
 -3.32652867e-01  2.39407182e-01  5.07054150e-01  1.80297226e-01
 -5.52689493e-01  2.21662685e-01  3.53410661e-01  3.43477204e-02
 -9.48509108e-03 -5.54360002e-02  1.30024165e-01  3.80128503e-01
  6.38147116e-01 -2.47661304e-02 -6.61699846e-02  2.23663911e-01
  4.06107426e-01  1.88283827e-02 -7.21947730e-01 -3.48573983e-01
  2.33044535e-01  6.43816069e-02 -3.68110299e-01  6.29221648e-02
  7.20897794e-01  2.33535860e-02  3.30525041e-01 -1.39817402e-01
  3.74729425e-01  4.61174734e-03  3.96236479e-01 -3.43843699e-02
 -6.66406229e-02 -6.54553995e-03 -4.31082338e-01 -9.62692220e-03
 -6.46914065e-01 -8.19537640e-01 -2.80969590e-01 -1.58580355e-02
 -5.25356054e-01 -2.80924309e-02  8.71590748e-02 -1.84866600e-03
 -3.80712077e-02 -6.77392185e-01  3.41992587e-01  7.45965540e-02
  7.30073079e-02  2.05791425e-02 -9.04018059e-04  7.18228705e-03
  3.72123808e-01  5.86263776e-01  4.23802584e-01 -3.49477492e-02
  1.94047466e-01 -9.05796736e-02 -1.20886050e-01 -2.45019883e-01
  5.16336322e-01  2.15208918e-01  2.24178862e-02 -1.67043671e-01
  5.56773007e-01  8.02845731e-02 -3.04364085e-01 -3.16646457e-01
  1.25814587e-01  1.50926620e-01  7.73525424e-03  8.56083073e-03
  5.09480536e-02  9.23119299e-03 -5.58584809e-01 -3.28419767e-02
 -1.04203261e-03 -6.63058162e-01 -2.19330683e-01  3.65385711e-02
  5.62765658e-01 -1.97245866e-01 -4.43239719e-01  7.96781406e-02
  1.98104400e-02 -1.50483139e-02  4.41694230e-01 -1.49430126e-01
  1.25169352e-01 -7.51200318e-03  4.39197004e-01  2.53036499e-01
  4.82405543e-01  3.85568529e-01  1.80970520e-01  4.93101597e-01
  7.38158077e-02  2.35012144e-01  4.96148020e-02 -3.25663835e-02
  1.80342183e-01  2.06555277e-01 -2.22437624e-02  1.95480157e-02
  8.04877341e-01  2.04446465e-01  4.24983829e-01 -4.23037946e-01
  2.58533299e-01  4.98469323e-02  4.21341583e-02 -5.18325686e-01
 -1.04981892e-01  1.34642348e-01 -6.74149767e-03 -3.88865173e-01
 -1.94616318e-02 -5.57307601e-01  2.34534442e-01 -3.33100647e-01
  5.09727299e-01  2.02461228e-01 -3.81600469e-01 -4.86458391e-01
  5.03697842e-02 -3.58693093e-01 -2.60959357e-01 -3.08188081e-01
  1.59003884e-01  8.62227157e-02  3.40629160e-01  4.41730842e-02
  4.62327242e-01  4.12952602e-01  1.66923359e-01  6.41974747e-01
  1.38605908e-01  5.04976571e-01  6.13282174e-02  1.05286781e-02
  7.03440368e-01  2.16448858e-01 -6.16656780e-01 -4.63942327e-02
  5.20751536e-01 -4.24953103e-02  2.14342490e-01 -2.48270199e-01
  5.08768559e-01  3.62239331e-02  3.25294584e-02  9.02949087e-03
  6.19257271e-01 -2.04647094e-01 -7.07351863e-02  5.20363510e-01
 -1.63717195e-03  3.33368108e-02 -1.18388526e-01  3.78966555e-02
  2.67396361e-01  1.99388668e-01  2.48488367e-01 -8.71837586e-02
  2.66459640e-02 -2.58598238e-01  5.66100061e-01 -4.26911592e-01
  3.45868558e-01 -9.61833447e-03  3.88473123e-02  6.45905733e-03
  4.87150252e-01 -5.02437539e-03  3.70439664e-02  9.93337296e-03
 -4.73751754e-01  4.49482054e-02 -8.94043967e-02 -1.80254400e-01
  5.20830989e-01  1.83836192e-01  2.13340800e-02  3.40091363e-02
  2.88225502e-01 -1.86456099e-01  3.87460202e-01 -1.28239349e-01
 -3.55084613e-02  9.93959792e-03  6.15269691e-03  4.77216840e-01
  3.73768479e-01 -2.01375276e-01  1.00821238e-02 -1.41160533e-01
  1.36291515e-02 -2.52547026e-01 -7.64790401e-02 -3.46802622e-01
 -1.27157673e-01  3.14391911e-01 -2.14593709e-01 -3.00020222e-02
 -3.09060127e-01 -2.31794938e-01  3.01103026e-01 -2.19152346e-01
  8.38238597e-02  1.36460364e-01  1.89912423e-01  3.07774276e-01
  1.13070518e-01  2.00642288e-01 -2.60810107e-01  1.95976242e-01
  4.60202515e-01  1.05521917e-01 -2.06047252e-01 -3.10761541e-01
  1.79791227e-01  6.34276643e-02 -3.77271995e-02  1.74092308e-01
  7.26758316e-02 -1.63583353e-01 -3.05835962e-01 -1.03595607e-01
  1.41645417e-01  1.18537154e-02 -4.49328870e-03 -2.63386853e-02
  1.11609489e-01 -1.05134904e-01 -4.70128000e-01  8.79191794e-03
 -4.15859133e-01 -1.65474623e-01 -1.47178210e-03 -5.96896291e-01
 -4.43310559e-01  2.31449872e-01 -2.34450117e-01 -4.55132842e-01
 -6.43169105e-01 -5.00425473e-02 -4.16522503e-01 -1.13083132e-01
 -4.44264151e-03 -2.55954005e-02  3.21168303e-02  2.77893484e-01
  3.30009162e-01  7.72914365e-02  1.96163412e-02  3.06251850e-02
  6.17381692e-01 -2.03147024e-01 -3.21091004e-02 -4.65398356e-02
  7.60197081e-03  5.96370772e-02  1.04175601e-02  1.15453526e-01
  4.25263867e-02 -3.05407763e-01  2.04669729e-01 -5.23692966e-01
 -9.06110704e-02  1.07251003e-01  1.56370532e-02 -2.87069440e-01
 -4.92592752e-02 -4.66321349e-01  2.52011895e-01  2.42362648e-01
  8.44135806e-02 -1.47930965e-01  3.05588007e-01 -1.95184588e-01
  3.37805867e-01 -9.91233252e-03  6.94800973e-01 -3.04842085e-01
  2.67834496e-02 -5.82988143e-01  2.71720558e-01 -5.52731276e-01
 -3.45013365e-02  1.89750671e-01 -2.29034070e-02 -4.40683365e-01
  5.35920635e-02 -1.46061897e-01 -6.09203160e-01  4.45114315e-01
 -2.12056369e-01 -2.60726899e-01  3.32426906e-01  2.24091202e-01
 -2.89708935e-03 -2.27467060e-01  4.71270621e-01 -2.32636064e-01
  2.01036632e-01 -4.62947488e-01  2.52534986e-01 -9.90290120e-02
  9.38507356e-03  1.15225147e-02 -4.01618555e-02 -1.44127175e-01
  6.26050606e-02 -1.20232608e-02  4.54371981e-03 -4.05400246e-03
 -1.67073742e-01  1.94322810e-01 -2.94694275e-01 -8.64192657e-03
  3.10786635e-01  1.42256483e-01 -6.88705966e-02  6.75188377e-03
  3.73838484e-01 -5.34681439e-01 -3.56830284e-02 -3.75807524e-01
  5.96820474e-01 -6.79833710e-01  7.73978159e-02  2.72130281e-01
  4.54965979e-02  6.74406067e-04 -4.67299968e-02  7.09647417e-01
 -5.72431207e-01  2.05230713e-01 -3.32630217e-01  1.63365588e-01
  5.05415738e-01  3.79987359e-01  6.73956648e-02 -9.38878879e-02
  8.62841070e-01  2.09426746e-01  2.36479640e-01  1.38172597e-01
  7.72029161e-01 -1.38779998e-01 -1.98521852e-01  6.16738796e-01
  2.14438334e-01  1.38852969e-01  5.17769828e-02 -8.42164084e-02
  4.94789243e-01 -3.63502614e-02 -2.61944234e-01  7.63558149e-01
  3.91136318e-01  8.61293823e-02 -5.16710617e-03  9.87616256e-02
 -9.63028148e-02  4.68280852e-01 -2.89979912e-02  2.22963151e-02
  2.03429252e-01  2.58086979e-01  4.42765206e-01  2.54388779e-01
 -5.42334497e-01 -8.09526443e-01  3.66577387e-01  2.40489971e-02
 -2.82931179e-01 -3.92973386e-02 -1.10006660e-01  8.08484033e-02
  3.20558250e-01 -2.58091297e-02 -3.75622928e-01  4.61684763e-02
 -2.03782275e-01 -2.40205880e-02  4.59476173e-01  1.73705816e-01
 -4.11410443e-03  6.41955435e-03 -3.59067880e-02  6.68507993e-01
  3.05491686e-01 -1.37935579e-03  5.56515902e-02  3.89077604e-01
  1.28627747e-01  1.09717902e-02  3.03690713e-02  3.01913824e-02
 -4.46483195e-02  2.30056792e-01  6.73845053e-01  3.31804514e-01
 -4.37591076e-01  5.71234047e-01  2.10604724e-02 -2.28949517e-01
 -1.46339517e-02  2.80442923e-01 -3.10971051e-01  4.58754525e-02
  4.21587676e-01  3.09714675e-01  2.62950599e-01  5.19143045e-01
  4.45906192e-01  3.20625097e-01  1.20611582e-02  2.89029121e-01
  1.01246566e-01  4.44445536e-02  5.23900628e-01]
{"epoch": 16, "train_loss": 0.25744047033232315, "val_mae": 0.30773478746414185, "val_corr": 0.49445344267867386, "val_binary_acc": 0.6228748068006182, "val_binary_f1": 0.6314199395770392, "threshold": 0.0}
Labels: [ 1.          0.33333334 -0.6666667  -0.8333333  -0.33333334  0.
  0.5         0.          0.33333334 -0.5         0.33333334  0.
  0.5         0.5         0.6666667  -0.16666667  0.         -0.6666667
  1.         -0.33333334 -1.          0.         -0.33333334 -0.8333333
  0.16666667  0.33333334 -0.6666667   0.          0.          0.
  0.33333334 -0.8333333   0.5         0.16666667 -0.33333334  0.33333334
  0.          0.6666667   0.         -0.16666667  0.33333334  0.16666667
 -0.6666667  -0.5         0.          0.16666667  0.          1.
  0.33333334 -0.8333333   0.16666667 -0.16666667  0.16666667  0.16666667
  0.6666667  -0.5         0.         -0.6666667   0.5         0.6666667
 -0.16666667 -0.6666667   0.         -0.8333333   0.33333334 -0.16666667
 -0.5        -0.33333334 -0.8333333  -0.8333333  -0.5         0.5
  0.33333334  0.          0.5         0.33333334  0.6666667   0.6666667
 -0.16666667 -0.33333334  0.33333334  0.16666667 -0.33333334 -0.6666667
  0.          0.          0.16666667  0.          0.5         0.
  0.          0.          0.16666667 -0.8333333   0.          0.
  0.16666667  0.16666667  0.16666667  0.         -0.33333334 -0.8333333
  0.         -0.33333334  0.          0.33333334  0.         -0.8333333
 -0.33333334  0.         -0.5         0.          0.8333333   0.5
  0.5         0.33333334  0.          0.          0.6666667  -0.16666667
  0.75        0.8333333  -0.5         0.33333334  0.          0.16666667
  0.5         0.33333334  0.6666667  -0.5        -0.16666667  0.33333334
  0.8333333  -0.8333333   0.16666667  0.          0.          0.
 -1.          0.16666667  0.33333334 -1.          0.          0.
  1.          0.33333334 -1.          0.33333334 -0.16666667  0.16666667
  0.6666667  -0.6666667   0.          0.33333334 -0.16666667  0.16666667
  0.33333334  0.33333334  0.33333334  0.5         0.33333334 -0.16666667
 -0.6666667  -0.8333333   0.          0.16666667 -0.16666667  1.
  0.5         0.16666667  0.16666667 -0.16666667  0.16666667  0.33333334
  0.16666667 -0.33333334  0.          0.16666667  0.16666667  0.33333334
  0.         -0.8333333  -0.5         0.16666667  1.          0.16666667
  0.16666667 -0.8333333   0.         -0.16666667  0.6666667  -0.6666667
  0.5         0.33333334  0.16666667  0.          0.33333334  0.33333334
  0.          1.          0.25        0.33333334 -0.6666667  -0.8333333
  0.          0.16666667 -0.33333334  0.          0.5        -0.16666667
  0.16666667 -0.16666667  0.         -0.16666667  0.33333334  0.8333333
  0.8333333   0.5        -0.5         0.16666667 -1.          0.
  0.16666667 -0.8333333  -0.16666667 -0.33333334 -0.16666667 -1.
 -0.16666667  0.          0.5        -0.5        -0.5         0.33333334
  0.          0.33333334  0.33333334  0.          0.          0.6666667
  0.5         0.33333334 -0.8333333  -0.8333333   0.16666667 -0.16666667
  1.          0.8333333   0.5         0.16666667 -0.16666667 -0.16666667
  0.5        -0.5         0.5        -0.16666667  0.33333334  0.33333334
 -0.5         0.5        -0.6666667  -1.         -0.5        -0.16666667
  0.6666667  -0.33333334  0.          0.33333334  0.         -0.8333333
  0.33333334 -0.33333334 -0.16666667  0.33333334  0.          0.33333334
  0.6666667   0.5         0.16666667  0.16666667  0.08333334  0.
  0.5         0.6666667   0.16666667  0.          0.          0.
  0.          0.16666667 -0.33333334 -0.8333333  -0.16666667  0.
  0.16666667  0.          0.5         0.         -0.8333333   0.5
 -0.6666667  -0.8333333  -0.6666667   0.          1.          0.16666667
 -0.6666667   0.16666667  0.          0.          1.         -0.16666667
  0.          0.33333334  0.16666667  0.8333333   0.5         1.
  0.          0.          0.6666667   0.33333334  0.          0.
  0.          0.          1.          0.16666667  0.5        -0.33333334
  0.16666667  0.          0.33333334  0.         -0.16666667 -0.5
 -0.5         0.8333333   0.          0.16666667  0.         -0.8333333
 -0.6666667   0.          0.8333333   0.          0.          0.
  0.         -0.6666667  -0.33333334 -0.6666667   0.16666667  0.16666667
  0.16666667  0.33333334  0.33333334  0.8333333  -0.33333334  0.
  0.6666667   0.          0.          0.          0.33333334  0.
  0.33333334  1.          0.16666667  0.         -0.16666667  0.16666667
  0.33333334  0.          0.33333334 -0.8333333   0.6666667   0.5
  0.          0.8333333  -0.5        -0.16666667 -0.5         0.
  0.8333333  -0.16666667  0.6666667  -0.33333334  0.16666667 -0.8333333
  0.8333333  -1.          0.5         0.5         0.          0.16666667
  0.5         0.         -0.16666667  0.33333334  0.6666667   0.6666667
 -0.16666667  0.          0.6666667   0.16666667  0.          0.16666667
  0.5         0.33333334  0.6666667   0.6666667   0.33333334  0.5
 -0.6666667   0.5         0.8333333   0.5         0.          0.16666667
  0.         -0.8333333  -0.5        -0.16666667  0.8333333   0.
  0.33333334  0.         -0.6666667  -0.5        -0.16666667 -0.16666667
  0.          0.6666667   0.          0.5         0.          0.8333333
  0.          0.33333334  0.41666666  0.         -0.8333333  -0.33333334
  0.          0.16666667  0.          0.8333333   0.8333333   0.
 -0.6666667   0.         -0.16666667  0.          0.33333334  0.
  0.          0.         -0.6666667   0.         -0.33333334 -0.16666667
  0.         -0.6666667   0.6666667   0.16666667 -0.33333334 -0.6666667
 -0.8333333  -0.16666667 -0.8333333  -0.5        -0.6666667   0.16666667
 -0.33333334  0.          0.16666667  0.8333333  -0.33333334  0.33333334
  0.6666667   0.          0.16666667  0.          0.8333333   0.
 -0.16666667  0.33333334 -0.33333334  0.16666667  0.16666667 -0.33333334
 -0.33333334  0.5         0.33333334 -0.6666667   0.         -0.6666667
  0.          0.16666667 -0.16666667  0.5         0.6666667   0.
 -0.16666667  0.16666667  0.6666667  -0.5         0.5         0.
  0.         -1.         -0.6666667   0.          0.16666667 -1.
  0.5        -0.5         0.6666667   0.16666667 -0.8333333  -0.33333334
  0.         -0.16666667  0.8333333   0.          0.16666667  0.33333334
  0.6666667  -0.16666667  0.16666667  0.5         0.8333333  -0.6666667
  0.          0.33333334  0.6666667   0.         -0.16666667 -0.33333334
 -0.8333333   1.         -0.6666667   0.6666667   0.          0.6666667
  0.16666667  0.5         0.33333334 -0.8333333   0.          0.
  0.5         0.33333334  0.          0.          0.          0.
  0.          0.33333334 -0.5         0.          0.16666667  0.
  0.          0.          0.16666667  1.          0.6666667  -0.5
  0.33333334  0.          0.          1.          0.          0.5
  0.16666667  0.         -0.16666667  0.          1.          0.
  1.          0.          0.16666667  0.          0.16666667 -0.16666667
 -0.8333333  -0.33333334  0.          0.16666667  0.          0.16666667
  0.33333334  0.33333334 -0.8333333  -0.8333333   0.16666667  0.16666667
  0.9166667   0.16666667  0.5         0.6666667   0.33333334 -0.6666667
 -0.6666667   0.33333334 -0.6666667   0.          0.16666667 -0.16666667
 -0.8333333  -0.33333334 -0.6666667   0.33333334  0.5         0.33333334
  0.25        0.33333334  0.          0.33333334  0.          0.
  0.6666667   0.          0.8333333   0.6666667   0.5         0.33333334
  0.75       -0.16666667  0.25        0.          1.          0.33333334
  0.33333334  0.33333334  0.5         0.8333333   0.16666667  0.
  0.16666667  0.5         0.75        0.41666666  0.16666667]
Predictions: [ 4.34341222e-01  2.97713369e-01  1.30252868e-01 -7.36219406e-01
  3.90869439e-01  2.37571411e-02 -3.47075462e-02 -6.77098334e-03
  4.68283862e-01 -6.26378417e-01 -2.25978449e-01 -7.57992454e-03
  3.17116201e-01  1.26941189e-01  5.48146367e-02  8.13239515e-02
  9.23443735e-02 -3.49026546e-03  2.10886896e-01  4.63267684e-01
 -5.25844395e-02 -6.82462603e-02 -8.96488726e-02 -6.21442556e-01
  6.95330352e-02  5.43416023e-01 -3.68785739e-01  3.00694294e-02
 -6.95137493e-03  1.07973129e-01  5.16520739e-01  3.59996974e-01
  1.45995036e-01  2.51696184e-02  1.03097349e-01  3.71103853e-01
  6.17532849e-01  1.51474655e-01  3.84895384e-01  6.69291541e-02
  3.22309881e-03  8.78606439e-02 -3.18374515e-01 -3.24748084e-03
  3.75911862e-01  7.45994002e-02  1.65592670e-01  1.56349733e-01
  3.36979181e-01 -8.55390429e-01  3.49286526e-01 -1.37658074e-01
  2.04861730e-01 -1.76386759e-02 -8.02479535e-02 -5.51620841e-01
  1.34592652e-01 -7.79156208e-01 -1.25249833e-01 -2.46439129e-04
  1.68991894e-01 -8.79125834e-01  7.69056231e-02 -3.83193642e-01
 -8.62808526e-02  2.91325033e-01 -3.90990883e-01 -4.55081537e-02
 -4.56205517e-01 -2.15740904e-01  2.09523976e-01  5.84143400e-01
  2.95955874e-02  3.72726858e-01  4.84156042e-01  3.21158022e-01
  5.89487433e-01  3.23332325e-02 -2.62516260e-01 -1.63922191e-01
  4.68389422e-01  2.03882471e-01  1.47557959e-01 -5.35236485e-03
  2.54143924e-01  2.95267284e-01  6.56477883e-02 -3.61525454e-03
  4.90856200e-01 -1.07703291e-01  2.43898630e-01 -1.91600487e-01
  3.69731873e-01  1.95306540e-01 -2.89269239e-01 -4.01604734e-02
  1.51082456e-01 -1.50723569e-03  2.42864549e-01 -1.71179846e-02
  2.07586139e-02 -7.22523212e-01 -1.14648037e-01 -8.77761543e-02
  1.41995907e-01  3.04932088e-01  2.78422296e-01 -5.48461556e-01
  1.36054531e-02  7.11905584e-02 -1.83802992e-01  2.58320034e-01
  2.28075236e-01  3.70470285e-01  3.40979844e-01  1.01024441e-01
  5.62858209e-02  2.43945494e-02  4.55346286e-01  1.82785913e-02
  1.41546950e-01  5.69364190e-01  9.41051543e-02 -2.52751827e-01
  4.04354304e-01 -7.18190596e-02  1.03314929e-02  8.99936631e-02
  8.83615136e-01 -5.11715971e-02 -2.19818398e-01  1.41455457e-01
  7.52739981e-02 -3.11838120e-01 -4.59527336e-02 -9.25020799e-02
  4.94832397e-02 -5.71488552e-02 -7.39966780e-02  4.40930575e-02
  7.41362050e-02 -9.83835220e-01 -8.51929709e-02  6.74376041e-02
 -7.12316871e-01  2.00265586e-01 -2.35528827e-01 -6.97749108e-02
 -3.25877458e-01  4.03519273e-02  3.46530586e-01 -4.51513529e-01
  3.29967178e-02  4.06181365e-02  1.40301958e-02  1.93693042e-01
  2.15234935e-01  4.26379263e-01  2.37783641e-01  1.09229863e-01
  2.88580626e-01 -6.99725449e-02  2.72672921e-02 -1.19688600e-01
  5.16049981e-01  1.01821721e-02 -9.96920317e-02  4.02859539e-01
  6.30542040e-01  4.12413478e-03 -1.09685555e-01 -1.16851673e-01
  2.16979638e-01 -1.98794618e-01 -1.16082393e-01  2.06874646e-02
  1.89955100e-01  1.05284601e-02 -2.16783792e-01  2.22893834e-01
  1.49697602e-01 -5.48359394e-01  4.04727250e-01  1.04256868e-01
  4.63534668e-02  1.54919118e-01 -4.14470434e-02 -8.51486176e-02
 -2.94374913e-01 -4.77657139e-01  5.77447176e-01 -1.96657509e-01
  9.08080861e-03  4.78847884e-03  1.15568295e-01  1.53041273e-01
  2.08464578e-01  4.50895727e-03  4.23167646e-02  3.63903642e-01
  5.66641212e-01  3.95298988e-01  7.96528608e-02 -2.70613562e-02
  3.59816134e-01  2.49327689e-01 -1.03600264e-01  3.49312089e-03
  3.59452933e-01 -3.66545230e-01 -8.63702893e-02 -1.48446098e-01
  2.07834691e-01 -1.76562592e-02 -1.71574324e-01  3.01619470e-01
  4.74155158e-01 -3.20533544e-01 -4.51216727e-01  1.90176189e-01
 -1.82769492e-01  8.82365555e-03  2.60704786e-01  4.70586002e-01
 -4.43544745e-01  7.34888539e-02  4.19893682e-01  9.49264243e-02
 -4.13997173e-01  3.10113966e-01  4.80336756e-01  6.49942756e-02
  7.37517327e-03  1.05112530e-02  2.14201510e-01  3.52296233e-01
  4.57609892e-01  1.18359178e-02  1.00430287e-01  1.53781146e-01
  4.58669841e-01  7.01111257e-02 -6.51974082e-01 -3.11629057e-01
  3.00136298e-01  1.98472857e-01 -3.36240977e-01  6.55256510e-02
  7.31009126e-01 -4.09891933e-01  1.16165727e-01  2.40788311e-01
  3.63486111e-01 -2.55977549e-03  4.59103584e-01 -1.38588017e-02
  7.63151497e-02  1.33904785e-01 -1.88042969e-01  2.50029154e-02
 -4.72835034e-01 -8.38864326e-01 -3.22662629e-02  1.31896183e-01
 -4.00971383e-01  7.33389258e-02  1.84224710e-01 -4.30784449e-02
  1.44826174e-02 -6.85454130e-01  5.00610352e-01  1.06574208e-01
  5.62103540e-02  1.58471406e-01 -9.67414118e-03  3.22995894e-02
  4.21694994e-01  5.06169796e-01  4.16209221e-01  3.26523557e-02
  1.35359839e-01  1.32118627e-01 -1.74653810e-02 -5.53858019e-02
  4.97973293e-01  2.72777498e-01  8.39254633e-02 -7.14728534e-02
  5.83713531e-01  6.90450370e-02 -3.16632360e-01  1.27532110e-02
  1.45686984e-01  2.23612756e-01 -1.71885435e-02 -1.45604033e-02
  2.35027447e-02  1.99557208e-02 -5.28925896e-01 -2.42114868e-02
  7.68243521e-02 -3.51044416e-01 -4.88661863e-02  2.20263422e-01
 -6.77611083e-02  5.26601821e-02 -4.04526144e-01 -7.09104240e-02
  3.51598486e-02 -5.01264259e-03  3.86370718e-01  6.33570552e-02
  7.68734664e-02  1.75197437e-01  5.09974599e-01  3.62209082e-01
  4.66339171e-01  3.67020547e-01  1.64706364e-01  4.00387943e-01
  2.11283892e-01  2.19926938e-01  6.47687167e-02  9.59508866e-03
  2.48678774e-01  1.75025433e-01  2.01540783e-01 -8.78201053e-03
  8.76909137e-01  2.52913982e-01  2.68487781e-01 -2.22147077e-01
  2.03605935e-01  1.01965159e-01  7.45829120e-02 -4.66085762e-01
 -1.08223796e-01  3.00981879e-01  2.35594288e-02 -1.60147116e-01
 -2.42820308e-02 -7.33751655e-01  2.60190755e-01  2.26072416e-01
  4.74014223e-01  2.14414299e-01 -4.20023739e-01 -3.93925697e-01
  3.41407545e-02 -2.56252557e-01 -2.88328141e-01 -3.17515045e-01
  1.35608718e-01  1.84274897e-01  4.69724625e-01  3.87229808e-02
  4.77603406e-01  3.66221219e-01  2.31674582e-01  5.34700632e-01
  1.37993291e-01  4.65698153e-01  1.27277821e-01 -6.90412521e-03
  7.09176779e-01  2.13491902e-01 -3.63703817e-01 -1.27968267e-02
  6.25314951e-01  2.60159783e-02  1.39354631e-01  4.06113416e-02
  4.51254964e-01  8.31905156e-02  2.97164842e-02  1.61144063e-01
  4.87425715e-01  1.98870167e-01 -3.13779302e-02  5.26757717e-01
 -9.02778432e-02  5.01808450e-02 -1.59223363e-01  1.35707855e-01
  4.71849799e-01  2.10873783e-01  3.28134626e-01 -2.22213805e-01
  4.56112996e-03 -3.52408975e-01  6.35925293e-01 -6.16919756e-01
  2.47761428e-01  3.91667038e-02  2.06690431e-01  1.50596067e-01
  4.37969357e-01 -1.70602463e-03  7.07382485e-02  9.07010213e-03
 -2.70114303e-01  7.28763640e-02 -7.92049989e-03  2.75180899e-02
  6.25103831e-01  1.48722589e-01  1.56683713e-01  6.89027160e-02
  4.99972314e-01  1.06019303e-01  2.69486785e-01 -7.36507177e-02
  1.30222917e-01  5.55223450e-02  1.84894279e-02  5.36601424e-01
  3.40926617e-01  2.63240904e-01 -3.59783880e-03 -9.31330919e-02
 -4.52746078e-03 -4.24843617e-02  3.64102930e-01 -4.07192945e-01
  3.75883840e-02  3.15694839e-01 -2.27096155e-01  1.77817255e-01
 -1.31216273e-01 -2.49171451e-01  4.28339064e-01 -2.58312196e-01
  5.02162054e-02  2.77955770e-01  4.11638021e-01  2.78015286e-01
  1.46939501e-01  7.65515305e-03 -3.31332475e-01  1.69293523e-01
  3.05279493e-01  1.32893503e-01 -3.40687960e-01 -1.51704937e-01
  2.64791876e-01  1.26108676e-01  5.58087602e-04  3.44828635e-01
  2.60046124e-01 -2.32039005e-01 -3.23560447e-01  1.16911724e-01
  1.67410374e-01 -1.87683851e-04  7.71918520e-03 -1.47590730e-02
  6.21619448e-02 -4.96638753e-02 -2.53085196e-01  1.42204873e-02
 -6.26748651e-02  1.67952366e-02 -1.51136313e-02 -3.24022472e-01
 -3.86320144e-01  2.33059794e-01 -2.31244415e-01 -4.22612756e-01
 -5.89304805e-01 -4.79408726e-02 -9.25830603e-02 -2.82830805e-01
 -1.23161199e-02  2.13608518e-03  1.51962280e-01  3.65720719e-01
  3.19558978e-01  1.12295434e-01  1.71330981e-02  1.59806356e-01
  5.58661222e-01  1.49653375e-01  8.89702886e-03  3.16467807e-02
  4.83576432e-02  1.26868680e-01  1.04354545e-02  1.42947420e-01
  4.59255278e-02 -1.53653055e-01  4.08372343e-01 -4.27042156e-01
  7.77198002e-02  8.61144662e-02  9.73479077e-03 -4.93347377e-01
  8.30660015e-03 -4.32877421e-01  2.65049785e-01  3.26421320e-01
  3.12438533e-02  3.50211747e-02  3.31023991e-01 -2.32907072e-01
  3.94818902e-01  2.27811933e-03  6.86717629e-01 -1.76664487e-01
 -5.52279502e-03 -4.44071025e-01  3.22632283e-01 -5.73797822e-01
  1.98250905e-01  2.42083997e-01  4.25553620e-02 -2.13570938e-01
  3.66438299e-01 -8.58996995e-03 -5.31338573e-01  4.25606549e-01
 -1.86725065e-01 -2.49444082e-01  3.77486885e-01  1.79947987e-01
 -1.01739354e-03 -4.44313399e-02  6.74497008e-01 -2.88930506e-01
  1.29592612e-01 -1.68756828e-01  2.68439889e-01 -5.10754846e-02
  2.44967565e-02 -1.70726385e-02 -1.11295931e-01 -3.04558575e-02
 -1.74721494e-01  1.26241520e-02 -9.82729718e-04  2.29371153e-03
 -1.64571151e-01  2.17504337e-01 -7.05567747e-02  8.96253064e-03
  5.76066971e-01  1.22393042e-01  1.56016499e-01  2.47937441e-03
  5.28665185e-01 -8.60219717e-01 -1.94237739e-01 -3.39803040e-01
  4.91726071e-01 -4.66017634e-01  1.78864628e-01  4.26712185e-01
  1.59707293e-01  9.27753374e-03  3.98324803e-03  7.64717340e-01
 -6.11793280e-01  9.62355211e-02 -3.26307684e-01  3.03205103e-01
  5.06817460e-01  4.01069939e-01  1.68677002e-01  1.82817936e-01
  8.22498322e-01  2.06147313e-01  1.97238222e-01  2.71242738e-01
  6.67028308e-01 -2.17659950e-01 -8.79737809e-02  7.66963840e-01
  1.71679020e-01 -7.76011199e-02  3.12553823e-01 -3.31050158e-03
  8.38117242e-01  8.76772031e-03 -2.10557222e-01  8.54844451e-01
  3.72365534e-01  2.52600551e-01  3.04275900e-02  2.85269141e-01
 -2.36435086e-02  4.84930843e-01  3.68025638e-02  5.90108633e-02
  2.74257809e-01  2.69315153e-01  3.80717963e-01  2.41630256e-01
 -4.69062924e-01 -6.72284484e-01  4.75077242e-01  6.07844815e-03
 -2.22743973e-01  8.36847350e-02  2.58075655e-01  2.34762549e-01
  3.26514274e-01  1.59907162e-01 -3.11706185e-01  9.22653377e-02
 -8.96057039e-02 -1.26616973e-02  4.54757959e-01  2.06730857e-01
  4.59241420e-02 -9.85247549e-03  2.19155833e-01  6.75683379e-01
  3.94071072e-01  1.72401398e-01  7.56392553e-02  3.07865918e-01
  3.00699353e-01  9.15075690e-02  4.07274663e-02  2.51101822e-01
  8.48831534e-02  2.91075855e-01  6.79948330e-01  2.63899297e-01
 -2.84020066e-01  4.64373797e-01  2.22516507e-02 -5.76695427e-02
  3.22952062e-01  3.50710303e-01 -1.89785689e-01  1.77627534e-01
  6.33615494e-01  3.01292807e-01  3.26491058e-01  4.69172537e-01
  5.84111452e-01  3.11589569e-01  2.08325922e-01  1.99147701e-01
  4.56197530e-01  1.26507618e-02  4.41835314e-01]
{"epoch": 17, "train_loss": 0.2545021928327028, "val_mae": 0.31130653619766235, "val_corr": 0.48302656576643993, "val_binary_acc": 0.6321483771251932, "val_binary_f1": 0.674863387978142, "threshold": 0.0}
Labels: [ 1.          0.33333334 -0.6666667  -0.8333333  -0.33333334  0.
  0.5         0.          0.33333334 -0.5         0.33333334  0.
  0.5         0.5         0.6666667  -0.16666667  0.         -0.6666667
  1.         -0.33333334 -1.          0.         -0.33333334 -0.8333333
  0.16666667  0.33333334 -0.6666667   0.          0.          0.
  0.33333334 -0.8333333   0.5         0.16666667 -0.33333334  0.33333334
  0.          0.6666667   0.         -0.16666667  0.33333334  0.16666667
 -0.6666667  -0.5         0.          0.16666667  0.          1.
  0.33333334 -0.8333333   0.16666667 -0.16666667  0.16666667  0.16666667
  0.6666667  -0.5         0.         -0.6666667   0.5         0.6666667
 -0.16666667 -0.6666667   0.         -0.8333333   0.33333334 -0.16666667
 -0.5        -0.33333334 -0.8333333  -0.8333333  -0.5         0.5
  0.33333334  0.          0.5         0.33333334  0.6666667   0.6666667
 -0.16666667 -0.33333334  0.33333334  0.16666667 -0.33333334 -0.6666667
  0.          0.          0.16666667  0.          0.5         0.
  0.          0.          0.16666667 -0.8333333   0.          0.
  0.16666667  0.16666667  0.16666667  0.         -0.33333334 -0.8333333
  0.         -0.33333334  0.          0.33333334  0.         -0.8333333
 -0.33333334  0.         -0.5         0.          0.8333333   0.5
  0.5         0.33333334  0.          0.          0.6666667  -0.16666667
  0.75        0.8333333  -0.5         0.33333334  0.          0.16666667
  0.5         0.33333334  0.6666667  -0.5        -0.16666667  0.33333334
  0.8333333  -0.8333333   0.16666667  0.          0.          0.
 -1.          0.16666667  0.33333334 -1.          0.          0.
  1.          0.33333334 -1.          0.33333334 -0.16666667  0.16666667
  0.6666667  -0.6666667   0.          0.33333334 -0.16666667  0.16666667
  0.33333334  0.33333334  0.33333334  0.5         0.33333334 -0.16666667
 -0.6666667  -0.8333333   0.          0.16666667 -0.16666667  1.
  0.5         0.16666667  0.16666667 -0.16666667  0.16666667  0.33333334
  0.16666667 -0.33333334  0.          0.16666667  0.16666667  0.33333334
  0.         -0.8333333  -0.5         0.16666667  1.          0.16666667
  0.16666667 -0.8333333   0.         -0.16666667  0.6666667  -0.6666667
  0.5         0.33333334  0.16666667  0.          0.33333334  0.33333334
  0.          1.          0.25        0.33333334 -0.6666667  -0.8333333
  0.          0.16666667 -0.33333334  0.          0.5        -0.16666667
  0.16666667 -0.16666667  0.         -0.16666667  0.33333334  0.8333333
  0.8333333   0.5        -0.5         0.16666667 -1.          0.
  0.16666667 -0.8333333  -0.16666667 -0.33333334 -0.16666667 -1.
 -0.16666667  0.          0.5        -0.5        -0.5         0.33333334
  0.          0.33333334  0.33333334  0.          0.          0.6666667
  0.5         0.33333334 -0.8333333  -0.8333333   0.16666667 -0.16666667
  1.          0.8333333   0.5         0.16666667 -0.16666667 -0.16666667
  0.5        -0.5         0.5        -0.16666667  0.33333334  0.33333334
 -0.5         0.5        -0.6666667  -1.         -0.5        -0.16666667
  0.6666667  -0.33333334  0.          0.33333334  0.         -0.8333333
  0.33333334 -0.33333334 -0.16666667  0.33333334  0.          0.33333334
  0.6666667   0.5         0.16666667  0.16666667  0.08333334  0.
  0.5         0.6666667   0.16666667  0.          0.          0.
  0.          0.16666667 -0.33333334 -0.8333333  -0.16666667  0.
  0.16666667  0.          0.5         0.         -0.8333333   0.5
 -0.6666667  -0.8333333  -0.6666667   0.          1.          0.16666667
 -0.6666667   0.16666667  0.          0.          1.         -0.16666667
  0.          0.33333334  0.16666667  0.8333333   0.5         1.
  0.          0.          0.6666667   0.33333334  0.          0.
  0.          0.          1.          0.16666667  0.5        -0.33333334
  0.16666667  0.          0.33333334  0.         -0.16666667 -0.5
 -0.5         0.8333333   0.          0.16666667  0.         -0.8333333
 -0.6666667   0.          0.8333333   0.          0.          0.
  0.         -0.6666667  -0.33333334 -0.6666667   0.16666667  0.16666667
  0.16666667  0.33333334  0.33333334  0.8333333  -0.33333334  0.
  0.6666667   0.          0.          0.          0.33333334  0.
  0.33333334  1.          0.16666667  0.         -0.16666667  0.16666667
  0.33333334  0.          0.33333334 -0.8333333   0.6666667   0.5
  0.          0.8333333  -0.5        -0.16666667 -0.5         0.
  0.8333333  -0.16666667  0.6666667  -0.33333334  0.16666667 -0.8333333
  0.8333333  -1.          0.5         0.5         0.          0.16666667
  0.5         0.         -0.16666667  0.33333334  0.6666667   0.6666667
 -0.16666667  0.          0.6666667   0.16666667  0.          0.16666667
  0.5         0.33333334  0.6666667   0.6666667   0.33333334  0.5
 -0.6666667   0.5         0.8333333   0.5         0.          0.16666667
  0.         -0.8333333  -0.5        -0.16666667  0.8333333   0.
  0.33333334  0.         -0.6666667  -0.5        -0.16666667 -0.16666667
  0.          0.6666667   0.          0.5         0.          0.8333333
  0.          0.33333334  0.41666666  0.         -0.8333333  -0.33333334
  0.          0.16666667  0.          0.8333333   0.8333333   0.
 -0.6666667   0.         -0.16666667  0.          0.33333334  0.
  0.          0.         -0.6666667   0.         -0.33333334 -0.16666667
  0.         -0.6666667   0.6666667   0.16666667 -0.33333334 -0.6666667
 -0.8333333  -0.16666667 -0.8333333  -0.5        -0.6666667   0.16666667
 -0.33333334  0.          0.16666667  0.8333333  -0.33333334  0.33333334
  0.6666667   0.          0.16666667  0.          0.8333333   0.
 -0.16666667  0.33333334 -0.33333334  0.16666667  0.16666667 -0.33333334
 -0.33333334  0.5         0.33333334 -0.6666667   0.         -0.6666667
  0.          0.16666667 -0.16666667  0.5         0.6666667   0.
 -0.16666667  0.16666667  0.6666667  -0.5         0.5         0.
  0.         -1.         -0.6666667   0.          0.16666667 -1.
  0.5        -0.5         0.6666667   0.16666667 -0.8333333  -0.33333334
  0.         -0.16666667  0.8333333   0.          0.16666667  0.33333334
  0.6666667  -0.16666667  0.16666667  0.5         0.8333333  -0.6666667
  0.          0.33333334  0.6666667   0.         -0.16666667 -0.33333334
 -0.8333333   1.         -0.6666667   0.6666667   0.          0.6666667
  0.16666667  0.5         0.33333334 -0.8333333   0.          0.
  0.5         0.33333334  0.          0.          0.          0.
  0.          0.33333334 -0.5         0.          0.16666667  0.
  0.          0.          0.16666667  1.          0.6666667  -0.5
  0.33333334  0.          0.          1.          0.          0.5
  0.16666667  0.         -0.16666667  0.          1.          0.
  1.          0.          0.16666667  0.          0.16666667 -0.16666667
 -0.8333333  -0.33333334  0.          0.16666667  0.          0.16666667
  0.33333334  0.33333334 -0.8333333  -0.8333333   0.16666667  0.16666667
  0.9166667   0.16666667  0.5         0.6666667   0.33333334 -0.6666667
 -0.6666667   0.33333334 -0.6666667   0.          0.16666667 -0.16666667
 -0.8333333  -0.33333334 -0.6666667   0.33333334  0.5         0.33333334
  0.25        0.33333334  0.          0.33333334  0.          0.
  0.6666667   0.          0.8333333   0.6666667   0.5         0.33333334
  0.75       -0.16666667  0.25        0.          1.          0.33333334
  0.33333334  0.33333334  0.5         0.8333333   0.16666667  0.
  0.16666667  0.5         0.75        0.41666666  0.16666667]
Predictions: [ 3.76242161e-01  2.93943018e-01  8.28770250e-02 -6.93276763e-01
  4.39299107e-01  8.98869261e-02 -1.14251031e-02  1.33666769e-03
  3.48594785e-01 -5.94263852e-01 -9.88304392e-02  6.65672123e-04
  2.98326373e-01  9.14212912e-02  3.28289628e-01  2.66162660e-02
  1.43545449e-01  4.86112908e-02  2.03532219e-01  5.80157042e-01
 -1.71260685e-01  6.69603609e-03 -2.02396661e-01 -5.42475700e-01
 -9.66542438e-02  5.95224977e-01 -5.20926416e-01  7.85040930e-02
  1.43609587e-02  6.93067089e-02  5.16376197e-01  3.16061884e-01
  1.95359185e-01  5.85555471e-03  1.60060629e-01  5.06609619e-01
  7.00244486e-01  2.01784477e-01  3.83867651e-01  1.43056586e-01
  4.43859622e-02  3.00818771e-01 -2.59421200e-01  1.63929518e-02
  4.43134874e-01  3.82321864e-01  4.42845970e-02  2.16075033e-01
  3.91341954e-01 -6.27180994e-01  2.58820444e-01 -1.25925064e-01
  2.76898354e-01 -2.77467798e-02 -1.04556039e-01 -6.17743492e-01
  1.02791086e-01 -6.83387876e-01 -2.53051877e-01  2.38737211e-01
  9.45213810e-02 -7.50960112e-01  1.02900684e-01 -3.78893942e-01
 -6.39827549e-02  3.21517646e-01 -4.79298621e-01  2.77918410e-02
 -3.72101337e-01 -1.49054363e-01  2.75432348e-01  5.99781394e-01
  8.09483081e-02  1.85523540e-01  5.57971776e-01  3.30122977e-01
  6.45946085e-01  4.88123223e-02 -2.39087909e-01 -7.03355670e-03
  4.53234136e-01  1.43416896e-01  2.21503928e-01 -6.49137981e-03
  1.67892933e-01  3.94437492e-01  4.14222032e-02  4.88336943e-03
  5.11074543e-01 -1.10488862e-01  3.09959471e-01 -1.39732361e-01
  2.26348042e-01 -1.39114019e-02 -2.97261536e-01  1.09168351e-01
  1.78578377e-01  2.85632294e-02  3.27615589e-01  2.01951772e-01
  3.61629389e-03 -6.66258633e-01  4.61984426e-04  1.70526188e-02
  6.21376745e-03  2.97621250e-01  6.14322573e-02 -6.63415670e-01
 -1.99391946e-01  5.15191779e-02 -4.79356080e-01  1.34480536e-01
  2.30780616e-01  2.29007050e-01  3.80939692e-01  1.53962180e-01
  7.22173974e-02  1.29684005e-02  5.27707696e-01  2.34177992e-01
  1.23838261e-01  5.62067628e-01 -3.11878353e-01 -6.00758120e-02
  4.36899275e-01 -3.30070294e-02  2.88148019e-02  5.13825938e-03
  8.36811483e-01 -6.24112636e-02 -1.58086345e-01  4.42070141e-03
  7.66390786e-02 -3.38034928e-01  5.49535155e-02 -1.65606439e-01
  5.15033677e-02 -9.84391663e-03  7.56679997e-02  1.08880073e-01
  6.47962540e-02 -8.91177177e-01  2.88787428e-02  1.10476866e-01
 -7.81667352e-01  1.90667674e-01 -2.72455186e-01  4.10759032e-01
 -2.66953647e-01  1.84223186e-02  4.10687655e-01 -4.77783859e-01
  1.55288707e-02  8.11694376e-03  5.86522296e-02  2.17231855e-01
  1.79785445e-01  4.34313715e-01  2.87336379e-01  1.65887117e-01
  5.10054350e-01 -7.59341791e-02  4.42994609e-02  2.58267689e-02
  4.20677125e-01  3.56490314e-02 -2.06306979e-01  5.07700980e-01
  6.37789786e-01  9.02815722e-03 -7.10097030e-02 -1.93847179e-01
  2.04938695e-01 -1.35504752e-01  7.74698704e-02  3.24112624e-02
  6.70611709e-02  2.64298648e-01 -1.03531055e-01  2.79826432e-01
  3.64887789e-02 -4.46533829e-01  4.13925618e-01  5.29577583e-02
 -4.34347093e-02  2.17345342e-01  2.56984066e-02 -5.54540157e-02
 -2.04610169e-01 -4.21890169e-01  5.56716859e-01 -2.40267634e-01
  2.97504123e-02  1.44458070e-01  1.59631163e-01  2.12768748e-01
  1.60180971e-01  4.89279442e-03  9.76662934e-02  3.45628917e-01
  4.81843710e-01  4.09481645e-01  1.37807608e-01  1.09332383e-01
  3.42842102e-01  2.63590783e-01 -1.36398122e-01  1.17709991e-02
  2.66280115e-01 -2.22302243e-01 -9.29823965e-02 -1.68081015e-01
  1.95915520e-01 -1.39121830e-01 -3.97943035e-02  3.62437159e-01
  4.24307019e-01 -1.45871490e-01 -2.55500019e-01  3.35830331e-01
 -1.15082160e-01  1.56225991e-02  1.59654260e-01  5.41857481e-01
 -4.16961938e-01  2.06001610e-01  5.07431746e-01  3.11343700e-01
 -4.59936440e-01  1.82620138e-01  4.05907333e-01  6.02492094e-02
 -4.00050394e-02 -4.92499582e-03  2.95879036e-01  4.05195355e-01
  5.21519184e-01  5.59294522e-02  2.49507967e-02  2.43006662e-01
  4.63478953e-01  4.48937789e-02 -5.34122407e-01 -3.65138829e-01
  3.49243671e-01  9.70588923e-02 -3.56632948e-01  4.41022217e-02
  6.79677844e-01 -4.06293511e-01  1.59032896e-01 -1.64830133e-01
  4.26904380e-01  1.07301641e-02  6.36593699e-01 -1.22572817e-02
  9.56722125e-02  1.19667500e-01 -1.82351679e-01  1.80449039e-01
 -5.80063820e-01 -7.36688256e-01 -7.97426999e-02  4.81329113e-02
 -4.45057660e-01  8.51581916e-02  8.56938586e-02 -4.54644933e-02
  2.82036494e-02 -5.93377888e-01  4.89102423e-01  1.38722405e-01
  1.19659036e-01  1.47981703e-01  1.74663272e-02  1.08851239e-01
  4.02383715e-01  5.45656919e-01  5.07796228e-01  1.84388980e-01
  1.21102080e-01  2.62397621e-02  1.28417030e-01 -9.49023291e-02
  6.12059772e-01  2.07940340e-01  4.95406017e-02  3.64416122e-01
  6.40040815e-01  4.75736707e-02 -3.39157671e-01 -3.90089303e-01
  1.54976726e-01  6.38100952e-02 -7.28741139e-02 -1.00495853e-03
  7.12475702e-02  2.47750189e-02 -4.64261740e-01  9.84660462e-02
  1.99434180e-02 -5.30917287e-01 -1.84497803e-01  1.02002814e-01
  4.86327231e-01  1.76589321e-02 -4.35036302e-01 -3.68032232e-02
  4.14341092e-02  7.49778375e-03  4.95852292e-01  2.48366579e-01
  1.39422715e-01  1.27676755e-01  4.33107734e-01  1.04295447e-01
  5.56045890e-01  3.22309613e-01  9.24047828e-02  5.11094630e-01
  3.73068124e-01  2.10473284e-01  8.97655115e-02  9.93270241e-03
  3.21950167e-01  1.70241848e-01 -9.77148712e-02  7.37603754e-04
  8.82196486e-01  2.57559270e-01  2.53609270e-01 -1.45309512e-02
  2.47764543e-01  6.34143874e-03  2.16290846e-01 -4.32549775e-01
 -9.00381505e-02  3.37360114e-01  3.08382194e-02 -9.05546620e-02
 -3.40217166e-03 -6.00534379e-01  1.86738655e-01  1.60932139e-01
  4.99882996e-01  2.89252430e-01 -4.32234645e-01 -3.16029429e-01
  4.16626707e-02 -2.29706243e-01 -3.01851273e-01 -3.16592574e-01
  1.41542703e-01  9.25972015e-02  4.12787914e-01  4.28971574e-02
  6.20617449e-01  3.72094065e-01  2.96885520e-01  5.83290994e-01
  1.79986134e-01  5.65964699e-01  1.72913298e-01  5.71398251e-03
  7.42408633e-01  1.58989400e-01 -5.28263807e-01  8.77861492e-03
  6.43339813e-01 -1.99020207e-02  2.59896398e-01  2.03042608e-02
  3.47650647e-01  2.75415052e-02  4.94119376e-02  1.06602550e-01
  5.17723262e-01  2.18293622e-01  5.10828942e-02  7.01638699e-01
 -5.64504340e-02  2.70791110e-02 -2.13310659e-01  1.11725375e-01
  5.56171238e-01  2.30134711e-01  4.73078527e-03 -2.23963544e-01
  4.48412634e-03 -2.03513294e-01  6.68834627e-01 -5.83150923e-01
  3.06635588e-01  1.13155693e-03  1.61143497e-01  4.96940732e-01
  4.38948333e-01  9.51103680e-03  1.40831828e-01  1.70922115e-01
 -1.33768305e-01  1.46694452e-01  3.35273519e-02 -9.96418297e-04
  6.02236032e-01  3.00134629e-01 -1.09750954e-02 -7.72548467e-03
  4.36364383e-01 -9.19522569e-02  2.90704966e-01 -6.62506223e-02
  2.33260497e-01 -4.93609533e-03  2.90539283e-02  5.93250155e-01
  2.29147896e-01  2.40510628e-01  1.41653437e-02 -7.02191591e-02
  2.11976115e-02 -6.42464124e-03  3.23464304e-01 -4.19542044e-01
 -1.30320843e-02  3.71902555e-01 -3.18931490e-01  1.53778225e-01
 -1.59424067e-01 -4.59228814e-01  4.10288453e-01 -2.89224267e-01
  1.21435925e-01  1.74954742e-01  3.83505285e-01  3.67105454e-01
  1.88328251e-01  6.20673448e-02 -2.16674373e-01  2.14568570e-01
  3.61615598e-01  5.32246679e-02 -2.31485754e-01 -1.25377476e-01
  4.37912583e-01  9.94680226e-02 -4.19747271e-03  2.61901915e-01
  3.13125968e-01 -1.42678142e-01 -3.20627570e-01  5.02852723e-02
  1.91006348e-01 -1.98533945e-03  2.30764393e-02  9.07718204e-03
  4.72252965e-02 -7.27107190e-03 -2.76300341e-01  6.80223703e-02
 -2.34612837e-01 -1.45957604e-01  5.14290258e-02 -4.99514014e-01
 -3.90343070e-01  2.37232760e-01 -2.60617226e-01 -3.34284872e-01
 -5.55353701e-01 -2.27094833e-02  1.95069417e-01 -3.56992245e-01
  7.74422847e-03  9.71478038e-03  2.01579958e-01  3.14192444e-01
  3.30799192e-01  1.25388667e-01  1.56945586e-01  8.48718807e-02
  6.81432962e-01 -3.03425640e-02  6.00843690e-03  5.91343455e-03
  1.06327221e-01  1.74257711e-01  3.02581582e-02  1.72251627e-01
  4.11209688e-02 -2.02329114e-01  3.67121249e-01 -5.07456601e-01
 -2.98532881e-02  2.61288434e-01  2.59148311e-02 -4.59929943e-01
  1.44564193e-02 -4.09021616e-01  3.62703174e-01  2.38517419e-01
 -6.32651076e-02  4.70038205e-02  2.46833459e-01 -2.63771862e-01
  2.86573768e-01  2.64692996e-02  6.11582279e-01 -1.82245463e-01
  2.65195351e-02 -6.00989103e-01  3.15253228e-01 -5.72608232e-01
 -5.30570745e-01  2.95043319e-01  1.84331965e-02 -1.23779170e-01
  3.54414970e-01 -3.06338519e-01 -6.23248041e-01  5.29864192e-01
 -3.77806947e-02 -2.98726887e-01  4.61157829e-01  2.05977723e-01
  3.94969806e-03  6.36655837e-03  6.14251614e-01 -2.27885664e-01
  4.59003225e-02 -2.54601955e-01  2.05419064e-01  1.30433187e-01
  9.24822465e-02  8.43710899e-02 -7.78777376e-02 -1.88859291e-02
  1.69985536e-02  1.93803966e-01  7.16797449e-03  8.67799856e-03
 -2.67233908e-01  3.98107320e-01  3.49652544e-02  3.89674827e-02
  4.07699019e-01  9.81443450e-02 -2.57935040e-02 -5.91874123e-04
  4.05826360e-01 -6.40219927e-01 -1.46594271e-01 -3.65440398e-01
  5.81697404e-01 -4.05386448e-01  6.59520403e-02  4.42407250e-01
  2.64452368e-01  3.06483917e-03  3.78909931e-02  7.59795249e-01
 -5.51649630e-01  2.26982590e-02 -3.68967056e-01  2.89908022e-01
  5.08151054e-01  4.15411979e-01  6.94428906e-02  3.46046478e-01
  8.21198225e-01  2.27547273e-01  2.36966297e-01  2.41204929e-02
  7.05699682e-01 -2.34342173e-01 -1.96581304e-01  7.88425922e-01
  6.96767941e-02 -1.06239878e-01  3.44592333e-01 -8.36906582e-03
  8.30492377e-01  2.40923893e-02 -2.34167591e-01  8.03105295e-01
  4.56956327e-01  3.07708651e-01  5.81767410e-02  4.96427476e-01
 -1.38385087e-01  4.73774999e-01  4.94074151e-02  1.20019183e-01
  2.86712199e-01  1.40002459e-01  5.63308418e-01  2.74018437e-01
 -4.94691789e-01 -7.07042575e-01  5.31505346e-01  2.85951998e-02
 -4.81796749e-02  4.79829162e-02  4.69964832e-01  1.32854924e-01
  3.79720956e-01  4.74455655e-02 -2.30106995e-01  9.56924856e-02
 -1.38987929e-01 -4.97380272e-03  5.63514829e-01  2.48277381e-01
  1.34683717e-02 -8.85905698e-04  2.02379763e-01  7.42525101e-01
  3.57936352e-01  3.10118318e-01  2.36011162e-01  4.17608112e-01
  2.85533965e-01  2.50906378e-01  1.09744221e-01  2.48878077e-01
  1.49035469e-01  2.14933023e-01  6.93847120e-01  3.49764705e-01
 -5.03499061e-02  3.68949920e-01  1.80709288e-01  1.03567004e-01
  2.58206904e-01  2.65882313e-01 -4.50065173e-03  2.00966328e-01
  6.32688105e-01  3.22660625e-01  4.64872301e-01  5.18709302e-01
  6.09057009e-01  3.54919970e-01  2.12865651e-01  2.16162398e-01
  4.49315012e-01  5.96147180e-02  4.91019964e-01]
{"epoch": 18, "train_loss": 0.247742896509725, "val_mae": 0.30351170897483826, "val_corr": 0.5010024997913196, "val_binary_acc": 0.6089644513137558, "val_binary_f1": 0.6657859973579922, "threshold": 0.0}
Labels: [ 1.          0.33333334 -0.6666667  -0.8333333  -0.33333334  0.
  0.5         0.          0.33333334 -0.5         0.33333334  0.
  0.5         0.5         0.6666667  -0.16666667  0.         -0.6666667
  1.         -0.33333334 -1.          0.         -0.33333334 -0.8333333
  0.16666667  0.33333334 -0.6666667   0.          0.          0.
  0.33333334 -0.8333333   0.5         0.16666667 -0.33333334  0.33333334
  0.          0.6666667   0.         -0.16666667  0.33333334  0.16666667
 -0.6666667  -0.5         0.          0.16666667  0.          1.
  0.33333334 -0.8333333   0.16666667 -0.16666667  0.16666667  0.16666667
  0.6666667  -0.5         0.         -0.6666667   0.5         0.6666667
 -0.16666667 -0.6666667   0.         -0.8333333   0.33333334 -0.16666667
 -0.5        -0.33333334 -0.8333333  -0.8333333  -0.5         0.5
  0.33333334  0.          0.5         0.33333334  0.6666667   0.6666667
 -0.16666667 -0.33333334  0.33333334  0.16666667 -0.33333334 -0.6666667
  0.          0.          0.16666667  0.          0.5         0.
  0.          0.          0.16666667 -0.8333333   0.          0.
  0.16666667  0.16666667  0.16666667  0.         -0.33333334 -0.8333333
  0.         -0.33333334  0.          0.33333334  0.         -0.8333333
 -0.33333334  0.         -0.5         0.          0.8333333   0.5
  0.5         0.33333334  0.          0.          0.6666667  -0.16666667
  0.75        0.8333333  -0.5         0.33333334  0.          0.16666667
  0.5         0.33333334  0.6666667  -0.5        -0.16666667  0.33333334
  0.8333333  -0.8333333   0.16666667  0.          0.          0.
 -1.          0.16666667  0.33333334 -1.          0.          0.
  1.          0.33333334 -1.          0.33333334 -0.16666667  0.16666667
  0.6666667  -0.6666667   0.          0.33333334 -0.16666667  0.16666667
  0.33333334  0.33333334  0.33333334  0.5         0.33333334 -0.16666667
 -0.6666667  -0.8333333   0.          0.16666667 -0.16666667  1.
  0.5         0.16666667  0.16666667 -0.16666667  0.16666667  0.33333334
  0.16666667 -0.33333334  0.          0.16666667  0.16666667  0.33333334
  0.         -0.8333333  -0.5         0.16666667  1.          0.16666667
  0.16666667 -0.8333333   0.         -0.16666667  0.6666667  -0.6666667
  0.5         0.33333334  0.16666667  0.          0.33333334  0.33333334
  0.          1.          0.25        0.33333334 -0.6666667  -0.8333333
  0.          0.16666667 -0.33333334  0.          0.5        -0.16666667
  0.16666667 -0.16666667  0.         -0.16666667  0.33333334  0.8333333
  0.8333333   0.5        -0.5         0.16666667 -1.          0.
  0.16666667 -0.8333333  -0.16666667 -0.33333334 -0.16666667 -1.
 -0.16666667  0.          0.5        -0.5        -0.5         0.33333334
  0.          0.33333334  0.33333334  0.          0.          0.6666667
  0.5         0.33333334 -0.8333333  -0.8333333   0.16666667 -0.16666667
  1.          0.8333333   0.5         0.16666667 -0.16666667 -0.16666667
  0.5        -0.5         0.5        -0.16666667  0.33333334  0.33333334
 -0.5         0.5        -0.6666667  -1.         -0.5        -0.16666667
  0.6666667  -0.33333334  0.          0.33333334  0.         -0.8333333
  0.33333334 -0.33333334 -0.16666667  0.33333334  0.          0.33333334
  0.6666667   0.5         0.16666667  0.16666667  0.08333334  0.
  0.5         0.6666667   0.16666667  0.          0.          0.
  0.          0.16666667 -0.33333334 -0.8333333  -0.16666667  0.
  0.16666667  0.          0.5         0.         -0.8333333   0.5
 -0.6666667  -0.8333333  -0.6666667   0.          1.          0.16666667
 -0.6666667   0.16666667  0.          0.          1.         -0.16666667
  0.          0.33333334  0.16666667  0.8333333   0.5         1.
  0.          0.          0.6666667   0.33333334  0.          0.
  0.          0.          1.          0.16666667  0.5        -0.33333334
  0.16666667  0.          0.33333334  0.         -0.16666667 -0.5
 -0.5         0.8333333   0.          0.16666667  0.         -0.8333333
 -0.6666667   0.          0.8333333   0.          0.          0.
  0.         -0.6666667  -0.33333334 -0.6666667   0.16666667  0.16666667
  0.16666667  0.33333334  0.33333334  0.8333333  -0.33333334  0.
  0.6666667   0.          0.          0.          0.33333334  0.
  0.33333334  1.          0.16666667  0.         -0.16666667  0.16666667
  0.33333334  0.          0.33333334 -0.8333333   0.6666667   0.5
  0.          0.8333333  -0.5        -0.16666667 -0.5         0.
  0.8333333  -0.16666667  0.6666667  -0.33333334  0.16666667 -0.8333333
  0.8333333  -1.          0.5         0.5         0.          0.16666667
  0.5         0.         -0.16666667  0.33333334  0.6666667   0.6666667
 -0.16666667  0.          0.6666667   0.16666667  0.          0.16666667
  0.5         0.33333334  0.6666667   0.6666667   0.33333334  0.5
 -0.6666667   0.5         0.8333333   0.5         0.          0.16666667
  0.         -0.8333333  -0.5        -0.16666667  0.8333333   0.
  0.33333334  0.         -0.6666667  -0.5        -0.16666667 -0.16666667
  0.          0.6666667   0.          0.5         0.          0.8333333
  0.          0.33333334  0.41666666  0.         -0.8333333  -0.33333334
  0.          0.16666667  0.          0.8333333   0.8333333   0.
 -0.6666667   0.         -0.16666667  0.          0.33333334  0.
  0.          0.         -0.6666667   0.         -0.33333334 -0.16666667
  0.         -0.6666667   0.6666667   0.16666667 -0.33333334 -0.6666667
 -0.8333333  -0.16666667 -0.8333333  -0.5        -0.6666667   0.16666667
 -0.33333334  0.          0.16666667  0.8333333  -0.33333334  0.33333334
  0.6666667   0.          0.16666667  0.          0.8333333   0.
 -0.16666667  0.33333334 -0.33333334  0.16666667  0.16666667 -0.33333334
 -0.33333334  0.5         0.33333334 -0.6666667   0.         -0.6666667
  0.          0.16666667 -0.16666667  0.5         0.6666667   0.
 -0.16666667  0.16666667  0.6666667  -0.5         0.5         0.
  0.         -1.         -0.6666667   0.          0.16666667 -1.
  0.5        -0.5         0.6666667   0.16666667 -0.8333333  -0.33333334
  0.         -0.16666667  0.8333333   0.          0.16666667  0.33333334
  0.6666667  -0.16666667  0.16666667  0.5         0.8333333  -0.6666667
  0.          0.33333334  0.6666667   0.         -0.16666667 -0.33333334
 -0.8333333   1.         -0.6666667   0.6666667   0.          0.6666667
  0.16666667  0.5         0.33333334 -0.8333333   0.          0.
  0.5         0.33333334  0.          0.          0.          0.
  0.          0.33333334 -0.5         0.          0.16666667  0.
  0.          0.          0.16666667  1.          0.6666667  -0.5
  0.33333334  0.          0.          1.          0.          0.5
  0.16666667  0.         -0.16666667  0.          1.          0.
  1.          0.          0.16666667  0.          0.16666667 -0.16666667
 -0.8333333  -0.33333334  0.          0.16666667  0.          0.16666667
  0.33333334  0.33333334 -0.8333333  -0.8333333   0.16666667  0.16666667
  0.9166667   0.16666667  0.5         0.6666667   0.33333334 -0.6666667
 -0.6666667   0.33333334 -0.6666667   0.          0.16666667 -0.16666667
 -0.8333333  -0.33333334 -0.6666667   0.33333334  0.5         0.33333334
  0.25        0.33333334  0.          0.33333334  0.          0.
  0.6666667   0.          0.8333333   0.6666667   0.5         0.33333334
  0.75       -0.16666667  0.25        0.          1.          0.33333334
  0.33333334  0.33333334  0.5         0.8333333   0.16666667  0.
  0.16666667  0.5         0.75        0.41666666  0.16666667]
Predictions: [ 3.52269948e-01  8.65790099e-02 -7.06412941e-02 -5.48211694e-01
  9.02511105e-02  2.07657386e-02 -4.50074524e-02  7.25818798e-04
  3.41346502e-01 -6.71849370e-01 -1.10021457e-01  5.36374748e-04
  3.43315303e-01 -2.54217774e-01  2.70760000e-01 -3.53437439e-02
  3.87742370e-02 -1.74915895e-01 -9.26872790e-02  4.09579992e-01
 -3.21938008e-01 -1.52892377e-02 -2.72665709e-01 -6.14327490e-01
 -8.11955556e-02  4.91628587e-01 -5.60746789e-01  2.92393770e-02
 -1.48509173e-02  1.26403466e-01  3.52995247e-01 -5.15024662e-01
  6.75328448e-02 -1.20071232e-01  3.52406725e-02  1.66389942e-01
  3.79233360e-01  6.66933060e-02  3.57632607e-01  1.25521630e-01
  7.83899426e-02  3.05473618e-03 -3.75877380e-01  6.94561750e-03
  9.48746651e-02  2.26379052e-01 -5.49764633e-02  2.35178009e-01
  2.05018386e-01 -6.70493901e-01 -2.45709196e-02 -3.79312873e-01
  1.24091044e-01 -1.26637101e-01 -1.48817763e-01 -6.32547081e-01
  6.47728145e-02 -8.04935634e-01 -3.88959378e-01  2.02484280e-01
  2.99585927e-02 -9.36310589e-01  9.53137651e-02 -4.29206342e-01
 -1.93278305e-03  1.86749533e-01 -4.70788389e-01  9.61523317e-03
 -5.01524448e-01 -1.68379307e-01  6.04864731e-02  4.74860668e-01
 -6.75301813e-03 -1.03031009e-01  4.81029034e-01  2.86803722e-01
  4.81536984e-01  1.72421843e-01 -2.45189860e-01 -2.24151179e-01
  4.90593195e-01  1.62262097e-01  1.05290473e-01 -9.74852592e-04
  1.20896146e-01  3.32166463e-01  6.88090362e-03  9.22549516e-05
  3.49086970e-01 -1.68190464e-01  1.44388154e-01 -3.33029330e-01
  8.81807804e-02 -6.67063668e-02 -3.36007327e-01  2.44974241e-01
  9.78876054e-02  8.31373781e-03  5.64591214e-02  2.01758191e-01
 -1.96814798e-02 -8.26527655e-01 -2.26290107e-01 -4.63666946e-01
  6.12739287e-03  2.05054983e-01  2.86067963e-01 -6.93412900e-01
 -2.71189749e-01  1.05383858e-01 -5.21652281e-01  1.64901122e-01
  8.77162144e-02  9.20737348e-03  1.08892024e-01  2.88146436e-01
  3.83775383e-02 -6.71013445e-03  3.70297790e-01  4.51062806e-03
  1.00578681e-01  3.63940656e-01 -4.92951483e-01 -2.20719352e-01
  3.40203941e-01 -1.74294055e-01 -8.11431259e-02 -1.00886449e-04
  5.61149955e-01 -1.73412159e-01 -1.58577427e-01 -1.25794977e-01
  3.80678624e-02 -5.43583632e-01 -2.75344402e-02  1.64231479e-01
 -4.04467694e-02 -1.47934202e-02 -1.15263760e-01  9.05252397e-02
  3.43948603e-02 -9.52611387e-01 -1.84831411e-01  1.10686850e-02
 -8.82500529e-01  2.11685449e-01 -3.16001087e-01  8.36274773e-02
 -3.03447008e-01  1.26820400e-01  4.66412097e-01 -5.90556622e-01
  3.06490622e-03 -2.55472399e-02  1.94458477e-03  6.67001903e-02
  4.90295440e-02  4.40949053e-01 -1.59928486e-01  1.55932039e-01
  2.49087796e-01 -2.62687385e-01 -3.25891711e-02 -6.66636452e-02
  3.90367270e-01  3.72814238e-02 -5.31674996e-02  3.48543406e-01
  4.35979545e-01  1.35676116e-01 -3.83466668e-03 -5.48540235e-01
  1.69480577e-01 -3.91158104e-01 -3.28803733e-02  3.08826175e-02
  9.11599845e-02  3.78144324e-01 -1.89611375e-01  2.63340056e-01
 -7.87546858e-04 -3.70816439e-01  2.11523831e-01 -8.28588381e-04
  5.55947050e-02  1.73635468e-01  5.60299680e-03 -1.85867578e-01
 -2.83216029e-01 -4.95442659e-01  4.88672554e-01 -1.47662506e-01
  2.07236502e-02 -1.30135506e-01  3.02669201e-02  2.51095593e-01
  1.59091771e-01 -2.94477213e-02  7.75298104e-02  4.90059614e-01
  3.79401445e-01  2.53303945e-01 -3.15541923e-02  4.15667668e-02
  3.17453235e-01  2.76545882e-01 -3.91329765e-01 -3.84774618e-03
  1.60366103e-01 -3.58197838e-01 -1.54910401e-01 -1.13351814e-01
  1.94008544e-01 -2.48008221e-01 -1.10853344e-01  2.48238191e-01
  3.15311909e-01 -2.08105311e-01 -5.95200121e-01  1.81002840e-01
 -3.23557645e-01 -9.81095433e-03  3.02994460e-01  3.68502080e-01
 -4.52916145e-01  2.74682701e-01  3.46802950e-01 -9.82781574e-02
 -7.50692189e-01  1.78559661e-01  2.08250120e-01 -1.89009473e-01
 -1.45517662e-03 -5.64517528e-02  1.90766469e-01  3.34944010e-01
  4.36509103e-01  2.72808038e-03  8.11538100e-02  1.78322539e-01
  2.90385902e-01 -6.44329935e-04 -6.57966018e-01 -5.02144754e-01
  2.10401535e-01 -1.89341754e-02 -3.96216273e-01  8.73111561e-02
  4.92986262e-01 -4.47941959e-01  1.45970941e-01 -4.63375658e-01
  2.30705157e-01 -3.73704359e-02  5.11350632e-01 -2.46955529e-02
 -1.23624019e-01 -1.81885004e-01 -3.05440605e-01  2.60672718e-01
 -8.18006277e-01 -8.55406344e-01 -1.84198603e-01  3.84176336e-03
 -4.35039699e-01 -4.36546877e-02  1.52913079e-01 -1.38702840e-02
 -2.31479704e-02 -6.15819454e-01  3.47683847e-01  1.57019481e-01
  5.58095425e-02  5.20396978e-02 -3.88584211e-02  2.74124164e-02
  1.78914294e-01  4.45607185e-01  4.17853713e-01  4.16342258e-01
  1.76601991e-01 -1.14840180e-01  5.34305722e-02 -2.70996720e-01
  3.63646716e-01  2.61407495e-01 -3.61066461e-01  1.20949492e-01
  4.73614007e-01  3.15829143e-02 -4.18356776e-01 -9.57106471e-01
  3.46314192e-01  6.29879236e-02 -4.41348664e-02  3.18183936e-03
  3.78524698e-03  2.75108032e-03 -5.09281933e-01 -3.15660499e-02
 -2.54925191e-01 -6.70562148e-01 -3.63142580e-01  1.45599753e-01
  4.47829068e-01 -2.66752839e-01 -4.28757638e-01  8.74155015e-02
  6.77547045e-03  9.46973078e-03  3.38327527e-01  2.71967262e-01
  6.42995387e-02 -9.58753750e-02  4.06800777e-01  4.26479802e-02
  1.95644319e-01  2.66637236e-01  1.57327577e-01  2.70411491e-01
  2.22178876e-01  1.11837104e-01  1.42816260e-01  2.99057178e-03
  3.33900422e-01  1.41256168e-01 -7.09263310e-02 -2.60908678e-02
  6.07206464e-01  2.29422618e-02  2.24617168e-01 -3.33206654e-01
  1.43103704e-01 -3.21114920e-02  1.46846231e-02 -4.73195434e-01
 -1.61092684e-01  1.12235069e-01  2.26981342e-01 -1.10101886e-01
 -7.17315897e-02 -7.04054773e-01  2.03886494e-01  1.11761957e-01
  4.66051847e-01  2.85740733e-01 -5.50469279e-01 -3.71341765e-01
  1.56504940e-02 -4.03191268e-01 -3.39160025e-01 -4.38438714e-01
  7.27724582e-02 -9.31953266e-03  2.35737845e-01  2.04850920e-03
  3.29092771e-01  3.46561819e-01  2.55886972e-01  4.57353592e-01
  1.77822620e-01  3.12878519e-01  1.80511311e-01  1.20565295e-03
  5.58506370e-01  9.22709927e-02 -5.88875532e-01 -3.10698152e-03
  5.03536165e-01 -1.26845874e-02  3.22107315e-01 -3.97518069e-01
  2.54724979e-01  1.94787551e-02  3.62108126e-02 -5.44692669e-03
  3.48807514e-01  4.15788293e-02 -1.81760732e-02  4.02906120e-01
 -2.46005237e-01  9.50006582e-03 -1.91157430e-01  1.39859661e-01
  3.49240541e-01  5.61561957e-02  2.35305384e-01 -2.44870067e-01
 -6.83213398e-03 -4.34390426e-01  5.08928835e-01 -5.55451632e-01
  3.05294693e-01 -1.03041399e-02  1.53385550e-01  4.33653265e-01
  3.57503593e-01  3.18251736e-03  1.49336699e-02  1.04049183e-01
 -3.66513014e-01  3.01451355e-01 -8.34596436e-03 -3.86317670e-02
  4.77693558e-01  6.34976551e-02 -2.01460376e-01 -1.29512116e-01
  4.27180529e-01  1.10305939e-02  2.61546612e-01 -3.53437990e-01
 -1.60200804e-01 -1.53487310e-01  1.47243366e-01  4.93735254e-01
  7.44196624e-02  2.48218015e-01 -3.49944271e-03 -1.26339898e-01
  2.90114433e-03 -1.68733343e-01  1.97967872e-01 -4.84575301e-01
 -1.78726360e-01  3.00630331e-01 -3.19835186e-01  5.38269505e-02
 -4.15240169e-01 -1.99274704e-01  3.66175979e-01 -3.13970864e-01
  9.18710157e-02  3.13504189e-02  2.81054080e-01  1.48149356e-01
  3.68451998e-02  1.70875072e-01  2.91599538e-02  9.65245515e-02
  3.74664873e-01  5.93388304e-02 -2.98575312e-01 -2.63274103e-01
  1.00241974e-01  7.95505345e-02 -5.46591654e-02 -4.31344956e-02
  2.19089925e-01 -1.57093942e-01 -3.85905653e-01 -1.55003935e-01
  1.30271375e-01 -1.02093033e-02  1.84877589e-03  1.17474850e-02
  6.32260814e-02 -1.82766560e-02 -7.37134635e-01  1.61944497e-02
 -4.65327650e-01 -2.51284003e-01  8.33787695e-02 -2.26347789e-01
 -4.08981681e-01  2.04560593e-01 -2.40737483e-01 -3.46129000e-01
 -5.93778193e-01 -2.42152642e-02  1.71095863e-01 -3.63945872e-01
  3.07240523e-03 -1.28078073e-01  5.87045625e-02  2.28959426e-01
  2.56487578e-01  1.44380834e-02 -8.88348650e-03 -1.16955519e-01
  4.41804320e-01 -2.06429496e-01  1.12367067e-02 -4.64930385e-02
  2.39224389e-01  2.12845519e-01 -4.60781157e-04  7.45196939e-02
  2.06582677e-02 -4.08383071e-01  2.00359643e-01 -5.47881305e-01
 -4.47954051e-02  1.80429220e-01  1.65797044e-02 -5.28672397e-01
  4.89470549e-03  2.87784804e-02  1.49472594e-01  3.49794209e-01
 -2.30637401e-01 -9.18101426e-03  2.27179930e-01 -2.39565998e-01
  2.35815302e-01 -1.30161420e-01  4.72946018e-01 -2.80008405e-01
  2.85039842e-03 -4.94694769e-01  2.18270317e-01 -6.91478133e-01
 -6.47865117e-01  3.76450896e-01  9.95586440e-03 -3.88434529e-01
  1.11361608e-01 -3.66436690e-01 -7.31341302e-01  2.83208519e-01
 -1.52852714e-01 -3.84332567e-01  2.13508710e-01  1.26075223e-01
 -6.10275790e-02  4.98017110e-03  4.68627632e-01 -4.25919771e-01
  2.09118336e-01 -5.37759542e-01  4.73017097e-02 -1.55859247e-01
  2.45525669e-02 -2.65553854e-02 -2.05517828e-01 -2.47569904e-02
  2.38904133e-01  1.39294654e-01 -1.11306515e-02 -3.38034555e-02
 -3.01913351e-01  2.84762681e-01 -1.00492336e-01 -1.54349767e-02
  3.45153213e-01  5.61734363e-02 -4.61429134e-02  5.01976535e-03
  2.63835728e-01 -7.83522606e-01 -1.85095906e-01 -6.79273784e-01
  4.59520280e-01 -6.43841743e-01  9.29772183e-02  1.31127760e-01
  2.04393819e-01 -5.16617298e-03 -5.68405725e-03  5.62739730e-01
 -6.51425660e-01  5.47185987e-02 -5.30894995e-01  2.17031419e-01
  4.07507122e-01  1.07767299e-01  2.93753091e-02  5.36634848e-02
  5.09839058e-01 -5.99916875e-01  1.26074553e-01 -2.42166087e-01
  5.30299246e-01 -3.70584458e-01 -2.27684692e-01  5.20764947e-01
  6.79024979e-02 -4.60316390e-02  1.08632997e-01 -1.46544138e-02
  5.41128635e-01  1.53460622e-01 -3.31966907e-01  4.86656785e-01
  2.16966376e-01  3.06429684e-01 -1.48731768e-02  3.40487331e-01
 -2.80352235e-01  4.32295978e-01  3.30922455e-02  1.49549451e-02
  3.06505740e-01  1.82441622e-01  2.91180998e-01  1.72884837e-01
 -5.94220877e-01 -7.63384938e-01  2.12608129e-01  1.45643596e-02
 -4.79156822e-02  1.95216388e-03 -1.24244630e-01  5.18888831e-02
  3.04897517e-01 -2.09545717e-01 -4.09255683e-01 -1.38529157e-02
 -1.13190643e-01 -2.08064504e-02  4.44503814e-01  6.21722192e-02
 -4.79232520e-04 -4.94034961e-02  2.65210330e-01  5.29439270e-01
  2.78525531e-01  8.36967975e-02  3.78820270e-01  3.47714990e-01
  2.04192400e-01  2.15477020e-01  7.74333999e-02  2.58323789e-01
 -1.63213219e-02  1.61638558e-01  4.52696264e-01  3.50238025e-01
 -2.63838440e-01  3.62697184e-01  3.70159969e-02 -2.68313080e-01
  2.31098577e-01  2.02663407e-01 -1.75937772e-01  9.14508998e-02
  5.33891857e-01  2.07691431e-01  2.96454161e-01  2.49342397e-01
  4.82214868e-01  3.86035323e-01  2.85245627e-01  2.98004031e-01
  3.59472185e-01  4.50440347e-02  3.05574745e-01]
{"epoch": 19, "train_loss": 0.24640076035677, "val_mae": 0.3043355941772461, "val_corr": 0.5112453131646453, "val_binary_acc": 0.6259659969088099, "val_binary_f1": 0.6409495548961425, "threshold": 0.0}
Labels: [ 1.          0.33333334 -0.6666667  -0.8333333  -0.33333334  0.
  0.5         0.          0.33333334 -0.5         0.33333334  0.
  0.5         0.5         0.6666667  -0.16666667  0.         -0.6666667
  1.         -0.33333334 -1.          0.         -0.33333334 -0.8333333
  0.16666667  0.33333334 -0.6666667   0.          0.          0.
  0.33333334 -0.8333333   0.5         0.16666667 -0.33333334  0.33333334
  0.          0.6666667   0.         -0.16666667  0.33333334  0.16666667
 -0.6666667  -0.5         0.          0.16666667  0.          1.
  0.33333334 -0.8333333   0.16666667 -0.16666667  0.16666667  0.16666667
  0.6666667  -0.5         0.         -0.6666667   0.5         0.6666667
 -0.16666667 -0.6666667   0.         -0.8333333   0.33333334 -0.16666667
 -0.5        -0.33333334 -0.8333333  -0.8333333  -0.5         0.5
  0.33333334  0.          0.5         0.33333334  0.6666667   0.6666667
 -0.16666667 -0.33333334  0.33333334  0.16666667 -0.33333334 -0.6666667
  0.          0.          0.16666667  0.          0.5         0.
  0.          0.          0.16666667 -0.8333333   0.          0.
  0.16666667  0.16666667  0.16666667  0.         -0.33333334 -0.8333333
  0.         -0.33333334  0.          0.33333334  0.         -0.8333333
 -0.33333334  0.         -0.5         0.          0.8333333   0.5
  0.5         0.33333334  0.          0.          0.6666667  -0.16666667
  0.75        0.8333333  -0.5         0.33333334  0.          0.16666667
  0.5         0.33333334  0.6666667  -0.5        -0.16666667  0.33333334
  0.8333333  -0.8333333   0.16666667  0.          0.          0.
 -1.          0.16666667  0.33333334 -1.          0.          0.
  1.          0.33333334 -1.          0.33333334 -0.16666667  0.16666667
  0.6666667  -0.6666667   0.          0.33333334 -0.16666667  0.16666667
  0.33333334  0.33333334  0.33333334  0.5         0.33333334 -0.16666667
 -0.6666667  -0.8333333   0.          0.16666667 -0.16666667  1.
  0.5         0.16666667  0.16666667 -0.16666667  0.16666667  0.33333334
  0.16666667 -0.33333334  0.          0.16666667  0.16666667  0.33333334
  0.         -0.8333333  -0.5         0.16666667  1.          0.16666667
  0.16666667 -0.8333333   0.         -0.16666667  0.6666667  -0.6666667
  0.5         0.33333334  0.16666667  0.          0.33333334  0.33333334
  0.          1.          0.25        0.33333334 -0.6666667  -0.8333333
  0.          0.16666667 -0.33333334  0.          0.5        -0.16666667
  0.16666667 -0.16666667  0.         -0.16666667  0.33333334  0.8333333
  0.8333333   0.5        -0.5         0.16666667 -1.          0.
  0.16666667 -0.8333333  -0.16666667 -0.33333334 -0.16666667 -1.
 -0.16666667  0.          0.5        -0.5        -0.5         0.33333334
  0.          0.33333334  0.33333334  0.          0.          0.6666667
  0.5         0.33333334 -0.8333333  -0.8333333   0.16666667 -0.16666667
  1.          0.8333333   0.5         0.16666667 -0.16666667 -0.16666667
  0.5        -0.5         0.5        -0.16666667  0.33333334  0.33333334
 -0.5         0.5        -0.6666667  -1.         -0.5        -0.16666667
  0.6666667  -0.33333334  0.          0.33333334  0.         -0.8333333
  0.33333334 -0.33333334 -0.16666667  0.33333334  0.          0.33333334
  0.6666667   0.5         0.16666667  0.16666667  0.08333334  0.
  0.5         0.6666667   0.16666667  0.          0.          0.
  0.          0.16666667 -0.33333334 -0.8333333  -0.16666667  0.
  0.16666667  0.          0.5         0.         -0.8333333   0.5
 -0.6666667  -0.8333333  -0.6666667   0.          1.          0.16666667
 -0.6666667   0.16666667  0.          0.          1.         -0.16666667
  0.          0.33333334  0.16666667  0.8333333   0.5         1.
  0.          0.          0.6666667   0.33333334  0.          0.
  0.          0.          1.          0.16666667  0.5        -0.33333334
  0.16666667  0.          0.33333334  0.         -0.16666667 -0.5
 -0.5         0.8333333   0.          0.16666667  0.         -0.8333333
 -0.6666667   0.          0.8333333   0.          0.          0.
  0.         -0.6666667  -0.33333334 -0.6666667   0.16666667  0.16666667
  0.16666667  0.33333334  0.33333334  0.8333333  -0.33333334  0.
  0.6666667   0.          0.          0.          0.33333334  0.
  0.33333334  1.          0.16666667  0.         -0.16666667  0.16666667
  0.33333334  0.          0.33333334 -0.8333333   0.6666667   0.5
  0.          0.8333333  -0.5        -0.16666667 -0.5         0.
  0.8333333  -0.16666667  0.6666667  -0.33333334  0.16666667 -0.8333333
  0.8333333  -1.          0.5         0.5         0.          0.16666667
  0.5         0.         -0.16666667  0.33333334  0.6666667   0.6666667
 -0.16666667  0.          0.6666667   0.16666667  0.          0.16666667
  0.5         0.33333334  0.6666667   0.6666667   0.33333334  0.5
 -0.6666667   0.5         0.8333333   0.5         0.          0.16666667
  0.         -0.8333333  -0.5        -0.16666667  0.8333333   0.
  0.33333334  0.         -0.6666667  -0.5        -0.16666667 -0.16666667
  0.          0.6666667   0.          0.5         0.          0.8333333
  0.          0.33333334  0.41666666  0.         -0.8333333  -0.33333334
  0.          0.16666667  0.          0.8333333   0.8333333   0.
 -0.6666667   0.         -0.16666667  0.          0.33333334  0.
  0.          0.         -0.6666667   0.         -0.33333334 -0.16666667
  0.         -0.6666667   0.6666667   0.16666667 -0.33333334 -0.6666667
 -0.8333333  -0.16666667 -0.8333333  -0.5        -0.6666667   0.16666667
 -0.33333334  0.          0.16666667  0.8333333  -0.33333334  0.33333334
  0.6666667   0.          0.16666667  0.          0.8333333   0.
 -0.16666667  0.33333334 -0.33333334  0.16666667  0.16666667 -0.33333334
 -0.33333334  0.5         0.33333334 -0.6666667   0.         -0.6666667
  0.          0.16666667 -0.16666667  0.5         0.6666667   0.
 -0.16666667  0.16666667  0.6666667  -0.5         0.5         0.
  0.         -1.         -0.6666667   0.          0.16666667 -1.
  0.5        -0.5         0.6666667   0.16666667 -0.8333333  -0.33333334
  0.         -0.16666667  0.8333333   0.          0.16666667  0.33333334
  0.6666667  -0.16666667  0.16666667  0.5         0.8333333  -0.6666667
  0.          0.33333334  0.6666667   0.         -0.16666667 -0.33333334
 -0.8333333   1.         -0.6666667   0.6666667   0.          0.6666667
  0.16666667  0.5         0.33333334 -0.8333333   0.          0.
  0.5         0.33333334  0.          0.          0.          0.
  0.          0.33333334 -0.5         0.          0.16666667  0.
  0.          0.          0.16666667  1.          0.6666667  -0.5
  0.33333334  0.          0.          1.          0.          0.5
  0.16666667  0.         -0.16666667  0.          1.          0.
  1.          0.          0.16666667  0.          0.16666667 -0.16666667
 -0.8333333  -0.33333334  0.          0.16666667  0.          0.16666667
  0.33333334  0.33333334 -0.8333333  -0.8333333   0.16666667  0.16666667
  0.9166667   0.16666667  0.5         0.6666667   0.33333334 -0.6666667
 -0.6666667   0.33333334 -0.6666667   0.          0.16666667 -0.16666667
 -0.8333333  -0.33333334 -0.6666667   0.33333334  0.5         0.33333334
  0.25        0.33333334  0.          0.33333334  0.          0.
  0.6666667   0.          0.8333333   0.6666667   0.5         0.33333334
  0.75       -0.16666667  0.25        0.          1.          0.33333334
  0.33333334  0.33333334  0.5         0.8333333   0.16666667  0.
  0.16666667  0.5         0.75        0.41666666  0.16666667]
Predictions: [ 6.33775532e-01  4.65591699e-02  4.30980682e-01  3.39890748e-01
  5.12285531e-01  2.51083449e-02  6.14073202e-02 -1.26005057e-02
  7.36173093e-01 -4.96698618e-01 -7.45297149e-02  8.13896954e-03
  3.97355437e-01  8.01319331e-02  6.15560234e-01  3.92727926e-03
  1.87419847e-01 -4.17175889e-03  3.10581267e-01  7.83549607e-01
 -1.59307763e-01 -1.19172959e-02 -5.56342974e-02 -3.99342537e-01
  4.70164806e-01  6.78028762e-01 -4.84324917e-02  9.94106755e-03
  1.62297308e-01  4.50286776e-01  6.84839368e-01 -5.92665188e-02
  1.19127885e-01  4.62503731e-02  1.75502285e-01  2.63210207e-01
  7.21258640e-01  1.79128051e-01  6.21292472e-01  2.73198098e-01
  2.44910598e-01  2.86589175e-01  1.26063555e-01 -8.98732059e-03
  3.33034933e-01  3.07517827e-01  4.72503453e-01  6.46957219e-01
  3.35501403e-01 -4.05112594e-01  5.59632540e-01 -8.84333551e-02
  2.81068951e-01 -2.33219843e-02  3.67738158e-01 -3.19417506e-01
  1.19075075e-01 -7.71417558e-01  2.02689663e-01  1.58900544e-01
  1.25573039e-01 -7.22459137e-01  2.74988681e-01 -3.41672152e-02
  3.89248818e-01  4.15637016e-01 -2.47725531e-01  3.47192883e-02
 -3.61933142e-01 -4.29382697e-02  3.00446481e-01  7.76981831e-01
  2.48384997e-02  4.14037079e-01  6.97241783e-01  3.75387520e-01
  9.16365743e-01  7.63716847e-02  1.24550045e-01  4.17035371e-02
  6.74152434e-01  3.65563571e-01  4.19199944e-01  2.41864547e-02
  2.82485992e-01  4.00211215e-01  3.42532769e-02 -5.67130931e-03
  5.18861830e-01 -2.89862417e-02  2.18273208e-01 -5.49852774e-02
  3.40528786e-01  6.72858804e-02  2.31595933e-02  2.79864490e-01
  2.39475816e-01 -2.89148875e-02  6.56668901e-01  2.69046485e-01
  8.49543959e-02 -7.96113968e-01  4.90547717e-01 -2.24770039e-01
  4.60343182e-01  4.87251520e-01  5.41436911e-01  8.00983757e-02
  5.55190206e-01  3.11588109e-01 -1.61906585e-01  6.04592443e-01
  7.95626268e-02  3.36930007e-01  4.91230667e-01  3.80608857e-01
  9.42458734e-02  8.67957622e-03  5.46333551e-01  2.62410194e-01
  6.52541935e-01  7.34327555e-01  1.21430025e-01  2.85381526e-01
  5.93007386e-01  9.93143171e-02 -1.21961739e-02  3.39565307e-01
  1.03479815e+00  7.31111318e-02 -7.81505778e-02  5.93274832e-02
  3.14530909e-01 -3.52650315e-01  2.36397773e-01  5.94266772e-01
  1.18239224e-02 -7.29941297e-03  3.07600766e-01  1.57070726e-01
  7.63178468e-02 -9.80932653e-01  5.20704627e-01  1.97002843e-01
 -3.22606206e-01  2.60041028e-01 -2.39711553e-01  7.43337691e-01
  2.01648511e-02  1.50460556e-01  4.28669304e-01 -1.02715820e-01
  2.64971815e-02  3.33475359e-02  1.78718284e-01  1.54424042e-01
  3.92874390e-01  5.17379582e-01  4.96148527e-01  1.86175093e-01
  7.68210471e-01  2.18199939e-01  2.91750997e-01  2.08028093e-01
  5.20170212e-01  4.77783382e-02 -2.06756890e-02  6.72795951e-01
  8.68588984e-01  5.69391102e-02  1.41309679e-01 -4.16511714e-01
  4.28568363e-01 -1.94122642e-01  1.83541104e-01  6.83257952e-02
  2.17577606e-01  3.96369368e-01 -5.33954501e-02  3.41521680e-01
  5.78963459e-02 -5.84919512e-01  6.19406462e-01  7.95715675e-03
  4.48856145e-01  1.85685977e-01 -1.91423111e-03  8.48428905e-02
 -5.91853000e-02 -4.75273341e-01  7.14967906e-01  5.05788773e-02
  3.42400745e-03 -1.78559944e-02  3.51475924e-01  3.27499121e-01
  4.24630821e-01  4.47031483e-03  1.34122193e-01  6.60126805e-01
  7.34262347e-01  4.21658754e-01  3.95417392e-01  2.04782963e-01
  5.02314866e-01  3.04683119e-01 -2.46518001e-01 -6.60871528e-03
  5.38428128e-01 -3.59602302e-01  3.78821850e-01 -2.41100788e-05
  3.95729870e-01 -8.69998187e-02  2.86115587e-01  3.60867232e-01
  6.23747110e-01 -1.29203117e-02 -4.62057292e-01  2.51126975e-01
 -2.45438486e-01 -1.49211958e-02  4.48397011e-01 -8.43421817e-02
 -3.35069209e-01  6.61547184e-02  7.24017024e-01  6.70278311e-01
 -2.92104810e-01  5.25323629e-01  3.03686708e-01  4.96701181e-01
 -1.84050947e-03 -2.61094421e-04  5.06847084e-01  3.84985149e-01
  6.07185781e-01  2.99565047e-02  2.20606998e-01  2.71091729e-01
  7.19894469e-01  1.64975971e-01 -4.54747975e-01 -9.82859060e-02
  4.44987386e-01  3.54752690e-01  5.66064045e-02  3.79996687e-01
  9.50813532e-01 -4.35145944e-01  5.30961990e-01 -2.24368572e-01
  4.66244698e-01 -3.72409448e-03  7.05550730e-01 -1.87633447e-02
  4.81837019e-02  3.27467978e-01  4.74729300e-01  2.08297268e-01
 -6.17928445e-01 -7.01088250e-01  2.10456923e-01  1.27231702e-02
 -1.33130819e-01  2.04246536e-01  2.42445111e-01 -3.09144910e-02
  6.48025349e-02 -6.72870398e-01  6.68980360e-01  5.47622085e-01
  6.75008819e-02  1.14079580e-01  1.36070222e-01  1.11394018e-01
  7.97708869e-01  7.27289140e-01  5.92956364e-01  3.36395174e-01
  3.92777532e-01  3.31286192e-01  3.11742127e-02 -1.85179897e-02
  6.46226048e-01  3.65601689e-01 -9.87173393e-02  7.92920649e-01
  5.61040521e-01  3.58343497e-03 -4.12917852e-01 -6.17400825e-01
  6.51414573e-01  3.48783702e-01  4.77241352e-03  1.62260309e-02
  5.78913093e-03  1.90830827e-02 -3.13524574e-01  2.59332150e-01
  1.31684393e-01 -3.78534347e-01  2.47105747e-01  2.44512111e-01
  5.93836963e-01  2.21823931e-01 -1.25066653e-01  1.93713471e-01
  9.02571715e-03  9.84738693e-02  4.64887828e-01  2.70518839e-01
  8.20507482e-02  1.27702594e-01  6.74260199e-01  1.43299177e-01
  5.64970613e-01  6.79818511e-01  1.70147702e-01  4.29816753e-01
  7.12080359e-01  2.15211719e-01  1.74071133e-01  6.75954670e-03
  4.61522996e-01  2.40505666e-01 -3.71638238e-01 -5.42741828e-02
  1.21764135e+00  3.37990642e-01  5.28435051e-01  8.62507820e-02
  2.50200063e-01  7.11681768e-02  1.30762100e-01  6.14034906e-02
 -5.91760129e-03  4.39377606e-01  5.60530543e-01  1.35889247e-01
  3.47129814e-03 -6.27095759e-01  5.41977286e-01  5.45731306e-01
  7.86844432e-01  2.98706084e-01 -2.58314371e-01  6.63042441e-02
  1.23513900e-02 -3.10114920e-01 -8.93898383e-02  7.46538043e-02
  4.00281027e-02 -1.18796863e-02  3.11380178e-01  5.79717010e-02
  7.18121409e-01  2.59568632e-01  3.48123223e-01  6.91103458e-01
  3.99332136e-01  6.86639130e-01  3.23577583e-01  5.95732592e-03
  1.04546714e+00  3.79095793e-01 -4.36184049e-01  7.85424188e-03
  8.84435475e-01  6.26786426e-02  3.84385735e-01 -2.11685270e-01
  7.72164106e-01  1.29233152e-01  1.17499769e-01  9.50970650e-02
  7.00719178e-01  4.21419233e-01 -1.41582107e-02  6.22657239e-01
  6.48045354e-03  1.08221546e-04  1.57064691e-01  4.03062671e-01
  8.04609954e-01  2.25269586e-01  3.95752966e-01 -5.27649641e-01
  5.41750342e-04 -2.89732039e-01  6.61719501e-01 -5.58019817e-01
  1.90666541e-01  7.39915371e-02  4.42858011e-01  2.97760576e-01
  6.68805301e-01  1.03820115e-02  1.14767089e-01  2.95998305e-01
  5.79237878e-01  3.53049338e-01  8.24193284e-02  8.45564753e-02
  7.14593053e-01  1.51069373e-01  3.19798201e-01  2.95265108e-01
  6.61548853e-01  1.87468857e-01  6.39093459e-01 -1.00505441e-01
  6.30150437e-01  4.74740937e-02  3.82767677e-01  8.75510752e-01
  3.59297514e-01  3.96395504e-01  8.12441111e-04  3.41936707e-01
 -2.80651264e-03  7.53777027e-02  6.66840196e-01 -5.61765313e-01
  3.18409860e-01  2.56444842e-01 -1.81055903e-01  5.19607246e-01
 -8.49542916e-02 -2.24956319e-01  1.27399400e-01 -3.48924696e-01
  8.47008377e-02  8.85391310e-02  7.27431715e-01  4.39429522e-01
  1.08306974e-01  7.54103065e-02  1.92309961e-01  2.77976394e-01
  7.13456571e-01  1.77172929e-01  1.84776738e-01  3.48438248e-02
  5.56342602e-01  2.31723100e-01 -1.96605232e-02  6.44293785e-01
  3.47172022e-01  1.79116398e-01 -2.37444311e-01 -2.55215541e-02
  2.13197768e-01 -2.51492225e-02  1.11871704e-01  4.88594174e-03
  3.50632854e-02 -6.84930570e-03  3.16743165e-01  1.03294969e-01
  1.09828621e-01 -1.83107853e-01  3.86597961e-01 -1.40174344e-01
 -3.52868475e-02  3.43118250e-01 -2.43963197e-01 -1.68203145e-01
 -6.46816850e-01 -2.41953507e-02 -5.89199252e-02  1.35325626e-01
  1.20253488e-02  1.17334276e-02  3.73941332e-01  4.23981816e-01
  4.10640121e-01  5.28808236e-02  3.48015070e-01  7.43732788e-03
  8.13323200e-01 -1.43144459e-01  7.60023147e-02 -6.84277527e-03
  2.15122476e-01  3.13230067e-01  9.45333764e-02  5.54127395e-02
  3.86000760e-02 -3.09276849e-01  4.47264642e-01 -5.15362978e-01
  4.36954409e-01  3.03739965e-01  2.58149728e-02  1.31276511e-02
  1.75815970e-02  5.51171482e-01  2.79369950e-01  2.71919191e-01
  4.43173885e-01  3.81686866e-01  4.95414436e-01 -7.04770312e-02
  5.19991279e-01  2.62284316e-02  8.84253144e-01 -1.66606411e-01
  4.92130145e-02 -3.79811823e-01  3.81673992e-01 -4.01947379e-01
  5.78086197e-01  5.92287838e-01 -1.64076574e-02 -3.60891759e-01
  8.52105260e-01  1.25329569e-01  4.94625494e-02  4.96494651e-01
 -9.31208208e-02 -3.15236121e-01  4.75973397e-01  3.62415433e-01
 -1.78149622e-02  4.81862761e-03  7.19752371e-01  1.45307571e-01
  1.44164741e-01 -3.02088320e-01  1.21039152e-01  4.59830135e-01
  5.71407080e-01  1.64810121e-02  1.60465121e-01 -1.53693426e-02
  7.00336576e-01  2.49987215e-01 -5.12916781e-03  7.69120082e-02
 -3.66574824e-01  5.51780760e-01  9.45579484e-02  3.13060462e-01
  6.49562657e-01  3.06341052e-01  2.12206468e-01  5.61274365e-02
  6.17039263e-01 -5.07339835e-01  2.99232483e-01 -4.82028395e-01
  6.27614796e-01 -5.53577662e-01  3.41713458e-01  4.40071166e-01
  1.61742017e-01 -2.37833671e-02 -7.35958572e-03  1.00635076e+00
 -6.56114161e-01  1.87073752e-01 -3.25230241e-01  3.64895999e-01
  8.70285332e-01  5.40686846e-01  1.25636712e-01  6.16773069e-01
  1.08091617e+00 -3.73251349e-01  3.56069177e-01  2.53435314e-01
  8.47076595e-01  1.14676595e-01  2.14186057e-01  9.39970136e-01
  4.36402857e-01  2.11079344e-01  5.37454307e-01  1.27635151e-03
  1.03463292e+00 -2.82199625e-02  4.85577822e-01  6.50038242e-01
  4.72151399e-01  3.72538000e-01 -5.43080457e-03  6.10468805e-01
  2.07949847e-01  5.74318469e-01  5.46917841e-02  1.40300542e-01
  5.60797453e-01  4.16608393e-01  9.21741366e-01  1.42346099e-01
  2.86497474e-02 -6.87168241e-01  5.87023556e-01  2.03589126e-02
  3.79184365e-01  1.77504271e-01  4.56857383e-01  4.65650052e-01
  5.48871398e-01  4.66616690e-01 -3.53677809e-01  1.80196360e-01
  9.13440958e-02 -8.17306340e-03  7.97338307e-01  2.93816805e-01
  1.77866518e-02  1.08228758e-01  5.41014314e-01  1.06926155e+00
  4.74846393e-01  5.95805109e-01  3.97426277e-01  4.39302683e-01
  6.86684728e-01  4.63725477e-01  1.97070256e-01  5.61531961e-01
  8.81827593e-01  4.28036362e-01  8.07903051e-01  5.30128062e-01
  6.51138902e-01  8.97886336e-01  5.47703683e-01  4.09819961e-01
  7.33514726e-01  6.27176404e-01  1.54779986e-01  5.61326444e-02
  8.28533709e-01  2.96241373e-01  6.05480969e-01  7.09607899e-01
  9.61342335e-01  3.93854529e-01  4.97787833e-01  4.57421601e-01
  4.41749930e-01  3.26390445e-01  4.54632580e-01]
{"epoch": 20, "train_loss": 0.24086768440035886, "val_mae": 0.352918803691864, "val_corr": 0.4790381514252465, "val_binary_acc": 0.5919629057187017, "val_binary_f1": 0.6732673267326732, "threshold": 0.0}
Labels: [ 1.          0.33333334 -0.6666667  -0.8333333  -0.33333334  0.
  0.5         0.          0.33333334 -0.5         0.33333334  0.
  0.5         0.5         0.6666667  -0.16666667  0.         -0.6666667
  1.         -0.33333334 -1.          0.         -0.33333334 -0.8333333
  0.16666667  0.33333334 -0.6666667   0.          0.          0.
  0.33333334 -0.8333333   0.5         0.16666667 -0.33333334  0.33333334
  0.          0.6666667   0.         -0.16666667  0.33333334  0.16666667
 -0.6666667  -0.5         0.          0.16666667  0.          1.
  0.33333334 -0.8333333   0.16666667 -0.16666667  0.16666667  0.16666667
  0.6666667  -0.5         0.         -0.6666667   0.5         0.6666667
 -0.16666667 -0.6666667   0.         -0.8333333   0.33333334 -0.16666667
 -0.5        -0.33333334 -0.8333333  -0.8333333  -0.5         0.5
  0.33333334  0.          0.5         0.33333334  0.6666667   0.6666667
 -0.16666667 -0.33333334  0.33333334  0.16666667 -0.33333334 -0.6666667
  0.          0.          0.16666667  0.          0.5         0.
  0.          0.          0.16666667 -0.8333333   0.          0.
  0.16666667  0.16666667  0.16666667  0.         -0.33333334 -0.8333333
  0.         -0.33333334  0.          0.33333334  0.         -0.8333333
 -0.33333334  0.         -0.5         0.          0.8333333   0.5
  0.5         0.33333334  0.          0.          0.6666667  -0.16666667
  0.75        0.8333333  -0.5         0.33333334  0.          0.16666667
  0.5         0.33333334  0.6666667  -0.5        -0.16666667  0.33333334
  0.8333333  -0.8333333   0.16666667  0.          0.          0.
 -1.          0.16666667  0.33333334 -1.          0.          0.
  1.          0.33333334 -1.          0.33333334 -0.16666667  0.16666667
  0.6666667  -0.6666667   0.          0.33333334 -0.16666667  0.16666667
  0.33333334  0.33333334  0.33333334  0.5         0.33333334 -0.16666667
 -0.6666667  -0.8333333   0.          0.16666667 -0.16666667  1.
  0.5         0.16666667  0.16666667 -0.16666667  0.16666667  0.33333334
  0.16666667 -0.33333334  0.          0.16666667  0.16666667  0.33333334
  0.         -0.8333333  -0.5         0.16666667  1.          0.16666667
  0.16666667 -0.8333333   0.         -0.16666667  0.6666667  -0.6666667
  0.5         0.33333334  0.16666667  0.          0.33333334  0.33333334
  0.          1.          0.25        0.33333334 -0.6666667  -0.8333333
  0.          0.16666667 -0.33333334  0.          0.5        -0.16666667
  0.16666667 -0.16666667  0.         -0.16666667  0.33333334  0.8333333
  0.8333333   0.5        -0.5         0.16666667 -1.          0.
  0.16666667 -0.8333333  -0.16666667 -0.33333334 -0.16666667 -1.
 -0.16666667  0.          0.5        -0.5        -0.5         0.33333334
  0.          0.33333334  0.33333334  0.          0.          0.6666667
  0.5         0.33333334 -0.8333333  -0.8333333   0.16666667 -0.16666667
  1.          0.8333333   0.5         0.16666667 -0.16666667 -0.16666667
  0.5        -0.5         0.5        -0.16666667  0.33333334  0.33333334
 -0.5         0.5        -0.6666667  -1.         -0.5        -0.16666667
  0.6666667  -0.33333334  0.          0.33333334  0.         -0.8333333
  0.33333334 -0.33333334 -0.16666667  0.33333334  0.          0.33333334
  0.6666667   0.5         0.16666667  0.16666667  0.08333334  0.
  0.5         0.6666667   0.16666667  0.          0.          0.
  0.          0.16666667 -0.33333334 -0.8333333  -0.16666667  0.
  0.16666667  0.          0.5         0.         -0.8333333   0.5
 -0.6666667  -0.8333333  -0.6666667   0.          1.          0.16666667
 -0.6666667   0.16666667  0.          0.          1.         -0.16666667
  0.          0.33333334  0.16666667  0.8333333   0.5         1.
  0.          0.          0.6666667   0.33333334  0.          0.
  0.          0.          1.          0.16666667  0.5        -0.33333334
  0.16666667  0.          0.33333334  0.         -0.16666667 -0.5
 -0.5         0.8333333   0.          0.16666667  0.         -0.8333333
 -0.6666667   0.          0.8333333   0.          0.          0.
  0.         -0.6666667  -0.33333334 -0.6666667   0.16666667  0.16666667
  0.16666667  0.33333334  0.33333334  0.8333333  -0.33333334  0.
  0.6666667   0.          0.          0.          0.33333334  0.
  0.33333334  1.          0.16666667  0.         -0.16666667  0.16666667
  0.33333334  0.          0.33333334 -0.8333333   0.6666667   0.5
  0.          0.8333333  -0.5        -0.16666667 -0.5         0.
  0.8333333  -0.16666667  0.6666667  -0.33333334  0.16666667 -0.8333333
  0.8333333  -1.          0.5         0.5         0.          0.16666667
  0.5         0.         -0.16666667  0.33333334  0.6666667   0.6666667
 -0.16666667  0.          0.6666667   0.16666667  0.          0.16666667
  0.5         0.33333334  0.6666667   0.6666667   0.33333334  0.5
 -0.6666667   0.5         0.8333333   0.5         0.          0.16666667
  0.         -0.8333333  -0.5        -0.16666667  0.8333333   0.
  0.33333334  0.         -0.6666667  -0.5        -0.16666667 -0.16666667
  0.          0.6666667   0.          0.5         0.          0.8333333
  0.          0.33333334  0.41666666  0.         -0.8333333  -0.33333334
  0.          0.16666667  0.          0.8333333   0.8333333   0.
 -0.6666667   0.         -0.16666667  0.          0.33333334  0.
  0.          0.         -0.6666667   0.         -0.33333334 -0.16666667
  0.         -0.6666667   0.6666667   0.16666667 -0.33333334 -0.6666667
 -0.8333333  -0.16666667 -0.8333333  -0.5        -0.6666667   0.16666667
 -0.33333334  0.          0.16666667  0.8333333  -0.33333334  0.33333334
  0.6666667   0.          0.16666667  0.          0.8333333   0.
 -0.16666667  0.33333334 -0.33333334  0.16666667  0.16666667 -0.33333334
 -0.33333334  0.5         0.33333334 -0.6666667   0.         -0.6666667
  0.          0.16666667 -0.16666667  0.5         0.6666667   0.
 -0.16666667  0.16666667  0.6666667  -0.5         0.5         0.
  0.         -1.         -0.6666667   0.          0.16666667 -1.
  0.5        -0.5         0.6666667   0.16666667 -0.8333333  -0.33333334
  0.         -0.16666667  0.8333333   0.          0.16666667  0.33333334
  0.6666667  -0.16666667  0.16666667  0.5         0.8333333  -0.6666667
  0.          0.33333334  0.6666667   0.         -0.16666667 -0.33333334
 -0.8333333   1.         -0.6666667   0.6666667   0.          0.6666667
  0.16666667  0.5         0.33333334 -0.8333333   0.          0.
  0.5         0.33333334  0.          0.          0.          0.
  0.          0.33333334 -0.5         0.          0.16666667  0.
  0.          0.          0.16666667  1.          0.6666667  -0.5
  0.33333334  0.          0.          1.          0.          0.5
  0.16666667  0.         -0.16666667  0.          1.          0.
  1.          0.          0.16666667  0.          0.16666667 -0.16666667
 -0.8333333  -0.33333334  0.          0.16666667  0.          0.16666667
  0.33333334  0.33333334 -0.8333333  -0.8333333   0.16666667  0.16666667
  0.9166667   0.16666667  0.5         0.6666667   0.33333334 -0.6666667
 -0.6666667   0.33333334 -0.6666667   0.          0.16666667 -0.16666667
 -0.8333333  -0.33333334 -0.6666667   0.33333334  0.5         0.33333334
  0.25        0.33333334  0.          0.33333334  0.          0.
  0.6666667   0.          0.8333333   0.6666667   0.5         0.33333334
  0.75       -0.16666667  0.25        0.          1.          0.33333334
  0.33333334  0.33333334  0.5         0.8333333   0.16666667  0.
  0.16666667  0.5         0.75        0.41666666  0.16666667]
Predictions: [ 4.13007885e-01  1.56308234e-01  1.65654346e-04 -9.50595960e-02
  1.06418818e-01  1.66499745e-02 -6.76795840e-04  5.06218746e-02
  5.42703986e-01 -6.26726270e-01 -1.00617938e-01  9.38870758e-03
  2.47956634e-01  1.14969254e-01  2.88812548e-01  9.00644735e-02
  1.72065333e-01 -1.35482982e-01  1.64497346e-01  4.02029753e-01
 -2.98287839e-01  3.65107134e-02 -3.83082554e-02 -3.54603171e-01
  1.98146075e-01  5.14371812e-01 -2.24913552e-01  5.76312095e-02
  6.05967864e-02  1.55383706e-01  4.69989091e-01 -2.26227790e-01
  1.60724282e-01 -1.83246061e-02  1.04993947e-01  1.63695022e-01
  5.64445257e-01  2.45447278e-01  2.56899238e-01 -1.13388812e-02
  8.89338553e-02  1.34442434e-01 -3.18903804e-01  1.78986248e-02
  2.38619000e-01  3.78962547e-01 -1.60791114e-01  3.52765739e-01
  3.35800022e-01 -6.90129519e-01  3.34294319e-01 -1.37026876e-01
  2.08247721e-01 -1.41351759e-01  8.59197415e-03 -5.49710810e-01
  4.68083993e-02 -7.73169577e-01 -1.74828932e-01  7.15627298e-02
  8.27851817e-02 -8.49170744e-01  1.80581540e-01 -2.75629103e-01
  1.18592530e-01  3.39454502e-01 -9.50507522e-02  1.88485030e-02
 -4.37944472e-01 -1.21573068e-01  2.51874715e-01  6.18303597e-01
 -1.25404214e-02  1.16569385e-01  4.92018342e-01  2.56431341e-01
  5.09960413e-01  1.20725617e-01 -1.69467658e-01 -1.81544811e-01
  4.84289050e-01  2.50743032e-01  2.81163990e-01 -2.38380581e-03
  2.35476673e-01  4.06049013e-01  1.05922408e-02  4.55718860e-03
  5.33386350e-01 -1.64682373e-01  2.86141276e-01 -1.10977158e-01
  3.26576501e-01  1.17290840e-01 -1.79311141e-01  3.86804610e-01
  1.51981235e-01  6.16168901e-02  5.33787727e-01 -3.74891534e-02
  2.65405867e-02 -8.21043372e-01  2.55178213e-01 -1.60060376e-01
  2.26811066e-01  2.28584051e-01  4.34420735e-01 -3.47699136e-01
  1.79649562e-01  3.00316274e-01 -4.35585707e-01  4.95521247e-01
  1.34265795e-01  1.34351447e-01  3.47731978e-01  2.29186147e-01
  5.56243435e-02  9.09696370e-02  4.46281642e-01  2.16947839e-01
  4.03804749e-01  4.84945118e-01  1.63125563e-02 -1.74330741e-01
  3.23734015e-01 -1.82524025e-01  3.90264988e-02  6.20463565e-02
  7.09261119e-01 -2.31158137e-01 -1.21454179e-01 -1.12212515e-02
  1.08128905e-01 -3.76627892e-01  8.73561352e-02  2.98813939e-01
  3.04784533e-02  2.09870879e-02  2.66858637e-01  1.94178656e-01
  7.19676465e-02 -1.04025626e+00  1.96556702e-01  3.08557570e-01
 -6.93673015e-01  2.56453395e-01 -4.04160410e-01  2.92878509e-01
 -3.97521794e-01  1.15372017e-02  1.59204930e-01 -4.59451020e-01
  7.50485137e-02  1.98183823e-02  8.24603960e-02  1.91501632e-01
  2.47379333e-01  4.46714997e-01  1.81581020e-01  1.32445067e-01
  4.70966011e-01 -3.34067345e-02  3.46357971e-01  1.88075706e-01
  3.89304161e-01  1.64271817e-01 -2.30001822e-01  5.57266355e-01
  5.78848183e-01  1.00773230e-01  5.78250661e-02 -4.44629610e-01
  3.13358724e-01 -1.47792250e-01  1.19160980e-01  1.48549035e-01
  3.81804928e-02  3.35183918e-01 -3.58574651e-03  2.86157131e-01
  3.39140967e-02 -5.83031714e-01  4.34793293e-01  1.39283147e-02
  2.59504437e-01  2.72385925e-01  1.19130444e-02  1.11261681e-01
 -4.05787140e-01 -6.06358469e-01  5.19719422e-01  3.53007913e-02
  6.56897798e-02 -9.64813903e-02  2.19301075e-01  2.39636838e-01
  2.98151076e-01 -6.96896575e-03  1.06903791e-01  3.46138060e-01
  5.07540643e-01  4.05501157e-01  2.19940826e-01  1.73277542e-01
  3.62486392e-01  3.66675138e-01 -2.83103943e-01  2.94339079e-02
  3.23736638e-01 -3.79381955e-01 -1.19428352e-01 -1.67564794e-01
  2.99755484e-01  1.15229309e-01  1.10769197e-01  4.65860039e-01
  3.70233566e-01  1.00032717e-01 -5.92218339e-01  3.15004259e-01
 -2.80044198e-01 -6.82258885e-03  1.52819246e-01 -2.19310194e-01
 -4.87297416e-01  6.66465908e-02  5.72292984e-01  2.74900999e-02
 -6.68678105e-01  2.98477203e-01  3.57650787e-01  6.97366148e-03
  7.75345974e-03 -3.54776159e-03  2.62808502e-01  3.38138461e-01
  3.65308374e-01  4.88665178e-02  1.53826237e-01  2.45179564e-01
  4.95604694e-01  3.67128849e-02 -6.38256788e-01 -4.62000370e-01
  3.42482030e-01  1.33331984e-01  8.94443616e-02  2.80097276e-01
  6.85939312e-01 -4.00901288e-01  1.06916249e-01 -4.37964380e-01
  2.73795485e-01  2.91852485e-02  5.30159354e-01 -4.17553447e-02
  9.13890228e-02  1.94620356e-01 -1.63566798e-01  4.84181941e-02
 -7.70012319e-01 -8.62332404e-01 -1.34951144e-01  2.85876039e-02
 -3.30165058e-01  2.56305099e-01  2.49535084e-01  1.18720960e-02
 -2.48701125e-03 -6.59089386e-01  5.12280643e-01  2.28374854e-01
  8.77131522e-02  5.43121621e-02 -2.79238448e-04  5.21091819e-02
  2.69937754e-01  4.63838816e-01  4.81983066e-01  6.07189387e-02
  3.37377518e-01  1.76264808e-01  9.99748334e-03 -7.44943693e-02
  4.88858700e-01  2.99038559e-01 -2.18754821e-03  4.89157736e-01
  5.30623555e-01  2.05223728e-02 -4.65447605e-01 -9.24130797e-01
  4.28750008e-01  2.71639585e-01 -2.77140550e-03  2.78534461e-02
  3.90247405e-02  8.75360817e-02 -5.06380260e-01  1.53362215e-01
 -1.76356152e-01 -4.90533739e-01 -1.44701511e-01  3.69749695e-01
  5.08274078e-01  7.37800300e-02 -2.68702835e-01  2.50177681e-01
  3.06545012e-03  8.23368728e-02  4.10512209e-01  2.26624176e-01
  9.33353826e-02 -5.85585833e-03  4.26408827e-01  1.48881510e-01
  4.46906507e-01  4.57448483e-01  2.35650033e-01  3.62501055e-01
  4.81474400e-01  2.86044419e-01  1.06641173e-01  1.19950268e-02
  4.28925097e-01  2.79218882e-01 -5.13254285e-01  1.01732574e-02
  7.80317664e-01  1.27191126e-01  1.93506271e-01 -1.69992074e-01
  2.53868222e-01  1.10837266e-01  8.66357535e-02 -2.36122206e-01
 -8.05849954e-02  3.39390606e-01  3.68042231e-01  4.89415452e-02
 -8.19030218e-03 -7.26873696e-01  3.71049970e-01  6.41572118e-01
  5.19132793e-01  3.80841881e-01 -4.57344383e-01 -2.84603238e-01
  4.23015207e-02 -3.75718087e-01 -2.76171237e-01 -2.96153456e-01
  5.27279675e-02  2.96323374e-03  2.64097422e-01  3.73375565e-02
  4.48704362e-01  2.67768860e-01  3.19476366e-01  4.73839343e-01
  2.72384495e-01  5.27650833e-01  2.99045861e-01  1.19438190e-02
  6.81545079e-01  2.56108195e-01 -3.89560640e-01 -1.91460736e-03
  6.30169272e-01  1.83885798e-01  1.99369252e-01 -3.84728730e-01
  3.25502574e-01  1.38689920e-01  1.36579216e-01  2.11583436e-01
  4.06527460e-01  2.52489537e-01  2.86977679e-01  5.18348932e-01
 -1.75549731e-01  5.90863898e-02  1.82936527e-03  4.20728505e-01
  5.89174151e-01  2.67789274e-01  2.39644367e-02 -6.48034275e-01
  1.92497689e-02 -3.23280931e-01  5.11382878e-01 -6.35328233e-01
  1.49601206e-01  4.19490784e-03  2.96585798e-01  1.05755106e-01
  3.44562083e-01  4.14838865e-02  1.23663604e-01  8.47552642e-02
 -1.32837325e-01  2.54062980e-01  4.71258238e-02 -9.13067088e-02
  5.14321744e-01  1.71817139e-01  5.78957424e-02  5.64612150e-02
  5.70136070e-01  4.94297802e-01  3.64168465e-01 -1.07920527e-01
  1.37448788e-01 -1.11030554e-02  1.27198100e-01  7.06184566e-01
  1.35612622e-01  4.18352425e-01  2.10717004e-02  3.34028304e-02
  1.52753983e-02 -8.63229558e-02  4.99383271e-01 -3.22708249e-01
  2.12893382e-01  3.57274383e-01 -1.91743419e-01  3.20647359e-01
 -3.70278239e-01 -3.56675237e-01 -1.38278510e-02 -4.28452909e-01
  8.79577920e-02  2.44791862e-02  2.86787987e-01  2.68489659e-01
  1.73897386e-01  1.20659590e-01  2.41696060e-01  1.72672346e-01
  4.25322741e-01  1.01903945e-01  1.67714193e-01 -1.78096920e-01
  3.67557675e-01  2.49848247e-01  2.90534366e-02  3.78835946e-01
  3.60269248e-01 -1.74283907e-01 -4.61550683e-01 -1.23227760e-01
  1.80611223e-01 -9.03606229e-03  4.03742418e-02  8.75937752e-03
  8.13184902e-02 -6.24561235e-02 -5.14263391e-01  1.27434969e-01
 -1.15097903e-01 -1.19819857e-01  4.05810744e-01 -2.01391324e-01
 -2.66372651e-01  3.62539858e-01 -8.96517262e-02 -2.84416676e-01
 -6.40818357e-01 -5.54160681e-03 -1.75125897e-01 -1.96597651e-01
  1.13105290e-02 -1.84298635e-01  3.01642299e-01  3.82341415e-01
  2.13534757e-01  1.85899645e-01  1.34741098e-01  2.41715256e-02
  5.52502573e-01 -5.54403290e-02  6.88464940e-02  7.30429590e-02
  2.22953454e-01  3.88843775e-01 -1.06431171e-03  9.62563008e-02
  5.06713316e-02 -5.09466112e-01  3.37397873e-01 -3.79304647e-01
  2.99635977e-01  2.81691521e-01  3.34496275e-02 -4.86988902e-01
  3.96272913e-02  3.04124225e-02  2.96021670e-01  2.52431631e-01
  1.64595470e-01  6.25856444e-02  5.33352971e-01 -1.92325354e-01
  2.59695262e-01 -3.14950533e-02  5.68830431e-01 -1.58462897e-02
  8.00136998e-02 -5.24369180e-01  2.73405522e-01 -5.85623682e-02
  2.86759496e-01  3.04504991e-01  3.42798419e-03 -4.42816913e-01
  4.16355252e-01  8.53337198e-02 -4.45821404e-01  4.80220020e-01
 -8.57122689e-02 -4.14153308e-01  2.45926857e-01  2.80896753e-01
 -7.92185515e-02 -4.60642539e-02  5.15115440e-01 -1.82219595e-01
  2.01144770e-01 -3.35789949e-01  8.45520496e-02  4.56081033e-01
  4.73968565e-01 -4.58759256e-03 -1.44392729e-01  7.59320185e-02
  4.88862038e-01  7.72243962e-02  1.84577275e-02  1.38786528e-02
 -1.17176831e-01  3.84168118e-01  1.24424800e-01  1.13444701e-01
  4.80469227e-01  2.54054040e-01  1.29414186e-01  1.47291217e-02
  5.55702746e-01 -5.52572966e-01 -5.59813976e-02 -6.00835562e-01
  4.48065251e-01 -5.43560207e-01  2.28620812e-01  3.29639435e-01
  1.86927393e-01  2.02481840e-02  1.67995747e-02  7.47358382e-01
 -7.44144380e-01  1.86091527e-01 -2.59198844e-01  3.34315240e-01
  5.80500543e-01  2.48144507e-01  1.14161074e-01  4.51812565e-01
  7.28626847e-01  2.46923745e-01  2.62192249e-01  6.44574687e-03
  5.53607583e-01 -1.75866082e-01 -1.17174268e-01  7.09169924e-01
  2.58029431e-01  4.64413837e-02  2.74871558e-01 -9.42831859e-04
  8.38381767e-01  7.70529732e-02 -3.68413508e-01  5.54385066e-01
  3.77275497e-01  3.32567066e-01  4.60392609e-03  5.68558455e-01
 -3.29786032e-01  3.95926267e-01 -5.12600318e-02  3.65919620e-02
  3.69766653e-01  3.50382864e-01  6.49187088e-01  2.14654177e-01
 -4.99934703e-01 -7.59867847e-01  4.03145581e-01  1.28474355e-01
 -2.50441432e-02  1.74172431e-01  2.51537412e-01  1.86378658e-01
  4.80364531e-01 -6.84812739e-02 -4.50730830e-01 -1.42107844e-01
 -1.03310496e-01 -7.29002710e-03  5.35050571e-01  2.85676450e-01
  4.83781025e-02  5.55369705e-02  5.35314798e-01  7.08383739e-01
  3.98637652e-01  4.17261451e-01  1.86513960e-01  3.74783754e-01
  4.19139266e-01  1.95459768e-01  1.14210591e-01  3.81014407e-01
  2.51383841e-01  3.60326082e-01  6.50726318e-01  3.93878609e-01
  2.78570533e-01  5.93833029e-01  2.29702264e-01 -2.23803595e-02
  5.55467129e-01  4.01217759e-01  1.32887959e-01  1.15985885e-01
  5.07742047e-01  2.94330359e-01  3.72982591e-01  5.46350479e-01
  6.33091748e-01  2.97789156e-01  2.76966125e-01  3.60192537e-01
  4.02908295e-01  2.01179817e-01  4.00531352e-01]
{"epoch": 21, "train_loss": 0.2365850965644038, "val_mae": 0.31548061966896057, "val_corr": 0.5090764499116343, "val_binary_acc": 0.6182380216383307, "val_binary_f1": 0.6779661016949152, "threshold": 0.0}
Labels: [ 1.          0.33333334 -0.6666667  -0.8333333  -0.33333334  0.
  0.5         0.          0.33333334 -0.5         0.33333334  0.
  0.5         0.5         0.6666667  -0.16666667  0.         -0.6666667
  1.         -0.33333334 -1.          0.         -0.33333334 -0.8333333
  0.16666667  0.33333334 -0.6666667   0.          0.          0.
  0.33333334 -0.8333333   0.5         0.16666667 -0.33333334  0.33333334
  0.          0.6666667   0.         -0.16666667  0.33333334  0.16666667
 -0.6666667  -0.5         0.          0.16666667  0.          1.
  0.33333334 -0.8333333   0.16666667 -0.16666667  0.16666667  0.16666667
  0.6666667  -0.5         0.         -0.6666667   0.5         0.6666667
 -0.16666667 -0.6666667   0.         -0.8333333   0.33333334 -0.16666667
 -0.5        -0.33333334 -0.8333333  -0.8333333  -0.5         0.5
  0.33333334  0.          0.5         0.33333334  0.6666667   0.6666667
 -0.16666667 -0.33333334  0.33333334  0.16666667 -0.33333334 -0.6666667
  0.          0.          0.16666667  0.          0.5         0.
  0.          0.          0.16666667 -0.8333333   0.          0.
  0.16666667  0.16666667  0.16666667  0.         -0.33333334 -0.8333333
  0.         -0.33333334  0.          0.33333334  0.         -0.8333333
 -0.33333334  0.         -0.5         0.          0.8333333   0.5
  0.5         0.33333334  0.          0.          0.6666667  -0.16666667
  0.75        0.8333333  -0.5         0.33333334  0.          0.16666667
  0.5         0.33333334  0.6666667  -0.5        -0.16666667  0.33333334
  0.8333333  -0.8333333   0.16666667  0.          0.          0.
 -1.          0.16666667  0.33333334 -1.          0.          0.
  1.          0.33333334 -1.          0.33333334 -0.16666667  0.16666667
  0.6666667  -0.6666667   0.          0.33333334 -0.16666667  0.16666667
  0.33333334  0.33333334  0.33333334  0.5         0.33333334 -0.16666667
 -0.6666667  -0.8333333   0.          0.16666667 -0.16666667  1.
  0.5         0.16666667  0.16666667 -0.16666667  0.16666667  0.33333334
  0.16666667 -0.33333334  0.          0.16666667  0.16666667  0.33333334
  0.         -0.8333333  -0.5         0.16666667  1.          0.16666667
  0.16666667 -0.8333333   0.         -0.16666667  0.6666667  -0.6666667
  0.5         0.33333334  0.16666667  0.          0.33333334  0.33333334
  0.          1.          0.25        0.33333334 -0.6666667  -0.8333333
  0.          0.16666667 -0.33333334  0.          0.5        -0.16666667
  0.16666667 -0.16666667  0.         -0.16666667  0.33333334  0.8333333
  0.8333333   0.5        -0.5         0.16666667 -1.          0.
  0.16666667 -0.8333333  -0.16666667 -0.33333334 -0.16666667 -1.
 -0.16666667  0.          0.5        -0.5        -0.5         0.33333334
  0.          0.33333334  0.33333334  0.          0.          0.6666667
  0.5         0.33333334 -0.8333333  -0.8333333   0.16666667 -0.16666667
  1.          0.8333333   0.5         0.16666667 -0.16666667 -0.16666667
  0.5        -0.5         0.5        -0.16666667  0.33333334  0.33333334
 -0.5         0.5        -0.6666667  -1.         -0.5        -0.16666667
  0.6666667  -0.33333334  0.          0.33333334  0.         -0.8333333
  0.33333334 -0.33333334 -0.16666667  0.33333334  0.          0.33333334
  0.6666667   0.5         0.16666667  0.16666667  0.08333334  0.
  0.5         0.6666667   0.16666667  0.          0.          0.
  0.          0.16666667 -0.33333334 -0.8333333  -0.16666667  0.
  0.16666667  0.          0.5         0.         -0.8333333   0.5
 -0.6666667  -0.8333333  -0.6666667   0.          1.          0.16666667
 -0.6666667   0.16666667  0.          0.          1.         -0.16666667
  0.          0.33333334  0.16666667  0.8333333   0.5         1.
  0.          0.          0.6666667   0.33333334  0.          0.
  0.          0.          1.          0.16666667  0.5        -0.33333334
  0.16666667  0.          0.33333334  0.         -0.16666667 -0.5
 -0.5         0.8333333   0.          0.16666667  0.         -0.8333333
 -0.6666667   0.          0.8333333   0.          0.          0.
  0.         -0.6666667  -0.33333334 -0.6666667   0.16666667  0.16666667
  0.16666667  0.33333334  0.33333334  0.8333333  -0.33333334  0.
  0.6666667   0.          0.          0.          0.33333334  0.
  0.33333334  1.          0.16666667  0.         -0.16666667  0.16666667
  0.33333334  0.          0.33333334 -0.8333333   0.6666667   0.5
  0.          0.8333333  -0.5        -0.16666667 -0.5         0.
  0.8333333  -0.16666667  0.6666667  -0.33333334  0.16666667 -0.8333333
  0.8333333  -1.          0.5         0.5         0.          0.16666667
  0.5         0.         -0.16666667  0.33333334  0.6666667   0.6666667
 -0.16666667  0.          0.6666667   0.16666667  0.          0.16666667
  0.5         0.33333334  0.6666667   0.6666667   0.33333334  0.5
 -0.6666667   0.5         0.8333333   0.5         0.          0.16666667
  0.         -0.8333333  -0.5        -0.16666667  0.8333333   0.
  0.33333334  0.         -0.6666667  -0.5        -0.16666667 -0.16666667
  0.          0.6666667   0.          0.5         0.          0.8333333
  0.          0.33333334  0.41666666  0.         -0.8333333  -0.33333334
  0.          0.16666667  0.          0.8333333   0.8333333   0.
 -0.6666667   0.         -0.16666667  0.          0.33333334  0.
  0.          0.         -0.6666667   0.         -0.33333334 -0.16666667
  0.         -0.6666667   0.6666667   0.16666667 -0.33333334 -0.6666667
 -0.8333333  -0.16666667 -0.8333333  -0.5        -0.6666667   0.16666667
 -0.33333334  0.          0.16666667  0.8333333  -0.33333334  0.33333334
  0.6666667   0.          0.16666667  0.          0.8333333   0.
 -0.16666667  0.33333334 -0.33333334  0.16666667  0.16666667 -0.33333334
 -0.33333334  0.5         0.33333334 -0.6666667   0.         -0.6666667
  0.          0.16666667 -0.16666667  0.5         0.6666667   0.
 -0.16666667  0.16666667  0.6666667  -0.5         0.5         0.
  0.         -1.         -0.6666667   0.          0.16666667 -1.
  0.5        -0.5         0.6666667   0.16666667 -0.8333333  -0.33333334
  0.         -0.16666667  0.8333333   0.          0.16666667  0.33333334
  0.6666667  -0.16666667  0.16666667  0.5         0.8333333  -0.6666667
  0.          0.33333334  0.6666667   0.         -0.16666667 -0.33333334
 -0.8333333   1.         -0.6666667   0.6666667   0.          0.6666667
  0.16666667  0.5         0.33333334 -0.8333333   0.          0.
  0.5         0.33333334  0.          0.          0.          0.
  0.          0.33333334 -0.5         0.          0.16666667  0.
  0.          0.          0.16666667  1.          0.6666667  -0.5
  0.33333334  0.          0.          1.          0.          0.5
  0.16666667  0.         -0.16666667  0.          1.          0.
  1.          0.          0.16666667  0.          0.16666667 -0.16666667
 -0.8333333  -0.33333334  0.          0.16666667  0.          0.16666667
  0.33333334  0.33333334 -0.8333333  -0.8333333   0.16666667  0.16666667
  0.9166667   0.16666667  0.5         0.6666667   0.33333334 -0.6666667
 -0.6666667   0.33333334 -0.6666667   0.          0.16666667 -0.16666667
 -0.8333333  -0.33333334 -0.6666667   0.33333334  0.5         0.33333334
  0.25        0.33333334  0.          0.33333334  0.          0.
  0.6666667   0.          0.8333333   0.6666667   0.5         0.33333334
  0.75       -0.16666667  0.25        0.          1.          0.33333334
  0.33333334  0.33333334  0.5         0.8333333   0.16666667  0.
  0.16666667  0.5         0.75        0.41666666  0.16666667]
Predictions: [ 5.10933697e-01  2.39238769e-01  4.04297262e-02 -6.15212202e-01
 -1.42943770e-01 -5.93933091e-03 -1.44574661e-02 -1.04584154e-02
  5.76593816e-01 -5.96663356e-01 -1.67214975e-01  1.16795897e-02
  2.56825745e-01 -4.35523167e-02  2.85204053e-01 -2.68836059e-02
  1.36273816e-01 -2.02793181e-01 -1.76475104e-02  4.95766670e-01
 -1.92087084e-01  2.07928061e-01 -4.57946360e-02 -5.52100241e-01
 -2.25171931e-02  5.22189915e-01 -6.02132380e-01  2.04982590e-02
  3.50554809e-02  3.14540535e-01  5.35824835e-01  3.41785669e-01
  1.25552267e-01  1.52701344e-02  1.12190638e-02  4.37447071e-01
  5.56542158e-01  1.78850725e-01  3.39469880e-01  2.37123400e-01
 -1.02764061e-02  3.78229797e-01 -4.54582810e-01  1.12612732e-02
  2.69931555e-01  3.33659679e-01 -2.72703357e-02  5.77738106e-01
  9.61479545e-02 -7.15317488e-01  4.44243193e-01 -1.16374068e-01
  2.47604012e-01 -1.62388191e-01  8.18945765e-02 -6.90590441e-01
  6.13114908e-02 -7.55603552e-01 -2.79231280e-01  1.95698857e-01
  2.09446717e-02 -7.94395328e-01  9.37687010e-02 -4.58790183e-01
  9.89310145e-02  1.92849234e-01 -5.54139197e-01  3.28903273e-03
 -5.27641416e-01 -1.99316353e-01  2.04350308e-01  6.84260130e-01
 -7.81520549e-03  1.28872529e-01  4.70345318e-01  2.87278950e-01
  6.14703238e-01  2.57834196e-01 -3.84291708e-01 -2.37376913e-01
  4.47913200e-01  2.47597963e-01  3.33991200e-01 -7.55994469e-02
  6.85199127e-02  4.16773349e-01 -7.76067376e-03  3.75544652e-04
  5.29245973e-01 -1.58387925e-02  3.29479098e-01 -1.08874723e-01
  2.99913704e-01  1.03192180e-01 -1.79143623e-01  2.44159997e-01
  1.34267747e-01  1.37554497e-01  5.02080023e-02  2.70097733e-01
 -7.51318038e-03 -8.08075011e-01 -7.27266818e-03 -1.96967155e-01
  1.74074292e-01  3.03792596e-01 -3.76370460e-01 -7.93346941e-01
 -2.14621887e-01  2.31817424e-01 -5.27655408e-02  3.91232938e-01
  6.41633421e-02  1.21790171e-01  3.98264349e-01  2.91898638e-01
  1.94020197e-03 -6.26918580e-03  4.27151352e-01  2.85910249e-01
  4.27355111e-01  6.61072016e-01 -5.93898296e-01 -1.35429889e-01
  3.13710958e-01 -2.82040805e-01  1.67539697e-02  7.83316940e-02
  8.11364293e-01 -2.20187411e-01 -1.13555200e-01  3.18862647e-02
 -1.27516333e-02 -4.67094630e-01  3.41102853e-02  9.97897983e-02
  2.97149103e-02 -3.94086093e-02 -2.39180550e-01  1.45072907e-01
  5.71083724e-02 -8.83780181e-01  9.41904038e-02  1.30608633e-01
 -6.14732563e-01  2.66779572e-01 -2.97731042e-01  3.42077196e-01
 -2.76584387e-01  7.39386231e-02  5.58186054e-01 -3.97709727e-01
  5.98912984e-02  2.44107489e-02  2.21805833e-03  2.04113275e-01
  2.11245447e-01  4.02984083e-01  2.91719973e-01  1.36188805e-01
  5.01047492e-01 -8.95063803e-02  5.09313047e-02 -2.00595669e-02
  2.82555014e-01  4.03368026e-02 -1.24719493e-01  5.07442832e-01
  6.73911035e-01  1.56114727e-01 -3.23737487e-02 -2.60888934e-01
  2.74655581e-01 -2.53670126e-01  3.97311971e-02  4.70294505e-02
  1.25007302e-01  1.31470978e-01 -2.67878287e-02  3.21046323e-01
  2.21522730e-02 -3.91331971e-01  4.20586288e-01 -9.55375936e-03
  2.37248063e-01  2.55384058e-01 -8.86709336e-03 -1.38895974e-01
 -2.70770133e-01 -5.90850413e-01  6.50305748e-01 -5.66922426e-02
  9.20081139e-03 -5.21521457e-03  1.49020523e-01  2.58518368e-01
  2.71895349e-01 -4.78155576e-02  3.17885965e-01  4.83918041e-01
  6.11466408e-01  4.38455105e-01 -2.45593041e-01 -7.67696183e-03
  3.20842564e-01  3.40778917e-01 -3.68372142e-01  1.23224724e-02
  3.84151191e-01 -4.48326677e-01  9.43949744e-02 -7.80930072e-02
  2.79121667e-01 -7.08943326e-03 -4.05361429e-02  3.83892506e-01
  4.47582662e-01 -4.41630371e-02 -3.94942433e-01  5.17188489e-01
 -6.27775416e-02 -1.28698675e-02  9.03702080e-02 -4.94261533e-01
 -4.13014948e-01  6.96577132e-02  6.72602534e-01 -1.21823683e-01
 -5.93286157e-01  3.60724628e-01  2.67596662e-01 -1.12196887e-02
 -6.65557943e-03  1.57859307e-02  1.79236189e-01  3.77736539e-01
  4.07346576e-01  3.04156169e-03  1.91181228e-01  2.84935594e-01
  6.30143821e-01  1.34015396e-01 -7.77694762e-01 -2.59925336e-01
  1.75566331e-01  1.35006666e-01 -2.47116208e-01  1.47227749e-01
  8.05321932e-01 -3.65131617e-01  3.45937818e-01 -3.24079186e-01
  4.75340635e-01  7.91094266e-03  6.52220488e-01  2.16053426e-03
  5.46951815e-02  9.64064673e-02 -2.18427688e-01  3.10009301e-01
 -6.58960342e-01 -7.99789310e-01 -3.16511393e-01  1.46062803e-02
 -3.66899550e-01  2.03360036e-01  1.56381354e-01 -1.10041397e-02
 -2.15326622e-02 -6.25495017e-01  5.48516095e-01 -9.95040312e-02
  1.27497002e-01  4.54796702e-02 -3.75770405e-03  7.31195584e-02
  4.28255022e-01  5.32120407e-01  4.89020377e-01  8.34337622e-02
  3.52701902e-01  1.81765229e-01  7.90725425e-02 -1.70491505e-02
  5.37103236e-01  2.76312381e-01 -1.94363549e-01  4.28567141e-01
  5.61816931e-01  8.65253247e-03 -4.87418324e-01 -9.98845220e-01
  4.28633958e-01  1.09437302e-01  5.65782189e-02  2.14917585e-03
  1.67723179e-01  2.04484507e-01 -4.33056682e-01 -1.13108464e-01
 -1.54857442e-01 -6.22753441e-01 -2.47699376e-02  2.73546547e-01
  6.00588262e-01  5.54861948e-02 -4.43141162e-01  1.12753317e-01
 -3.39312572e-03 -2.31130794e-02  4.21763361e-01  5.19010238e-03
  7.84033537e-02  5.33249378e-02  4.90457505e-01  9.03117582e-02
  3.85893911e-01  5.19215107e-01  1.51092157e-01  3.99960190e-01
  3.18101615e-01  3.63107830e-01  4.17463183e-01 -1.17895370e-02
  3.67220968e-01  2.79388011e-01  2.30059344e-02 -7.78138638e-03
  9.39388871e-01  1.08523950e-01  4.41597193e-01 -1.08689830e-01
  1.50646299e-01  4.34486717e-02  4.47764099e-02 -2.95741469e-01
 -3.21401447e-01  1.64782017e-01  3.55469435e-03 -1.74660921e-01
  1.04990602e-03 -6.38878047e-01  2.85007387e-01 -8.29669058e-01
  5.51366866e-01  2.91388690e-01 -3.82174045e-01 -4.78675395e-01
  1.53987538e-02 -4.40265000e-01 -2.85668641e-01 -4.09558743e-01
  9.44775268e-02  2.02560481e-02  3.22061479e-01  2.49556135e-02
  4.45811898e-01  3.01275522e-01  3.32928270e-01  4.89511579e-01
  2.79290229e-01  6.70327306e-01  1.77639097e-01  3.89560312e-03
  8.64241123e-01  1.83729097e-01 -3.34065795e-01 -6.34437986e-03
  7.72651374e-01  1.17398798e-01  2.35270888e-01 -2.05810517e-01
  4.55307633e-01  8.24893937e-02  1.80974174e-02  1.40653372e-01
  5.01633823e-01  1.79021433e-03  3.83509576e-01  5.96126020e-01
  8.99536163e-03  3.82993892e-02 -1.27508491e-01  2.43003547e-01
  7.20459819e-01  1.46932185e-01  2.48965710e-01 -1.48479179e-01
 -1.37070622e-02 -3.14721018e-01  6.69648409e-01 -6.92917168e-01
  1.64186373e-01 -9.01638530e-03  2.24564806e-01  1.40531912e-01
  4.35560107e-01 -9.57147498e-03  1.29436001e-01  5.29126152e-02
 -1.05784396e-02  2.95260489e-01 -4.90785986e-02  1.03036370e-02
  5.52303314e-01  6.13585114e-02  1.70833528e-01  1.93860549e-02
  5.13397574e-01  4.44009125e-01  5.69467485e-01 -1.52201876e-01
  1.57471299e-01 -4.92263101e-02  1.50353566e-01  7.05107331e-01
  1.66634724e-01  2.07274854e-01  8.04989636e-02  4.21011262e-03
  8.18637386e-03  2.33868789e-02  4.30370659e-01 -4.18836683e-01
  1.33165717e-03  3.09931993e-01 -3.15161496e-01  3.29848588e-01
 -3.07199806e-01 -5.95866442e-01  3.35469514e-01 -2.28011847e-01
  5.39704338e-02  7.51468092e-02  3.24666262e-01  2.04434812e-01
  5.98120093e-02  3.96522284e-01  3.67660746e-02  2.66798735e-01
  5.31297505e-01  8.11123699e-02  1.99455563e-02 -8.15072209e-02
  3.30758929e-01  2.05128938e-01  4.52819467e-03  2.78003901e-01
  3.82842541e-01 -2.09368512e-01 -2.31957763e-01  4.49013151e-03
  1.62918359e-01 -6.17311150e-03  1.08320937e-02  3.65871936e-03
  8.04722384e-02 -7.31609315e-02 -6.91129267e-01  1.11208439e-01
 -2.44925126e-01  2.28473414e-02  1.96331903e-01 -5.37627637e-01
 -3.00739259e-01  3.43129367e-01 -1.90490559e-01 -2.95885265e-01
 -6.28286898e-01 -1.74407549e-02  8.49508718e-02 -1.82900086e-01
 -1.11116879e-02 -2.46363953e-02  3.06105286e-01  3.75004828e-01
  2.08555818e-01  1.42576814e-01  1.26262441e-01  3.96018401e-02
  6.25777364e-01 -4.01124954e-02  4.49469239e-02  1.87264886e-02
  2.13249892e-01  3.06846559e-01  6.76718540e-03  4.82377037e-02
  2.39035580e-02 -3.70013267e-01  2.46007204e-01 -6.19767904e-01
  1.92406744e-01  3.39348584e-01 -1.56427994e-02 -4.70523417e-01
 -9.49016586e-03  1.09150428e-02  2.54455984e-01  2.92395115e-01
  1.05395049e-01  5.81554025e-02  5.67917705e-01 -3.05833936e-01
  2.36726552e-01  1.47054702e-01  6.61225021e-01 -1.84805244e-01
  5.78170642e-03 -5.72480738e-01  2.42299318e-01 -8.49773884e-01
 -5.56251585e-01  1.65943995e-01 -1.30415335e-03 -5.80442369e-01
  4.36944157e-01 -3.31084095e-02 -5.07351220e-01  3.54186058e-01
 -1.57460332e-01 -1.71176448e-01  2.77113259e-01  3.37404549e-01
  3.45246717e-02  1.07555091e-03  4.99573678e-01 -1.45820335e-01
  1.67642087e-01 -3.26276392e-01  1.29350662e-01  2.97366470e-01
  4.28420573e-01  1.24126468e-02 -1.19709611e-01 -1.69311643e-01
 -5.46009690e-02  7.93067515e-02  1.06506422e-02 -8.66138842e-03
 -1.49756357e-01  3.82224202e-01 -1.17340140e-01  7.79253766e-02
  3.02657515e-01  2.22215191e-01  8.36337283e-02  6.00411929e-03
  4.55557287e-01 -7.49225557e-01 -8.45311806e-02 -1.38553590e-01
  5.11940479e-01 -4.33406025e-01  1.57102436e-01  3.16736966e-01
  6.90368190e-02  2.55306996e-03 -3.74064036e-03  8.61988723e-01
 -5.86176932e-01  6.84080347e-02 -3.86621833e-01  3.95698845e-01
  6.36540592e-01  1.73139095e-01  1.35047376e-01  4.10962611e-01
  8.57460022e-01  2.06938684e-01  3.69299203e-01  1.25884309e-01
  6.90060139e-01 -1.40168384e-01 -1.62367135e-01  7.67408490e-01
  3.31391275e-01  3.47018018e-02  2.79997379e-01  1.15069188e-03
  8.84215295e-01 -2.87964754e-03 -2.62086511e-01  5.91485381e-01
  4.14663494e-01  2.20072106e-01  8.41358863e-03  1.25994146e-01
 -9.05794576e-02  3.72824579e-01 -2.34375179e-01 -8.33454449e-03
  3.13128352e-01  3.54240537e-01  4.02802825e-01  2.59540170e-01
 -6.24683082e-01 -6.85105383e-01  4.18032974e-01  4.35546562e-02
 -1.46442512e-02  1.35297462e-01  3.62641886e-02  2.04476729e-01
  5.29060721e-01 -2.06803232e-01 -3.23190987e-01  1.89596370e-01
 -1.27682403e-01 -9.00920480e-04  6.80191934e-01  3.14505965e-01
 -5.29579073e-03  8.37131403e-03  4.38692182e-01  9.22428310e-01
  4.06644642e-01  3.44381273e-01  3.51464301e-01  3.34857285e-01
  2.45914459e-01  2.12039888e-01  1.25154793e-01  3.42363507e-01
  1.14502192e-01  4.08142358e-01  7.21335948e-01  4.41408157e-01
  3.13926488e-01  6.85309410e-01  2.39988208e-01  7.48390332e-04
  4.92464751e-01  4.65704471e-01 -4.60173413e-02  4.92898226e-02
  6.81694865e-01  3.55190277e-01  4.50010061e-01  5.67899585e-01
  6.54085398e-01  3.50675136e-01  3.52731615e-01  3.37420136e-01
  3.43675733e-01  1.57063454e-01  4.91883069e-01]
{"epoch": 22, "train_loss": 0.2338102730207665, "val_mae": 0.2982836663722992, "val_corr": 0.5594737599796029, "val_binary_acc": 0.6290571870170015, "val_binary_f1": 0.6721311475409837, "threshold": 0.0}
Labels: [ 1.          0.33333334 -0.6666667  -0.8333333  -0.33333334  0.
  0.5         0.          0.33333334 -0.5         0.33333334  0.
  0.5         0.5         0.6666667  -0.16666667  0.         -0.6666667
  1.         -0.33333334 -1.          0.         -0.33333334 -0.8333333
  0.16666667  0.33333334 -0.6666667   0.          0.          0.
  0.33333334 -0.8333333   0.5         0.16666667 -0.33333334  0.33333334
  0.          0.6666667   0.         -0.16666667  0.33333334  0.16666667
 -0.6666667  -0.5         0.          0.16666667  0.          1.
  0.33333334 -0.8333333   0.16666667 -0.16666667  0.16666667  0.16666667
  0.6666667  -0.5         0.         -0.6666667   0.5         0.6666667
 -0.16666667 -0.6666667   0.         -0.8333333   0.33333334 -0.16666667
 -0.5        -0.33333334 -0.8333333  -0.8333333  -0.5         0.5
  0.33333334  0.          0.5         0.33333334  0.6666667   0.6666667
 -0.16666667 -0.33333334  0.33333334  0.16666667 -0.33333334 -0.6666667
  0.          0.          0.16666667  0.          0.5         0.
  0.          0.          0.16666667 -0.8333333   0.          0.
  0.16666667  0.16666667  0.16666667  0.         -0.33333334 -0.8333333
  0.         -0.33333334  0.          0.33333334  0.         -0.8333333
 -0.33333334  0.         -0.5         0.          0.8333333   0.5
  0.5         0.33333334  0.          0.          0.6666667  -0.16666667
  0.75        0.8333333  -0.5         0.33333334  0.          0.16666667
  0.5         0.33333334  0.6666667  -0.5        -0.16666667  0.33333334
  0.8333333  -0.8333333   0.16666667  0.          0.          0.
 -1.          0.16666667  0.33333334 -1.          0.          0.
  1.          0.33333334 -1.          0.33333334 -0.16666667  0.16666667
  0.6666667  -0.6666667   0.          0.33333334 -0.16666667  0.16666667
  0.33333334  0.33333334  0.33333334  0.5         0.33333334 -0.16666667
 -0.6666667  -0.8333333   0.          0.16666667 -0.16666667  1.
  0.5         0.16666667  0.16666667 -0.16666667  0.16666667  0.33333334
  0.16666667 -0.33333334  0.          0.16666667  0.16666667  0.33333334
  0.         -0.8333333  -0.5         0.16666667  1.          0.16666667
  0.16666667 -0.8333333   0.         -0.16666667  0.6666667  -0.6666667
  0.5         0.33333334  0.16666667  0.          0.33333334  0.33333334
  0.          1.          0.25        0.33333334 -0.6666667  -0.8333333
  0.          0.16666667 -0.33333334  0.          0.5        -0.16666667
  0.16666667 -0.16666667  0.         -0.16666667  0.33333334  0.8333333
  0.8333333   0.5        -0.5         0.16666667 -1.          0.
  0.16666667 -0.8333333  -0.16666667 -0.33333334 -0.16666667 -1.
 -0.16666667  0.          0.5        -0.5        -0.5         0.33333334
  0.          0.33333334  0.33333334  0.          0.          0.6666667
  0.5         0.33333334 -0.8333333  -0.8333333   0.16666667 -0.16666667
  1.          0.8333333   0.5         0.16666667 -0.16666667 -0.16666667
  0.5        -0.5         0.5        -0.16666667  0.33333334  0.33333334
 -0.5         0.5        -0.6666667  -1.         -0.5        -0.16666667
  0.6666667  -0.33333334  0.          0.33333334  0.         -0.8333333
  0.33333334 -0.33333334 -0.16666667  0.33333334  0.          0.33333334
  0.6666667   0.5         0.16666667  0.16666667  0.08333334  0.
  0.5         0.6666667   0.16666667  0.          0.          0.
  0.          0.16666667 -0.33333334 -0.8333333  -0.16666667  0.
  0.16666667  0.          0.5         0.         -0.8333333   0.5
 -0.6666667  -0.8333333  -0.6666667   0.          1.          0.16666667
 -0.6666667   0.16666667  0.          0.          1.         -0.16666667
  0.          0.33333334  0.16666667  0.8333333   0.5         1.
  0.          0.          0.6666667   0.33333334  0.          0.
  0.          0.          1.          0.16666667  0.5        -0.33333334
  0.16666667  0.          0.33333334  0.         -0.16666667 -0.5
 -0.5         0.8333333   0.          0.16666667  0.         -0.8333333
 -0.6666667   0.          0.8333333   0.          0.          0.
  0.         -0.6666667  -0.33333334 -0.6666667   0.16666667  0.16666667
  0.16666667  0.33333334  0.33333334  0.8333333  -0.33333334  0.
  0.6666667   0.          0.          0.          0.33333334  0.
  0.33333334  1.          0.16666667  0.         -0.16666667  0.16666667
  0.33333334  0.          0.33333334 -0.8333333   0.6666667   0.5
  0.          0.8333333  -0.5        -0.16666667 -0.5         0.
  0.8333333  -0.16666667  0.6666667  -0.33333334  0.16666667 -0.8333333
  0.8333333  -1.          0.5         0.5         0.          0.16666667
  0.5         0.         -0.16666667  0.33333334  0.6666667   0.6666667
 -0.16666667  0.          0.6666667   0.16666667  0.          0.16666667
  0.5         0.33333334  0.6666667   0.6666667   0.33333334  0.5
 -0.6666667   0.5         0.8333333   0.5         0.          0.16666667
  0.         -0.8333333  -0.5        -0.16666667  0.8333333   0.
  0.33333334  0.         -0.6666667  -0.5        -0.16666667 -0.16666667
  0.          0.6666667   0.          0.5         0.          0.8333333
  0.          0.33333334  0.41666666  0.         -0.8333333  -0.33333334
  0.          0.16666667  0.          0.8333333   0.8333333   0.
 -0.6666667   0.         -0.16666667  0.          0.33333334  0.
  0.          0.         -0.6666667   0.         -0.33333334 -0.16666667
  0.         -0.6666667   0.6666667   0.16666667 -0.33333334 -0.6666667
 -0.8333333  -0.16666667 -0.8333333  -0.5        -0.6666667   0.16666667
 -0.33333334  0.          0.16666667  0.8333333  -0.33333334  0.33333334
  0.6666667   0.          0.16666667  0.          0.8333333   0.
 -0.16666667  0.33333334 -0.33333334  0.16666667  0.16666667 -0.33333334
 -0.33333334  0.5         0.33333334 -0.6666667   0.         -0.6666667
  0.          0.16666667 -0.16666667  0.5         0.6666667   0.
 -0.16666667  0.16666667  0.6666667  -0.5         0.5         0.
  0.         -1.         -0.6666667   0.          0.16666667 -1.
  0.5        -0.5         0.6666667   0.16666667 -0.8333333  -0.33333334
  0.         -0.16666667  0.8333333   0.          0.16666667  0.33333334
  0.6666667  -0.16666667  0.16666667  0.5         0.8333333  -0.6666667
  0.          0.33333334  0.6666667   0.         -0.16666667 -0.33333334
 -0.8333333   1.         -0.6666667   0.6666667   0.          0.6666667
  0.16666667  0.5         0.33333334 -0.8333333   0.          0.
  0.5         0.33333334  0.          0.          0.          0.
  0.          0.33333334 -0.5         0.          0.16666667  0.
  0.          0.          0.16666667  1.          0.6666667  -0.5
  0.33333334  0.          0.          1.          0.          0.5
  0.16666667  0.         -0.16666667  0.          1.          0.
  1.          0.          0.16666667  0.          0.16666667 -0.16666667
 -0.8333333  -0.33333334  0.          0.16666667  0.          0.16666667
  0.33333334  0.33333334 -0.8333333  -0.8333333   0.16666667  0.16666667
  0.9166667   0.16666667  0.5         0.6666667   0.33333334 -0.6666667
 -0.6666667   0.33333334 -0.6666667   0.          0.16666667 -0.16666667
 -0.8333333  -0.33333334 -0.6666667   0.33333334  0.5         0.33333334
  0.25        0.33333334  0.          0.33333334  0.          0.
  0.6666667   0.          0.8333333   0.6666667   0.5         0.33333334
  0.75       -0.16666667  0.25        0.          1.          0.33333334
  0.33333334  0.33333334  0.5         0.8333333   0.16666667  0.
  0.16666667  0.5         0.75        0.41666666  0.16666667]
Predictions: [ 3.43720138e-01  1.26066044e-01 -1.59384266e-01 -2.77725220e-01
  1.54139966e-01  8.58035982e-02 -1.12977840e-01 -5.12480885e-02
  4.72642541e-01 -8.28076839e-01 -3.14866245e-01  6.47120923e-03
  2.69055307e-01  1.59060314e-01  2.20743507e-01 -2.19374057e-02
  8.43806118e-02 -3.88218939e-01  5.73021732e-03  3.80041540e-01
 -4.36283290e-01  3.56477760e-02 -3.26384842e-01 -6.30649745e-01
 -2.61510521e-01  4.76009190e-01 -6.17326915e-01 -3.30047369e-01
  2.71971524e-02  8.86333510e-02  3.67459893e-01  2.75138915e-01
  3.51363160e-02 -3.08678597e-02 -2.80361846e-02  1.03876546e-01
  4.53618884e-01  1.51941895e-01  2.06098706e-01  1.26137197e-01
  1.20956786e-02  3.99208009e-01 -4.74675655e-01 -3.38635966e-03
  8.57095048e-03  2.84484699e-02 -2.05656782e-01  1.87044248e-01
  8.22336674e-02 -8.77088606e-01  2.20901340e-01 -2.28944257e-01
  1.44946843e-01 -1.58356071e-01 -3.14419232e-02 -7.32406259e-01
  1.86350301e-01 -1.02248597e+00 -3.12965393e-01  9.01943892e-02
  2.61338688e-02 -9.41587150e-01  1.34360492e-02 -7.08907068e-01
  1.42662123e-01  2.78720438e-01 -4.96743500e-01 -5.06362412e-03
 -5.32158613e-01 -4.70632851e-01  1.21876657e-01  5.51021993e-01
 -1.96363777e-02 -7.74265826e-02  3.75056505e-01  2.38511309e-01
  5.47155559e-01  2.18164086e-01 -3.12279463e-01 -1.54437736e-01
  3.86231542e-01  2.66855836e-01  2.62232184e-01 -8.51748511e-04
  8.92715752e-02  2.89175570e-01 -1.63275786e-02 -6.19132631e-03
  4.36986864e-01 -1.06546558e-01  1.62952349e-01 -1.02006279e-01
  3.07921469e-01 -7.66869187e-02 -1.34323299e-01  1.46113172e-01
  1.31230757e-01  4.78228331e-02  1.01481989e-01  1.95919678e-01
  1.46512873e-03 -9.68585789e-01 -3.00437152e-01 -3.87938201e-01
 -1.31371588e-01  3.42048585e-01 -4.45218325e-01 -8.33362103e-01
 -1.09397508e-01  3.87869067e-02 -7.48538077e-02  1.95553362e-01
 -1.59396827e-02  9.36608762e-02  3.62359583e-01  1.09817490e-01
  1.00478359e-01  3.40704620e-03  3.31467509e-01  2.05684587e-01
  3.09064090e-01  4.81985867e-01 -5.05444050e-01 -2.14254782e-01
  2.83634305e-01 -2.80881107e-01 -2.60229204e-02 -1.73216928e-02
  6.78594887e-01 -3.14409018e-01 -2.86456168e-01  3.65722738e-03
  5.12373149e-02 -4.80978668e-01  1.54637881e-02 -3.37805413e-02
  2.92535089e-02 -9.06574354e-02 -2.80178964e-01  5.73742539e-02
  2.55773477e-02 -1.05736554e+00 -1.86706483e-01  7.43843764e-02
 -6.87792301e-01  1.60853550e-01 -5.47002733e-01  1.94302216e-01
 -3.86777341e-01  5.23478091e-02  4.50614333e-01 -7.10206389e-01
 -5.14696445e-03 -8.26322567e-03 -7.21665379e-03  4.86181602e-02
  1.35371879e-01  3.48416328e-01  1.90534294e-01  1.05986357e-01
  3.01160038e-01 -1.21666633e-01  6.13718331e-02  2.01377094e-01
  3.40885878e-01  1.52993537e-02 -5.23465089e-02  4.34247315e-01
  5.70850015e-01  1.39212728e-01 -2.88236678e-01 -3.41587603e-01
  2.13537291e-01 -3.17191958e-01  1.30083650e-01 -3.71117964e-02
  1.92534998e-01  2.31301472e-01 -2.68865168e-01  2.20343560e-01
  9.84400734e-02 -4.92647946e-01  1.12444729e-01 -9.24504269e-03
  1.48633048e-01  1.33159876e-01 -3.56516726e-02  1.73193589e-03
 -3.14691544e-01 -8.80271137e-01  4.68504369e-01 -1.09314226e-01
 -1.97311547e-02  1.83643967e-01  6.22433797e-02  2.17405006e-01
  2.74126589e-01 -2.28759013e-02  1.71562716e-01  4.92225885e-01
  4.67760980e-01  3.44663441e-01 -4.04999852e-01  1.37405843e-01
  2.43105099e-01  2.31180936e-01 -4.52503800e-01 -3.21548432e-04
  2.51651108e-01 -6.45608306e-01 -9.31922719e-02 -8.76477286e-02
  3.04912984e-01 -2.55855411e-01 -1.60129383e-01  2.77009964e-01
  3.65521491e-01  2.99758613e-02 -5.67944169e-01  5.42163253e-02
 -7.33794421e-02 -1.48086874e-02 -8.21925700e-02  4.00373340e-01
 -5.67524433e-01  2.50237823e-01  4.92753029e-01 -2.16505095e-01
 -7.16155350e-01  1.82685345e-01  8.40677246e-02 -1.62714362e-01
 -1.38315018e-02 -2.60268711e-02  1.15898147e-01  2.37374172e-01
  2.80362308e-01 -2.02845503e-03  1.25188619e-01  1.53957397e-01
  4.93501186e-01  1.40793830e-01 -8.67315948e-01 -5.88322043e-01
  3.73734832e-01  7.50268921e-02 -5.18089116e-01  5.57257831e-02
  6.31824434e-01 -5.25367975e-01  2.34250173e-01 -4.47413504e-01
  4.02082682e-01 -2.07587481e-02  4.38105047e-01 -2.28467230e-02
  2.11345293e-02 -2.30180353e-01 -3.74268293e-01  1.54837593e-01
 -8.37029278e-01 -9.75779414e-01 -4.67761934e-01  3.20321321e-02
 -5.40870845e-01  2.09259525e-01  1.60019740e-01 -1.93876088e-01
 -1.29320651e-01 -8.04299593e-01  3.88266861e-01 -2.73476720e-01
  3.11071016e-02  8.57742131e-03 -1.92597248e-02  3.48581709e-02
  4.82171178e-01  4.90263522e-01  3.79186630e-01  3.11677337e-01
  3.08670700e-01  1.45747930e-01  1.99359655e-02 -2.83977747e-01
  4.56261933e-01  2.75420904e-01 -4.73350286e-01  2.96716094e-01
  5.09642124e-01  1.73576660e-02 -7.44455040e-01 -1.09633636e+00
  2.19720483e-01  2.10086808e-01  6.91934526e-02 -7.32556451e-03
  1.49981722e-01  1.71242878e-01 -8.06895018e-01  5.70356548e-02
 -2.79910564e-02 -6.30476236e-01 -5.58364689e-01  1.41509116e-01
  5.30763984e-01  1.78596005e-03 -7.05586672e-01  1.35458522e-02
  7.51894340e-03 -1.59408487e-02  3.45230043e-01 -4.29219157e-02
  1.43564522e-01  2.19279118e-02  3.92555654e-01  2.70356871e-02
  2.88966715e-01  4.16385889e-01  1.11381173e-01  2.74858475e-01
  2.84933805e-01  3.25982332e-01  2.34363779e-01 -6.93239179e-03
  3.10734808e-01  1.25572786e-01 -2.04380006e-02 -4.34963331e-02
  7.01157689e-01 -1.57770038e-01  2.53662825e-01 -1.08855247e-01
  1.29920349e-01  4.05810773e-02 -1.01689631e-02 -3.61362338e-01
 -3.35589707e-01  6.89100400e-02  7.09114969e-03 -1.75649166e-01
 -1.12695433e-02 -7.09892035e-01  1.93771973e-01 -9.35675323e-01
  5.40275931e-01  2.79161751e-01 -4.80780542e-01 -5.41136086e-01
 -3.97003070e-03 -6.22290075e-01 -2.73506284e-01 -3.87598157e-01
  4.55429852e-02 -3.92792374e-03  1.82252273e-01  1.64714351e-01
  4.13882434e-01  1.94122970e-01  2.15239659e-01  5.30872226e-01
  2.19067559e-01  4.65108514e-01  1.51433066e-01 -9.74975526e-04
  6.85035884e-01  2.32638314e-01 -6.65936708e-01 -2.18551699e-03
  5.50417781e-01 -6.94160312e-02  2.29912281e-01 -2.02286959e-01
  4.09114122e-01  1.78400785e-01  2.37070061e-02  1.07581034e-01
  5.00396550e-01 -1.03592888e-01  3.09416234e-01  3.05963874e-01
  2.33503692e-02 -3.15837003e-02 -5.72579861e-01  7.69110546e-02
  4.81534481e-01  1.94342062e-01 -1.54072754e-02 -4.92068172e-01
 -3.14859673e-04 -4.72099066e-01  4.92617190e-01 -8.21605444e-01
  1.15229890e-01 -1.25204381e-02  1.08003341e-01  3.47148895e-01
  4.02670145e-01 -7.75258988e-03  2.62892246e-03  4.47347611e-02
 -1.31848350e-01  1.39877200e-01 -3.57484967e-02 -2.42051259e-02
  5.02245545e-01  2.62717903e-02 -1.46300733e-01 -1.32513732e-01
  3.87674630e-01  2.29187191e-01  3.87097538e-01 -2.59251118e-01
  3.36523771e-01 -1.83130689e-02  6.29163682e-02  4.82499957e-01
  3.10933828e-01 -8.07223022e-02  3.66497859e-02 -5.77549152e-02
  6.58725016e-03 -1.28758982e-01  1.47866294e-01 -7.95771897e-01
 -1.47286162e-01  2.57496953e-01 -6.68732405e-01  1.99010447e-01
 -3.95216525e-01 -7.75550187e-01  2.55325317e-01 -5.68410814e-01
 -2.53449772e-02  2.72329822e-02  1.45267427e-01  8.67262036e-02
  4.32898141e-02  2.98863351e-01  9.05592181e-03  3.63487363e-01
  3.96049798e-01  9.13319141e-02 -4.72815111e-02 -1.10930502e-01
  2.99761117e-01  2.36237243e-01 -6.53076619e-02  1.65056154e-01
  3.35492849e-01 -5.03449321e-01 -3.11611235e-01 -7.89152179e-03
  3.14214349e-01 -2.35321969e-02 -3.23849265e-03 -3.22813988e-02
 -1.75367109e-03 -2.07453266e-01 -7.24349082e-01  5.21935672e-02
 -1.79650515e-01 -2.42699921e-01  1.34408064e-02 -5.84387779e-01
 -3.95213425e-01  2.13691473e-01 -6.24726951e-01 -5.32874167e-01
 -8.44529569e-01 -2.25341469e-01  3.98655571e-02 -1.48904219e-01
 -1.68443508e-02 -6.42397404e-02  1.75069347e-01  2.34132156e-01
  2.47503087e-01  9.20712799e-02  5.84153533e-02  2.32248753e-03
  5.12999296e-01 -5.62501997e-02  2.40027346e-02 -5.63980751e-02
  1.11568674e-01 -7.39536621e-03 -2.50663124e-02  2.99582593e-02
  2.01092362e-02 -6.19507790e-01  2.86019683e-01 -9.68317986e-01
  1.17491141e-01  2.89221585e-01  8.11474398e-04 -8.52238476e-01
 -1.23129040e-02 -1.19644240e-01  1.00314803e-01  1.96636915e-01
 -1.35069519e-01  3.39512900e-03  4.40839708e-01 -3.50940287e-01
  2.01097086e-01  9.84938741e-02  5.61518073e-01 -2.44019374e-01
  4.89736907e-03 -6.70738161e-01  2.04562902e-01 -8.97786379e-01
 -6.44745648e-01  1.59762919e-01 -1.36903701e-02 -6.00880742e-01
 -2.77280211e-01 -2.66542614e-01 -6.43562734e-01  3.70163202e-01
 -2.24837586e-01 -2.87873089e-01  2.27843985e-01  3.10434282e-01
 -2.84599662e-01  2.26497278e-03  4.74819839e-01 -3.07877958e-01
  2.14620277e-01 -2.92550087e-01  1.20870322e-01  2.06431732e-01
  3.10124516e-01  5.22365049e-03 -1.63156912e-01 -3.35250199e-01
 -2.05946267e-01  1.52211636e-01  5.32594696e-03  1.23192929e-03
 -6.36642218e-01  4.20502901e-01  3.21135484e-02  7.46895075e-02
  3.92960727e-01  1.83604583e-01 -1.16042696e-01 -1.25706336e-02
  4.54529285e-01 -7.93006361e-01 -2.54638433e-01 -4.50516045e-01
  3.69693935e-01 -6.10219598e-01  1.77228555e-01  2.55629957e-01
 -1.32159283e-02 -2.61845160e-02 -7.34601729e-03  6.93411231e-01
 -8.89071286e-01 -4.10174392e-02 -5.06466031e-01  2.65756845e-01
  5.67967892e-01  3.39872837e-01 -9.94713157e-02  1.77449480e-01
  7.06734717e-01  8.34221020e-04  2.13024661e-01  6.69130310e-02
  5.79010546e-01 -4.13253129e-01 -2.77519047e-01  6.06598914e-01
 -3.87016386e-02 -2.29919374e-01  3.40062231e-02 -5.98089024e-03
  7.03623116e-01  9.61957313e-03 -4.46500003e-01  6.33920968e-01
  3.49756122e-01  1.88607812e-01  5.26685268e-03  1.31188910e-02
 -3.26653123e-01  3.65486741e-01 -1.21819928e-01  8.37922096e-02
  3.25786233e-01  2.45844111e-01  4.74460542e-01  1.69883132e-01
 -5.86940289e-01 -8.04957986e-01  3.52734029e-01  1.21548735e-02
  8.55338946e-02  1.57710239e-01 -9.82031003e-02  9.72108915e-02
  4.17486072e-01 -2.80261040e-01 -5.24073839e-01  2.01062351e-01
 -4.64252308e-02 -2.40141191e-02  5.70357978e-01  2.02189013e-01
 -3.32342368e-03  9.99599136e-03  1.44656420e-01  6.56248331e-01
  3.30877781e-01  2.71746993e-01  2.81808853e-01  3.07818294e-01
  1.52853712e-01  3.86143550e-02  1.90946922e-01  1.91405922e-01
 -1.28701240e-01  3.28848124e-01  5.34935117e-01  4.11796212e-01
  1.08047679e-01  5.58007896e-01  2.36431167e-01 -1.56455055e-01
  3.85891914e-01  3.81282687e-01  1.05958343e-01  1.61901116e-05
  4.82108057e-01  3.17435384e-01  2.48310134e-01  4.69893694e-01
  5.09843051e-01  3.89815390e-01  2.55697012e-01  3.41680586e-01
  2.21748456e-01  1.47411630e-01  4.07554805e-01]
{"epoch": 23, "train_loss": 0.23300854931044024, "val_mae": 0.3026810884475708, "val_corr": 0.5348624651018964, "val_binary_acc": 0.6584234930448223, "val_binary_f1": 0.6745213549337261, "threshold": 0.0}
Labels: [ 1.          0.33333334 -0.6666667  -0.8333333  -0.33333334  0.
  0.5         0.          0.33333334 -0.5         0.33333334  0.
  0.5         0.5         0.6666667  -0.16666667  0.         -0.6666667
  1.         -0.33333334 -1.          0.         -0.33333334 -0.8333333
  0.16666667  0.33333334 -0.6666667   0.          0.          0.
  0.33333334 -0.8333333   0.5         0.16666667 -0.33333334  0.33333334
  0.          0.6666667   0.         -0.16666667  0.33333334  0.16666667
 -0.6666667  -0.5         0.          0.16666667  0.          1.
  0.33333334 -0.8333333   0.16666667 -0.16666667  0.16666667  0.16666667
  0.6666667  -0.5         0.         -0.6666667   0.5         0.6666667
 -0.16666667 -0.6666667   0.         -0.8333333   0.33333334 -0.16666667
 -0.5        -0.33333334 -0.8333333  -0.8333333  -0.5         0.5
  0.33333334  0.          0.5         0.33333334  0.6666667   0.6666667
 -0.16666667 -0.33333334  0.33333334  0.16666667 -0.33333334 -0.6666667
  0.          0.          0.16666667  0.          0.5         0.
  0.          0.          0.16666667 -0.8333333   0.          0.
  0.16666667  0.16666667  0.16666667  0.         -0.33333334 -0.8333333
  0.         -0.33333334  0.          0.33333334  0.         -0.8333333
 -0.33333334  0.         -0.5         0.          0.8333333   0.5
  0.5         0.33333334  0.          0.          0.6666667  -0.16666667
  0.75        0.8333333  -0.5         0.33333334  0.          0.16666667
  0.5         0.33333334  0.6666667  -0.5        -0.16666667  0.33333334
  0.8333333  -0.8333333   0.16666667  0.          0.          0.
 -1.          0.16666667  0.33333334 -1.          0.          0.
  1.          0.33333334 -1.          0.33333334 -0.16666667  0.16666667
  0.6666667  -0.6666667   0.          0.33333334 -0.16666667  0.16666667
  0.33333334  0.33333334  0.33333334  0.5         0.33333334 -0.16666667
 -0.6666667  -0.8333333   0.          0.16666667 -0.16666667  1.
  0.5         0.16666667  0.16666667 -0.16666667  0.16666667  0.33333334
  0.16666667 -0.33333334  0.          0.16666667  0.16666667  0.33333334
  0.         -0.8333333  -0.5         0.16666667  1.          0.16666667
  0.16666667 -0.8333333   0.         -0.16666667  0.6666667  -0.6666667
  0.5         0.33333334  0.16666667  0.          0.33333334  0.33333334
  0.          1.          0.25        0.33333334 -0.6666667  -0.8333333
  0.          0.16666667 -0.33333334  0.          0.5        -0.16666667
  0.16666667 -0.16666667  0.         -0.16666667  0.33333334  0.8333333
  0.8333333   0.5        -0.5         0.16666667 -1.          0.
  0.16666667 -0.8333333  -0.16666667 -0.33333334 -0.16666667 -1.
 -0.16666667  0.          0.5        -0.5        -0.5         0.33333334
  0.          0.33333334  0.33333334  0.          0.          0.6666667
  0.5         0.33333334 -0.8333333  -0.8333333   0.16666667 -0.16666667
  1.          0.8333333   0.5         0.16666667 -0.16666667 -0.16666667
  0.5        -0.5         0.5        -0.16666667  0.33333334  0.33333334
 -0.5         0.5        -0.6666667  -1.         -0.5        -0.16666667
  0.6666667  -0.33333334  0.          0.33333334  0.         -0.8333333
  0.33333334 -0.33333334 -0.16666667  0.33333334  0.          0.33333334
  0.6666667   0.5         0.16666667  0.16666667  0.08333334  0.
  0.5         0.6666667   0.16666667  0.          0.          0.
  0.          0.16666667 -0.33333334 -0.8333333  -0.16666667  0.
  0.16666667  0.          0.5         0.         -0.8333333   0.5
 -0.6666667  -0.8333333  -0.6666667   0.          1.          0.16666667
 -0.6666667   0.16666667  0.          0.          1.         -0.16666667
  0.          0.33333334  0.16666667  0.8333333   0.5         1.
  0.          0.          0.6666667   0.33333334  0.          0.
  0.          0.          1.          0.16666667  0.5        -0.33333334
  0.16666667  0.          0.33333334  0.         -0.16666667 -0.5
 -0.5         0.8333333   0.          0.16666667  0.         -0.8333333
 -0.6666667   0.          0.8333333   0.          0.          0.
  0.         -0.6666667  -0.33333334 -0.6666667   0.16666667  0.16666667
  0.16666667  0.33333334  0.33333334  0.8333333  -0.33333334  0.
  0.6666667   0.          0.          0.          0.33333334  0.
  0.33333334  1.          0.16666667  0.         -0.16666667  0.16666667
  0.33333334  0.          0.33333334 -0.8333333   0.6666667   0.5
  0.          0.8333333  -0.5        -0.16666667 -0.5         0.
  0.8333333  -0.16666667  0.6666667  -0.33333334  0.16666667 -0.8333333
  0.8333333  -1.          0.5         0.5         0.          0.16666667
  0.5         0.         -0.16666667  0.33333334  0.6666667   0.6666667
 -0.16666667  0.          0.6666667   0.16666667  0.          0.16666667
  0.5         0.33333334  0.6666667   0.6666667   0.33333334  0.5
 -0.6666667   0.5         0.8333333   0.5         0.          0.16666667
  0.         -0.8333333  -0.5        -0.16666667  0.8333333   0.
  0.33333334  0.         -0.6666667  -0.5        -0.16666667 -0.16666667
  0.          0.6666667   0.          0.5         0.          0.8333333
  0.          0.33333334  0.41666666  0.         -0.8333333  -0.33333334
  0.          0.16666667  0.          0.8333333   0.8333333   0.
 -0.6666667   0.         -0.16666667  0.          0.33333334  0.
  0.          0.         -0.6666667   0.         -0.33333334 -0.16666667
  0.         -0.6666667   0.6666667   0.16666667 -0.33333334 -0.6666667
 -0.8333333  -0.16666667 -0.8333333  -0.5        -0.6666667   0.16666667
 -0.33333334  0.          0.16666667  0.8333333  -0.33333334  0.33333334
  0.6666667   0.          0.16666667  0.          0.8333333   0.
 -0.16666667  0.33333334 -0.33333334  0.16666667  0.16666667 -0.33333334
 -0.33333334  0.5         0.33333334 -0.6666667   0.         -0.6666667
  0.          0.16666667 -0.16666667  0.5         0.6666667   0.
 -0.16666667  0.16666667  0.6666667  -0.5         0.5         0.
  0.         -1.         -0.6666667   0.          0.16666667 -1.
  0.5        -0.5         0.6666667   0.16666667 -0.8333333  -0.33333334
  0.         -0.16666667  0.8333333   0.          0.16666667  0.33333334
  0.6666667  -0.16666667  0.16666667  0.5         0.8333333  -0.6666667
  0.          0.33333334  0.6666667   0.         -0.16666667 -0.33333334
 -0.8333333   1.         -0.6666667   0.6666667   0.          0.6666667
  0.16666667  0.5         0.33333334 -0.8333333   0.          0.
  0.5         0.33333334  0.          0.          0.          0.
  0.          0.33333334 -0.5         0.          0.16666667  0.
  0.          0.          0.16666667  1.          0.6666667  -0.5
  0.33333334  0.          0.          1.          0.          0.5
  0.16666667  0.         -0.16666667  0.          1.          0.
  1.          0.          0.16666667  0.          0.16666667 -0.16666667
 -0.8333333  -0.33333334  0.          0.16666667  0.          0.16666667
  0.33333334  0.33333334 -0.8333333  -0.8333333   0.16666667  0.16666667
  0.9166667   0.16666667  0.5         0.6666667   0.33333334 -0.6666667
 -0.6666667   0.33333334 -0.6666667   0.          0.16666667 -0.16666667
 -0.8333333  -0.33333334 -0.6666667   0.33333334  0.5         0.33333334
  0.25        0.33333334  0.          0.33333334  0.          0.
  0.6666667   0.          0.8333333   0.6666667   0.5         0.33333334
  0.75       -0.16666667  0.25        0.          1.          0.33333334
  0.33333334  0.33333334  0.5         0.8333333   0.16666667  0.
  0.16666667  0.5         0.75        0.41666666  0.16666667]
Predictions: [ 2.88729995e-01  2.08283067e-01  7.15557188e-02 -3.80127132e-01
  2.20057085e-01  4.84034233e-02  5.48931025e-02  3.91120538e-02
  6.12330914e-01 -5.87657511e-01  2.32465073e-01  2.42111795e-02
  2.84758836e-01  2.54522622e-01  1.18876301e-01  7.11086467e-02
  1.01156823e-01 -1.32615268e-01  5.73239513e-02  4.53758180e-01
  4.39016428e-03  8.85004327e-02  7.05589876e-02 -1.52133137e-01
  2.17362233e-02  4.88139182e-01 -3.18284243e-01  4.72264253e-02
  5.85644878e-02  1.74380347e-01  4.74707127e-01 -1.83142498e-01
  2.41678730e-02  3.55403386e-02  5.93283679e-03  1.89527020e-01
  5.69787323e-01  1.27581000e-01  4.15476531e-01  2.46687144e-01
  1.06518216e-01  4.03490394e-01 -3.45110863e-01  1.73550062e-02
  3.42712924e-02  4.61912118e-02  1.55708283e-01  4.54348981e-01
  3.85202855e-01 -6.93684936e-01  2.78483868e-01  1.21081034e-02
  2.49692589e-01 -4.08070236e-02  3.41830123e-03 -4.72760111e-01
  8.18847045e-02 -7.03034103e-01 -3.08373183e-01  2.18361154e-01
  1.05230110e-02 -5.67244291e-01  1.38791338e-01 -2.12195098e-01
  2.14551643e-01  1.91189259e-01  1.28890723e-01  2.73628756e-02
 -3.83912861e-01 -4.38387021e-02  3.59963417e-01  6.36183977e-01
 -6.43145153e-03  2.41171360e-01  4.97263044e-01  3.31078529e-01
  5.47773957e-01  3.81507576e-01 -3.59295487e-01 -1.31027922e-01
  5.35412073e-01  1.66345611e-01  4.45394576e-01 -9.15438309e-03
  2.63121694e-01  3.53780806e-01  7.46120289e-02  6.19082432e-03
  4.53914493e-01 -1.28370430e-03  3.33318412e-01 -4.34675254e-02
  2.98933029e-01  1.29015937e-01 -1.14878893e-01  3.40669811e-01
  6.73974380e-02  1.69369981e-01  1.34178385e-01  2.81607568e-01
  2.85669081e-02 -8.31196129e-01  1.70540512e-01  8.63671973e-02
  1.15829818e-01  2.51321435e-01 -1.83236450e-01 -6.92649186e-01
 -1.87164932e-01  6.55640587e-02  3.13349478e-02  2.69363821e-01
  3.05498727e-02  2.33106926e-01  4.66993809e-01  7.68915564e-02
  5.11081778e-02  3.93328723e-03  4.76340741e-01  2.10328057e-01
  3.93922597e-01  5.11012316e-01 -1.28043026e-01 -8.35943669e-02
  2.73768634e-01 -1.99535429e-01  4.41896394e-02  7.51604363e-02
  6.75877810e-01 -1.52996615e-01  2.21011452e-02  5.79575263e-02
  2.33649373e-01 -2.50772864e-01  8.02519731e-04  5.11813700e-01
 -1.51646854e-02 -4.29291651e-02 -8.57979581e-02  2.87125230e-01
  8.90067741e-02 -7.09556639e-01  2.03501880e-01  2.77173579e-01
 -7.44523227e-01  3.16546381e-01  5.60030378e-02  3.17222804e-01
 -1.79489821e-01  1.63500369e-01  3.03269535e-01 -4.26421553e-01
  3.51173338e-03  5.02631925e-02 -1.58635713e-03  2.89153643e-02
  1.33882672e-01  4.80806053e-01  2.27691218e-01  2.00848132e-01
  6.19476676e-01  1.64389327e-01  1.67120665e-01  1.80215627e-01
  3.58738542e-01  4.14917171e-02 -1.55582735e-02  5.78170955e-01
  5.46194911e-01  2.11529985e-01  5.82544543e-02 -1.61493510e-01
  2.86818087e-01 -6.42614579e-03  1.37558803e-01  1.71602145e-01
  3.98214757e-02  1.32110268e-01 -2.00954527e-02  2.76508421e-01
  7.29803368e-02 -2.71333873e-01  4.66560572e-01  8.98667499e-02
  2.53379196e-01  2.01020554e-01  6.35789055e-03  2.00622976e-02
 -1.54824570e-01 -2.95929134e-01  5.81284761e-01 -1.96887031e-02
  7.28912558e-03  4.62914199e-01  1.41833812e-01  3.15715760e-01
  1.74576387e-01 -1.95655487e-02  2.19657689e-01  4.24917161e-01
  5.34045756e-01  4.80256259e-01 -2.31804982e-01  1.29259631e-01
  3.10456246e-01  3.72309119e-01 -2.82754391e-01  3.03991176e-02
  4.03185099e-01 -3.95150453e-01  1.32507250e-01 -5.57770506e-02
  2.23847121e-01  1.12921767e-01 -2.31081378e-02  5.08896291e-01
  3.64889890e-01  1.00493161e-02 -4.29823935e-01  9.21827555e-02
  2.67588086e-02  1.10653779e-02  3.80980700e-01  6.89654887e-01
 -2.52859682e-01  6.19648062e-02  7.27850080e-01 -1.05168365e-01
 -5.02920628e-01  2.42928833e-01  2.70634651e-01 -7.12672397e-02
 -5.66354254e-03  1.22481333e-02  1.94267988e-01  4.09365356e-01
  3.81466240e-01  1.39940372e-02  2.31710300e-01  2.81015307e-01
  5.92055082e-01  9.78671089e-02 -5.95321834e-01 -3.42204869e-01
  5.14759123e-01  3.99295520e-03 -2.65889257e-01  2.60929197e-01
  6.79529488e-01 -4.13215637e-01  2.93431103e-01 -3.38751495e-01
  3.23938817e-01  7.84027856e-03  5.89330852e-01  2.21678913e-02
  1.36989474e-01 -4.29985113e-02  3.10215577e-02  2.63679177e-01
 -7.38520741e-01 -6.24664724e-01 -7.77663961e-02  2.25840345e-01
 -4.60621804e-01  1.59474462e-01  1.67123809e-01  8.11645463e-02
 -2.97123566e-04 -2.86889821e-01  4.23241496e-01 -1.01059288e-01
  5.36873285e-03  8.75388309e-02 -2.05943491e-02  1.10250309e-01
  3.87784123e-01  4.39481586e-01  4.91339177e-01  2.80390419e-02
  3.43205899e-01  1.46551967e-01  4.39216375e-01  3.10281739e-02
  5.01090109e-01  1.35588884e-01 -1.69930831e-01  4.90571231e-01
  6.56280577e-01  1.18519269e-01 -2.01810658e-01 -1.06621826e+00
  1.41451716e-01  1.85814515e-01 -6.74821436e-04  5.90581559e-02
  1.69272885e-01  2.28224814e-01 -4.97746736e-01 -5.37213273e-02
 -4.20645066e-03 -5.67621589e-01 -1.66811585e-01  2.67810851e-01
  4.48810965e-01 -9.18779150e-02 -3.40994537e-01  1.18059091e-01
  2.63854899e-02  1.33449873e-02  4.39181954e-01  1.44749790e-01
  1.04071654e-01  2.64215261e-01  4.30374801e-01  5.37598468e-02
  3.49407822e-01  4.79169220e-01  1.54718965e-01  4.37299788e-01
  3.97300035e-01  2.84735620e-01  5.23773618e-02  7.77874235e-03
  3.57804716e-01  2.12649196e-01  1.85464285e-02  2.16242261e-02
  7.98022926e-01  1.14817463e-01  3.60145867e-01 -2.72172391e-01
  2.15768293e-01  1.12293057e-01  3.12893614e-02  2.10192919e-01
 -2.86977440e-01  7.30913505e-02  6.61413297e-02 -8.12708586e-02
  8.55211075e-03 -5.60314178e-01  4.49672699e-01  7.02958032e-02
  5.07969856e-01  3.69549483e-01 -2.15211436e-01 -3.60691488e-01
  5.14433868e-02 -3.17983419e-01 -1.83329776e-01 -2.20355973e-01
  9.24523547e-02  6.22166656e-02  4.15204525e-01  3.10191780e-01
  4.64657038e-01  3.44686121e-01  3.10591489e-01  4.92635638e-01
  3.34606141e-01  5.82876801e-01  2.98557341e-01  9.85740963e-03
  7.61246026e-01  1.83921963e-01 -3.78643364e-01  6.88158441e-03
  5.49217641e-01  2.30017044e-02  9.33458433e-02 -1.81380942e-01
  3.75207156e-01  1.53490975e-01  5.95970266e-02  4.65703905e-01
  3.56571287e-01  2.44492479e-02  3.97006482e-01  5.71518302e-01
  3.99618968e-02  6.72239587e-02  1.17834859e-01  2.66435176e-01
  5.92363596e-01  1.80495143e-01  3.37216496e-01 -1.95217300e-02
  9.68615618e-03 -2.06554085e-01  7.14267671e-01 -4.12420571e-01
  1.20308124e-01  1.05900979e-02  2.02336282e-01  4.41062987e-01
  3.35967451e-01  8.16389825e-03  4.74285707e-02  1.31892934e-01
  1.34146407e-01  2.91486561e-01  2.75954492e-02  3.40600014e-02
  5.96193671e-01  3.08699042e-01  1.33953124e-01  7.04605728e-02
  5.21754801e-01  2.63512880e-01  3.96593034e-01 -3.67369168e-02
  3.64239335e-01  5.35513945e-02  4.23115492e-01  6.76350057e-01
  1.75140709e-01  1.12068020e-01  5.29394951e-03  1.86802194e-01
  3.24664377e-02  1.06735572e-01  5.03097892e-01 -1.58894390e-01
  1.26500614e-03  2.76176602e-01 -2.05988809e-02  2.13522747e-01
 -2.96511613e-02 -1.27667457e-01  4.30637240e-01 -2.09672660e-01
  3.50616127e-02  2.60789156e-01  3.16203982e-01  2.39126951e-01
  1.07909314e-01  7.97528252e-02  4.16090675e-02  2.49826789e-01
  3.90356392e-01  8.15708637e-02  3.54332060e-01  3.64390798e-02
  3.81915182e-01  2.74349242e-01  3.70872431e-02  4.38429058e-01
  4.50225890e-01 -5.44035062e-02 -2.06283495e-01  1.92721523e-02
  1.64265111e-01  1.21007347e-02 -6.64099120e-04  4.94896434e-02
  3.68735716e-02 -5.39282523e-02 -6.58631802e-01  1.27215549e-01
 -2.32770920e-01  3.81156169e-02  2.75990516e-01 -4.14791137e-01
 -2.77467638e-01  3.41919154e-01  1.89666636e-02 -1.94940239e-01
 -6.52734458e-01  5.27010076e-02 -1.88457623e-01 -5.47753051e-02
 -8.07768665e-03 -7.77699240e-03  2.23729700e-01  3.82733673e-01
  1.29990399e-01  7.97315091e-02  8.81471485e-02  6.29686341e-02
  5.90203106e-01  5.00423126e-02  1.09328488e-02  8.74138176e-02
  2.13962689e-01  1.97947279e-01  3.10702138e-02  8.53737220e-02
  5.47179542e-02 -3.92805159e-01  3.90695125e-01 -3.09075594e-01
  1.77411601e-01  3.55980247e-01  3.33108045e-02 -3.57974708e-01
  8.17410722e-02 -3.90411057e-02  2.94807196e-01  3.61158848e-01
  1.96140602e-01  2.51272678e-01  4.35956210e-01 -4.98755313e-02
  8.37667957e-02  1.54435867e-02  5.65541565e-01  2.52034552e-02
  2.14851759e-02 -5.21863282e-01  2.16109753e-01 -6.58792794e-01
 -1.74227715e-01  8.98621604e-02  2.06829887e-03 -5.01104832e-01
  5.34391761e-01  2.15363428e-01 -5.65069020e-01  4.54130799e-01
 -2.50501335e-02 -1.98544756e-01  3.74393433e-01  2.88240284e-01
  2.82920413e-02  1.50420507e-02  4.84360904e-01 -4.76098657e-02
  3.08543026e-01 -2.22632408e-01  1.65779769e-01  5.40046632e-01
  3.57955247e-01  1.12877093e-01  5.17787077e-02 -3.78495343e-02
 -2.39189174e-02  1.61273703e-01  1.46784829e-02  1.02006858e-02
  1.75129101e-02  2.88879246e-01  6.15111776e-02  3.06376964e-01
  3.69745582e-01  1.72172606e-01  1.02236249e-01  2.20544450e-02
  5.60535312e-01 -5.93112051e-01  8.12321901e-02 -2.32372493e-01
  4.41483140e-01 -3.65660936e-01  1.16538100e-01  3.29996407e-01
  3.04384939e-02  7.04517886e-02  1.71068721e-02  7.28771806e-01
 -5.73392868e-01  6.93657026e-02 -3.25567603e-01  3.88094276e-01
  5.27691185e-01  4.13835227e-01  1.64371699e-01  5.45452476e-01
  6.96098804e-01  1.47274971e-01  2.26375341e-01  1.71259612e-01
  5.50270259e-01  3.21778774e-01 -2.88805477e-02  6.66077614e-01
  1.91845164e-01  3.39524634e-02  2.45384514e-01  6.23181462e-04
  8.15832376e-01  5.34818731e-02 -6.92946315e-02  7.65773833e-01
  1.98353931e-01  2.40877092e-01  2.67383493e-02  3.34321380e-01
  3.14367376e-02  4.19741005e-01 -9.92672592e-02  1.97635308e-01
  3.86119932e-01  3.74095827e-01  5.43838084e-01  2.71181613e-01
 -1.02773704e-01 -6.41652226e-01  4.58643287e-01  1.97992831e-01
  1.99155688e-01  5.51552512e-02  1.66356713e-01  2.26061255e-01
  5.02027810e-01  1.78324103e-01 -3.75393361e-01  2.66052127e-01
  6.27968386e-02  8.72761011e-05  5.86830497e-01  2.53925979e-01
  7.43430778e-02  1.14975862e-01  5.03791630e-01  8.13562512e-01
  4.34920102e-01  5.26567280e-01  2.56329030e-01  3.47238839e-01
  2.61000693e-01  1.53048500e-01  1.92321315e-01  4.02464092e-01
  2.45795757e-01  3.38435769e-01  7.15997458e-01  4.02352363e-01
  5.08197963e-01  5.70804596e-01  3.17159057e-01  3.57775807e-01
  3.25271636e-01  3.24735880e-01  1.42013922e-01  2.87883639e-01
  6.76245391e-01  4.00147021e-01  6.20591581e-01  3.91370893e-01
  5.60380161e-01  3.87073904e-01  2.64963955e-01  3.77459705e-01
  4.56868947e-01  2.39775687e-01  4.69684541e-01]
{"epoch": 24, "train_loss": 0.22941648440305576, "val_mae": 0.3089583218097687, "val_corr": 0.5050912567425944, "val_binary_acc": 0.5904173106646059, "val_binary_f1": 0.6699875466998755, "threshold": 0.0}
Labels: [ 1.          0.33333334 -0.6666667  -0.8333333  -0.33333334  0.
  0.5         0.          0.33333334 -0.5         0.33333334  0.
  0.5         0.5         0.6666667  -0.16666667  0.         -0.6666667
  1.         -0.33333334 -1.          0.         -0.33333334 -0.8333333
  0.16666667  0.33333334 -0.6666667   0.          0.          0.
  0.33333334 -0.8333333   0.5         0.16666667 -0.33333334  0.33333334
  0.          0.6666667   0.         -0.16666667  0.33333334  0.16666667
 -0.6666667  -0.5         0.          0.16666667  0.          1.
  0.33333334 -0.8333333   0.16666667 -0.16666667  0.16666667  0.16666667
  0.6666667  -0.5         0.         -0.6666667   0.5         0.6666667
 -0.16666667 -0.6666667   0.         -0.8333333   0.33333334 -0.16666667
 -0.5        -0.33333334 -0.8333333  -0.8333333  -0.5         0.5
  0.33333334  0.          0.5         0.33333334  0.6666667   0.6666667
 -0.16666667 -0.33333334  0.33333334  0.16666667 -0.33333334 -0.6666667
  0.          0.          0.16666667  0.          0.5         0.
  0.          0.          0.16666667 -0.8333333   0.          0.
  0.16666667  0.16666667  0.16666667  0.         -0.33333334 -0.8333333
  0.         -0.33333334  0.          0.33333334  0.         -0.8333333
 -0.33333334  0.         -0.5         0.          0.8333333   0.5
  0.5         0.33333334  0.          0.          0.6666667  -0.16666667
  0.75        0.8333333  -0.5         0.33333334  0.          0.16666667
  0.5         0.33333334  0.6666667  -0.5        -0.16666667  0.33333334
  0.8333333  -0.8333333   0.16666667  0.          0.          0.
 -1.          0.16666667  0.33333334 -1.          0.          0.
  1.          0.33333334 -1.          0.33333334 -0.16666667  0.16666667
  0.6666667  -0.6666667   0.          0.33333334 -0.16666667  0.16666667
  0.33333334  0.33333334  0.33333334  0.5         0.33333334 -0.16666667
 -0.6666667  -0.8333333   0.          0.16666667 -0.16666667  1.
  0.5         0.16666667  0.16666667 -0.16666667  0.16666667  0.33333334
  0.16666667 -0.33333334  0.          0.16666667  0.16666667  0.33333334
  0.         -0.8333333  -0.5         0.16666667  1.          0.16666667
  0.16666667 -0.8333333   0.         -0.16666667  0.6666667  -0.6666667
  0.5         0.33333334  0.16666667  0.          0.33333334  0.33333334
  0.          1.          0.25        0.33333334 -0.6666667  -0.8333333
  0.          0.16666667 -0.33333334  0.          0.5        -0.16666667
  0.16666667 -0.16666667  0.         -0.16666667  0.33333334  0.8333333
  0.8333333   0.5        -0.5         0.16666667 -1.          0.
  0.16666667 -0.8333333  -0.16666667 -0.33333334 -0.16666667 -1.
 -0.16666667  0.          0.5        -0.5        -0.5         0.33333334
  0.          0.33333334  0.33333334  0.          0.          0.6666667
  0.5         0.33333334 -0.8333333  -0.8333333   0.16666667 -0.16666667
  1.          0.8333333   0.5         0.16666667 -0.16666667 -0.16666667
  0.5        -0.5         0.5        -0.16666667  0.33333334  0.33333334
 -0.5         0.5        -0.6666667  -1.         -0.5        -0.16666667
  0.6666667  -0.33333334  0.          0.33333334  0.         -0.8333333
  0.33333334 -0.33333334 -0.16666667  0.33333334  0.          0.33333334
  0.6666667   0.5         0.16666667  0.16666667  0.08333334  0.
  0.5         0.6666667   0.16666667  0.          0.          0.
  0.          0.16666667 -0.33333334 -0.8333333  -0.16666667  0.
  0.16666667  0.          0.5         0.         -0.8333333   0.5
 -0.6666667  -0.8333333  -0.6666667   0.          1.          0.16666667
 -0.6666667   0.16666667  0.          0.          1.         -0.16666667
  0.          0.33333334  0.16666667  0.8333333   0.5         1.
  0.          0.          0.6666667   0.33333334  0.          0.
  0.          0.          1.          0.16666667  0.5        -0.33333334
  0.16666667  0.          0.33333334  0.         -0.16666667 -0.5
 -0.5         0.8333333   0.          0.16666667  0.         -0.8333333
 -0.6666667   0.          0.8333333   0.          0.          0.
  0.         -0.6666667  -0.33333334 -0.6666667   0.16666667  0.16666667
  0.16666667  0.33333334  0.33333334  0.8333333  -0.33333334  0.
  0.6666667   0.          0.          0.          0.33333334  0.
  0.33333334  1.          0.16666667  0.         -0.16666667  0.16666667
  0.33333334  0.          0.33333334 -0.8333333   0.6666667   0.5
  0.          0.8333333  -0.5        -0.16666667 -0.5         0.
  0.8333333  -0.16666667  0.6666667  -0.33333334  0.16666667 -0.8333333
  0.8333333  -1.          0.5         0.5         0.          0.16666667
  0.5         0.         -0.16666667  0.33333334  0.6666667   0.6666667
 -0.16666667  0.          0.6666667   0.16666667  0.          0.16666667
  0.5         0.33333334  0.6666667   0.6666667   0.33333334  0.5
 -0.6666667   0.5         0.8333333   0.5         0.          0.16666667
  0.         -0.8333333  -0.5        -0.16666667  0.8333333   0.
  0.33333334  0.         -0.6666667  -0.5        -0.16666667 -0.16666667
  0.          0.6666667   0.          0.5         0.          0.8333333
  0.          0.33333334  0.41666666  0.         -0.8333333  -0.33333334
  0.          0.16666667  0.          0.8333333   0.8333333   0.
 -0.6666667   0.         -0.16666667  0.          0.33333334  0.
  0.          0.         -0.6666667   0.         -0.33333334 -0.16666667
  0.         -0.6666667   0.6666667   0.16666667 -0.33333334 -0.6666667
 -0.8333333  -0.16666667 -0.8333333  -0.5        -0.6666667   0.16666667
 -0.33333334  0.          0.16666667  0.8333333  -0.33333334  0.33333334
  0.6666667   0.          0.16666667  0.          0.8333333   0.
 -0.16666667  0.33333334 -0.33333334  0.16666667  0.16666667 -0.33333334
 -0.33333334  0.5         0.33333334 -0.6666667   0.         -0.6666667
  0.          0.16666667 -0.16666667  0.5         0.6666667   0.
 -0.16666667  0.16666667  0.6666667  -0.5         0.5         0.
  0.         -1.         -0.6666667   0.          0.16666667 -1.
  0.5        -0.5         0.6666667   0.16666667 -0.8333333  -0.33333334
  0.         -0.16666667  0.8333333   0.          0.16666667  0.33333334
  0.6666667  -0.16666667  0.16666667  0.5         0.8333333  -0.6666667
  0.          0.33333334  0.6666667   0.         -0.16666667 -0.33333334
 -0.8333333   1.         -0.6666667   0.6666667   0.          0.6666667
  0.16666667  0.5         0.33333334 -0.8333333   0.          0.
  0.5         0.33333334  0.          0.          0.          0.
  0.          0.33333334 -0.5         0.          0.16666667  0.
  0.          0.          0.16666667  1.          0.6666667  -0.5
  0.33333334  0.          0.          1.          0.          0.5
  0.16666667  0.         -0.16666667  0.          1.          0.
  1.          0.          0.16666667  0.          0.16666667 -0.16666667
 -0.8333333  -0.33333334  0.          0.16666667  0.          0.16666667
  0.33333334  0.33333334 -0.8333333  -0.8333333   0.16666667  0.16666667
  0.9166667   0.16666667  0.5         0.6666667   0.33333334 -0.6666667
 -0.6666667   0.33333334 -0.6666667   0.          0.16666667 -0.16666667
 -0.8333333  -0.33333334 -0.6666667   0.33333334  0.5         0.33333334
  0.25        0.33333334  0.          0.33333334  0.          0.
  0.6666667   0.          0.8333333   0.6666667   0.5         0.33333334
  0.75       -0.16666667  0.25        0.          1.          0.33333334
  0.33333334  0.33333334  0.5         0.8333333   0.16666667  0.
  0.16666667  0.5         0.75        0.41666666  0.16666667]
Predictions: [ 2.10849404e-01 -1.68299288e-01 -1.33542195e-01 -4.91228014e-01
  4.52527888e-02  3.15415673e-04 -2.23025866e-02 -7.03457743e-03
  5.06514609e-01 -7.51549125e-01 -5.84269464e-02  2.05119289e-02
  2.12600127e-01  5.07141873e-02 -3.34219158e-01 -1.00615807e-02
  3.38476114e-02 -4.93880391e-01 -1.48261879e-02  3.91727000e-01
 -2.16192573e-01 -3.61166485e-02 -1.80695623e-01 -5.72162926e-01
 -1.32880464e-01  3.93195719e-01 -6.08891308e-01  1.38680777e-02
  1.45262489e-02  7.87070617e-02  3.07824463e-01 -4.64556456e-01
  1.92838572e-02  1.80466622e-02  9.33195744e-03  5.96960634e-02
  4.34527516e-01  6.19799867e-02  3.65700901e-01 -1.47935688e-01
  2.44008973e-02  3.13319415e-01 -5.96547604e-01 -2.73014139e-03
  1.39219075e-01  1.13758869e-01 -3.00767750e-01  2.96217769e-01
  5.38251922e-02 -8.07724416e-01 -5.87680098e-03 -5.70851937e-02
  1.48279339e-01 -1.86498567e-01 -1.33266523e-01 -6.37885034e-01
  7.80464634e-02 -9.82994437e-01 -4.48277503e-01  1.36740655e-01
 -6.63476391e-03 -8.65509629e-01  2.38345936e-02 -4.57298964e-01
  4.35409136e-02  1.18715920e-01 -3.32298994e-01  2.11544186e-02
 -5.48039854e-01 -3.23818147e-01 -3.78720090e-02  4.52381045e-01
 -9.89965443e-03 -9.97867808e-02  3.02363098e-01  3.25192302e-01
  4.56785560e-01  1.29777223e-01 -4.65309680e-01 -4.12722021e-01
  4.05512661e-01  1.02250479e-01  1.89687401e-01 -1.09932348e-02
  1.67393103e-01  1.89874604e-01 -5.65742049e-03  1.92491896e-03
  4.05068576e-01 -1.56894505e-01  2.19690338e-01 -4.57791276e-02
  2.18649283e-01  2.94111185e-02 -3.57106358e-01  5.43728173e-02
  5.33451959e-02 -2.14726292e-02  4.27693315e-02  1.25123054e-01
 -2.28307601e-02 -9.02027369e-01 -3.40102226e-01 -4.47863862e-02
  7.38709196e-02  1.94093421e-01 -3.91634911e-01 -7.69198358e-01
 -3.64539742e-01 -7.50869885e-02 -1.99504420e-01  1.01347834e-01
  1.26300557e-02  8.47595651e-03  4.04851526e-01  6.14675786e-03
  3.34538147e-02  4.81852051e-03  3.08695972e-01  1.61241487e-01
  1.80647120e-01  4.05127674e-01 -4.31547135e-01 -1.03005067e-01
  1.32335097e-01 -4.65548813e-01 -2.61496883e-02  1.63961090e-02
  5.79053521e-01 -3.47843140e-01 -1.02359049e-01  2.18858197e-02
  6.70081154e-02 -3.86449277e-01 -1.54568329e-01 -4.25439656e-01
 -4.01372798e-02 -1.61120996e-01 -3.27335328e-01  1.54596968e-02
  3.00147906e-02 -1.00046074e+00  1.53704109e-02  1.09694153e-01
 -1.00375628e+00  6.93868101e-02 -2.34621882e-01  1.96129858e-01
 -4.27810401e-01 -4.74915560e-03  1.41505422e-02 -5.77718198e-01
 -1.89869106e-03  2.83740498e-02 -7.04738311e-04 -6.64741993e-02
  4.51152287e-02  3.93770859e-02  1.25840575e-01  2.97113135e-02
  3.82733792e-01 -1.25500455e-01 -6.85312003e-02  4.87105548e-02
  1.98691562e-01  2.57891059e-01 -7.40558878e-02  3.94055307e-01
  4.74855691e-01  2.70182341e-02  3.03124264e-02 -2.50107259e-01
  1.88813299e-01 -3.44506174e-01 -3.74814961e-03  2.97791436e-02
  4.10430618e-02 -1.14535779e-01 -1.62493229e-01  1.34520277e-01
  3.20474654e-02 -4.25465226e-01  3.31279904e-01 -1.24161057e-02
 -8.17930251e-02  1.26559094e-01 -1.84747726e-02 -1.70676902e-01
 -3.98209482e-01 -6.55942798e-01  3.36338431e-01 -2.25036144e-01
 -5.60116023e-05  3.26348215e-01  2.55063474e-02  1.76314816e-01
  2.88772099e-02 -2.17899144e-01  1.50177822e-01  3.38983208e-01
  3.12631577e-01  3.31879139e-01 -4.83962029e-01  1.11603595e-01
  3.77400339e-01  2.16007352e-01 -4.18300301e-01  1.11638727e-02
  2.42008582e-01 -5.24240911e-01 -6.26391843e-02 -1.44963473e-01
  1.18602850e-01 -7.43725076e-02 -2.12985963e-01  3.14555317e-01
  3.13776553e-01 -1.91172406e-01 -4.52037752e-01  4.06325310e-02
 -6.20563813e-02 -5.19782864e-03  8.52666348e-02  4.92232114e-01
 -5.86507559e-01  1.12156950e-01  5.13057232e-01 -2.28022248e-01
 -6.19726062e-01  8.20977166e-02  3.65039110e-02 -1.03091843e-01
 -1.68982707e-02  5.48733119e-03  1.60486028e-01  2.87690043e-01
  2.74421513e-01  1.22051863e-02 -1.83910411e-03  1.81220740e-01
  3.76026213e-01  1.10378386e-02 -8.67481112e-01 -5.45795083e-01
  3.31253767e-01 -1.03136785e-01 -3.68656218e-01  1.24242805e-01
  6.26343787e-01 -4.94636774e-01  2.22150698e-01 -4.53526735e-01
  2.84234852e-01  3.83861270e-03  3.78549814e-01 -1.06327068e-02
  9.34918895e-02 -3.35386842e-01 -3.05663556e-01 -3.84438187e-02
 -8.35809231e-01 -9.00061905e-01 -3.76915306e-01  3.71457785e-02
 -5.67443430e-01  6.71349317e-02  4.63903174e-02  2.68046837e-03
 -7.52883703e-02 -7.51701117e-01  2.84182608e-01 -3.32716823e-01
  8.87738075e-03  3.64336595e-02 -7.74910022e-03  5.23883030e-02
  2.72044182e-01  3.60410124e-01  3.03191394e-01 -5.16847987e-03
  3.14186662e-01 -5.18889055e-02 -9.66109335e-02 -2.87857383e-01
  3.91172409e-01  3.98693904e-02 -3.45467538e-01  8.48202258e-02
  4.22903299e-01 -9.02862288e-04 -5.14684319e-01 -1.09841394e+00
  1.00177370e-01  1.06532872e-01 -3.64293456e-02  2.01035384e-03
  7.77431726e-02 -6.89409077e-02 -5.61230898e-01 -1.91497073e-01
 -5.00416577e-01 -6.58356547e-01 -5.19663572e-01  2.65892595e-02
  4.56936777e-01 -1.20507210e-01 -7.60439932e-01  4.63690981e-02
  5.58905210e-03 -1.28076235e-02  3.06927800e-01 -2.05186799e-01
  7.01306611e-02  1.23775594e-01  3.40942919e-01  4.12249006e-02
  1.65073201e-01  3.45145136e-01  1.89881265e-01  3.67547214e-01
  1.49198845e-01  1.71562076e-01  1.40892407e-02  1.66100916e-03
  2.70879000e-01  1.24497242e-01 -3.12945526e-03 -1.45325717e-02
  5.49320936e-01 -7.18756691e-02  1.16942786e-01 -1.36170879e-01
  1.46807536e-01  3.54825594e-02 -8.22470039e-02 -3.02657545e-01
 -3.19256723e-01 -2.51672924e-01  1.95262656e-02 -2.17451215e-01
  7.43555184e-03 -5.29738128e-01  1.90746158e-01 -8.46182406e-01
  4.64776218e-01  7.70790055e-02 -5.20243287e-01 -5.91510355e-01
  1.58953220e-02 -4.91187453e-01 -3.69661987e-01 -4.35514003e-01
  4.52898815e-02 -2.85283476e-03  3.05546463e-01  1.06953736e-03
  3.73596758e-01  3.85878265e-01  1.90995425e-01  4.54713643e-01
  2.96097636e-01  4.52640802e-01  6.10547513e-02  1.33604463e-03
  6.24052227e-01  1.21487193e-01 -4.93640006e-01 -8.51117074e-05
  4.28659469e-01 -6.53368458e-02  9.30960700e-02 -3.23950469e-01
  3.49326849e-01  5.15398085e-02  1.97750367e-02  2.88000643e-01
  3.11834276e-01 -1.68181360e-01 -1.66101828e-01  4.93409604e-01
  1.62908882e-02 -2.47465353e-03 -1.91823959e-01  1.79301575e-01
  3.45654100e-01  6.31612316e-02  2.71935724e-02 -3.27095568e-01
 -5.06160688e-03 -3.32471788e-01  5.77457130e-01 -7.52089560e-01
  1.09610878e-01  1.74052715e-02  1.41565904e-01  3.73971671e-01
  2.71488905e-01  7.04129878e-03  2.14854106e-02  2.37550102e-02
 -3.60317022e-01  8.71025026e-02 -3.03361192e-02  1.62485316e-02
  4.40090805e-01  1.48949519e-01 -2.47770354e-01 -7.32463673e-02
  4.09569770e-01  3.39054503e-02  2.84803867e-01 -2.03971133e-01
  2.54701495e-01 -1.25260465e-02  2.44044349e-01  4.96341914e-01
  1.84960917e-01 -2.25653142e-01 -1.89851224e-02 -1.42505676e-01
  9.71981790e-03  1.70553029e-01  2.36320987e-01 -5.32811046e-01
 -2.56852269e-01  2.16421008e-01 -3.07418585e-01  1.64406672e-02
 -2.34889433e-01 -6.81780994e-01  2.34724581e-01 -5.01544714e-01
 -1.35777714e-02  6.03462681e-02  2.13119641e-01  1.00988075e-01
  3.66044343e-02  2.31916308e-02 -2.31357008e-01  2.27782696e-01
  3.16708803e-01  9.01752934e-02 -3.95458303e-02 -3.11375052e-01
  3.09043080e-01  2.04832584e-01  2.73323152e-03  1.05346911e-01
  3.26678932e-01 -2.75079459e-01 -3.79908949e-01 -5.11337165e-03
  6.25429824e-02 -8.64303671e-03 -5.37861884e-03  5.51130716e-03
  1.19189909e-02 -1.55324653e-01 -7.76708782e-01  2.09508985e-02
 -3.02905560e-01 -1.34614795e-01  1.84439674e-01 -4.09283787e-01
 -4.06877190e-01  2.44178936e-01 -3.57167631e-01 -4.73549128e-01
 -7.95597255e-01 -2.32335068e-02 -3.18784952e-01 -1.83927760e-01
 -1.26220249e-02 -6.51794970e-02  5.85984886e-02  2.89509714e-01
  1.23080172e-01  2.06361525e-04 -8.65899846e-02  3.73530127e-02
  3.99754852e-01 -3.27399652e-03 -3.26059107e-03  1.19903032e-03
  1.24800317e-01 -2.68194109e-01 -1.03895739e-03  4.62821759e-02
  4.31513861e-02 -5.01021087e-01  5.02642319e-02 -5.23517191e-01
 -1.29165038e-01  2.54336327e-01 -6.87350519e-04 -6.38736963e-01
 -1.21935550e-03 -6.15646303e-01  7.86638856e-02  1.76602721e-01
  1.33047983e-01 -9.74847600e-02  3.60046983e-01 -4.35331613e-01
  5.86144999e-02  1.29996827e-02  4.19912428e-01 -1.73871249e-01
  2.37762295e-02 -7.24767566e-01  1.37484178e-01 -8.23678613e-01
 -4.29707289e-01  1.94392130e-02  5.49362879e-03 -7.51197159e-01
  9.63759944e-02 -1.98327184e-01 -7.54039168e-01  2.77429551e-01
 -2.75935471e-01 -4.09247220e-01  2.56348789e-01  2.20832601e-01
 -2.31975451e-01  2.49007251e-03  3.48338276e-01 -3.44559789e-01
  1.69855863e-01 -3.33603501e-01  2.70094685e-02  1.21337555e-01
  1.99192956e-01  1.67847611e-02 -2.06306815e-01 -2.90928364e-01
 -1.38428882e-01  8.71967152e-02  9.12569370e-03  1.32473186e-04
 -2.80880213e-01  2.78212398e-01 -2.03885213e-01 -8.85393396e-02
  2.51743287e-01  1.47961035e-01  9.11385752e-04 -9.36927274e-03
  3.41276288e-01 -7.10577250e-01 -2.00373143e-01 -3.15272421e-01
  3.59030038e-01 -6.38515770e-01  3.85640636e-02  1.93187281e-01
 -1.65056307e-02 -4.34405915e-03 -8.40932317e-03  6.53717339e-01
 -6.70501530e-01  5.85111827e-02 -3.38608831e-01  2.98583478e-01
  4.90268797e-01  3.46834838e-01  3.27195749e-02  1.72442481e-01
  6.31224692e-01  7.11988807e-02 -1.92462131e-02  9.08452347e-02
  4.78299290e-01 -3.06494176e-01 -3.24127972e-01  5.17073393e-01
  1.75618514e-01 -4.07149568e-02 -4.55921218e-02 -4.29345947e-03
  5.99865615e-01 -9.36328992e-03 -4.07259613e-01  6.52243614e-01
  3.40792090e-01  1.81442067e-01 -9.22372751e-03 -9.30852741e-02
  2.24853456e-02  2.86131948e-01 -2.52832621e-01  6.77658152e-03
  2.99759090e-01  2.00530648e-01  4.07303751e-01  2.02611536e-01
 -6.16290748e-01 -8.07176888e-01  3.62411052e-01  1.10777430e-01
 -7.24919736e-02  4.19609658e-02 -1.86516047e-01  5.77379540e-02
  3.75529200e-01 -1.47490054e-01 -5.43937683e-01  2.82979459e-02
 -1.59897283e-01 -9.22552031e-03  5.68261802e-01  1.22125290e-01
  4.17442061e-04  2.34508663e-02  3.47266942e-01  6.71818674e-01
  3.09754372e-01  2.67871499e-01  1.84731781e-01  3.08747351e-01
  3.79811674e-02  9.76320356e-02  1.08284660e-01  9.61101726e-02
 -8.21177736e-02  3.27858359e-01  6.15737081e-01  2.21260786e-01
 -2.27696568e-01  5.14108539e-01  9.85647365e-02  2.39980035e-02
  1.43653840e-01  2.05069289e-01 -1.69049591e-01  6.66628405e-02
  4.37963337e-01  2.69273400e-01  4.41597730e-01  3.06691855e-01
  4.94967133e-01  2.04067245e-01  2.20313728e-01  2.03668475e-01
  1.56407312e-01  3.22722718e-02  4.06407565e-01]
{"epoch": 25, "train_loss": 0.23201176974662516, "val_mae": 0.3036133348941803, "val_corr": 0.5036152105182581, "val_binary_acc": 0.6306027820710973, "val_binary_f1": 0.6427503736920778, "threshold": 0.0}
Labels: [ 1.          0.33333334 -0.6666667  -0.8333333  -0.33333334  0.
  0.5         0.          0.33333334 -0.5         0.33333334  0.
  0.5         0.5         0.6666667  -0.16666667  0.         -0.6666667
  1.         -0.33333334 -1.          0.         -0.33333334 -0.8333333
  0.16666667  0.33333334 -0.6666667   0.          0.          0.
  0.33333334 -0.8333333   0.5         0.16666667 -0.33333334  0.33333334
  0.          0.6666667   0.         -0.16666667  0.33333334  0.16666667
 -0.6666667  -0.5         0.          0.16666667  0.          1.
  0.33333334 -0.8333333   0.16666667 -0.16666667  0.16666667  0.16666667
  0.6666667  -0.5         0.         -0.6666667   0.5         0.6666667
 -0.16666667 -0.6666667   0.         -0.8333333   0.33333334 -0.16666667
 -0.5        -0.33333334 -0.8333333  -0.8333333  -0.5         0.5
  0.33333334  0.          0.5         0.33333334  0.6666667   0.6666667
 -0.16666667 -0.33333334  0.33333334  0.16666667 -0.33333334 -0.6666667
  0.          0.          0.16666667  0.          0.5         0.
  0.          0.          0.16666667 -0.8333333   0.          0.
  0.16666667  0.16666667  0.16666667  0.         -0.33333334 -0.8333333
  0.         -0.33333334  0.          0.33333334  0.         -0.8333333
 -0.33333334  0.         -0.5         0.          0.8333333   0.5
  0.5         0.33333334  0.          0.          0.6666667  -0.16666667
  0.75        0.8333333  -0.5         0.33333334  0.          0.16666667
  0.5         0.33333334  0.6666667  -0.5        -0.16666667  0.33333334
  0.8333333  -0.8333333   0.16666667  0.          0.          0.
 -1.          0.16666667  0.33333334 -1.          0.          0.
  1.          0.33333334 -1.          0.33333334 -0.16666667  0.16666667
  0.6666667  -0.6666667   0.          0.33333334 -0.16666667  0.16666667
  0.33333334  0.33333334  0.33333334  0.5         0.33333334 -0.16666667
 -0.6666667  -0.8333333   0.          0.16666667 -0.16666667  1.
  0.5         0.16666667  0.16666667 -0.16666667  0.16666667  0.33333334
  0.16666667 -0.33333334  0.          0.16666667  0.16666667  0.33333334
  0.         -0.8333333  -0.5         0.16666667  1.          0.16666667
  0.16666667 -0.8333333   0.         -0.16666667  0.6666667  -0.6666667
  0.5         0.33333334  0.16666667  0.          0.33333334  0.33333334
  0.          1.          0.25        0.33333334 -0.6666667  -0.8333333
  0.          0.16666667 -0.33333334  0.          0.5        -0.16666667
  0.16666667 -0.16666667  0.         -0.16666667  0.33333334  0.8333333
  0.8333333   0.5        -0.5         0.16666667 -1.          0.
  0.16666667 -0.8333333  -0.16666667 -0.33333334 -0.16666667 -1.
 -0.16666667  0.          0.5        -0.5        -0.5         0.33333334
  0.          0.33333334  0.33333334  0.          0.          0.6666667
  0.5         0.33333334 -0.8333333  -0.8333333   0.16666667 -0.16666667
  1.          0.8333333   0.5         0.16666667 -0.16666667 -0.16666667
  0.5        -0.5         0.5        -0.16666667  0.33333334  0.33333334
 -0.5         0.5        -0.6666667  -1.         -0.5        -0.16666667
  0.6666667  -0.33333334  0.          0.33333334  0.         -0.8333333
  0.33333334 -0.33333334 -0.16666667  0.33333334  0.          0.33333334
  0.6666667   0.5         0.16666667  0.16666667  0.08333334  0.
  0.5         0.6666667   0.16666667  0.          0.          0.
  0.          0.16666667 -0.33333334 -0.8333333  -0.16666667  0.
  0.16666667  0.          0.5         0.         -0.8333333   0.5
 -0.6666667  -0.8333333  -0.6666667   0.          1.          0.16666667
 -0.6666667   0.16666667  0.          0.          1.         -0.16666667
  0.          0.33333334  0.16666667  0.8333333   0.5         1.
  0.          0.          0.6666667   0.33333334  0.          0.
  0.          0.          1.          0.16666667  0.5        -0.33333334
  0.16666667  0.          0.33333334  0.         -0.16666667 -0.5
 -0.5         0.8333333   0.          0.16666667  0.         -0.8333333
 -0.6666667   0.          0.8333333   0.          0.          0.
  0.         -0.6666667  -0.33333334 -0.6666667   0.16666667  0.16666667
  0.16666667  0.33333334  0.33333334  0.8333333  -0.33333334  0.
  0.6666667   0.          0.          0.          0.33333334  0.
  0.33333334  1.          0.16666667  0.         -0.16666667  0.16666667
  0.33333334  0.          0.33333334 -0.8333333   0.6666667   0.5
  0.          0.8333333  -0.5        -0.16666667 -0.5         0.
  0.8333333  -0.16666667  0.6666667  -0.33333334  0.16666667 -0.8333333
  0.8333333  -1.          0.5         0.5         0.          0.16666667
  0.5         0.         -0.16666667  0.33333334  0.6666667   0.6666667
 -0.16666667  0.          0.6666667   0.16666667  0.          0.16666667
  0.5         0.33333334  0.6666667   0.6666667   0.33333334  0.5
 -0.6666667   0.5         0.8333333   0.5         0.          0.16666667
  0.         -0.8333333  -0.5        -0.16666667  0.8333333   0.
  0.33333334  0.         -0.6666667  -0.5        -0.16666667 -0.16666667
  0.          0.6666667   0.          0.5         0.          0.8333333
  0.          0.33333334  0.41666666  0.         -0.8333333  -0.33333334
  0.          0.16666667  0.          0.8333333   0.8333333   0.
 -0.6666667   0.         -0.16666667  0.          0.33333334  0.
  0.          0.         -0.6666667   0.         -0.33333334 -0.16666667
  0.         -0.6666667   0.6666667   0.16666667 -0.33333334 -0.6666667
 -0.8333333  -0.16666667 -0.8333333  -0.5        -0.6666667   0.16666667
 -0.33333334  0.          0.16666667  0.8333333  -0.33333334  0.33333334
  0.6666667   0.          0.16666667  0.          0.8333333   0.
 -0.16666667  0.33333334 -0.33333334  0.16666667  0.16666667 -0.33333334
 -0.33333334  0.5         0.33333334 -0.6666667   0.         -0.6666667
  0.          0.16666667 -0.16666667  0.5         0.6666667   0.
 -0.16666667  0.16666667  0.6666667  -0.5         0.5         0.
  0.         -1.         -0.6666667   0.          0.16666667 -1.
  0.5        -0.5         0.6666667   0.16666667 -0.8333333  -0.33333334
  0.         -0.16666667  0.8333333   0.          0.16666667  0.33333334
  0.6666667  -0.16666667  0.16666667  0.5         0.8333333  -0.6666667
  0.          0.33333334  0.6666667   0.         -0.16666667 -0.33333334
 -0.8333333   1.         -0.6666667   0.6666667   0.          0.6666667
  0.16666667  0.5         0.33333334 -0.8333333   0.          0.
  0.5         0.33333334  0.          0.          0.          0.
  0.          0.33333334 -0.5         0.          0.16666667  0.
  0.          0.          0.16666667  1.          0.6666667  -0.5
  0.33333334  0.          0.          1.          0.          0.5
  0.16666667  0.         -0.16666667  0.          1.          0.
  1.          0.          0.16666667  0.          0.16666667 -0.16666667
 -0.8333333  -0.33333334  0.          0.16666667  0.          0.16666667
  0.33333334  0.33333334 -0.8333333  -0.8333333   0.16666667  0.16666667
  0.9166667   0.16666667  0.5         0.6666667   0.33333334 -0.6666667
 -0.6666667   0.33333334 -0.6666667   0.          0.16666667 -0.16666667
 -0.8333333  -0.33333334 -0.6666667   0.33333334  0.5         0.33333334
  0.25        0.33333334  0.          0.33333334  0.          0.
  0.6666667   0.          0.8333333   0.6666667   0.5         0.33333334
  0.75       -0.16666667  0.25        0.          1.          0.33333334
  0.33333334  0.33333334  0.5         0.8333333   0.16666667  0.
  0.16666667  0.5         0.75        0.41666666  0.16666667]
Predictions: [ 4.34643626e-01  1.86807454e-01  3.13580751e-01 -4.06723171e-01
  1.32851601e-01  2.15104111e-02  6.89045899e-03  4.29884195e-02
  5.67686915e-01 -6.02160513e-01  2.86873609e-01 -6.25560991e-03
  2.78593987e-01  1.13061056e-01 -3.20321590e-01  1.99928701e-01
  7.63389170e-02 -1.71209201e-01 -1.35364607e-02  1.34384528e-01
 -1.94822103e-01  2.43135780e-01  2.60084420e-01 -2.11423740e-01
 -4.84149624e-03  3.53083134e-01 -1.48230731e-01  1.40833050e-01
 -2.86859795e-02  1.20370448e-01  5.43190956e-01  3.66578877e-01
  6.56162053e-02  1.70166045e-03  1.04481369e-01  3.20887417e-01
  5.70520163e-01  3.19645315e-01  5.30834377e-01  1.56620681e-01
  1.62585601e-01  3.99472326e-01 -3.82230282e-01 -5.26977424e-03
  1.28003404e-01 -4.80436496e-02  2.21570849e-01  5.09484053e-01
  1.94954693e-01 -6.70094252e-01  2.24589661e-01 -8.58940333e-02
  2.88779408e-01 -1.88573450e-01 -3.23847495e-03 -4.16530907e-01
  3.20554804e-03 -7.97328651e-01 -2.94256151e-01  3.43783736e-01
 -2.14142166e-03 -6.17623746e-01  4.58052754e-02 -1.96002990e-01
  5.64842708e-02  3.21407557e-01  3.56026366e-03  2.06131488e-03
 -3.48266155e-01 -2.70804167e-01  2.52783984e-01  6.52192712e-01
 -1.42394397e-02  3.91419798e-01  5.45950711e-01  3.51632416e-01
  5.72758436e-01  3.26990038e-01 -2.86819041e-01 -2.53556848e-01
  6.48540020e-01  1.72989547e-01  4.51402098e-01  2.79467814e-02
  2.71490365e-01  3.15990090e-01  5.66053800e-02 -1.39642991e-02
  5.24420798e-01 -1.44298263e-02  3.69881690e-01 -1.07442681e-02
  2.17727661e-01  8.45959485e-02 -3.88240695e-01  1.38694644e-01
  1.06134545e-03  1.41869396e-01  4.79838438e-02  1.47484496e-01
  2.62158550e-02 -9.52830732e-01  5.00150442e-01  5.41701972e-01
  1.18871972e-01  2.15563655e-01 -3.15951407e-01 -2.12882102e-01
  3.90931576e-01  9.95109230e-02 -3.21655184e-01  3.67985219e-01
  1.65961087e-01  2.84278542e-01  5.25221705e-01  1.20626036e-02
  4.13558483e-02 -7.03439815e-03  4.24576223e-01  3.62091452e-01
  4.52878028e-01  5.19583583e-01 -5.41597486e-01 -5.72812371e-02
  3.02440464e-01  4.34623569e-01 -3.70257869e-02  4.30408455e-02
  6.65467620e-01 -3.52974027e-01 -4.81603621e-03  5.17544784e-02
  4.13462222e-01 -2.94900209e-01 -2.03025173e-02 -1.47158340e-01
 -4.02916074e-02 -9.44065303e-02  1.79433957e-01  9.08004344e-02
  3.04756686e-02 -8.05078268e-01  1.98897302e-01  4.78105471e-02
 -8.09782922e-01  1.56550527e-01 -3.34006727e-01  4.69255865e-01
 -4.11638886e-01  1.99012190e-01  6.38626516e-01 -5.12931347e-01
  9.30677205e-02  1.19258717e-01 -2.00694427e-03  1.47925541e-01
  2.80141085e-01  5.49399972e-01  2.67290831e-01  4.68659073e-01
  7.65784860e-01  1.08008817e-01  9.58397985e-03  1.77966297e-01
  4.00849879e-01  6.21837005e-03 -1.24405161e-01  6.02884591e-01
  6.01918399e-01  1.03354752e-02  4.98490520e-02 -2.21501201e-01
  3.22370887e-01 -2.14786559e-01  8.70202035e-02  4.21515442e-02
  4.91994135e-02  4.79338676e-01 -1.26252636e-01  3.25647295e-01
  7.14745671e-02 -3.68871868e-01  6.39487803e-01  1.58081148e-02
  2.38051772e-01  2.51811296e-01  2.28665978e-01  6.65215105e-02
 -4.20267254e-01 -6.36990488e-01  7.04864323e-01  6.88514709e-02
  2.16957368e-02  4.78824526e-01  2.83286810e-01  3.31349462e-01
  2.50937790e-01 -1.14933446e-01  3.82226467e-01  3.66626769e-01
  5.27814269e-01  4.94526416e-01  6.02978878e-02  2.60091990e-01
  2.67228335e-01  3.20753336e-01 -2.39576921e-01  3.23899556e-03
  3.80599856e-01 -3.85171533e-01 -6.41974956e-02 -9.71535295e-02
  2.91098386e-01 -3.00463885e-01 -1.48827314e-01  5.10876536e-01
  3.01964343e-01 -1.80237502e-01 -5.37793159e-01  2.78396010e-01
 -2.31490299e-01 -1.49677042e-03  3.13618988e-01 -8.78070742e-02
 -6.26399815e-01  2.34057792e-02  3.90899003e-01  1.21899053e-01
 -4.13751662e-01  3.88751656e-01  3.31550360e-01  5.38469143e-02
 -4.21122387e-02 -9.77807119e-03  3.91930431e-01  5.07510722e-01
  3.89849693e-01  2.73823068e-02  2.20245793e-01  2.96841025e-01
  6.20116055e-01  5.71197830e-02  1.50901362e-01 -3.05320054e-01
  5.29300570e-01  4.73135225e-02 -1.91176549e-01  2.87388891e-01
  7.66853511e-01 -4.29775298e-01  3.70036960e-01 -2.60556996e-01
  4.26269889e-01  4.95882705e-03  6.18063152e-01 -1.61614902e-02
  1.76205054e-01  2.68508524e-01  1.37339249e-01  9.39325839e-02
 -5.68625450e-01 -7.02201486e-01  7.40660727e-03  7.36753345e-02
 -4.46350127e-01  1.58194005e-01  1.25680551e-01 -1.01540629e-02
 -9.35145654e-03 -6.83290541e-01  6.64183676e-01  8.59661400e-02
  2.52581090e-02  2.29853183e-01 -2.80595850e-02  9.32487696e-02
  3.99326175e-01  4.53046441e-01  4.88406479e-01  3.26840430e-01
  4.86122400e-01  2.49088556e-01  4.10345167e-01 -8.55745226e-02
  3.74184102e-01  2.76693344e-01  1.55998930e-01 -1.41449228e-01
  8.38905632e-01  1.50805023e-02 -4.99000281e-01 -8.95148873e-01
  1.90405726e-01  1.62422568e-01 -1.04178771e-01 -5.11261309e-03
  1.35277465e-01  2.53676236e-01 -4.56431001e-01 -1.46556973e-01
 -1.85349822e-01 -2.73163617e-01  1.36052705e-02  2.73090124e-01
  6.22962713e-01 -1.29048929e-01 -5.76022208e-01  2.36880071e-02
  4.24413010e-03 -1.00641316e-02  4.01727468e-01  2.45590001e-01
  2.21068293e-01  4.29807633e-01  3.95222157e-01  2.54139341e-02
  2.95901805e-01  2.77544618e-01  2.83922404e-01  5.09016216e-01
  6.42944694e-01  3.18613023e-01  7.12676719e-03 -6.86833402e-03
  2.11489692e-01  2.55921841e-01  6.52906746e-02 -1.20348800e-02
  6.35719776e-01  4.01833728e-02  3.72045577e-01  2.03772470e-01
  1.40437648e-01  3.86255644e-02 -1.40865654e-01  4.10239026e-02
 -2.14198455e-01  3.29320550e-01  2.13096030e-02  7.15204030e-02
 -4.50820522e-03 -2.74205685e-01  3.97584885e-01 -6.59531593e-01
  6.55283391e-01  2.74866521e-01 -5.71335256e-01 -6.51554048e-01
  1.21101364e-02 -3.74349266e-01 -3.32863957e-01 -3.32507700e-01
  8.70478302e-02  2.42967866e-02  4.97789651e-01  3.20000052e-01
  4.54413861e-01  4.05044973e-01  2.99371421e-01  5.71854055e-01
  3.71676058e-01  4.47034836e-01  2.26693779e-01 -1.03998091e-03
  7.88616836e-01  2.87821472e-01  7.17254579e-02 -1.04232924e-02
  5.67796171e-01  3.69613953e-02  2.53053308e-01 -2.91861922e-01
  4.60214257e-01  6.18877150e-02  1.65060125e-02  5.12423635e-01
  3.99835080e-01  5.05312085e-02  3.79702330e-01  4.48250711e-01
  4.26231027e-02  1.07517969e-02 -1.08983845e-01  7.49400258e-03
  6.31724298e-01  1.40211791e-01  3.21337618e-02 -2.64693826e-01
 -4.31171712e-03 -8.81761163e-02  6.74094141e-01 -6.61462367e-01
  3.69368047e-01  9.29657072e-02  3.22929174e-01  4.78147328e-01
  3.39684457e-01  3.20069119e-03  5.67381345e-02  1.83027953e-01
  5.00312001e-02  4.31310147e-01  3.97458643e-01  2.54243575e-02
  6.31046712e-01  1.85030043e-01 -6.38964698e-02 -1.48769915e-01
  5.53198695e-01 -1.40829787e-01  4.04516160e-01  1.01883523e-02
  4.60375160e-01  5.76537140e-02  1.56262413e-01  5.83135366e-01
  2.55409628e-01  3.53843302e-01  7.64612854e-03  5.94471209e-02
  7.10153580e-03  2.91318297e-01  5.01213193e-01 -4.11402464e-01
  1.55824110e-01  3.39042991e-01 -3.54392529e-01  1.90342769e-01
 -1.29111543e-01 -5.82064211e-01  5.06187081e-01 -3.82155806e-01
  2.02876464e-01  2.50569075e-01  4.32286084e-01  3.16973507e-01
  1.39606014e-01  4.87047106e-01 -1.42173320e-01  2.59431213e-01
  5.42299569e-01  4.03184406e-02  8.96385759e-02  6.39735162e-02
  3.91420662e-01  2.30786696e-01  6.11095503e-03  5.54557920e-01
  5.12227654e-01 -2.63934672e-01 -9.62181985e-02  1.98350586e-02
  1.88836247e-01 -3.45594622e-03 -7.06500094e-03  3.13133933e-03
  5.88037856e-02 -3.18850487e-01 -1.23127684e-01  1.39157623e-01
  1.37142390e-01 -1.09978184e-01  2.46386647e-01 -3.21967930e-01
 -2.44471431e-01  4.19445366e-01 -3.82403225e-01 -2.61684567e-01
 -6.65514708e-01 -3.03609259e-02 -1.80387378e-01 -1.39448404e-01
  6.38166443e-03 -1.53390458e-02  3.50066215e-01  3.78337651e-01
  1.38943419e-01  2.38786004e-02 -3.43118012e-01  7.46526122e-02
  5.18691599e-01 -8.33130069e-03  5.90623356e-04  2.32682340e-02
  2.79201567e-01  2.67446935e-01 -1.30137233e-02  1.90922573e-01
  1.56799853e-02 -2.48802006e-01  2.02018172e-01 -3.51494879e-01
  9.80776548e-02  4.92279738e-01 -6.87959557e-03 -5.26220679e-01
  1.97532289e-02 -2.98009604e-01  3.35938185e-01  4.12156761e-01
  3.89174014e-01  1.34602338e-01  4.13958848e-01 -2.26162598e-01
  1.77821383e-01  1.29908070e-01  5.26579380e-01 -1.70034021e-01
  3.46616097e-02 -7.38907993e-01  2.83705384e-01 -4.04356480e-01
 -5.93018353e-01  9.25714225e-02 -1.34729408e-02 -7.15753853e-01
  5.34250796e-01 -3.49880531e-02 -5.52619874e-01  2.54773229e-01
 -2.41777804e-02 -2.67965883e-01  3.64923239e-01  2.57483721e-01
 -2.14927662e-02 -1.85058638e-03  3.17511290e-01 -4.05310243e-02
  7.32577592e-02  2.33203992e-02  2.01732412e-01  1.56882986e-01
  4.02915329e-01  5.21451049e-02 -1.38807878e-01 -1.49676830e-01
  1.31207973e-01  2.95340717e-01 -1.40804984e-03 -9.95033234e-03
  3.70652765e-01  3.87852311e-01  1.26686450e-02  3.26135367e-01
  2.16993853e-01  1.97320521e-01  7.21680075e-02  1.54576451e-02
  3.83053482e-01 -4.18089539e-01 -2.58323073e-01 -1.91818297e-01
  4.85826880e-01 -5.63788950e-01  1.37093127e-01  1.34754539e-01
  6.99821711e-02 -1.89474132e-03 -7.69634172e-03  7.87579119e-01
 -5.84800184e-01  2.90521793e-02 -2.27735683e-01  3.99120480e-01
  5.65883815e-01  4.83245641e-01  2.60508209e-01  5.02960742e-01
  6.96176589e-01  3.26926798e-01  8.93450230e-02  1.43183336e-01
  5.96296072e-01  1.20985538e-01 -3.47256213e-01  4.72665608e-01
  3.71358812e-01 -5.48198186e-02  1.61745667e-01 -5.99651178e-03
  8.54896009e-01  2.41852626e-02  1.06768478e-02  8.10601056e-01
  3.03311318e-01  3.50615233e-01  1.51289441e-03  1.53382689e-01
 -3.63757849e-01  4.64145333e-01 -8.90177786e-02  1.33089781e-01
  4.68718141e-01  2.53423542e-01  7.91493535e-01  2.75901735e-01
 -4.17167783e-01 -6.52295232e-01  4.69327092e-01  1.80703491e-01
  5.19165136e-02  1.05177760e-01  4.19884115e-01  4.44261998e-01
  4.65139985e-01  1.33188859e-01 -4.76553470e-01  2.59658128e-01
  2.50020586e-02 -4.70238253e-02  8.18741739e-01  2.21860468e-01
 -1.09530706e-03  4.75244969e-02  3.85257483e-01  9.46099937e-01
  3.86864334e-01  6.03509843e-01  5.32732546e-01  3.87600809e-01
  4.13067043e-01  3.85482818e-01  2.78323680e-01  5.56106806e-01
  7.46112287e-01  3.35503906e-01  7.81158805e-01  4.29504335e-01
 -1.43748567e-01  5.54407775e-01  3.82647604e-01  1.51458398e-01
  7.30049849e-01  3.11314672e-01 -2.10230239e-02  2.00565271e-02
  8.04173291e-01  3.77522945e-01  7.28524387e-01  3.84351432e-01
  7.46437490e-01  4.03791130e-01  3.58888417e-01  3.24689835e-01
  5.04589975e-01  8.78242999e-02  5.37813067e-01]
{"epoch": 26, "train_loss": 0.22511157809301865, "val_mae": 0.31794995069503784, "val_corr": 0.4940564429871931, "val_binary_acc": 0.616692426584235, "val_binary_f1": 0.671957671957672, "threshold": 0.0}
Labels: [ 1.          0.33333334 -0.6666667  -0.8333333  -0.33333334  0.
  0.5         0.          0.33333334 -0.5         0.33333334  0.
  0.5         0.5         0.6666667  -0.16666667  0.         -0.6666667
  1.         -0.33333334 -1.          0.         -0.33333334 -0.8333333
  0.16666667  0.33333334 -0.6666667   0.          0.          0.
  0.33333334 -0.8333333   0.5         0.16666667 -0.33333334  0.33333334
  0.          0.6666667   0.         -0.16666667  0.33333334  0.16666667
 -0.6666667  -0.5         0.          0.16666667  0.          1.
  0.33333334 -0.8333333   0.16666667 -0.16666667  0.16666667  0.16666667
  0.6666667  -0.5         0.         -0.6666667   0.5         0.6666667
 -0.16666667 -0.6666667   0.         -0.8333333   0.33333334 -0.16666667
 -0.5        -0.33333334 -0.8333333  -0.8333333  -0.5         0.5
  0.33333334  0.          0.5         0.33333334  0.6666667   0.6666667
 -0.16666667 -0.33333334  0.33333334  0.16666667 -0.33333334 -0.6666667
  0.          0.          0.16666667  0.          0.5         0.
  0.          0.          0.16666667 -0.8333333   0.          0.
  0.16666667  0.16666667  0.16666667  0.         -0.33333334 -0.8333333
  0.         -0.33333334  0.          0.33333334  0.         -0.8333333
 -0.33333334  0.         -0.5         0.          0.8333333   0.5
  0.5         0.33333334  0.          0.          0.6666667  -0.16666667
  0.75        0.8333333  -0.5         0.33333334  0.          0.16666667
  0.5         0.33333334  0.6666667  -0.5        -0.16666667  0.33333334
  0.8333333  -0.8333333   0.16666667  0.          0.          0.
 -1.          0.16666667  0.33333334 -1.          0.          0.
  1.          0.33333334 -1.          0.33333334 -0.16666667  0.16666667
  0.6666667  -0.6666667   0.          0.33333334 -0.16666667  0.16666667
  0.33333334  0.33333334  0.33333334  0.5         0.33333334 -0.16666667
 -0.6666667  -0.8333333   0.          0.16666667 -0.16666667  1.
  0.5         0.16666667  0.16666667 -0.16666667  0.16666667  0.33333334
  0.16666667 -0.33333334  0.          0.16666667  0.16666667  0.33333334
  0.         -0.8333333  -0.5         0.16666667  1.          0.16666667
  0.16666667 -0.8333333   0.         -0.16666667  0.6666667  -0.6666667
  0.5         0.33333334  0.16666667  0.          0.33333334  0.33333334
  0.          1.          0.25        0.33333334 -0.6666667  -0.8333333
  0.          0.16666667 -0.33333334  0.          0.5        -0.16666667
  0.16666667 -0.16666667  0.         -0.16666667  0.33333334  0.8333333
  0.8333333   0.5        -0.5         0.16666667 -1.          0.
  0.16666667 -0.8333333  -0.16666667 -0.33333334 -0.16666667 -1.
 -0.16666667  0.          0.5        -0.5        -0.5         0.33333334
  0.          0.33333334  0.33333334  0.          0.          0.6666667
  0.5         0.33333334 -0.8333333  -0.8333333   0.16666667 -0.16666667
  1.          0.8333333   0.5         0.16666667 -0.16666667 -0.16666667
  0.5        -0.5         0.5        -0.16666667  0.33333334  0.33333334
 -0.5         0.5        -0.6666667  -1.         -0.5        -0.16666667
  0.6666667  -0.33333334  0.          0.33333334  0.         -0.8333333
  0.33333334 -0.33333334 -0.16666667  0.33333334  0.          0.33333334
  0.6666667   0.5         0.16666667  0.16666667  0.08333334  0.
  0.5         0.6666667   0.16666667  0.          0.          0.
  0.          0.16666667 -0.33333334 -0.8333333  -0.16666667  0.
  0.16666667  0.          0.5         0.         -0.8333333   0.5
 -0.6666667  -0.8333333  -0.6666667   0.          1.          0.16666667
 -0.6666667   0.16666667  0.          0.          1.         -0.16666667
  0.          0.33333334  0.16666667  0.8333333   0.5         1.
  0.          0.          0.6666667   0.33333334  0.          0.
  0.          0.          1.          0.16666667  0.5        -0.33333334
  0.16666667  0.          0.33333334  0.         -0.16666667 -0.5
 -0.5         0.8333333   0.          0.16666667  0.         -0.8333333
 -0.6666667   0.          0.8333333   0.          0.          0.
  0.         -0.6666667  -0.33333334 -0.6666667   0.16666667  0.16666667
  0.16666667  0.33333334  0.33333334  0.8333333  -0.33333334  0.
  0.6666667   0.          0.          0.          0.33333334  0.
  0.33333334  1.          0.16666667  0.         -0.16666667  0.16666667
  0.33333334  0.          0.33333334 -0.8333333   0.6666667   0.5
  0.          0.8333333  -0.5        -0.16666667 -0.5         0.
  0.8333333  -0.16666667  0.6666667  -0.33333334  0.16666667 -0.8333333
  0.8333333  -1.          0.5         0.5         0.          0.16666667
  0.5         0.         -0.16666667  0.33333334  0.6666667   0.6666667
 -0.16666667  0.          0.6666667   0.16666667  0.          0.16666667
  0.5         0.33333334  0.6666667   0.6666667   0.33333334  0.5
 -0.6666667   0.5         0.8333333   0.5         0.          0.16666667
  0.         -0.8333333  -0.5        -0.16666667  0.8333333   0.
  0.33333334  0.         -0.6666667  -0.5        -0.16666667 -0.16666667
  0.          0.6666667   0.          0.5         0.          0.8333333
  0.          0.33333334  0.41666666  0.         -0.8333333  -0.33333334
  0.          0.16666667  0.          0.8333333   0.8333333   0.
 -0.6666667   0.         -0.16666667  0.          0.33333334  0.
  0.          0.         -0.6666667   0.         -0.33333334 -0.16666667
  0.         -0.6666667   0.6666667   0.16666667 -0.33333334 -0.6666667
 -0.8333333  -0.16666667 -0.8333333  -0.5        -0.6666667   0.16666667
 -0.33333334  0.          0.16666667  0.8333333  -0.33333334  0.33333334
  0.6666667   0.          0.16666667  0.          0.8333333   0.
 -0.16666667  0.33333334 -0.33333334  0.16666667  0.16666667 -0.33333334
 -0.33333334  0.5         0.33333334 -0.6666667   0.         -0.6666667
  0.          0.16666667 -0.16666667  0.5         0.6666667   0.
 -0.16666667  0.16666667  0.6666667  -0.5         0.5         0.
  0.         -1.         -0.6666667   0.          0.16666667 -1.
  0.5        -0.5         0.6666667   0.16666667 -0.8333333  -0.33333334
  0.         -0.16666667  0.8333333   0.          0.16666667  0.33333334
  0.6666667  -0.16666667  0.16666667  0.5         0.8333333  -0.6666667
  0.          0.33333334  0.6666667   0.         -0.16666667 -0.33333334
 -0.8333333   1.         -0.6666667   0.6666667   0.          0.6666667
  0.16666667  0.5         0.33333334 -0.8333333   0.          0.
  0.5         0.33333334  0.          0.          0.          0.
  0.          0.33333334 -0.5         0.          0.16666667  0.
  0.          0.          0.16666667  1.          0.6666667  -0.5
  0.33333334  0.          0.          1.          0.          0.5
  0.16666667  0.         -0.16666667  0.          1.          0.
  1.          0.          0.16666667  0.          0.16666667 -0.16666667
 -0.8333333  -0.33333334  0.          0.16666667  0.          0.16666667
  0.33333334  0.33333334 -0.8333333  -0.8333333   0.16666667  0.16666667
  0.9166667   0.16666667  0.5         0.6666667   0.33333334 -0.6666667
 -0.6666667   0.33333334 -0.6666667   0.          0.16666667 -0.16666667
 -0.8333333  -0.33333334 -0.6666667   0.33333334  0.5         0.33333334
  0.25        0.33333334  0.          0.33333334  0.          0.
  0.6666667   0.          0.8333333   0.6666667   0.5         0.33333334
  0.75       -0.16666667  0.25        0.          1.          0.33333334
  0.33333334  0.33333334  0.5         0.8333333   0.16666667  0.
  0.16666667  0.5         0.75        0.41666666  0.16666667]
Predictions: [ 4.17219579e-01  6.76201358e-02  7.01977089e-02 -5.14196098e-01
  1.63362548e-03  7.51461983e-02  1.21718710e-02  1.90933123e-02
  5.44996917e-01 -5.40775716e-01  3.52617174e-01  5.66034578e-03
  3.26778620e-01  1.33517906e-01 -3.14448267e-01  8.95670354e-02
  1.29486278e-01  4.07492593e-02 -6.81493431e-02  1.23990215e-01
 -3.19955617e-01  1.67631865e-01 -2.44790733e-01 -4.28984642e-01
 -2.98199177e-01  4.54181224e-01 -5.55974603e-01  1.00791054e-02
 -1.52002331e-02  2.21401840e-01  3.88108343e-01  2.83379823e-01
  1.08363427e-01  5.92251401e-03  8.84672552e-02  3.98727924e-01
  6.65338755e-01  1.76226929e-01  5.34046948e-01  1.92162529e-01
  1.87605709e-01  5.55702895e-02 -4.53788489e-01  5.36208972e-03
  9.84863266e-02  3.63705158e-02  2.16546059e-01  5.68806946e-01
  2.16228932e-01 -7.51364231e-01  2.96237528e-01 -1.82872176e-01
  3.86006206e-01  1.00730248e-01  3.89154732e-01 -6.39191806e-01
  2.49967501e-02 -7.90327549e-01 -3.65264297e-01  2.29524568e-01
  6.22362792e-02 -7.74810970e-01  3.25112343e-02 -2.84248054e-01
  1.16950966e-01  2.77780354e-01 -9.17490870e-02  1.88227594e-02
 -5.23791432e-01 -2.84230500e-01  2.82885522e-01  7.76905417e-01
  2.53321044e-02  2.07016766e-01  7.22603381e-01  5.00732303e-01
  7.00264633e-01  4.10662472e-01  5.21425784e-01 -8.55215043e-02
  5.52570224e-01  1.43143922e-01  5.59981763e-01  5.53459153e-02
  1.06975578e-01  4.04652029e-01  1.05912620e-02  3.42234597e-03
  5.92788935e-01  2.38045864e-03  6.04893789e-02 -4.48284447e-02
  3.84479016e-01  1.50311189e-02 -3.73939693e-01  8.62745494e-02
  2.10537501e-02  2.62432307e-01  7.53212273e-02  1.71818256e-01
  6.58201277e-02 -8.27357233e-01  4.46187973e-01  1.39345616e-01
  2.09046677e-02  3.49573702e-01 -3.23942512e-01 -6.67594016e-01
 -5.36265150e-02  3.67042571e-02 -4.52198803e-01  2.25851938e-01
  1.65195808e-01  2.07946032e-01  5.56112647e-01  5.07855475e-01
  4.77493107e-02 -1.60164572e-03  4.81857628e-01  2.51108974e-01
  3.79918963e-01  6.42630994e-01 -4.97240305e-01 -1.43747672e-01
  3.87111306e-01 -3.24225992e-01  1.26699032e-02  9.63981301e-02
  7.93631017e-01 -2.84653008e-01 -3.40655595e-02  1.00604147e-01
  2.33016536e-01 -4.07258719e-01  3.83197665e-02 -2.14586571e-01
 -6.17663600e-02 -9.86753777e-03  2.43562728e-01  1.48431852e-01
  5.43063357e-02 -8.39120865e-01  9.68976393e-02 -2.44991574e-03
 -5.49261332e-01  1.81529924e-01 -4.58368778e-01  5.15400589e-01
 -3.52716535e-01  2.78383672e-01  6.73031569e-01 -5.76801836e-01
  2.74350122e-02  1.54593885e-01  2.72877887e-02  1.51557267e-01
  3.40250164e-01  6.07752979e-01  1.27633482e-01  5.54178059e-01
  6.15937829e-01  4.10426147e-02 -6.24459311e-02  3.87849472e-02
  5.28137922e-01  1.06585631e-02 -2.34357314e-03  7.21559942e-01
  7.24673092e-01  6.94797114e-02  4.74649183e-02 -1.87222019e-01
  4.62114751e-01 -3.11115980e-01  1.76128507e-01  2.52086110e-02
  2.05596179e-01  4.76906419e-01 -1.50779545e-01  4.13445264e-01
  6.45819977e-02 -3.69013131e-01  3.59856784e-01  9.68332496e-03
  2.25808784e-01  3.68939668e-01  1.28912041e-02 -9.46133882e-02
 -3.58438104e-01 -5.96093178e-01  6.69836819e-01 -1.42921522e-01
  5.29855415e-02  1.35981822e-02  2.45158046e-01  4.90870118e-01
  1.74983576e-01 -1.45665362e-01  2.77077913e-01  5.98838568e-01
  4.92111623e-01  5.93000114e-01 -4.43499446e-01  3.41368586e-01
  4.24356550e-01  4.14335787e-01 -2.83543199e-01  1.42929340e-02
  3.81497562e-01 -3.59095812e-01 -7.79804364e-02 -2.05419600e-01
  3.45413208e-01 -4.36291307e-01 -1.47123471e-01  5.08767366e-01
  4.89174396e-01 -1.47840038e-01 -5.63060880e-01  2.47214466e-01
 -2.35095650e-01  5.95863815e-03  4.17255610e-01 -2.56385595e-01
 -4.35667902e-01 -3.47014181e-02  3.91565859e-01 -3.49220000e-02
 -5.12776017e-01  5.55805206e-01  2.34932050e-01  2.14115009e-02
 -6.43464923e-02 -1.19358208e-03  4.33726162e-01  5.61479568e-01
  5.44658244e-01  8.05961043e-02  3.08133274e-01  4.13334012e-01
  6.95455670e-01 -1.12150997e-01 -2.33318791e-01 -4.20555413e-01
  4.71239239e-01  3.74959484e-02 -2.18650922e-01  1.83444515e-01
  8.71823251e-01 -3.27248365e-01  5.33642173e-01 -3.28939468e-01
  5.10274053e-01  1.47366850e-02  6.59242213e-01 -6.56479225e-03
  7.72113875e-02 -3.85854930e-01  5.73360622e-02  3.77559453e-01
 -7.89084673e-01 -8.03450763e-01 -2.14238688e-01  2.79731154e-02
 -5.02919853e-01  1.52209401e-03  1.55094221e-01  1.93523355e-02
  2.29901709e-02 -6.46265686e-01  5.26940167e-01 -1.38171017e-01
  2.31302828e-02  1.75953865e-01 -8.01517591e-02  1.74629211e-01
  4.95382249e-01  5.77890277e-01  6.04668140e-01  4.64265078e-01
  4.82835233e-01 -3.89656484e-01  3.57458353e-01  4.81899567e-02
  4.29107755e-01  2.14997217e-01 -2.10067153e-01 -2.01664388e-01
  8.03145409e-01  1.35786355e-01 -5.09867430e-01 -9.29687321e-01
  1.56294361e-01  1.91276923e-01  5.18456567e-03  4.38312292e-02
  2.62356222e-01  4.06007171e-01 -5.96687853e-01 -1.03475191e-02
  4.51425090e-02 -6.66255474e-01 -4.43918794e-01  1.20218627e-01
  7.34171569e-01 -2.38192976e-01 -7.36558378e-01 -5.55133335e-02
  1.62681378e-02 -7.48529751e-03  4.60061461e-01  1.97109058e-01
  3.36192489e-01  3.66857618e-01  4.76064563e-01  5.38712591e-02
  3.41673523e-01  4.16474909e-01  1.49644554e-01  6.21612430e-01
  4.77730066e-01  3.77101004e-01  4.78406549e-02  7.38208462e-03
  2.41700023e-01  3.79930824e-01 -8.62567946e-02  6.62242342e-03
  8.45300734e-01  1.72989517e-01  4.74912465e-01 -7.81979039e-02
  2.18647480e-01  3.57183740e-02 -1.21133633e-01 -2.80951738e-01
 -2.71335334e-01  2.17468560e-01  2.59483829e-02  9.69872847e-02
  5.47919422e-04 -6.41959786e-01  3.84091288e-01 -8.44503164e-01
  7.74484456e-01  3.47109616e-01 -4.92005110e-01 -4.35913354e-01
  2.63039507e-02 -3.35063577e-01 -4.07912880e-01 -4.54306006e-01
  1.17644213e-01  3.05002406e-02  3.02519411e-01  3.77395898e-01
  5.05284309e-01  5.19931912e-01  3.03274065e-01  6.93553209e-01
  4.09617722e-01  5.91583550e-01  3.10887694e-01  9.33635887e-03
  8.91676724e-01  1.84982985e-01 -5.08304656e-01  7.61556160e-03
  6.09570205e-01 -1.74381528e-02  4.18586046e-01 -2.17005208e-01
  5.92540681e-01  7.32513219e-02  3.33162844e-02  2.96603203e-01
  4.62710232e-01  5.84434420e-02  3.86707723e-01  4.94312286e-01
  4.21481580e-02  2.94552371e-02 -2.85242319e-01  2.53581434e-01
  5.53223193e-01  1.59748107e-01  8.50409921e-03 -6.65950656e-01
  6.89619128e-03 -4.33731824e-02  7.11330652e-01 -6.51787937e-01
  4.71908689e-01  4.05959040e-02  3.65850925e-01  5.63031018e-01
  5.02285123e-01  1.00803124e-02  1.42416134e-01  2.67504603e-01
 -1.65562078e-01  4.21827674e-01  4.97006774e-01  2.16269121e-02
  7.11881340e-01 -1.11455873e-01  1.30488083e-01  2.03585178e-02
  4.62198377e-01 -1.23397171e-01  5.57600379e-01  5.63958287e-02
  4.52757746e-01  1.21147642e-02  2.52039582e-01  4.25708026e-01
  3.11759859e-01  2.23189682e-01  2.09047087e-02  2.20201150e-01
  8.83316714e-03 -2.32920989e-01  5.59914768e-01 -5.23501873e-01
 -4.49983738e-02  4.72650945e-01 -4.85047281e-01  1.08940884e-01
 -3.60171914e-01 -5.20475864e-01  5.95475078e-01 -3.96158695e-01
  2.47226566e-01  1.95349634e-01  5.24635911e-01  2.21808851e-01
  1.43563002e-01  6.20001316e-01  9.41596851e-02  4.82014984e-01
  5.66089809e-01  3.20258550e-02 -1.28499493e-01  6.98621385e-04
  4.74801719e-01  3.03649724e-01  8.27123411e-04 -2.87887722e-01
  5.36241829e-01 -2.14328408e-01 -2.62648791e-01  4.65276130e-02
  1.54490829e-01  8.31712261e-02  9.01130512e-02  1.50310993e-03
  6.39990792e-02 -1.65466070e-01 -6.39910340e-01  1.85073555e-01
 -2.94007868e-01 -1.97520703e-01  2.30264738e-01 -6.19286716e-01
 -3.76957178e-01  5.23504674e-01 -2.99097538e-01 -1.82480916e-01
 -7.76836395e-01 -7.76398834e-03 -3.16167057e-01 -2.45343775e-01
  1.26818195e-05 -8.25003721e-04  1.81472212e-01  5.81652880e-01
  2.83452570e-01  7.55672436e-03 -4.56108183e-01  9.10518542e-02
  6.22778177e-01  2.04299130e-02  9.20230616e-03 -8.46420601e-02
  4.10674274e-01  3.87541860e-01  1.56705827e-02  2.09869936e-01
  2.48834044e-02 -5.56850135e-01  2.73779750e-01 -6.13755941e-01
  4.92082983e-02  1.67501986e-01  1.98512413e-02 -6.26619339e-01
  2.04809494e-02 -3.91956687e-01  3.32768440e-01  5.17442048e-01
  4.75446023e-02  1.15880407e-01  4.73170072e-01 -2.79354185e-01
  1.19939499e-01  4.59781475e-02  6.95061624e-01 -1.86348528e-01
  3.80403474e-02 -6.04279876e-01  3.58212054e-01 -6.99958444e-01
 -5.01660705e-01  2.60249496e-01  8.27871170e-03 -6.19071245e-01
  2.53380924e-01 -4.94052678e-01 -7.52929449e-01  3.47981960e-01
 -1.12501137e-01 -3.28769475e-01  4.62597638e-01  3.42333823e-01
  4.86176182e-03  9.16771311e-03  4.10511166e-01 -8.35568085e-02
  1.07771873e-01 -2.26388872e-01  2.85149753e-01 -2.37856284e-01
  4.01166603e-02 -3.61251272e-03 -2.59257793e-01 -9.12184939e-02
  4.26228605e-02  2.54239231e-01  9.63870715e-03  1.13828136e-02
  1.84534848e-01  5.28413236e-01 -1.08136669e-01  2.50186384e-01
  2.33021289e-01  2.92002976e-01 -1.08927786e-02  2.13950351e-02
  4.36894119e-01 -6.48001730e-01 -9.61129963e-02 -3.41105551e-01
  7.44137645e-01 -7.16592610e-01  1.08892545e-01  1.44660458e-01
  1.39918402e-01  1.35242194e-03  2.94878613e-03  9.13633585e-01
 -4.96937484e-01  6.05143383e-02 -3.29955548e-01  4.80580509e-01
  6.37143373e-01  6.34612501e-01  2.11967193e-02  5.44647217e-01
  7.89666474e-01  3.03317279e-01  1.71229184e-01  1.74733311e-01
  7.72822857e-01  4.42525633e-02 -7.92066678e-02  5.32823026e-01
  2.87047237e-01  1.26396894e-01  1.94902956e-01  2.95700785e-03
  8.27572525e-01  2.57197469e-02 -1.76178142e-02  9.37790334e-01
  3.02769601e-01  5.03693223e-01  5.64034004e-03 -1.45060152e-01
 -2.88233012e-01  5.79436958e-01 -8.07655677e-02  8.33541974e-02
  5.60167313e-01  3.41927320e-01  7.37271309e-01  3.52216721e-01
 -4.29464579e-01 -7.80628324e-01  5.62619746e-01  1.47731483e-01
  1.42953500e-01  7.24576190e-02  2.50279844e-01  1.56968072e-01
  5.25079608e-01  8.51651654e-02 -3.51686627e-01  2.03340858e-01
 -3.22256461e-02 -3.67300538e-03  8.62323999e-01  2.43731707e-01
 -6.96811825e-04  1.94154456e-02  3.86236668e-01  9.81544316e-01
  4.33075130e-01  7.27756739e-01  4.15690005e-01  5.29101431e-01
  1.40720248e-01  3.85496110e-01  3.93626273e-01  4.04202670e-01
  2.57599801e-01  3.55053216e-01  8.69426429e-01  5.44274032e-01
 -1.56145260e-01  6.54264569e-01  2.41002142e-01  2.83933319e-02
  6.35596871e-01  3.89517188e-01 -1.40396178e-01  2.12358594e-01
  7.73446381e-01  4.93825316e-01  7.36482620e-01  5.03904164e-01
  7.33482718e-01  4.74574834e-01  3.39277089e-01  3.58461469e-01
  4.69296783e-01  8.76281261e-02  6.90652668e-01]
{"epoch": 27, "train_loss": 0.22725806853105857, "val_mae": 0.3140469491481781, "val_corr": 0.5317268189756931, "val_binary_acc": 0.624420401854714, "val_binary_f1": 0.6798418972332017, "threshold": 0.0}
Labels: [ 1.          0.33333334 -0.6666667  -0.8333333  -0.33333334  0.
  0.5         0.          0.33333334 -0.5         0.33333334  0.
  0.5         0.5         0.6666667  -0.16666667  0.         -0.6666667
  1.         -0.33333334 -1.          0.         -0.33333334 -0.8333333
  0.16666667  0.33333334 -0.6666667   0.          0.          0.
  0.33333334 -0.8333333   0.5         0.16666667 -0.33333334  0.33333334
  0.          0.6666667   0.         -0.16666667  0.33333334  0.16666667
 -0.6666667  -0.5         0.          0.16666667  0.          1.
  0.33333334 -0.8333333   0.16666667 -0.16666667  0.16666667  0.16666667
  0.6666667  -0.5         0.         -0.6666667   0.5         0.6666667
 -0.16666667 -0.6666667   0.         -0.8333333   0.33333334 -0.16666667
 -0.5        -0.33333334 -0.8333333  -0.8333333  -0.5         0.5
  0.33333334  0.          0.5         0.33333334  0.6666667   0.6666667
 -0.16666667 -0.33333334  0.33333334  0.16666667 -0.33333334 -0.6666667
  0.          0.          0.16666667  0.          0.5         0.
  0.          0.          0.16666667 -0.8333333   0.          0.
  0.16666667  0.16666667  0.16666667  0.         -0.33333334 -0.8333333
  0.         -0.33333334  0.          0.33333334  0.         -0.8333333
 -0.33333334  0.         -0.5         0.          0.8333333   0.5
  0.5         0.33333334  0.          0.          0.6666667  -0.16666667
  0.75        0.8333333  -0.5         0.33333334  0.          0.16666667
  0.5         0.33333334  0.6666667  -0.5        -0.16666667  0.33333334
  0.8333333  -0.8333333   0.16666667  0.          0.          0.
 -1.          0.16666667  0.33333334 -1.          0.          0.
  1.          0.33333334 -1.          0.33333334 -0.16666667  0.16666667
  0.6666667  -0.6666667   0.          0.33333334 -0.16666667  0.16666667
  0.33333334  0.33333334  0.33333334  0.5         0.33333334 -0.16666667
 -0.6666667  -0.8333333   0.          0.16666667 -0.16666667  1.
  0.5         0.16666667  0.16666667 -0.16666667  0.16666667  0.33333334
  0.16666667 -0.33333334  0.          0.16666667  0.16666667  0.33333334
  0.         -0.8333333  -0.5         0.16666667  1.          0.16666667
  0.16666667 -0.8333333   0.         -0.16666667  0.6666667  -0.6666667
  0.5         0.33333334  0.16666667  0.          0.33333334  0.33333334
  0.          1.          0.25        0.33333334 -0.6666667  -0.8333333
  0.          0.16666667 -0.33333334  0.          0.5        -0.16666667
  0.16666667 -0.16666667  0.         -0.16666667  0.33333334  0.8333333
  0.8333333   0.5        -0.5         0.16666667 -1.          0.
  0.16666667 -0.8333333  -0.16666667 -0.33333334 -0.16666667 -1.
 -0.16666667  0.          0.5        -0.5        -0.5         0.33333334
  0.          0.33333334  0.33333334  0.          0.          0.6666667
  0.5         0.33333334 -0.8333333  -0.8333333   0.16666667 -0.16666667
  1.          0.8333333   0.5         0.16666667 -0.16666667 -0.16666667
  0.5        -0.5         0.5        -0.16666667  0.33333334  0.33333334
 -0.5         0.5        -0.6666667  -1.         -0.5        -0.16666667
  0.6666667  -0.33333334  0.          0.33333334  0.         -0.8333333
  0.33333334 -0.33333334 -0.16666667  0.33333334  0.          0.33333334
  0.6666667   0.5         0.16666667  0.16666667  0.08333334  0.
  0.5         0.6666667   0.16666667  0.          0.          0.
  0.          0.16666667 -0.33333334 -0.8333333  -0.16666667  0.
  0.16666667  0.          0.5         0.         -0.8333333   0.5
 -0.6666667  -0.8333333  -0.6666667   0.          1.          0.16666667
 -0.6666667   0.16666667  0.          0.          1.         -0.16666667
  0.          0.33333334  0.16666667  0.8333333   0.5         1.
  0.          0.          0.6666667   0.33333334  0.          0.
  0.          0.          1.          0.16666667  0.5        -0.33333334
  0.16666667  0.          0.33333334  0.         -0.16666667 -0.5
 -0.5         0.8333333   0.          0.16666667  0.         -0.8333333
 -0.6666667   0.          0.8333333   0.          0.          0.
  0.         -0.6666667  -0.33333334 -0.6666667   0.16666667  0.16666667
  0.16666667  0.33333334  0.33333334  0.8333333  -0.33333334  0.
  0.6666667   0.          0.          0.          0.33333334  0.
  0.33333334  1.          0.16666667  0.         -0.16666667  0.16666667
  0.33333334  0.          0.33333334 -0.8333333   0.6666667   0.5
  0.          0.8333333  -0.5        -0.16666667 -0.5         0.
  0.8333333  -0.16666667  0.6666667  -0.33333334  0.16666667 -0.8333333
  0.8333333  -1.          0.5         0.5         0.          0.16666667
  0.5         0.         -0.16666667  0.33333334  0.6666667   0.6666667
 -0.16666667  0.          0.6666667   0.16666667  0.          0.16666667
  0.5         0.33333334  0.6666667   0.6666667   0.33333334  0.5
 -0.6666667   0.5         0.8333333   0.5         0.          0.16666667
  0.         -0.8333333  -0.5        -0.16666667  0.8333333   0.
  0.33333334  0.         -0.6666667  -0.5        -0.16666667 -0.16666667
  0.          0.6666667   0.          0.5         0.          0.8333333
  0.          0.33333334  0.41666666  0.         -0.8333333  -0.33333334
  0.          0.16666667  0.          0.8333333   0.8333333   0.
 -0.6666667   0.         -0.16666667  0.          0.33333334  0.
  0.          0.         -0.6666667   0.         -0.33333334 -0.16666667
  0.         -0.6666667   0.6666667   0.16666667 -0.33333334 -0.6666667
 -0.8333333  -0.16666667 -0.8333333  -0.5        -0.6666667   0.16666667
 -0.33333334  0.          0.16666667  0.8333333  -0.33333334  0.33333334
  0.6666667   0.          0.16666667  0.          0.8333333   0.
 -0.16666667  0.33333334 -0.33333334  0.16666667  0.16666667 -0.33333334
 -0.33333334  0.5         0.33333334 -0.6666667   0.         -0.6666667
  0.          0.16666667 -0.16666667  0.5         0.6666667   0.
 -0.16666667  0.16666667  0.6666667  -0.5         0.5         0.
  0.         -1.         -0.6666667   0.          0.16666667 -1.
  0.5        -0.5         0.6666667   0.16666667 -0.8333333  -0.33333334
  0.         -0.16666667  0.8333333   0.          0.16666667  0.33333334
  0.6666667  -0.16666667  0.16666667  0.5         0.8333333  -0.6666667
  0.          0.33333334  0.6666667   0.         -0.16666667 -0.33333334
 -0.8333333   1.         -0.6666667   0.6666667   0.          0.6666667
  0.16666667  0.5         0.33333334 -0.8333333   0.          0.
  0.5         0.33333334  0.          0.          0.          0.
  0.          0.33333334 -0.5         0.          0.16666667  0.
  0.          0.          0.16666667  1.          0.6666667  -0.5
  0.33333334  0.          0.          1.          0.          0.5
  0.16666667  0.         -0.16666667  0.          1.          0.
  1.          0.          0.16666667  0.          0.16666667 -0.16666667
 -0.8333333  -0.33333334  0.          0.16666667  0.          0.16666667
  0.33333334  0.33333334 -0.8333333  -0.8333333   0.16666667  0.16666667
  0.9166667   0.16666667  0.5         0.6666667   0.33333334 -0.6666667
 -0.6666667   0.33333334 -0.6666667   0.          0.16666667 -0.16666667
 -0.8333333  -0.33333334 -0.6666667   0.33333334  0.5         0.33333334
  0.25        0.33333334  0.          0.33333334  0.          0.
  0.6666667   0.          0.8333333   0.6666667   0.5         0.33333334
  0.75       -0.16666667  0.25        0.          1.          0.33333334
  0.33333334  0.33333334  0.5         0.8333333   0.16666667  0.
  0.16666667  0.5         0.75        0.41666666  0.16666667]
Predictions: [ 3.27389330e-01  3.38673621e-01  2.10888684e-01  6.27686828e-02
  1.47077680e-01  1.29177541e-01  1.33481566e-02  2.11332180e-03
  6.76693618e-01 -5.18584549e-01  2.55800456e-01  9.91489924e-03
  2.10629135e-01  1.09966092e-01 -1.32137984e-01  3.74027677e-02
  5.96090034e-02 -6.43796399e-02 -1.37962401e-01  6.92298040e-02
 -6.72658831e-02  2.85930485e-01  1.52067184e-01 -2.36844450e-01
  2.22704440e-01  2.77673006e-01 -5.78583255e-02  3.98900360e-04
  2.05568820e-01  1.91491604e-01  4.94698644e-01  4.37046677e-01
  2.84501851e-01  5.59972413e-03  6.21403381e-02  2.91472942e-01
  4.86530989e-01  3.19062412e-01  4.48548675e-01 -4.16630041e-03
  7.47835413e-02  2.73291111e-01 -3.06746453e-01  2.59294827e-03
  4.17917594e-02  7.08788112e-02  7.34056979e-02  4.77858037e-01
  1.97643667e-01 -4.37529981e-01  3.56737673e-01 -3.43465060e-02
  2.83134758e-01  1.47577286e-01  2.37875074e-01 -5.12139618e-01
  1.06057160e-01 -5.37807405e-01 -7.45243439e-03  2.01080412e-01
  3.75388116e-02 -7.89726079e-01  6.90572560e-02 -1.09414861e-01
  8.37936848e-02  2.72741139e-01  5.12981713e-02  2.10772604e-02
 -4.48234439e-01 -2.32504934e-01  3.71966183e-01  6.89195454e-01
  2.13014595e-02  4.39444959e-01  5.90956450e-01  3.58622551e-01
  5.46860218e-01  3.21795344e-01  3.70823860e-01 -2.31014192e-01
  5.46828330e-01  2.43494421e-01  5.24831116e-01  1.01923600e-01
  1.04910374e-01  2.01331615e-01  2.66409591e-02 -2.09450908e-03
  4.74159509e-01  4.16424498e-03  3.36431898e-02  4.80244160e-02
  3.00172716e-01  1.69502884e-01 -3.05522650e-01  1.83420062e-01
  1.53512862e-02  2.19434142e-01  2.58078948e-02  1.95811957e-01
  1.21062845e-02 -2.63043135e-01  4.29809898e-01  2.73589760e-01
  3.92911404e-01  2.53290296e-01 -1.72369272e-01 -1.64932817e-01
  5.24598062e-01  1.69390738e-01 -4.84946936e-01  4.66162026e-01
  1.43136650e-01  2.85189480e-01  5.27189255e-01  3.74635428e-01
  3.17720249e-02  4.03790083e-03  4.45525348e-01  3.05346459e-01
  4.66936469e-01  5.07782817e-01 -4.22836602e-01 -1.38357252e-01
  2.05255240e-01 -2.40300119e-01  1.05285775e-02  2.02312768e-01
  6.59987748e-01 -2.59907931e-01 -1.28627233e-02  1.41866505e-01
  2.85313874e-01 -2.43447542e-01  7.05716610e-02  1.17423810e-01
 -4.13734876e-02 -3.48452702e-02  1.64841086e-01  1.23889409e-01
  4.29514907e-02 -8.30686748e-01  1.71601385e-01  2.83277519e-02
 -4.74843115e-01  1.72945559e-01 -2.64413774e-01  4.84272122e-01
 -2.70865232e-01  1.28733635e-01  6.64997935e-01 -4.28016782e-01
  2.47843675e-02  1.59914136e-01  3.96512836e-01  4.87704650e-02
  2.12857544e-01  8.77478048e-02  2.16154605e-02  4.31183308e-01
  6.24550045e-01  3.67803633e-01  7.26766661e-02  9.07520950e-02
  4.55863118e-01  1.58193819e-02 -3.22487578e-03  5.87384224e-01
  6.79177999e-01  4.08920571e-02  2.01301783e-01 -1.65233225e-01
  3.00255090e-01 -2.06937611e-01  2.52862513e-01  3.61719877e-02
  7.56731555e-02  4.20533985e-01 -6.78818822e-02  4.17516112e-01
  8.45313296e-02 -3.48392278e-01  5.86929023e-01  1.69420540e-02
  1.63517475e-01  2.62015373e-01  2.34881014e-01 -3.05991415e-02
 -2.29674786e-01 -5.39384723e-01  6.31535053e-01 -1.68680429e-01
  4.67926264e-02  5.66548884e-01  1.77916139e-01  3.61187577e-01
  1.81100219e-01 -1.92028247e-02  2.48585790e-01  4.80944067e-01
  6.24306262e-01  4.81683195e-01 -1.98617786e-01  2.99445599e-01
  3.84072602e-01  3.67931515e-01 -2.10167080e-01  1.33514740e-02
  4.25512701e-01 -3.37786317e-01  3.89277637e-02 -2.00666264e-02
  3.15722764e-01 -2.28056252e-01 -6.99090632e-03  5.03905058e-01
  2.51934797e-01  2.13459618e-02 -6.42745852e-01  2.30005950e-01
 -4.63322289e-02 -7.84737989e-03  3.16424698e-01 -1.31569475e-01
 -3.69412154e-01  4.56438474e-02  4.17519689e-01 -4.18527313e-02
 -5.21088541e-01  3.10009718e-01  2.15197086e-01  8.00191239e-02
 -5.86631559e-02  5.00920974e-03  3.63186747e-01  3.49366099e-01
  4.36570257e-01  4.59322892e-02  2.60354578e-01  2.09891289e-01
  6.06845617e-01 -8.49617645e-04  1.33942217e-01 -4.06186253e-01
  4.64995295e-01  1.73601091e-01 -2.54416853e-01  1.78622872e-01
  7.51088202e-01 -2.96491623e-01  4.13283646e-01 -2.00202465e-01
  4.24813390e-01  7.35534728e-03  5.84803343e-01 -4.34832368e-03
 -1.02458499e-01 -1.24314986e-01  3.12393963e-01  3.15323323e-01
 -6.53863370e-01 -8.08518827e-01 -9.78091955e-02  8.95234719e-02
 -3.51745158e-01  1.04392037e-01  2.70268708e-01  5.32166138e-02
 -5.11109410e-03 -4.54427063e-01  7.33777225e-01 -1.17190376e-01
  8.53262283e-03  2.53448188e-01 -1.07710632e-02  1.35312617e-01
  4.46779728e-01  4.79023278e-01  5.24477422e-01  3.51249099e-01
  4.41103697e-01 -1.70567006e-01  3.69142741e-01 -9.14484486e-02
  3.23767811e-01  2.94116259e-01  6.86540827e-02 -1.13207407e-01
  6.97364151e-01  5.35805002e-02 -4.58886743e-01 -8.57712567e-01
  1.26269639e-01  2.29595721e-01  4.95898537e-04  8.30707625e-02
  1.30178273e-01  3.32889378e-01 -5.33657312e-01  5.77006042e-02
 -1.58861667e-01 -3.40380222e-01 -5.97291254e-03  2.98988223e-01
  6.13454938e-01 -3.68198007e-02 -5.90757668e-01  6.20619208e-03
  2.79850066e-02 -1.28821023e-02  3.34495991e-01  7.98139125e-02
  2.31327087e-01  3.16614270e-01  5.13983965e-01  1.21640332e-01
  2.52717078e-01  3.05355996e-01  7.74065852e-02  4.72264081e-01
  5.95897138e-01  3.48365486e-01  9.64544788e-02  2.61408184e-03
  1.67118520e-01  2.51379520e-01 -4.75075543e-02 -4.84788092e-03
  7.92362809e-01  3.13748598e-01  3.83364618e-01 -2.00885441e-03
  2.39460170e-01  1.04479119e-01 -7.48890787e-02  2.79216096e-03
 -1.22211620e-01  5.38126230e-02  2.08528563e-02  9.96506289e-02
  1.78094022e-03 -5.56600809e-01  2.92821527e-01 -7.35108376e-01
  6.65524006e-01  2.48686820e-01 -4.86055017e-01 -3.74178141e-01
  6.97462261e-03 -4.16812241e-01 -3.25886309e-01 -3.34318459e-01
  1.13644741e-01  3.54171246e-02  1.86149985e-01  3.11254382e-01
  4.41100687e-01  3.92196596e-01  1.49599016e-01  5.30658782e-01
  3.07963908e-01  4.90097880e-01  2.54810065e-01 -1.45775080e-03
  8.27324450e-01  3.10640484e-01 -4.07591492e-01 -8.40801746e-04
  5.60978889e-01  2.04954408e-02  2.39120722e-01 -1.43459201e-01
  4.87168640e-01  1.26811028e-01  2.14778110e-02  4.02602047e-01
  3.19023341e-01 -1.98302325e-03  3.47472876e-01  4.18722749e-01
  5.14621176e-02  9.85188410e-03  1.01418570e-01  2.36591585e-02
  5.68748653e-01  1.50144279e-01  2.18940787e-02 -5.59602261e-01
  2.35418007e-02 -3.74166667e-02  6.94823563e-01 -5.86147189e-01
  3.48717064e-01  1.52255353e-02  2.18911678e-01  4.06078935e-01
  3.64740908e-01  5.64295985e-03  1.09366149e-01  1.40780210e-01
  4.25874442e-01  4.23540562e-01  3.01667273e-01  4.89062723e-03
  6.76077843e-01  7.66915232e-02  6.85410127e-02  8.10504518e-03
  4.05867994e-01 -7.44694546e-02  4.79957342e-01  1.53194785e-01
  5.00118375e-01  3.22307050e-02  1.72611684e-01  4.30126071e-01
  1.71289325e-01  2.25149184e-01  1.78924464e-02  2.04633474e-01
  4.43659909e-03 -8.35875720e-02  4.38704669e-01 -2.59912640e-01
  3.05525124e-01  2.99366899e-02 -3.29799443e-01  2.53397346e-01
 -1.34330928e-01 -5.23633659e-01  5.48251152e-01 -3.08355987e-01
  1.49825662e-01  2.42611974e-01  3.75823379e-01  8.16384777e-02
  1.00446880e-01  3.46131504e-01  3.72422375e-02  4.28422868e-01
  5.07024348e-01  6.31658062e-02 -1.77849054e-01 -1.71406507e-01
  2.33314216e-01  2.79683709e-01 -9.35662538e-05 -2.46508598e-01
  5.84519506e-01 -2.11905777e-01 -9.51537415e-02  6.65011108e-02
  6.88370317e-02  4.17848080e-02  7.01341778e-03  8.03070702e-03
  4.15397845e-02 -4.47504111e-02 -3.34929436e-01  1.71530694e-01
  1.18535526e-01 -1.00983545e-01  2.22628862e-02 -4.73249763e-01
 -3.34042847e-01  3.60594153e-01 -2.05777228e-01 -1.92076832e-01
 -7.11613476e-01  3.71180996e-02 -1.68437928e-01 -1.09313428e-01
 -6.39049802e-03 -1.01196766e-03  1.95318431e-01  4.38302517e-01
  1.97364509e-01  1.37443338e-02 -3.24956745e-01  1.80813432e-01
  5.07481873e-01  1.05523448e-02  7.20661134e-03  9.75266248e-02
  2.18739927e-01  3.30787808e-01  7.34244101e-03  1.85660750e-01
  2.60358378e-02 -5.06241381e-01  4.00889069e-01 -3.98149192e-01
  2.31562316e-01  7.49856383e-02  1.85292214e-04 -5.57194591e-01
  1.05157159e-02 -2.82076418e-01  2.54113019e-01  4.30244476e-01
  3.60537946e-01  6.78182021e-02  4.51529205e-01 -1.57957435e-01
  2.45290101e-01  1.74378127e-01  5.52109182e-01 -7.45519847e-02
  1.14523992e-02  1.68158207e-03  3.23555291e-01 -2.81627148e-01
 -3.71739417e-01  1.26465559e-01  4.50863689e-03 -5.64632595e-01
 -1.87593289e-02 -4.83425334e-02 -6.22911572e-01  2.68957108e-01
 -3.88478860e-02 -2.93378443e-01  6.56540394e-02  2.90461510e-01
 -1.34844612e-03  1.95572525e-03  6.53286517e-01  4.30899672e-02
  7.00522214e-02 -1.30552173e-01  2.31717050e-01 -4.84390743e-02
  5.93030229e-02  6.75267726e-03 -1.84289247e-01  1.54540557e-02
  2.22218454e-01  1.92945749e-01  1.61231495e-02  1.68136694e-02
  4.03705060e-01  3.82721841e-01  1.16730835e-02  1.98718756e-01
  2.04039037e-01  2.18250990e-01  1.73873752e-01  2.59385966e-02
  4.95200574e-01 -6.18304551e-01  5.61222807e-02 -3.00073773e-01
  5.55687189e-01 -4.58113492e-01  1.81519032e-01  1.31072640e-01
  8.43636990e-02 -9.46929492e-03 -5.32403868e-03  7.90148795e-01
 -5.22426009e-01  2.22300231e-01 -2.86554247e-01  2.19024152e-01
  5.96073449e-01  4.66846585e-01  2.44570076e-01  3.92857671e-01
  7.62046456e-01 -3.31319124e-01  2.47469664e-01  1.68714106e-01
  6.16474390e-01  1.30515218e-01 -6.77212179e-02  4.62724388e-01
  4.57255512e-01  1.33592844e-01  2.17760026e-01 -3.16776335e-04
  8.38309407e-01  1.09625570e-02 -6.05679899e-02  7.88897395e-01
  2.32829005e-01  4.03202355e-01  4.39647771e-03  7.32595697e-02
 -1.98701501e-01  5.32764971e-01  1.46748096e-01  1.40488207e-01
  4.48422253e-01  2.30588734e-01  7.87997603e-01  3.41209054e-01
 -3.34796846e-01 -6.93638265e-01  5.06337345e-01  1.18956529e-01
  3.99390124e-02  2.07322359e-01  2.92202681e-01  3.04912776e-01
  5.24041414e-01  1.91818893e-01 -4.10717726e-01  2.38444448e-01
 -7.01490045e-02 -7.01422384e-03  7.15226293e-01  3.84857595e-01
  1.41643360e-03  4.64375913e-02  4.26483303e-01  8.14216137e-01
  4.74117905e-01  7.76737928e-02  3.29359055e-01  4.40189868e-01
  4.49766785e-01  2.55740911e-01  2.05113858e-01  4.41717118e-01
  7.01595843e-01  3.51138562e-01  7.21284032e-01  4.69419420e-01
  6.84300289e-02  5.78940272e-01  2.54536599e-01  3.18471715e-02
  6.89649045e-01  4.64982212e-01 -7.45257288e-02  2.43906140e-01
  6.49012566e-01  4.20789927e-01  5.29780388e-01  3.95449400e-01
  6.68483734e-01  4.16749448e-01  4.04295564e-01  3.70912284e-01
  4.35025185e-01  2.31085449e-01  5.59858620e-01]
{"epoch": 28, "train_loss": 0.2325310318969017, "val_mae": 0.3130161464214325, "val_corr": 0.49459395770904263, "val_binary_acc": 0.615146831530139, "val_binary_f1": 0.6795366795366795, "threshold": 0.0}
Labels: [ 1.          0.33333334 -0.6666667  -0.8333333  -0.33333334  0.
  0.5         0.          0.33333334 -0.5         0.33333334  0.
  0.5         0.5         0.6666667  -0.16666667  0.         -0.6666667
  1.         -0.33333334 -1.          0.         -0.33333334 -0.8333333
  0.16666667  0.33333334 -0.6666667   0.          0.          0.
  0.33333334 -0.8333333   0.5         0.16666667 -0.33333334  0.33333334
  0.          0.6666667   0.         -0.16666667  0.33333334  0.16666667
 -0.6666667  -0.5         0.          0.16666667  0.          1.
  0.33333334 -0.8333333   0.16666667 -0.16666667  0.16666667  0.16666667
  0.6666667  -0.5         0.         -0.6666667   0.5         0.6666667
 -0.16666667 -0.6666667   0.         -0.8333333   0.33333334 -0.16666667
 -0.5        -0.33333334 -0.8333333  -0.8333333  -0.5         0.5
  0.33333334  0.          0.5         0.33333334  0.6666667   0.6666667
 -0.16666667 -0.33333334  0.33333334  0.16666667 -0.33333334 -0.6666667
  0.          0.          0.16666667  0.          0.5         0.
  0.          0.          0.16666667 -0.8333333   0.          0.
  0.16666667  0.16666667  0.16666667  0.         -0.33333334 -0.8333333
  0.         -0.33333334  0.          0.33333334  0.         -0.8333333
 -0.33333334  0.         -0.5         0.          0.8333333   0.5
  0.5         0.33333334  0.          0.          0.6666667  -0.16666667
  0.75        0.8333333  -0.5         0.33333334  0.          0.16666667
  0.5         0.33333334  0.6666667  -0.5        -0.16666667  0.33333334
  0.8333333  -0.8333333   0.16666667  0.          0.          0.
 -1.          0.16666667  0.33333334 -1.          0.          0.
  1.          0.33333334 -1.          0.33333334 -0.16666667  0.16666667
  0.6666667  -0.6666667   0.          0.33333334 -0.16666667  0.16666667
  0.33333334  0.33333334  0.33333334  0.5         0.33333334 -0.16666667
 -0.6666667  -0.8333333   0.          0.16666667 -0.16666667  1.
  0.5         0.16666667  0.16666667 -0.16666667  0.16666667  0.33333334
  0.16666667 -0.33333334  0.          0.16666667  0.16666667  0.33333334
  0.         -0.8333333  -0.5         0.16666667  1.          0.16666667
  0.16666667 -0.8333333   0.         -0.16666667  0.6666667  -0.6666667
  0.5         0.33333334  0.16666667  0.          0.33333334  0.33333334
  0.          1.          0.25        0.33333334 -0.6666667  -0.8333333
  0.          0.16666667 -0.33333334  0.          0.5        -0.16666667
  0.16666667 -0.16666667  0.         -0.16666667  0.33333334  0.8333333
  0.8333333   0.5        -0.5         0.16666667 -1.          0.
  0.16666667 -0.8333333  -0.16666667 -0.33333334 -0.16666667 -1.
 -0.16666667  0.          0.5        -0.5        -0.5         0.33333334
  0.          0.33333334  0.33333334  0.          0.          0.6666667
  0.5         0.33333334 -0.8333333  -0.8333333   0.16666667 -0.16666667
  1.          0.8333333   0.5         0.16666667 -0.16666667 -0.16666667
  0.5        -0.5         0.5        -0.16666667  0.33333334  0.33333334
 -0.5         0.5        -0.6666667  -1.         -0.5        -0.16666667
  0.6666667  -0.33333334  0.          0.33333334  0.         -0.8333333
  0.33333334 -0.33333334 -0.16666667  0.33333334  0.          0.33333334
  0.6666667   0.5         0.16666667  0.16666667  0.08333334  0.
  0.5         0.6666667   0.16666667  0.          0.          0.
  0.          0.16666667 -0.33333334 -0.8333333  -0.16666667  0.
  0.16666667  0.          0.5         0.         -0.8333333   0.5
 -0.6666667  -0.8333333  -0.6666667   0.          1.          0.16666667
 -0.6666667   0.16666667  0.          0.          1.         -0.16666667
  0.          0.33333334  0.16666667  0.8333333   0.5         1.
  0.          0.          0.6666667   0.33333334  0.          0.
  0.          0.          1.          0.16666667  0.5        -0.33333334
  0.16666667  0.          0.33333334  0.         -0.16666667 -0.5
 -0.5         0.8333333   0.          0.16666667  0.         -0.8333333
 -0.6666667   0.          0.8333333   0.          0.          0.
  0.         -0.6666667  -0.33333334 -0.6666667   0.16666667  0.16666667
  0.16666667  0.33333334  0.33333334  0.8333333  -0.33333334  0.
  0.6666667   0.          0.          0.          0.33333334  0.
  0.33333334  1.          0.16666667  0.         -0.16666667  0.16666667
  0.33333334  0.          0.33333334 -0.8333333   0.6666667   0.5
  0.          0.8333333  -0.5        -0.16666667 -0.5         0.
  0.8333333  -0.16666667  0.6666667  -0.33333334  0.16666667 -0.8333333
  0.8333333  -1.          0.5         0.5         0.          0.16666667
  0.5         0.         -0.16666667  0.33333334  0.6666667   0.6666667
 -0.16666667  0.          0.6666667   0.16666667  0.          0.16666667
  0.5         0.33333334  0.6666667   0.6666667   0.33333334  0.5
 -0.6666667   0.5         0.8333333   0.5         0.          0.16666667
  0.         -0.8333333  -0.5        -0.16666667  0.8333333   0.
  0.33333334  0.         -0.6666667  -0.5        -0.16666667 -0.16666667
  0.          0.6666667   0.          0.5         0.          0.8333333
  0.          0.33333334  0.41666666  0.         -0.8333333  -0.33333334
  0.          0.16666667  0.          0.8333333   0.8333333   0.
 -0.6666667   0.         -0.16666667  0.          0.33333334  0.
  0.          0.         -0.6666667   0.         -0.33333334 -0.16666667
  0.         -0.6666667   0.6666667   0.16666667 -0.33333334 -0.6666667
 -0.8333333  -0.16666667 -0.8333333  -0.5        -0.6666667   0.16666667
 -0.33333334  0.          0.16666667  0.8333333  -0.33333334  0.33333334
  0.6666667   0.          0.16666667  0.          0.8333333   0.
 -0.16666667  0.33333334 -0.33333334  0.16666667  0.16666667 -0.33333334
 -0.33333334  0.5         0.33333334 -0.6666667   0.         -0.6666667
  0.          0.16666667 -0.16666667  0.5         0.6666667   0.
 -0.16666667  0.16666667  0.6666667  -0.5         0.5         0.
  0.         -1.         -0.6666667   0.          0.16666667 -1.
  0.5        -0.5         0.6666667   0.16666667 -0.8333333  -0.33333334
  0.         -0.16666667  0.8333333   0.          0.16666667  0.33333334
  0.6666667  -0.16666667  0.16666667  0.5         0.8333333  -0.6666667
  0.          0.33333334  0.6666667   0.         -0.16666667 -0.33333334
 -0.8333333   1.         -0.6666667   0.6666667   0.          0.6666667
  0.16666667  0.5         0.33333334 -0.8333333   0.          0.
  0.5         0.33333334  0.          0.          0.          0.
  0.          0.33333334 -0.5         0.          0.16666667  0.
  0.          0.          0.16666667  1.          0.6666667  -0.5
  0.33333334  0.          0.          1.          0.          0.5
  0.16666667  0.         -0.16666667  0.          1.          0.
  1.          0.          0.16666667  0.          0.16666667 -0.16666667
 -0.8333333  -0.33333334  0.          0.16666667  0.          0.16666667
  0.33333334  0.33333334 -0.8333333  -0.8333333   0.16666667  0.16666667
  0.9166667   0.16666667  0.5         0.6666667   0.33333334 -0.6666667
 -0.6666667   0.33333334 -0.6666667   0.          0.16666667 -0.16666667
 -0.8333333  -0.33333334 -0.6666667   0.33333334  0.5         0.33333334
  0.25        0.33333334  0.          0.33333334  0.          0.
  0.6666667   0.          0.8333333   0.6666667   0.5         0.33333334
  0.75       -0.16666667  0.25        0.          1.          0.33333334
  0.33333334  0.33333334  0.5         0.8333333   0.16666667  0.
  0.16666667  0.5         0.75        0.41666666  0.16666667]
Predictions: [ 5.07616341e-01  4.30842549e-01  7.60403872e-02 -6.86333105e-02
 -6.28310516e-02  9.54745710e-02  1.36690587e-03  1.37980059e-01
  5.63657284e-01 -7.56776333e-01  2.47905508e-01  3.23241204e-02
  1.92947760e-01  5.34619167e-02 -2.27604136e-01  4.73007858e-02
  1.13687553e-01  1.00547876e-02  1.57849193e-01  7.05307722e-01
 -2.08248705e-01  1.71748117e-01  2.24661663e-01  2.38935128e-01
 -1.22760311e-01  4.39438730e-01 -4.89982575e-01  2.37726141e-02
  3.66905145e-03  1.34905338e-01  5.24059415e-01 -1.91950932e-01
  8.45257044e-02  7.41500407e-05  1.68898299e-01  4.31951493e-01
  4.69048828e-01  2.32065752e-01  4.12813783e-01  2.34097913e-01
  2.18763158e-01  3.74966636e-02 -2.30862781e-01  1.31005421e-03
  9.48947296e-02  1.10749081e-01 -1.09073080e-01  5.83258927e-01
  1.02989465e-01 -6.38394117e-01  4.39320385e-01  7.26769343e-02
  4.17676479e-01  5.92259690e-02  2.90625304e-01 -7.44968951e-01
 -1.95323043e-02 -6.36115313e-01 -3.89820874e-01  2.74138808e-01
 -1.45839676e-01 -8.96590412e-01  7.60122463e-02 -3.35777432e-01
  3.94020170e-01  2.45414898e-01 -1.16820000e-01  1.69948675e-02
 -5.71496367e-01 -1.03943534e-01  3.26850176e-01  6.00548685e-01
  3.22166979e-01  4.88487333e-01  5.02302408e-01  3.34061384e-01
  5.08653343e-01  1.53377756e-01  3.08229923e-01  7.82319233e-02
  7.06598878e-01  3.28094423e-01  4.26859766e-01  1.55725777e-01
  1.46587342e-01  1.55943528e-01  4.89871055e-02 -4.36751777e-03
  5.14990628e-01  1.56572461e-03  1.33538861e-02  1.81674942e-01
  1.97897255e-01 -5.08564943e-03 -2.48535424e-01  1.60612047e-01
 -1.12007651e-03  3.83063592e-03  6.55786395e-02  6.10224605e-02
  6.75838441e-03 -5.48149347e-01  5.04294932e-01  5.19673992e-03
  1.59857139e-01  3.25923383e-01 -3.19890857e-01 -7.28479922e-01
  6.18824288e-02  4.67485130e-01  1.89284477e-02  4.34242815e-01
  1.92022577e-01  4.79570568e-01  4.60513011e-02  6.58856258e-02
  2.65324954e-02 -6.29922375e-04  5.91006398e-01  3.82869720e-01
  5.09799063e-01  6.78709984e-01  1.75548613e-01  3.85945678e-01
  2.74043500e-01  5.68502665e-01 -2.46692682e-03  3.10850311e-02
  6.36619687e-01 -1.41795846e-02 -4.66290563e-02  8.83093253e-02
  2.84167230e-01 -3.43786031e-01  4.06706259e-02  3.12131822e-01
  1.57069359e-02  2.27721166e-02  8.20349604e-02  3.00845802e-01
  7.30509833e-02 -1.09123647e+00  1.87655315e-01  4.30420972e-03
 -3.32128465e-01  2.84380198e-01 -3.99340928e-01  4.65476602e-01
 -4.51471180e-01  6.99783340e-02  6.46933496e-01 -4.97071594e-01
  9.98374261e-03  7.60421976e-02  1.69232562e-01  8.80764797e-02
  3.94547462e-01  5.06062731e-02 -8.48293379e-02  4.93090481e-01
  6.07939422e-01  5.08580387e-01 -5.47388047e-02 -1.15840487e-01
  4.85503644e-01  2.47058105e-02 -5.26209325e-02  3.33151609e-01
  6.08845174e-01  1.26996338e-01  1.00629911e-01 -2.77819395e-01
  2.21045300e-01 -2.11451143e-01  1.16792358e-01  9.61675048e-02
  1.72041357e-01  3.70673448e-01 -7.78050795e-02  2.25960717e-01
  7.68684745e-02 -5.34174740e-01  4.82890129e-01  1.71290468e-02
  1.10105507e-01  3.65984887e-01  3.66705507e-02 -3.64782587e-02
 -3.74217302e-01 -6.36566639e-01  6.85706496e-01 -2.84024745e-01
  5.42120710e-02  6.46565497e-01  1.28630269e-03  4.02825952e-01
  1.48957670e-01 -1.24375470e-01  3.28643233e-01  7.29836702e-01
  7.56540954e-01  3.73964489e-01 -4.91571933e-01  1.48839489e-01
  3.82825881e-01  3.43803972e-01 -3.61330450e-01 -2.99034035e-03
  3.55764985e-01 -4.53975797e-01  7.34669492e-02  1.91283941e-01
  3.65496576e-01 -1.14573196e-01 -2.51636356e-01  4.59249020e-01
  2.20364839e-01  4.43124622e-02 -7.13997900e-01  3.16043735e-01
 -2.51799114e-02  9.94764268e-04  3.56352627e-01  3.16383660e-01
 -4.84209627e-01  3.88489515e-01  5.32244623e-01  3.06764215e-01
 -3.81934762e-01  4.42371428e-01  2.69940406e-01 -1.71364378e-03
 -5.42800054e-02  2.03669630e-03  2.88228154e-01  3.83346021e-01
  4.87674952e-01  1.55675206e-02  3.00855219e-01  1.17361940e-01
  6.34694040e-01 -1.55649111e-01  4.91183028e-02 -3.20915192e-01
  4.93704051e-01  3.67100030e-01 -3.29030722e-01  1.47861987e-01
  8.03086519e-01  2.52955128e-02  3.82336974e-01 -3.29352736e-01
  5.64252198e-01  1.01418309e-02  7.71385312e-01 -5.60492557e-03
  5.45775294e-02 -1.68862432e-01  1.15077280e-01  3.27829540e-01
 -7.23690748e-01 -9.75593984e-01 -1.16981588e-01  1.21572934e-01
 -4.94314462e-01 -1.21596120e-02  7.12339506e-02  8.42325948e-03
 -6.24204567e-03 -5.48817158e-01  6.11510456e-01  1.50465116e-01
  2.95995533e-01  6.88292533e-02 -1.09081948e-02  8.12826380e-02
  3.12278807e-01  6.32469833e-01  5.79804778e-01  5.32868445e-01
  3.20724189e-01 -3.74372542e-01  2.24885553e-01 -4.68267500e-02
  4.65352684e-01  1.64206743e-01  1.81838106e-02  1.61458880e-01
  5.99743843e-01  9.99699607e-02 -6.24950349e-01 -1.02103293e+00
  9.38142315e-02  1.22538604e-01  6.30608760e-04  3.05973161e-02
  1.04741201e-01  2.72095818e-02 -7.99553633e-01 -6.55906275e-03
 -2.65861034e-01 -5.85749030e-01 -2.80783325e-01  1.53812543e-01
  7.37076819e-01 -1.35009632e-01 -7.50961483e-01  8.31512809e-02
  7.70455748e-02 -3.20222974e-03  4.49727833e-01 -3.36676091e-02
  2.56081015e-01  1.39928952e-01  2.04795480e-01  1.42403409e-01
  3.06485742e-01  3.72397035e-01  1.17030658e-01  5.54515064e-01
  6.89000487e-01  3.99095118e-01  1.57280061e-02  1.33518688e-03
  2.25274473e-01  2.52981365e-01  4.91829067e-02 -2.13478040e-03
  8.76555443e-01 -1.93633378e-01  5.10088027e-01 -2.12028489e-01
  2.51472920e-01  5.77182323e-03 -1.54290155e-01 -2.92427987e-01
 -2.49856889e-01  9.33507159e-02  1.44775938e-02 -7.93482736e-02
  1.40369777e-03 -5.80967188e-01  2.11715654e-01  4.21782464e-01
  7.28646934e-01  4.67813462e-01 -5.60563028e-01 -5.00170052e-01
  1.51434299e-02 -3.64314049e-01 -4.37382609e-02 -5.26288211e-01
  1.02209307e-01  2.49158237e-02  1.91971898e-01  3.36164683e-01
  4.81971949e-01  4.52096999e-01  5.43656826e-01  6.84806764e-01
  3.75564367e-01  6.73295975e-01  1.71338350e-01 -5.52908098e-03
  5.40846169e-01  1.65711105e-01  1.41642034e-01 -8.60855449e-04
  6.07836902e-01  1.46799050e-02  2.68852234e-01 -3.31302762e-01
  5.57744026e-01  1.32555608e-03  7.47759566e-02 -3.27365875e-01
  4.62460339e-01  1.42375845e-02  3.61490995e-01  4.14933652e-01
  8.30251351e-02  1.91415679e-02 -9.76472124e-02  2.88987219e-01
  6.51761591e-01  4.23454463e-01  8.78024101e-03 -7.47659564e-01
 -1.33787747e-03 -2.37791345e-01  7.35586226e-01 -7.70440698e-01
  3.92077893e-01  8.38952437e-02  2.16076687e-01  4.64598387e-01
  4.32884306e-01 -2.58658081e-04 -2.05489323e-02  3.63122731e-01
  5.42137384e-01  4.23817426e-01  7.27233142e-02 -5.37213637e-03
  6.98335767e-01  2.38377228e-01 -1.22985756e-03  5.02599329e-02
  3.66000921e-01 -1.74235731e-01  5.09992778e-01 -3.57366294e-01
  5.13313830e-01 -2.73120664e-02  1.60402864e-01  5.54679155e-01
  1.55107602e-01  1.81832790e-01  1.21635702e-02  7.85985738e-02
  1.22608058e-03  7.41659291e-03  4.87529129e-01 -5.19476473e-01
  1.52511045e-01  2.71663517e-01 -3.87963235e-01  2.33613208e-01
 -2.83285230e-01 -6.33019209e-01  5.84345520e-01 -3.47999007e-01
  7.73030147e-02  2.87998796e-01  3.93333435e-01  4.76208031e-02
  9.27390009e-02  5.39436162e-01  7.25880191e-02  2.07408071e-01
  6.74524128e-01  3.50837633e-02 -3.80596727e-01 -2.09437683e-01
  3.03416610e-01  2.46274456e-01  7.71738514e-02 -3.48042935e-01
  4.27670717e-01 -1.50062993e-01 -4.82459739e-02  1.91059932e-01
  5.55294335e-01  6.39592391e-03  3.26665677e-03  5.02096862e-03
  7.05211014e-02 -1.84385385e-02 -7.05593050e-01  1.67433664e-01
 -1.30995542e-01 -1.68549921e-03  9.77223292e-02 -9.71439295e-03
 -1.82988480e-01  2.78157622e-01 -3.22550118e-01 -1.15566008e-01
 -3.30665439e-01  1.07732490e-02 -2.84285039e-01 -2.82976985e-01
  2.15910934e-03  2.30772626e-02  1.32259250e-01  1.81877002e-01
  2.51508862e-01  2.12617032e-03 -2.89086670e-01  1.46504432e-01
  6.81026995e-01  3.27680446e-03  1.24927610e-03 -1.90583188e-02
  2.46339038e-01  2.48557672e-01  1.84462573e-02  1.00179315e-01
  2.24494431e-02 -4.63985085e-01  4.60167527e-01 -7.00913906e-01
  6.60782456e-02  4.70163286e-01  8.33658874e-03 -6.31706059e-01
  5.17607015e-03  3.65845889e-01  3.46254438e-01  5.39988875e-01
  2.82921553e-01  1.24404751e-01  3.81299198e-01 -7.81839192e-02
  8.96046534e-02  1.43039271e-01  6.86718345e-01 -2.32965946e-02
  2.63341088e-02 -4.25095111e-03  2.88423419e-01 -5.73610842e-01
 -5.32405734e-01  7.19479099e-02 -1.30049605e-03 -1.44819304e-01
  6.34730577e-01 -4.21152353e-01 -6.95603967e-01  2.34770045e-01
  1.36166379e-01 -2.20029950e-02  1.23576693e-01  3.36067021e-01
 -8.65181722e-03 -7.02627189e-03  3.42860878e-01  2.92155653e-01
  1.72617987e-01 -2.37478197e-01  1.43704981e-01 -2.35615477e-01
  1.20142661e-02  7.17017055e-03 -2.72568941e-01  5.12343720e-02
  2.08717659e-01  1.29504815e-01  1.40444115e-02  3.60310078e-03
 -3.13560724e-01  4.80499774e-01  6.99851885e-02  1.72592893e-01
  5.40554821e-01  2.64295697e-01  1.70728285e-02  1.00573502e-01
  2.53891915e-01 -1.02333939e+00  8.89593661e-02 -3.06806922e-01
  5.99956572e-01 -7.06255794e-01  8.98908898e-02  1.28224149e-01
  8.80660489e-02  5.28960489e-04  7.79903680e-03  7.74878204e-01
 -5.47850132e-01  1.03116833e-01 -4.65526611e-01  1.75444171e-01
  4.85800266e-01  1.63829193e-01  2.68924713e-01  5.05789459e-01
  5.52779913e-01 -2.86054891e-03  3.97605747e-01  6.74750283e-02
  7.97856390e-01  1.37882620e-01 -2.42558181e-01  4.90709782e-01
  2.50718325e-01  5.76985776e-02  1.75482541e-01 -4.00804821e-03
  8.46288979e-01  5.57740778e-02 -2.62200177e-01  8.17100823e-01
  3.58461380e-01  4.84485388e-01  1.38601009e-03 -1.89845443e-01
 -2.71333188e-01  5.36138356e-01  7.13084862e-02  2.98795879e-01
  4.10019100e-01  2.88027018e-01  7.73723423e-01  1.03812099e-01
 -6.46234393e-01 -7.92980075e-01  5.65967485e-02  9.39779058e-02
  2.75821447e-01  3.17368329e-01  7.22700506e-02  9.43979248e-03
  2.73113847e-01 -1.10089809e-01 -4.25522983e-01  3.64243388e-02
 -1.97247311e-01 -2.24872679e-02  8.36913168e-01  2.12395772e-01
 -3.87644721e-03  2.63918322e-02  2.60030657e-01  8.40651274e-01
  4.12742615e-01  5.37645742e-02  5.22464931e-01  4.92401034e-01
  5.78073636e-02  5.18547833e-01  1.36688307e-01  2.86381006e-01
  7.41404593e-01  2.30083957e-01  8.04965854e-01  6.31686270e-01
  6.89569950e-01  7.50068724e-01  4.18911636e-01  3.44927758e-02
  5.68071902e-01  4.59737480e-01 -3.92997731e-03  2.34504402e-01
  8.00312877e-01  3.10970902e-01  9.16958526e-02  5.48479974e-01
  8.04794669e-01  3.99501204e-01  2.64350146e-01  3.67683351e-01
  5.20466983e-01  4.14533079e-01  5.07270098e-01]
{"epoch": 29, "train_loss": 0.22826209768306377, "val_mae": 0.30975738167762756, "val_corr": 0.524414878470415, "val_binary_acc": 0.6275115919629057, "val_binary_f1": 0.6866059817945385, "threshold": 0.0}
Labels: [ 1.          0.33333334 -0.6666667  -0.8333333  -0.33333334  0.
  0.5         0.          0.33333334 -0.5         0.33333334  0.
  0.5         0.5         0.6666667  -0.16666667  0.         -0.6666667
  1.         -0.33333334 -1.          0.         -0.33333334 -0.8333333
  0.16666667  0.33333334 -0.6666667   0.          0.          0.
  0.33333334 -0.8333333   0.5         0.16666667 -0.33333334  0.33333334
  0.          0.6666667   0.         -0.16666667  0.33333334  0.16666667
 -0.6666667  -0.5         0.          0.16666667  0.          1.
  0.33333334 -0.8333333   0.16666667 -0.16666667  0.16666667  0.16666667
  0.6666667  -0.5         0.         -0.6666667   0.5         0.6666667
 -0.16666667 -0.6666667   0.         -0.8333333   0.33333334 -0.16666667
 -0.5        -0.33333334 -0.8333333  -0.8333333  -0.5         0.5
  0.33333334  0.          0.5         0.33333334  0.6666667   0.6666667
 -0.16666667 -0.33333334  0.33333334  0.16666667 -0.33333334 -0.6666667
  0.          0.          0.16666667  0.          0.5         0.
  0.          0.          0.16666667 -0.8333333   0.          0.
  0.16666667  0.16666667  0.16666667  0.         -0.33333334 -0.8333333
  0.         -0.33333334  0.          0.33333334  0.         -0.8333333
 -0.33333334  0.         -0.5         0.          0.8333333   0.5
  0.5         0.33333334  0.          0.          0.6666667  -0.16666667
  0.75        0.8333333  -0.5         0.33333334  0.          0.16666667
  0.5         0.33333334  0.6666667  -0.5        -0.16666667  0.33333334
  0.8333333  -0.8333333   0.16666667  0.          0.          0.
 -1.          0.16666667  0.33333334 -1.          0.          0.
  1.          0.33333334 -1.          0.33333334 -0.16666667  0.16666667
  0.6666667  -0.6666667   0.          0.33333334 -0.16666667  0.16666667
  0.33333334  0.33333334  0.33333334  0.5         0.33333334 -0.16666667
 -0.6666667  -0.8333333   0.          0.16666667 -0.16666667  1.
  0.5         0.16666667  0.16666667 -0.16666667  0.16666667  0.33333334
  0.16666667 -0.33333334  0.          0.16666667  0.16666667  0.33333334
  0.         -0.8333333  -0.5         0.16666667  1.          0.16666667
  0.16666667 -0.8333333   0.         -0.16666667  0.6666667  -0.6666667
  0.5         0.33333334  0.16666667  0.          0.33333334  0.33333334
  0.          1.          0.25        0.33333334 -0.6666667  -0.8333333
  0.          0.16666667 -0.33333334  0.          0.5        -0.16666667
  0.16666667 -0.16666667  0.         -0.16666667  0.33333334  0.8333333
  0.8333333   0.5        -0.5         0.16666667 -1.          0.
  0.16666667 -0.8333333  -0.16666667 -0.33333334 -0.16666667 -1.
 -0.16666667  0.          0.5        -0.5        -0.5         0.33333334
  0.          0.33333334  0.33333334  0.          0.          0.6666667
  0.5         0.33333334 -0.8333333  -0.8333333   0.16666667 -0.16666667
  1.          0.8333333   0.5         0.16666667 -0.16666667 -0.16666667
  0.5        -0.5         0.5        -0.16666667  0.33333334  0.33333334
 -0.5         0.5        -0.6666667  -1.         -0.5        -0.16666667
  0.6666667  -0.33333334  0.          0.33333334  0.         -0.8333333
  0.33333334 -0.33333334 -0.16666667  0.33333334  0.          0.33333334
  0.6666667   0.5         0.16666667  0.16666667  0.08333334  0.
  0.5         0.6666667   0.16666667  0.          0.          0.
  0.          0.16666667 -0.33333334 -0.8333333  -0.16666667  0.
  0.16666667  0.          0.5         0.         -0.8333333   0.5
 -0.6666667  -0.8333333  -0.6666667   0.          1.          0.16666667
 -0.6666667   0.16666667  0.          0.          1.         -0.16666667
  0.          0.33333334  0.16666667  0.8333333   0.5         1.
  0.          0.          0.6666667   0.33333334  0.          0.
  0.          0.          1.          0.16666667  0.5        -0.33333334
  0.16666667  0.          0.33333334  0.         -0.16666667 -0.5
 -0.5         0.8333333   0.          0.16666667  0.         -0.8333333
 -0.6666667   0.          0.8333333   0.          0.          0.
  0.         -0.6666667  -0.33333334 -0.6666667   0.16666667  0.16666667
  0.16666667  0.33333334  0.33333334  0.8333333  -0.33333334  0.
  0.6666667   0.          0.          0.          0.33333334  0.
  0.33333334  1.          0.16666667  0.         -0.16666667  0.16666667
  0.33333334  0.          0.33333334 -0.8333333   0.6666667   0.5
  0.          0.8333333  -0.5        -0.16666667 -0.5         0.
  0.8333333  -0.16666667  0.6666667  -0.33333334  0.16666667 -0.8333333
  0.8333333  -1.          0.5         0.5         0.          0.16666667
  0.5         0.         -0.16666667  0.33333334  0.6666667   0.6666667
 -0.16666667  0.          0.6666667   0.16666667  0.          0.16666667
  0.5         0.33333334  0.6666667   0.6666667   0.33333334  0.5
 -0.6666667   0.5         0.8333333   0.5         0.          0.16666667
  0.         -0.8333333  -0.5        -0.16666667  0.8333333   0.
  0.33333334  0.         -0.6666667  -0.5        -0.16666667 -0.16666667
  0.          0.6666667   0.          0.5         0.          0.8333333
  0.          0.33333334  0.41666666  0.         -0.8333333  -0.33333334
  0.          0.16666667  0.          0.8333333   0.8333333   0.
 -0.6666667   0.         -0.16666667  0.          0.33333334  0.
  0.          0.         -0.6666667   0.         -0.33333334 -0.16666667
  0.         -0.6666667   0.6666667   0.16666667 -0.33333334 -0.6666667
 -0.8333333  -0.16666667 -0.8333333  -0.5        -0.6666667   0.16666667
 -0.33333334  0.          0.16666667  0.8333333  -0.33333334  0.33333334
  0.6666667   0.          0.16666667  0.          0.8333333   0.
 -0.16666667  0.33333334 -0.33333334  0.16666667  0.16666667 -0.33333334
 -0.33333334  0.5         0.33333334 -0.6666667   0.         -0.6666667
  0.          0.16666667 -0.16666667  0.5         0.6666667   0.
 -0.16666667  0.16666667  0.6666667  -0.5         0.5         0.
  0.         -1.         -0.6666667   0.          0.16666667 -1.
  0.5        -0.5         0.6666667   0.16666667 -0.8333333  -0.33333334
  0.         -0.16666667  0.8333333   0.          0.16666667  0.33333334
  0.6666667  -0.16666667  0.16666667  0.5         0.8333333  -0.6666667
  0.          0.33333334  0.6666667   0.         -0.16666667 -0.33333334
 -0.8333333   1.         -0.6666667   0.6666667   0.          0.6666667
  0.16666667  0.5         0.33333334 -0.8333333   0.          0.
  0.5         0.33333334  0.          0.          0.          0.
  0.          0.33333334 -0.5         0.          0.16666667  0.
  0.          0.          0.16666667  1.          0.6666667  -0.5
  0.33333334  0.          0.          1.          0.          0.5
  0.16666667  0.         -0.16666667  0.          1.          0.
  1.          0.          0.16666667  0.          0.16666667 -0.16666667
 -0.8333333  -0.33333334  0.          0.16666667  0.          0.16666667
  0.33333334  0.33333334 -0.8333333  -0.8333333   0.16666667  0.16666667
  0.9166667   0.16666667  0.5         0.6666667   0.33333334 -0.6666667
 -0.6666667   0.33333334 -0.6666667   0.          0.16666667 -0.16666667
 -0.8333333  -0.33333334 -0.6666667   0.33333334  0.5         0.33333334
  0.25        0.33333334  0.          0.33333334  0.          0.
  0.6666667   0.          0.8333333   0.6666667   0.5         0.33333334
  0.75       -0.16666667  0.25        0.          1.          0.33333334
  0.33333334  0.33333334  0.5         0.8333333   0.16666667  0.
  0.16666667  0.5         0.75        0.41666666  0.16666667]
Predictions: [ 3.31724674e-01  2.46085107e-01  8.93829465e-02 -3.37493867e-01
 -2.69310087e-01  1.22595981e-01 -1.00412309e-01 -1.64050058e-01
  4.98495370e-01 -7.93800473e-01  3.58551443e-02 -2.21998662e-01
  9.99911353e-02  4.76830527e-02 -3.65875810e-01  4.72915545e-02
  9.13346708e-02 -1.44851848e-01 -3.68679967e-03  5.25053322e-01
 -4.90390152e-01  1.35507643e-01 -1.27036721e-01 -5.32896161e-01
 -5.78594148e-01  3.73168260e-01 -4.37170208e-01 -1.02062196e-01
  9.39683057e-04 -8.41180012e-02  2.46230990e-01  2.29069516e-01
  1.79566845e-01 -3.91242560e-03  8.74699354e-02  4.00664687e-01
  4.27306205e-01  2.68720061e-01  3.19959044e-01  2.52044827e-01
  9.44397971e-02  2.44207103e-02 -4.15854394e-01 -2.06134841e-03
  1.24739140e-01  7.47576915e-03 -1.68337613e-01  4.03585285e-01
  1.31264687e-01 -7.64147758e-01  3.16734090e-02 -3.64814788e-01
  3.64183396e-01  8.29615816e-02 -2.28593349e-01 -8.12644124e-01
 -4.87781689e-02 -6.21091366e-01 -3.49736840e-01  3.18095058e-01
  6.31274804e-02 -9.35672045e-01  4.09661513e-03 -5.69210827e-01
  3.42299402e-01  1.94738939e-01 -3.22376579e-01 -1.57320872e-04
 -7.17087746e-01 -3.92288536e-01  3.18952799e-01  5.66292763e-01
  2.94445187e-01  1.07958317e-01  5.49405456e-01  3.01748753e-01
  4.31382090e-01  2.03618884e-01  3.43683451e-01 -3.73167872e-01
  5.47975242e-01  2.25847065e-01  2.67111212e-01  6.48245662e-02
  1.33118197e-01  4.72875506e-01 -6.23249542e-03 -7.36865913e-03
  4.34224039e-01 -5.52751124e-04  5.33106849e-02  1.84291974e-01
  1.44179121e-01 -2.13271782e-01 -3.37846041e-01  1.95543930e-01
 -8.26068036e-03  1.09961629e-01  7.85936415e-03  3.45946774e-02
 -2.27965936e-02 -5.51517069e-01  3.63786042e-01 -3.50179702e-01
 -3.93503815e-01  1.69215232e-01 -4.10182387e-01 -8.24691772e-01
 -3.64808366e-02 -2.60410216e-02 -4.79222983e-02  1.13837786e-01
  1.90736398e-01  3.94285858e-01  1.99888885e-01  1.39719397e-01
  4.30330634e-02 -3.54846753e-03  5.64847589e-01  1.95500582e-01
  4.19495523e-01  5.48352063e-01  9.50767696e-02 -7.65762255e-02
  3.39136988e-01  3.47172976e-01 -7.20229149e-02 -6.29875883e-02
  4.77981657e-01 -5.18821299e-01 -2.84223646e-01 -1.43041397e-02
  1.62489995e-01 -4.15351868e-01  5.62411547e-03  2.18833148e-01
 -7.12234015e-03  1.63362306e-02 -1.70434430e-01  3.85135293e-01
  1.67509075e-02 -1.03274822e+00 -2.12758154e-01  2.65012439e-02
 -6.94991052e-01  2.52036750e-01 -4.86081451e-01  2.66580969e-01
 -4.42314595e-01  8.32474977e-02  5.16433656e-01 -5.80458343e-01
  3.25245261e-02  1.31758619e-02  1.49633169e-01  5.41834608e-02
  2.59055823e-01  5.02776921e-01  3.88576835e-02  2.38446310e-01
  2.56337792e-01  3.32378685e-01 -9.53548402e-02 -3.78963560e-01
  4.39473659e-01  2.12341752e-02 -9.43802074e-02  1.17122054e-01
  4.39117551e-01  2.24892035e-01 -2.34481379e-01 -3.55630994e-01
  2.03180596e-01 -4.47487980e-01  4.73055020e-02  3.78067195e-02
  2.17481375e-01  3.65729928e-01 -2.01832220e-01  3.67745161e-01
 -9.24887136e-03 -5.70968270e-01  1.94838107e-01  2.87417974e-02
  7.60852098e-02  2.48604178e-01  1.27760664e-01 -1.75725743e-01
 -3.07851642e-01 -8.03019047e-01  5.99729896e-01 -3.95407975e-01
  6.06953204e-02  3.61871362e-01  8.16978812e-02  3.61723870e-01
  9.15032439e-03 -8.95905644e-02  3.20619792e-01  5.69613934e-01
  3.41186523e-01  2.73299873e-01 -5.44768929e-01  1.02960408e-01
  3.37640226e-01  3.82571638e-01 -5.14089286e-01 -5.35210269e-03
  1.87508002e-01 -4.94569004e-01  1.49470940e-01 -2.22403482e-01
  2.96474725e-01 -3.58389080e-01 -2.13438362e-01  2.84356564e-01
  2.11663872e-01 -1.68777257e-01 -7.04655051e-01  2.75866717e-01
 -7.48885944e-02 -4.31325566e-03  3.30199063e-01 -6.84923679e-02
 -6.44551694e-01  1.30781591e-01  4.07311767e-01 -2.45999219e-03
 -7.26723909e-01  2.41608590e-01  2.87252367e-01 -2.87697703e-01
 -5.37552610e-02  2.78211236e-01  3.30023438e-01  3.38715911e-01
  4.70803976e-01  4.59122360e-02  1.97138146e-01  6.82592243e-02
  4.57821190e-01 -1.66932940e-01 -2.34398380e-01 -5.83981991e-01
  3.95536393e-01  1.32484987e-01 -3.92823070e-01  1.06999263e-01
  5.89813292e-01  4.00088169e-03  3.52210581e-01 -6.74722612e-01
  3.38313848e-01 -4.90452722e-03  5.86109877e-01 -2.91479155e-02
  6.50789440e-02 -4.39644337e-01 -3.09474260e-01  3.03168297e-01
 -8.11233461e-01 -9.66191530e-01 -5.18652618e-01  1.48704574e-01
 -2.49148831e-01 -1.26616834e-02  7.77452290e-02 -1.02857523e-01
 -1.34549990e-01 -6.48437977e-01  5.28810680e-01  1.32390320e-01
  2.13696405e-01  8.15075785e-02 -5.32743288e-03  1.08398050e-01
  5.85417226e-02  4.26186621e-01  4.88045245e-01  3.15829426e-01
  2.80845344e-01 -1.46452695e-01  2.09659308e-01 -3.08462471e-01
  4.18178678e-01  1.18857533e-01 -4.72547323e-01 -3.84161800e-01
  6.12599850e-01  4.45336550e-02 -7.09892750e-01 -1.02799416e+00
 -7.69208595e-02  5.13307825e-02 -6.25141524e-03  3.21125314e-02
  1.33988723e-01  2.22303376e-01 -7.91605175e-01  1.06964350e-01
 -2.47256503e-01 -5.54666162e-01 -2.85648406e-01  9.15835872e-02
  4.43127215e-01 -1.22139931e-01 -8.29481065e-01  5.49346581e-03
  1.90438464e-01  1.29274298e-02  4.00581568e-01 -6.58020154e-02
  2.09977239e-01  1.98495895e-01  5.22238687e-02  1.30978882e-01
  3.50931376e-01  3.19165051e-01  1.49074137e-01  4.16237205e-01
  3.94430578e-01  2.28234828e-01  5.69456257e-04  8.99461843e-03
  3.51123512e-01  2.49513388e-01 -1.04108080e-01 -6.29926920e-02
  6.50769889e-01 -1.33369237e-01  3.17272246e-01 -4.06436443e-01
  2.05996290e-01 -4.28687129e-03 -1.10726118e-01 -3.23226690e-01
 -4.15369958e-01 -4.22551250e-03 -3.44135612e-03 -2.56377697e-01
 -4.96956939e-03 -8.26421738e-01  1.95681795e-01  3.65729600e-01
  4.52517480e-01  4.35545146e-01 -4.85288113e-01 -6.43111706e-01
  1.61329471e-03 -7.29707360e-01 -2.39077926e-01 -6.65576875e-01
  1.35424420e-01  7.53593631e-03  1.97945833e-01  2.85246581e-01
  4.19486016e-01  4.08570349e-01  4.34935778e-01  4.29046392e-01
  3.05104077e-01  4.50740308e-01  1.02842070e-01 -4.66850121e-03
  4.91333872e-01  1.17881507e-01 -1.47707373e-01 -5.78368455e-02
  3.73718798e-01 -7.89342299e-02  1.48698628e-01 -3.99098277e-01
  3.02089274e-01  6.66842423e-03  9.90111195e-03  4.64114770e-02
  1.68784156e-01  7.94461444e-02  2.58430958e-01  4.02262002e-01
 -4.13592830e-02  8.42181034e-04 -5.35989404e-01  1.88514605e-01
  3.94464850e-01  3.47711116e-01 -1.43679315e-02 -6.08614683e-01
  1.94625836e-02 -5.41216195e-01  5.93746126e-01 -7.47014463e-01
  3.34268868e-01  2.76674423e-02  2.07369030e-01  3.87160480e-01
  3.14788043e-01  3.21591273e-04 -4.84217182e-02  3.26666415e-01
 -1.43070415e-01  3.84631991e-01 -9.02451202e-03 -6.28521442e-02
  5.64062178e-01  2.63600171e-01 -1.94684744e-01 -2.10296303e-01
  1.99121445e-01 -3.25868100e-01  3.84946525e-01  1.47780888e-02
 -2.56071463e-02 -9.67579149e-03  1.48530364e-01  3.39303017e-01
  9.73085500e-03  6.19599670e-02  3.67882289e-03  2.21440017e-01
 -4.42056777e-03  2.58097108e-02  3.34062219e-01 -7.35677421e-01
 -2.58346885e-01  3.08005124e-01 -2.58307129e-01  4.91104648e-02
 -5.53660154e-01 -7.44871557e-01  4.98553962e-01 -5.34935892e-01
  6.03087693e-02  1.57120466e-01  4.02718633e-01  5.02973720e-02
  1.29754514e-01  2.62446374e-01  5.20338770e-03  3.07930201e-01
  3.46679091e-01  5.42033650e-03 -3.17319453e-01 -2.49308407e-01
  2.89779663e-01  2.33023062e-01 -1.08110113e-02 -5.56084454e-01
  3.70514184e-01 -4.05850053e-01 -4.96554911e-01  1.53017625e-01
  4.31431293e-01  1.95630416e-02 -3.86564713e-03 -1.57548413e-02
  3.55396345e-02 -1.14835106e-01 -7.58421481e-01  5.32019213e-02
 -3.29759538e-01 -3.17321807e-01  2.47358363e-02 -2.73762215e-02
 -4.27169591e-01  3.62000942e-01 -6.02498591e-01 -4.00524229e-01
 -4.43318367e-01 -8.63924548e-02  2.16552883e-01 -5.37019894e-02
  1.19569153e-03 -2.46886015e-02  2.06634421e-02  2.50611752e-01
  1.30762547e-01  1.65910900e-01 -2.49512613e-01 -9.61044133e-02
  4.18336332e-01 -1.94915757e-02 -2.33875122e-03 -7.26853460e-02
  2.85012603e-01  2.51882732e-01 -4.14112862e-03  8.89704525e-02
  3.09298560e-03 -6.44475341e-01  1.56182915e-01 -8.50580871e-01
 -4.53309044e-02  4.07285631e-01 -7.74841756e-05 -8.29043329e-01
  1.64089892e-02  1.03798211e-02  3.25330377e-01  4.45538491e-01
 -2.91811496e-01 -5.81385642e-02  2.64921159e-01 -2.70949274e-01
  3.81619409e-02  2.09720880e-01  4.51469094e-01 -3.04746598e-01
  1.78827774e-02 -4.07680171e-03  2.16975331e-01 -5.59892833e-01
 -6.70164824e-01  1.89161092e-01 -4.81105782e-03 -5.95859587e-01
  2.57854700e-01 -1.83135599e-01 -1.99132159e-01  2.29858607e-01
 -1.10300537e-02 -7.38204122e-02  4.55399036e-01  3.95599976e-02
 -1.13326140e-01 -7.01116212e-03  3.17123711e-01  4.48019654e-02
  1.92489117e-01 -2.69416928e-01  1.39429256e-01 -3.11347365e-01
  3.15996319e-01 -3.65874879e-02 -2.89908528e-01 -1.43807545e-01
 -2.74424314e-01  9.83283445e-02  5.44752032e-02 -3.61806806e-03
 -6.79533362e-01  2.61851043e-01  2.53655780e-02 -9.38462764e-02
  4.51931030e-01  1.96408510e-01 -6.32191151e-02  1.50350165e-02
  4.12376106e-01 -8.93826485e-01 -2.74102002e-01 -3.78176540e-01
  5.16512275e-01 -4.27641869e-02  1.42821129e-02  1.54244661e-01
  9.60636437e-02 -4.03287038e-02 -7.43143167e-03  6.10431373e-01
 -5.59834898e-01 -9.73946601e-02 -6.59165740e-01  1.70964465e-01
  4.07397956e-01  3.35456133e-01 -9.43204463e-02  2.65146881e-01
  5.31098723e-01  5.47184721e-02  2.89293945e-01 -1.94908828e-01
  5.34708679e-01 -9.15870517e-02 -4.85326797e-01  3.14698011e-01
 -9.48971808e-02 -4.07023355e-02  4.05870229e-02 -5.90769993e-03
  6.92798316e-01  1.12459436e-01 -5.07952511e-01  6.71620071e-01
  3.05948526e-01  3.54610175e-01 -7.00971708e-02 -3.64422500e-01
  6.72241300e-03  5.00603437e-01  3.22673097e-02  1.26747504e-01
  4.01412278e-01  1.99752122e-01  2.06041098e-01  1.02718465e-01
 -4.46248442e-01 -7.92275310e-01  4.04044360e-01  8.23705941e-02
 -1.00772522e-01  3.42995584e-01 -2.72221148e-01 -2.75115930e-02
  3.50788832e-01 -2.76043355e-01 -5.15062869e-01  1.92418378e-02
 -1.69617102e-01 -4.61657643e-02  5.46575010e-01  1.62586987e-01
 -7.80832116e-03 -5.85620385e-03  1.56148762e-01  6.89893723e-01
  3.67549419e-01 -3.87488445e-03  4.10829514e-01  4.21493828e-01
  7.27954879e-02  3.59463036e-01  1.88239262e-01  1.53429583e-01
  3.36601794e-01  2.16488391e-01  6.23345315e-01  4.20712113e-01
 -2.69987404e-01  5.20247042e-01  2.27092415e-01 -1.41365275e-01
  2.16713622e-01  2.51258016e-01 -3.78286719e-01  2.82607466e-01
  6.07599556e-01  3.37673515e-01  5.30677855e-01  3.15186501e-01
  4.43942606e-01  3.32454830e-01  1.41035140e-01  2.42965192e-01
  4.79429871e-01  1.68418929e-01  4.97770756e-01]
{"epoch": 30, "train_loss": 0.24026656809241273, "val_mae": 0.30530107021331787, "val_corr": 0.5206712984079037, "val_binary_acc": 0.6491499227202473, "val_binary_f1": 0.6686131386861314, "threshold": 0.0}
Labels: [0.5        0.16666667 0.         ... 0.         0.         0.        ]
Predictions: [ 0.24380004  0.06575005  0.03626008 ... -0.43222365  0.01199509
  0.6896612 ]
{"split": "test", "best_epoch": 22, "best_val_mae": 0.2982836663722992, "test_mae": 0.2954694926738739, "test_corr": 0.6212164469432475, "test_binary_acc": 0.688588007736944, "test_binary_f1": 0.7364975450081834, "threshold": 0.0}
Predictions saved at: /hpctmp/scratch/e0968015/mosei/FusionRuns/audio_guided_attn_run4/preds_test.json
{"done": true, "best_ckpt": "/hpctmp/scratch/e0968015/mosei/FusionRuns/audio_guided_attn_run4/best_audio_guided_attn.pt", "test": {"mae": 0.2954694926738739, "corr": 0.6212164469432475, "binary_acc": 0.688588007736944, "binary_f1": 0.7364975450081834}}
