[info] Job ID: 375451.venus01
[info] Host: cnode-33-43-20
[info] Project dir: /home/svu/e0968015/experiments
[info] Dataset dir: /hpctmp/scratch/e0968015/chsims
[info] Features: /hpctmp/scratch/e0968015/chsims/Processed/features.pkl
[info] Out dir: /hpctmp/scratch/e0968015/chsims/FusionRuns/audio_guided_attn_run3
Loading anaconda3
  Loading requirement: /app1/modules/root/NUSREC gcc-4.8.2
[info] python: /home/svu/e0968015/.conda/envs/msa-unimodal/bin/python
Python 3.10.6
Data loaders initialised
Model initialised
Trainer initialised
Labels: [-1.   0.6 -1.   1.  -1.  -0.8 -0.2 -1.   0.6  0.2 -0.6 -0.2 -1.   1.
 -1.  -1.   0.   0.6 -1.  -1.   1.  -0.8  1.   1.  -1.   1.  -1.   1.
 -1.  -1.  -1.   1.  -1.  -0.4 -0.6  0.2  1.   0.8  0.   0.2  0.8 -0.8
  1.  -1.  -1.  -1.   0.8 -1.   0.8 -1.   1.   0.2  0.   1.  -1.  -0.6
 -0.2 -1.   0.4 -1.   1.   0.8 -1.   0.2 -0.6  0.   0.2 -1.  -1.  -1.
  1.   1.  -1.  -1.  -1.  -1.  -0.2 -0.6 -1.  -1.  -0.2  0.   0.8  0.4
  0.   0.  -0.2  0.  -0.6 -1.  -1.  -0.6 -1.  -0.6  0.6 -0.2 -1.  -0.2
 -1.  -0.4 -0.4  0.2  1.  -1.  -1.   1.   0.  -0.4 -1.   1.   0.6 -1.
 -1.   0.  -0.8 -1.   0.4  0.6  0.4 -1.  -0.4 -0.6 -0.4 -0.4 -1.  -0.4
 -0.4 -1.   1.   1.  -0.8 -0.2  1.  -1.  -0.2  0.6  1.  -1.   1.   0.6
 -0.2 -1.  -1.   0.  -1.  -0.4 -1.  -0.6 -0.4 -0.2  0.6  0.4  0.6 -0.4
  1.  -0.6 -1.   0.2 -1.   0.2  0.   0.  -0.6 -0.4 -0.6  1.  -1.  -1.
 -1.   1.   0.   1.  -0.6  1.  -1.  -1.  -1.  -1.   0.6  0.   0.6 -1.
 -1.   0.6  0.8  1.  -0.6  0.  -0.2 -1.  -1.   0.  -0.2 -0.2  0.4  0.6
  1.  -1.  -0.2 -1.   0.  -0.4 -1.   0.4 -0.6 -0.4 -1.   0.2  0.   0.
  0.   0.8  1.   0.  -0.4  1.  -1.   0.   0.2 -0.4  0.   0.8  0.   0.
  0.  -1.  -1.  -1.  -1.  -1.  -1.  -0.8 -1.  -1.   0.  -1.  -1.  -0.6
  0.   0.  -0.6 -1.   0.  -0.8  0.   0.8  0.6 -0.2  0.   1.   0.  -1.
 -1.  -0.6 -1.  -0.6 -0.4 -0.6  1.   0.   0.2  0.8 -0.2 -1.  -1.  -1.
 -1.   0.6 -1.  -1.  -0.2  1.  -0.2 -0.2  1.   0.2 -0.4  0.   0.4  1.
  0.   0.   0.2  0.4  0.   0.  -0.6 -1.  -0.2  0.4  0.  -1.  -0.4  0.
  0.   0.2  0.2 -0.2 -0.8 -1.  -1.  -0.2  0.4  0.2 -0.2  0.6  0.   0.2
  0.8  0.8  0.  -1.  -0.2 -0.8  0.   0.6 -0.8 -0.6  0.2  0.4  0.  -0.4
 -0.6 -0.2  0.6  0.   0.  -0.8 -0.2  0.  -0.2  0.   0.  -0.4  0.  -0.8
 -0.8 -0.8  0.6 -1.   0.6 -1.  -0.8 -1.   1.  -0.6 -1.  -1.   1.   1.
  0.2  0.8  1.   0.6 -0.2  0.2 -0.8 -1.  -1.  -0.2  0.2  1.  -0.8 -0.4
 -1.  -0.8 -0.6 -1.   0.  -0.8  0.6 -1.   1.   0.8 -0.2  0.  -0.6 -1.
 -1.   0.   1.   0.2  1.  -1.   0.8  0.4 -1.   1.  -0.8 -0.2 -0.8 -0.4
 -1.   0.   0.   0.  -0.4  0.  -0.4  0.   0.  -0.8  0.  -0.2 -0.6  0.8
  0.   0.6 -0.2 -1.  -0.2 -1.   0.6 -0.6  0.   0.   0.6  1.  -0.8 -1.
  1.   0.2  1.  -1.  -0.6 -0.8 -1.   1.   0.  -1.   1.  -0.2  0.  -1.
 -1.  -0.8  0.2  0.4 -0.4  0.   1.  -0.2 -0.2 -0.2  0.2 -0.8  0.8 -1.
 -1.  -1.   0.4 -0.8 -1.  -1.   0.4  0.2  0.8  0.8 -0.6  0.8  0.8 -0.8
  0.6  0.6 -0.8 -0.2 -0.4  0.8 -0.2  0.  -0.8 -0.4  0.8  0.6 -0.6 -0.8
 -0.6  0.8  0.6  0.6 -0.2  0.   0.4 -0.6 -0.6 -0.6  0.6  0.8  0.  -1.
 -0.6  0.   0.4  0.6  0.   0.   0.8 -0.6  0.2  0.6  0.8  0.8 -0.8 -0.4
  0.   0.6 -1.   0.8 -0.6  0.6  0.8  0.8  0.2 -0.8  0.6  0.4  0.8  0.
 -0.6  0.4 -0.6  0.   0.6  0.  -0.6  0.4  0.2 -0.8  0.6 -0.2  0.  -0.8
  0.6  1.  -0.8 -1.  -0.6  0.8  0.6  0.8  0.6  0.8  0.8  0.  -0.8  0.
  0.6 -0.6  0.6 -0.6  0.8 -0.8 -0.8 -0.6  0.6 -0.2  1.   0.  -0.8  0.6
 -1.  -0.6 -0.6  0.8 -0.8  0.   0.6  0.6  0.6  0.4  0.6 -0.8 -0.6  0.8
  0.8 -0.8  0.6 -0.6 -0.8 -0.6 -0.8 -1.   0.6 -0.8  0.4 -0.4 -0.6 -0.6
 -0.2 -0.8  0.6 -0.6  0.4  0.2 -0.8  0.2  0.8  0.6  0.4  0.  -0.8 -0.6
  0.6  0.6 -0.4  0.8  0.6 -0.6  0.6  0.   0.  -0.8 -0.4 -0.6  0.  -0.8
 -0.8  0.6  0.6  0.6  0.6  0.4  0.6 -0.8  0.  -0.4  0.6  0.6  0.6 -0.2
  0.6 -0.4  0.6  0.  -0.6  0.6 -0.2 -0.6  0.8  0.6  0.6  0.   0.2  0.8
  0.  -0.4  0.2]
Predictions: [-0.28263384  0.3080819  -0.7810633  -0.12561576 -0.8315209   0.30862036
  0.85422385 -0.19300373 -0.38140213  0.03205903  0.8068181  -0.6580831
  0.03565463  0.18695787 -0.61233556  0.11311933  0.2894183   0.350378
  0.25081596 -0.40909544 -0.05570837 -0.1396803   0.29933774 -0.2322547
 -0.14699763  0.44844273 -0.5283506   0.14179353 -0.5882026  -0.40145034
 -0.20324355 -0.21650371 -0.22072539 -0.5490686  -0.2664544   0.42346013
  0.20345229  0.08747609 -0.20047742 -0.20761761 -0.14438225 -0.15801096
  0.29208782 -0.525958   -0.636912   -0.2976305   0.70101106 -0.2591854
  0.0110107  -0.66203666  0.19735509 -0.07577921 -0.04576113  0.6083081
  0.03894366 -0.14582126 -0.23886783 -0.47530234 -0.5090398  -0.32564875
 -0.20536874  0.4231887   0.0348646   0.34190023 -0.45386076 -0.4095596
 -0.51650953 -0.76977754 -0.33253914 -0.5393653   0.24912477  0.25003004
 -0.788664    0.06605739 -0.20825632 -0.26366127 -0.14216834 -0.38910604
 -0.16336322 -0.49256012 -0.21909688 -0.3187336  -0.1164831   0.31412172
  0.49857357  0.09297536 -0.3921775   0.22315511 -0.7917342   0.20707008
  0.13001207 -0.31220022 -0.41878298  0.20105141  0.82973707 -0.12531355
 -0.30324233  0.34510693 -0.99519086 -0.05561671  0.0539334  -0.15638918
 -0.3368264  -0.7913697  -0.30355203  0.6711129   0.05527765 -0.30737147
 -0.37557206 -0.44765925  0.10935587  0.13290483 -0.45220518  0.24224293
  0.07920264 -0.43546936  0.29645133  0.17396632  0.19708624  0.07759757
 -0.27510267  0.29786673  0.15558383  0.15322837  0.5094305  -0.4953566
 -0.2081261  -0.13807666  0.561962    0.99283123 -0.2931146  -0.1032061
  0.13870989 -0.5384842  -0.5414864   0.3694154   0.08806613 -0.6529124
 -0.08944535  0.3390811  -0.10680986  0.06006323 -0.07601433 -0.22393833
 -0.13208245  0.1939714  -0.21221273  0.2126812  -0.7289771  -0.26826563
  0.87221134 -0.21006821  0.31394252 -0.17823872  0.38420957  0.30323833
 -0.5237219  -0.15035492 -0.07904708  0.2856315   0.05996785  0.3348753
 -0.2415404   0.27201435 -0.7247511  -0.48376855 -0.6534184  -0.7240981
 -0.47562832  0.78901124  0.14763176  0.23383123 -0.3679691   0.125947
 -0.3551804  -0.797452   -0.16687638 -0.60718966 -0.67160654  0.45070997
  0.1149407  -0.475723   -0.5027274  -0.12294096 -0.28063738  0.7235501
 -0.19587007 -0.1065582  -0.05247785 -0.09911039 -0.24275766  0.07598677
  0.30352738 -0.19926637 -0.20339812  0.36850247 -0.43106514 -0.7557992
  0.5195534  -0.5003449  -0.10474306  0.5218046  -0.2197218  -0.25025925
 -0.2532301  -0.24190544 -0.18436679  0.35645518  0.17944944 -0.38630068
 -0.37780213 -0.04971892 -0.17751291  0.44245386 -0.26015437  0.39046487
  0.0504501   0.03086217  0.08165434 -0.6120969  -0.6006533   0.03047965
 -0.10214353 -0.35480368  0.20172042 -0.11305828  0.24175182  0.05452236
 -0.65979624 -0.332383   -0.9606875   0.18451501  0.2239789  -0.12399994
 -0.09899454 -0.6256536  -0.20711587 -0.2689315   0.4965932   0.40574443
  0.44427952 -0.34171647 -0.3657203  -0.08058376  0.3497465   0.63139546
  0.3384005  -0.14128077  0.01105655  0.5167681  -0.30216986 -0.5274836
  0.01537053  0.7688341  -0.24600832 -0.12319469 -0.03666021 -0.09526901
  0.5671549   0.10306843  0.14760791  0.08836566 -0.53112006  0.12535754
 -0.1764941   0.36518052  0.30625668 -0.30295712 -0.64251876  0.04574742
 -0.48049006 -0.10293257  0.4624019  -0.29420325  0.30520517  0.7135869
 -0.04112667  0.02474733  0.3374757   0.28674397  0.05158466  0.34581038
 -0.2734903   0.22072029 -0.10146397 -0.39769813 -0.6144961  -0.13783607
  0.31187558 -0.06424908  0.17173752 -0.05255264 -0.05271477  0.19634208
 -0.09951808  0.03413554 -0.1721004  -0.04277357 -0.2885966  -0.5305592
 -0.6928716  -0.5069101   0.5055704  -0.7378621  -0.28481975 -0.3667175
 -0.15548494  1.0751172   0.31183353  0.4578093  -0.34618625 -0.93291306
 -0.2732042  -0.10493425  0.65478075  0.42135397 -0.01902582 -0.03994932
  0.17436475  0.8101239   0.425925   -0.04104564 -0.39700526 -0.38815087
 -0.08443721  0.03150036  0.17187023  0.00431141 -0.04518962 -0.3985325
  0.31090814  0.44070756  0.04046235 -0.08027536  0.1900096  -0.10254477
 -0.34857208 -0.11479286 -0.29902732 -0.01702166  0.04288701  0.03182307
 -0.3027871  -0.6368506  -0.11649587 -0.06270158 -0.60316455 -0.47599214
  0.02679733 -0.44934824 -0.19029878  0.4846945   0.13054281 -0.02742315
 -0.14329168  0.2673361  -0.56506777  0.06009977 -0.40864274  0.69835615
  1.2724825   0.3407444   0.7848176   0.6418289  -0.98478925 -0.02128275
  0.14658736 -0.38297743 -0.03493537  0.35793054 -0.3241797  -0.22525215
 -0.1686421  -0.5091646  -0.13021842  0.18811966 -0.22779924  0.37203333
 -0.08440301 -0.1633977  -0.45340636 -0.01561861  0.4155428  -0.6253227
  0.50512004 -0.31424332 -0.16279314 -0.26744318  0.38191894  0.20697293
 -0.16118604  0.29009062  0.0178986  -0.1867602   0.24724868  0.6034466
 -0.09417097 -0.2821151   0.08913842 -0.07428448 -0.63190055  0.0370917
 -0.54152143 -0.08307855  0.08227658  0.4509299   0.5437522   0.00962798
  0.18202902 -0.80193806  0.08419141 -0.04772886  0.12178543  0.20109376
  0.29812732  0.2652223   0.0532338  -0.6686536  -0.31952688 -0.40980017
  0.34225795 -0.2597708   0.26257142  0.10262005 -0.28804326 -0.08374713
  0.37920848 -0.14268935 -0.31493267 -0.12325019  0.03591398 -0.07085373
  0.12552848 -0.27891642  0.21081123 -0.6866611  -0.23764437  0.5630512
  0.04578558  0.17716733 -0.17212449  0.0414689  -0.11199387 -0.41316834
  0.7852526  -0.7038274  -0.06117878 -0.9220302  -0.35086742 -0.7983396
  0.23141065 -0.6058806  -0.06246935  0.11399689 -0.00180977  0.13487889
  0.64450395  0.8443748  -0.60412467  0.3335661  -0.18083923  0.10057707
 -0.03198138  0.27986374  0.04429148 -0.6626587  -0.49462697  0.5167935
 -0.6666037   0.35004857 -0.24307829 -0.07247756 -0.39385292  0.35523432
 -0.16245508 -0.48736447 -0.45667186  0.43045515 -0.02474526  0.39558375
 -0.26388115 -0.20181625  0.8530437  -0.06536454 -0.2612379  -0.22566885
 -0.05642996  0.37183845  0.43069735 -0.39538255 -0.3426704  -0.12730226
  0.15148601  0.44754824 -0.15524992  0.49564382  0.31758252  0.29561466
  0.25864384  0.72032523  0.21567616  0.50111604 -0.68222857 -0.30232164
 -0.04626273  0.13487163 -0.24864407  0.69584477 -0.107891    0.480513
  0.34322724  0.20204267  0.41146508 -0.22649531  0.2664053   0.24355152
  0.15825672  0.63429797 -0.21061741  0.488503   -0.40336576 -0.3347555
  0.35567817 -0.04255646  0.08075595  0.07480291  0.55322266 -0.40026504
  0.01449995  0.03494714  0.04100762 -0.6151062   0.36196446  0.7932459
 -0.36078656 -0.37656823 -0.37387887  0.6131265   0.44954076  0.8668655
 -0.02939673  0.6282122   0.18131293  0.7112919   0.04773808  0.22939885
  0.30476558  0.08693562 -0.18859015 -0.47487932  0.2870724  -0.46370044
 -0.4779262  -0.2086393  -0.10498644 -0.03062513 -0.12431483 -0.19407335
 -0.44969964  0.5145308  -0.8058562  -0.41387716 -0.37627473 -0.20807011
 -0.01450632  0.21216312  0.9805144   0.3421732   0.0254866   0.35448334
  0.09334263 -0.13114631  0.4704757   0.7120577  -0.01222865  0.32305974
  0.39061698  0.2619244   0.01643234 -0.21084821  0.1498136  -0.10825014
  0.5092585  -0.19437683  0.7538253   0.6868001   0.19915468  0.32876685
 -0.49040368 -0.23239088 -0.19873703  0.3342897   0.39287427  0.7848966
 -0.4120341   0.41670462  0.3302201   0.49845466 -0.14228144  0.7433684
 -0.03260508 -0.48324618  0.79845107  0.64524484  0.48766223  0.11298703
  0.82192516 -0.2653938   0.25815153 -0.10550334 -0.1825043  -0.51465917
 -0.5771632  -0.24733078 -0.47054085 -0.20838827 -0.32285073  0.68098855
  0.75496185  0.8636763  -0.0046605   0.14734337  0.47119012 -0.2090537
  0.912122   -0.25686905  0.73576176  0.32071927  0.48852226  0.47757342
  0.35677704  0.28272408 -0.3005318   0.21597096  0.04455076  1.1283034
 -0.12822828  0.28010514  0.07207447  0.7182112   0.4766765  -0.18163511
  0.44012704  0.46103987 -0.16850294  0.13360101 -0.26162   ]
{"epoch": 1, "train_loss": 0.5660156371981598, "val_mae": 0.5056132674217224, "val_corr": 0.4662638406752598, "val_binary_acc": 0.6723338485316847, "val_binary_f1": 0.6015037593984963, "threshold": 0.0}
Labels: [-1.   0.6 -1.   1.  -1.  -0.8 -0.2 -1.   0.6  0.2 -0.6 -0.2 -1.   1.
 -1.  -1.   0.   0.6 -1.  -1.   1.  -0.8  1.   1.  -1.   1.  -1.   1.
 -1.  -1.  -1.   1.  -1.  -0.4 -0.6  0.2  1.   0.8  0.   0.2  0.8 -0.8
  1.  -1.  -1.  -1.   0.8 -1.   0.8 -1.   1.   0.2  0.   1.  -1.  -0.6
 -0.2 -1.   0.4 -1.   1.   0.8 -1.   0.2 -0.6  0.   0.2 -1.  -1.  -1.
  1.   1.  -1.  -1.  -1.  -1.  -0.2 -0.6 -1.  -1.  -0.2  0.   0.8  0.4
  0.   0.  -0.2  0.  -0.6 -1.  -1.  -0.6 -1.  -0.6  0.6 -0.2 -1.  -0.2
 -1.  -0.4 -0.4  0.2  1.  -1.  -1.   1.   0.  -0.4 -1.   1.   0.6 -1.
 -1.   0.  -0.8 -1.   0.4  0.6  0.4 -1.  -0.4 -0.6 -0.4 -0.4 -1.  -0.4
 -0.4 -1.   1.   1.  -0.8 -0.2  1.  -1.  -0.2  0.6  1.  -1.   1.   0.6
 -0.2 -1.  -1.   0.  -1.  -0.4 -1.  -0.6 -0.4 -0.2  0.6  0.4  0.6 -0.4
  1.  -0.6 -1.   0.2 -1.   0.2  0.   0.  -0.6 -0.4 -0.6  1.  -1.  -1.
 -1.   1.   0.   1.  -0.6  1.  -1.  -1.  -1.  -1.   0.6  0.   0.6 -1.
 -1.   0.6  0.8  1.  -0.6  0.  -0.2 -1.  -1.   0.  -0.2 -0.2  0.4  0.6
  1.  -1.  -0.2 -1.   0.  -0.4 -1.   0.4 -0.6 -0.4 -1.   0.2  0.   0.
  0.   0.8  1.   0.  -0.4  1.  -1.   0.   0.2 -0.4  0.   0.8  0.   0.
  0.  -1.  -1.  -1.  -1.  -1.  -1.  -0.8 -1.  -1.   0.  -1.  -1.  -0.6
  0.   0.  -0.6 -1.   0.  -0.8  0.   0.8  0.6 -0.2  0.   1.   0.  -1.
 -1.  -0.6 -1.  -0.6 -0.4 -0.6  1.   0.   0.2  0.8 -0.2 -1.  -1.  -1.
 -1.   0.6 -1.  -1.  -0.2  1.  -0.2 -0.2  1.   0.2 -0.4  0.   0.4  1.
  0.   0.   0.2  0.4  0.   0.  -0.6 -1.  -0.2  0.4  0.  -1.  -0.4  0.
  0.   0.2  0.2 -0.2 -0.8 -1.  -1.  -0.2  0.4  0.2 -0.2  0.6  0.   0.2
  0.8  0.8  0.  -1.  -0.2 -0.8  0.   0.6 -0.8 -0.6  0.2  0.4  0.  -0.4
 -0.6 -0.2  0.6  0.   0.  -0.8 -0.2  0.  -0.2  0.   0.  -0.4  0.  -0.8
 -0.8 -0.8  0.6 -1.   0.6 -1.  -0.8 -1.   1.  -0.6 -1.  -1.   1.   1.
  0.2  0.8  1.   0.6 -0.2  0.2 -0.8 -1.  -1.  -0.2  0.2  1.  -0.8 -0.4
 -1.  -0.8 -0.6 -1.   0.  -0.8  0.6 -1.   1.   0.8 -0.2  0.  -0.6 -1.
 -1.   0.   1.   0.2  1.  -1.   0.8  0.4 -1.   1.  -0.8 -0.2 -0.8 -0.4
 -1.   0.   0.   0.  -0.4  0.  -0.4  0.   0.  -0.8  0.  -0.2 -0.6  0.8
  0.   0.6 -0.2 -1.  -0.2 -1.   0.6 -0.6  0.   0.   0.6  1.  -0.8 -1.
  1.   0.2  1.  -1.  -0.6 -0.8 -1.   1.   0.  -1.   1.  -0.2  0.  -1.
 -1.  -0.8  0.2  0.4 -0.4  0.   1.  -0.2 -0.2 -0.2  0.2 -0.8  0.8 -1.
 -1.  -1.   0.4 -0.8 -1.  -1.   0.4  0.2  0.8  0.8 -0.6  0.8  0.8 -0.8
  0.6  0.6 -0.8 -0.2 -0.4  0.8 -0.2  0.  -0.8 -0.4  0.8  0.6 -0.6 -0.8
 -0.6  0.8  0.6  0.6 -0.2  0.   0.4 -0.6 -0.6 -0.6  0.6  0.8  0.  -1.
 -0.6  0.   0.4  0.6  0.   0.   0.8 -0.6  0.2  0.6  0.8  0.8 -0.8 -0.4
  0.   0.6 -1.   0.8 -0.6  0.6  0.8  0.8  0.2 -0.8  0.6  0.4  0.8  0.
 -0.6  0.4 -0.6  0.   0.6  0.  -0.6  0.4  0.2 -0.8  0.6 -0.2  0.  -0.8
  0.6  1.  -0.8 -1.  -0.6  0.8  0.6  0.8  0.6  0.8  0.8  0.  -0.8  0.
  0.6 -0.6  0.6 -0.6  0.8 -0.8 -0.8 -0.6  0.6 -0.2  1.   0.  -0.8  0.6
 -1.  -0.6 -0.6  0.8 -0.8  0.   0.6  0.6  0.6  0.4  0.6 -0.8 -0.6  0.8
  0.8 -0.8  0.6 -0.6 -0.8 -0.6 -0.8 -1.   0.6 -0.8  0.4 -0.4 -0.6 -0.6
 -0.2 -0.8  0.6 -0.6  0.4  0.2 -0.8  0.2  0.8  0.6  0.4  0.  -0.8 -0.6
  0.6  0.6 -0.4  0.8  0.6 -0.6  0.6  0.   0.  -0.8 -0.4 -0.6  0.  -0.8
 -0.8  0.6  0.6  0.6  0.6  0.4  0.6 -0.8  0.  -0.4  0.6  0.6  0.6 -0.2
  0.6 -0.4  0.6  0.  -0.6  0.6 -0.2 -0.6  0.8  0.6  0.6  0.   0.2  0.8
  0.  -0.4  0.2]
Predictions: [-0.2973741   0.16775925 -0.58983177  0.2563675  -0.591373    0.52844816
  0.55014664 -0.08632379 -0.08099304 -0.2683966   0.51037043 -0.3081016
  0.2239819   0.46098197 -0.34638783 -0.0645459   0.53045464  0.43708944
  0.4715718   0.15984401  0.39290813  0.18989512  0.85154414  0.18439971
 -0.26597565  0.8405176  -0.11911279 -0.31858823 -0.44094175 -0.29501995
  0.3302962   0.37588042 -0.5819243  -0.35053432 -0.4939593   0.3187885
  0.81143403  0.5219845   0.45584375  0.50602245 -0.05751768  0.07844739
  0.5618799  -0.62010735 -0.10204042 -0.11412048  0.660963   -0.48473787
  0.03705203 -0.60626453  0.5554086  -0.18801467 -0.46736363  0.3531812
  0.607866   -0.28730828 -0.27659705 -0.48841545 -0.23051412 -0.38006103
  0.12277661  0.2272103   0.3245633   0.41494742 -0.05086096 -0.00927258
  0.07223082 -0.353054   -0.11589514 -0.23997821  0.5417826   0.4650532
 -0.62621087 -0.4403472  -0.01695426  0.352091    0.4906578   0.12219597
 -0.5672699  -0.46120438 -0.3088893   0.00304792 -0.00460202 -0.36919478
  0.7517631  -0.20770882 -0.07970633  0.15464611 -0.63665515  0.4617961
  0.33160147  0.14589883 -0.0046028   0.2878248   0.6473023  -0.0944512
 -0.4311638   0.7543177  -0.7134939   0.55654955  0.04100652  0.08455856
  0.18791595  0.2123927  -0.23488471  0.25565758 -0.16143264  0.05382974
 -0.28248185  0.1316238   0.20707913 -0.03430722 -0.48398563  0.09291179
 -0.08101889 -0.14449382  0.35937527  0.25348142  0.17528486 -0.30853575
  0.08200701 -0.6386813   0.32259107  0.19163114  0.30043423  0.00959281
 -0.49553168  0.52263826  0.6170881   0.37178335  0.4868983   0.14492919
  0.19786729 -0.19652852  0.19571824  0.6308934   0.3965426  -0.18947266
  0.55265045  0.32397398  0.18854338  0.31926507  0.39773425  0.07210441
 -0.09556089  0.06498523  0.34686047  0.41297165 -0.40947548  0.13532549
  0.13549544  0.2126789   0.09349607  0.15859184  0.5606679   0.20549996
 -0.10938221  0.2436939   0.50643164  0.24917324  0.46465236  0.3010494
  0.33246362  0.23644172 -0.35881364  0.46653408 -0.49464074 -0.34105372
 -0.12622654  0.32596022  0.11760084  0.34818134 -0.15350895  0.46862346
 -0.13192086  0.09022342  0.19051178 -0.19489896 -0.5536555   0.3808821
  0.28771392 -0.08996713 -0.348379    0.13023664  0.47332227  0.49610406
 -0.13114858  0.13392746  0.28467515 -0.17989796  0.31487718  0.3403694
  0.29077542 -0.06653599  0.10883856  0.42205986 -0.08680528 -0.7720584
  0.19786032 -0.05820696  0.5452744   0.4892521   0.16418743  0.05593349
 -0.20287818 -0.05983904  0.3008774   0.42052478  0.28888512  0.08021916
  0.14061525  0.5622956   0.04303267  0.90864366 -0.576266   -0.0308723
 -0.3577843   0.03728062  0.05916477  0.17072214 -0.4790908   0.12872942
  0.23389877 -0.36585054  0.43292847 -0.57868165 -0.2935987   0.11987956
 -0.6677217  -0.6812865  -0.70674783  0.06466554  0.37166786  0.0234872
  0.37875557 -0.10413179 -0.14291556 -0.18621324  0.36594188  0.3627239
  0.4258547  -0.32822973  0.14252666 -0.17266555  0.46257037  0.8158566
  0.24467207  0.08639833  0.08890066  0.8194628   0.16058744 -0.3161731
 -0.14460228  0.2843152   0.5112104   0.20504837  0.11232913  0.32639962
  0.66524905 -0.0556199   0.17856506  0.25233516  0.1501838  -0.27890173
 -0.11932349 -0.03485051  0.5560142   0.0312099  -0.11204891  0.3248585
 -0.03854725  0.36884788  0.42035457 -0.06397089  0.6271127   0.37213388
  0.15684715  0.18646258  0.33701816  0.266577    0.23653789  0.4503705
 -0.26202384  0.33557796  0.31605205 -0.1801583  -0.07930769 -0.01681241
  0.43793416  0.10828383  0.49944824 -0.48854575  0.28804415  0.5199268
  0.2573774   0.3722276  -0.3824275  -0.21076855 -0.17672051  0.46379274
 -0.49930182 -0.12920213  0.7297351  -0.555208   -0.37916923 -0.07900156
  0.12812546  0.54366255  0.5816454   0.05647188 -0.19625275 -0.5744218
  0.125499    0.19241299 -0.23779444  0.13226296 -0.03923548 -0.05186629
  0.5343916   0.9334289   0.62480307  0.0057274  -0.10210651 -0.405577
 -0.01187974 -0.20148446  0.18103735  0.26208776  0.10201651  0.03502779
 -0.09500231  0.15437166  0.45702016 -0.0365798   0.30002433  0.24847792
 -0.08940506 -0.5151715   0.21241759  0.03845847  0.469768    0.03278066
 -0.28099605 -0.2807833  -0.3191814  -0.26487944 -0.46194652 -0.33766857
  0.68932045  0.02205142 -0.12834173  0.3310275   0.14420491  0.38778198
  0.16955855  0.1528056  -0.35719085  0.39350307 -0.5394672   0.12395257
  0.5849416   0.78400993  0.651877    0.6178561  -0.7701734   0.10364251
 -0.38699335 -0.6472361   0.14900236  0.19774847  0.46159887 -0.2662953
  0.1450532  -0.13181806  0.0051085   0.46125913 -0.05782066  0.5130417
 -0.42408344  0.20542262  0.02624557  0.25169533  0.702865   -0.5228608
  0.49516827 -0.5870081   0.1137182   0.31212384  0.02732983  0.05661983
 -0.13725261  0.25343245  0.2173426   0.38943022  0.22618724  0.49122018
  0.279667    0.1409624   0.3715924   0.25033516  0.09303834  0.3231064
 -0.14259316 -0.07381053  0.04708081  0.5367387   0.6016586  -0.18544674
  0.24344315 -0.5411531  -0.08233447 -0.40860692  0.30439562 -0.170849
  0.31463033  0.12127362  0.43178424 -0.26548746 -0.1183473  -0.02509985
  0.6959405  -0.14981289  0.15632024  0.26658243 -0.17118397  0.17908786
  0.18873094 -0.29945052 -0.23746125 -0.08710961 -0.17504889 -0.03743183
  0.11969329 -0.23179159  0.2686492  -0.42084774 -0.21107882  0.50591975
  0.2877217   0.19856693  0.4336012   0.17315163 -0.08876362 -0.38459384
  0.37085295 -0.3041913   0.3547748  -0.5377175  -0.4959999  -0.7114199
  0.49958473 -0.01126786  0.32436645  0.30753958  0.0972773  -0.4574857
  0.6440932   0.8628703  -0.13823752  0.70347565  0.26159424  0.19845973
  0.42135558  0.51007015  0.30780137 -0.73673695 -0.04423544  0.93448424
 -0.5217276   0.35246578 -0.5486758   0.15623716 -0.28161228  0.39468274
 -0.18262781 -0.23859404  0.3346615   0.22635145  0.14747402  0.17917828
 -0.23821928  0.2698747   0.57591915 -0.10030575 -0.22379696 -0.06916289
 -0.19082436  0.6371383   0.47734183 -0.0889324   0.1994886   0.3295565
 -0.09407812  0.65620095 -0.01280304  0.64726824  0.5778135   0.06575719
  0.25207445  0.6147232   0.67476934  0.6530707  -0.6760658  -0.09660204
 -0.01809065  0.5538672   0.06541818  0.66561943  0.5316882   0.5256989
  0.10544927  0.43860182  0.6693498   0.05187626  0.50038755  0.5237592
  0.01847502  0.41754442  0.23803566  0.59293884 -0.12074727  0.37985373
  0.1009225   0.03586037  0.24490376  0.37540647  0.14301105 -0.34094575
 -0.50656796 -0.15133207  0.34398213 -0.5928789   0.52106124  0.53474516
 -0.10580797 -0.22411111 -0.22463036  0.62331235  0.8896574   0.843203
  0.24254943  0.6443379   0.6394216   0.14209962  0.00720347  0.14770627
  0.50929576  0.07252368  0.3794577  -0.261741    0.4537648   0.21580838
 -0.2853491  -0.01081749  0.34934568 -0.35616827  0.00972211 -0.23270859
 -0.45992842  0.54486567 -0.13287993  0.23292278 -0.17667213  0.22628959
  0.08419709  0.42681825  0.6752613   0.21633483  0.55548406  0.35754302
  0.5270793  -0.39564866 -0.21018253  0.38016546  0.5729361   0.4798026
  0.29168364  0.27927798 -0.12774034 -0.31944507  0.5370891  -0.41391188
  0.37018555  0.16186889  0.74990827  0.63677263 -0.20402862  0.21101047
 -0.5053068   0.07297289  0.46097064  0.1332554   0.23733558  0.5238171
 -0.19187833  0.2049924   0.07933864  0.33308735  0.39104626  0.49992925
  0.22515626 -0.5037128   0.7724785   0.5015176   0.2289003  -0.07965104
  0.45115376 -0.37985334 -0.11725165  0.20849206 -0.27087146 -0.23285986
 -0.18493822 -0.11097258 -0.25250316  0.35658824 -0.3217081  -0.7522476
  0.72757185  0.6132709   0.580015    0.40804243  0.59496886 -0.18327816
  0.86141926 -0.0731822   0.7116282   0.5456971   0.23568253  0.6694266
  0.59794897 -0.03137179  0.0952509   0.66669923  0.06743476  0.76467055
 -0.0910741   0.29515037  0.3849369   0.6109746   0.66453326  0.05099424
  0.40823454  0.7202116   0.21493675  0.05895518 -0.08441503]
{"epoch": 2, "train_loss": 0.496310573677684, "val_mae": 0.5204707384109497, "val_corr": 0.497297993646106, "val_binary_acc": 0.616692426584235, "val_binary_f1": 0.6112852664576802, "threshold": 0.0}
Labels: [-1.   0.6 -1.   1.  -1.  -0.8 -0.2 -1.   0.6  0.2 -0.6 -0.2 -1.   1.
 -1.  -1.   0.   0.6 -1.  -1.   1.  -0.8  1.   1.  -1.   1.  -1.   1.
 -1.  -1.  -1.   1.  -1.  -0.4 -0.6  0.2  1.   0.8  0.   0.2  0.8 -0.8
  1.  -1.  -1.  -1.   0.8 -1.   0.8 -1.   1.   0.2  0.   1.  -1.  -0.6
 -0.2 -1.   0.4 -1.   1.   0.8 -1.   0.2 -0.6  0.   0.2 -1.  -1.  -1.
  1.   1.  -1.  -1.  -1.  -1.  -0.2 -0.6 -1.  -1.  -0.2  0.   0.8  0.4
  0.   0.  -0.2  0.  -0.6 -1.  -1.  -0.6 -1.  -0.6  0.6 -0.2 -1.  -0.2
 -1.  -0.4 -0.4  0.2  1.  -1.  -1.   1.   0.  -0.4 -1.   1.   0.6 -1.
 -1.   0.  -0.8 -1.   0.4  0.6  0.4 -1.  -0.4 -0.6 -0.4 -0.4 -1.  -0.4
 -0.4 -1.   1.   1.  -0.8 -0.2  1.  -1.  -0.2  0.6  1.  -1.   1.   0.6
 -0.2 -1.  -1.   0.  -1.  -0.4 -1.  -0.6 -0.4 -0.2  0.6  0.4  0.6 -0.4
  1.  -0.6 -1.   0.2 -1.   0.2  0.   0.  -0.6 -0.4 -0.6  1.  -1.  -1.
 -1.   1.   0.   1.  -0.6  1.  -1.  -1.  -1.  -1.   0.6  0.   0.6 -1.
 -1.   0.6  0.8  1.  -0.6  0.  -0.2 -1.  -1.   0.  -0.2 -0.2  0.4  0.6
  1.  -1.  -0.2 -1.   0.  -0.4 -1.   0.4 -0.6 -0.4 -1.   0.2  0.   0.
  0.   0.8  1.   0.  -0.4  1.  -1.   0.   0.2 -0.4  0.   0.8  0.   0.
  0.  -1.  -1.  -1.  -1.  -1.  -1.  -0.8 -1.  -1.   0.  -1.  -1.  -0.6
  0.   0.  -0.6 -1.   0.  -0.8  0.   0.8  0.6 -0.2  0.   1.   0.  -1.
 -1.  -0.6 -1.  -0.6 -0.4 -0.6  1.   0.   0.2  0.8 -0.2 -1.  -1.  -1.
 -1.   0.6 -1.  -1.  -0.2  1.  -0.2 -0.2  1.   0.2 -0.4  0.   0.4  1.
  0.   0.   0.2  0.4  0.   0.  -0.6 -1.  -0.2  0.4  0.  -1.  -0.4  0.
  0.   0.2  0.2 -0.2 -0.8 -1.  -1.  -0.2  0.4  0.2 -0.2  0.6  0.   0.2
  0.8  0.8  0.  -1.  -0.2 -0.8  0.   0.6 -0.8 -0.6  0.2  0.4  0.  -0.4
 -0.6 -0.2  0.6  0.   0.  -0.8 -0.2  0.  -0.2  0.   0.  -0.4  0.  -0.8
 -0.8 -0.8  0.6 -1.   0.6 -1.  -0.8 -1.   1.  -0.6 -1.  -1.   1.   1.
  0.2  0.8  1.   0.6 -0.2  0.2 -0.8 -1.  -1.  -0.2  0.2  1.  -0.8 -0.4
 -1.  -0.8 -0.6 -1.   0.  -0.8  0.6 -1.   1.   0.8 -0.2  0.  -0.6 -1.
 -1.   0.   1.   0.2  1.  -1.   0.8  0.4 -1.   1.  -0.8 -0.2 -0.8 -0.4
 -1.   0.   0.   0.  -0.4  0.  -0.4  0.   0.  -0.8  0.  -0.2 -0.6  0.8
  0.   0.6 -0.2 -1.  -0.2 -1.   0.6 -0.6  0.   0.   0.6  1.  -0.8 -1.
  1.   0.2  1.  -1.  -0.6 -0.8 -1.   1.   0.  -1.   1.  -0.2  0.  -1.
 -1.  -0.8  0.2  0.4 -0.4  0.   1.  -0.2 -0.2 -0.2  0.2 -0.8  0.8 -1.
 -1.  -1.   0.4 -0.8 -1.  -1.   0.4  0.2  0.8  0.8 -0.6  0.8  0.8 -0.8
  0.6  0.6 -0.8 -0.2 -0.4  0.8 -0.2  0.  -0.8 -0.4  0.8  0.6 -0.6 -0.8
 -0.6  0.8  0.6  0.6 -0.2  0.   0.4 -0.6 -0.6 -0.6  0.6  0.8  0.  -1.
 -0.6  0.   0.4  0.6  0.   0.   0.8 -0.6  0.2  0.6  0.8  0.8 -0.8 -0.4
  0.   0.6 -1.   0.8 -0.6  0.6  0.8  0.8  0.2 -0.8  0.6  0.4  0.8  0.
 -0.6  0.4 -0.6  0.   0.6  0.  -0.6  0.4  0.2 -0.8  0.6 -0.2  0.  -0.8
  0.6  1.  -0.8 -1.  -0.6  0.8  0.6  0.8  0.6  0.8  0.8  0.  -0.8  0.
  0.6 -0.6  0.6 -0.6  0.8 -0.8 -0.8 -0.6  0.6 -0.2  1.   0.  -0.8  0.6
 -1.  -0.6 -0.6  0.8 -0.8  0.   0.6  0.6  0.6  0.4  0.6 -0.8 -0.6  0.8
  0.8 -0.8  0.6 -0.6 -0.8 -0.6 -0.8 -1.   0.6 -0.8  0.4 -0.4 -0.6 -0.6
 -0.2 -0.8  0.6 -0.6  0.4  0.2 -0.8  0.2  0.8  0.6  0.4  0.  -0.8 -0.6
  0.6  0.6 -0.4  0.8  0.6 -0.6  0.6  0.   0.  -0.8 -0.4 -0.6  0.  -0.8
 -0.8  0.6  0.6  0.6  0.6  0.4  0.6 -0.8  0.  -0.4  0.6  0.6  0.6 -0.2
  0.6 -0.4  0.6  0.  -0.6  0.6 -0.2 -0.6  0.8  0.6  0.6  0.   0.2  0.8
  0.  -0.4  0.2]
Predictions: [-9.81424451e-01  2.09725752e-01 -6.94832265e-01  6.32738173e-01
 -1.12489879e+00  4.46988381e-02  7.04013109e-01 -4.83705044e-01
 -1.28379509e-01 -2.02117130e-01  9.36893165e-01 -5.89615822e-01
 -3.61067295e-01  4.41469938e-01 -7.20200121e-01 -4.65483814e-02
 -1.54095724e-01  3.91629845e-01  8.90117139e-02 -1.23976022e-01
  3.77216607e-01 -2.65488237e-01  5.93673885e-01 -2.75175482e-01
 -8.80758286e-01  4.50047046e-01 -4.64560598e-01  9.02223289e-02
 -8.61798465e-01 -5.27887404e-01 -2.12710932e-01  3.46336007e-01
 -7.25215375e-01 -5.86062610e-01 -6.01708829e-01  2.38201663e-01
  6.12480879e-01  4.09370542e-01  4.48873192e-01  1.24866381e-01
 -6.38438404e-01  5.61898090e-02  5.98552167e-01 -4.85191464e-01
 -2.57151753e-01 -3.72832030e-01  5.30527949e-01 -4.87161696e-01
  2.50110894e-01 -5.62703788e-01  2.99666554e-01 -1.40184566e-01
 -3.75646651e-01  1.13083228e-01  3.54528219e-01 -1.53418049e-01
 -2.00283200e-01 -4.59104300e-01 -5.05585074e-01  1.41462266e-01
 -2.06075162e-01  6.12033531e-03  5.36500752e-01  1.42233483e-02
  1.75829247e-01 -2.88869645e-02 -5.33978403e-01 -1.51434743e+00
 -3.75063419e-01 -6.66953862e-01  9.91571367e-01  2.84502596e-01
 -9.14435327e-01 -6.45907581e-01 -6.87871933e-01 -5.24767935e-01
  1.00684598e-01 -2.90132910e-01 -7.42299736e-01 -7.40369558e-01
 -1.05018981e-01 -1.19793072e-01  9.08885747e-02 -4.22808319e-01
  7.11515188e-01 -2.46249601e-01  1.45072892e-01  1.16301566e-01
 -5.68043172e-01  2.84800440e-01  5.00733733e-01  3.25059518e-03
  5.45871496e-01 -3.14768076e-01  5.57587326e-01 -1.00914270e-01
 -9.66407359e-01  8.20969582e-01 -8.87747109e-01  6.71483278e-02
  1.37011960e-01 -2.54230767e-01 -2.40299121e-01 -5.08755982e-01
 -3.13603759e-01  6.67604446e-01  3.24281991e-01 -1.53285488e-01
 -6.38161778e-01  4.16428484e-02  1.95740685e-01 -2.17942894e-01
 -7.57142842e-01  1.61846906e-01 -5.21292150e-01 -4.00689811e-01
  1.97154567e-01  3.06347042e-01  4.85851429e-02 -4.17302221e-01
  1.41521260e-01 -7.08741784e-01  8.89314711e-02 -5.53824246e-01
  7.75821805e-02 -2.78970510e-01 -5.44968069e-01  3.21069926e-01
  5.35966754e-01  5.79801023e-01  1.80883221e-02  2.50137627e-01
  1.10554114e-01 -5.19915581e-01  8.23580846e-03  7.80155540e-01
  8.03835839e-02 -9.25454438e-01  9.93722230e-02  6.13690615e-01
  1.74203426e-01  2.45217219e-01 -1.58082582e-02 -6.33338690e-02
 -3.62876296e-01  3.04451168e-01  4.16949354e-02 -2.36606061e-01
 -6.64545596e-01 -2.95869291e-01  2.95066833e-01  1.37161195e-01
  3.91296625e-01 -9.21959803e-02  2.95051366e-01 -1.86085671e-01
 -2.46730715e-01  1.37862995e-01  7.30599105e-01  4.64679033e-01
  4.30536002e-01  1.65052071e-01  3.27214777e-01 -2.03670487e-01
 -2.41748825e-01  3.40209812e-01 -4.17594701e-01 -7.82715023e-01
 -2.26219445e-01  3.82816285e-01 -2.06911728e-01  3.50994058e-02
 -5.05414069e-01  7.10788906e-01 -3.56508672e-01  1.93348542e-01
 -2.99881101e-01  1.20279208e-01 -1.01248074e+00  2.47097269e-01
  2.49945655e-01 -6.64738715e-01 -4.32561278e-01  2.56129324e-01
  3.93947273e-01  2.75629610e-01 -1.86948791e-01 -3.50332737e-01
 -2.29856104e-01 -2.21482381e-01  9.30042565e-02  3.39082181e-01
 -1.04772359e-01 -8.61679465e-02  2.04920188e-01  4.93377715e-01
 -3.23601604e-01 -1.06197011e+00  2.19770089e-01 -6.63075626e-01
  1.27290159e-01  4.68930192e-02 -7.30116487e-01 -2.14656606e-01
 -1.67620569e-01 -1.48624569e-01  4.63975258e-02  6.15100801e-01
  1.82098821e-01  1.06166020e-01 -9.53238308e-02  1.63937271e-01
  4.12297875e-01  7.85206079e-01 -4.22291964e-01  6.62344933e-01
 -9.16518092e-01  3.52331638e-01  1.47903398e-01  3.13784145e-02
 -5.67743182e-01 -2.79716402e-01  1.24716610e-01 -6.72638416e-01
  5.00687003e-01 -6.80937707e-01 -4.12023038e-01 -9.44197476e-02
 -7.72262037e-01 -7.90575862e-01 -1.10514724e+00 -3.51248801e-01
  2.32444480e-01 -4.84370291e-02  5.79479575e-01 -3.38162571e-01
 -3.43203604e-01 -5.20767391e-01 -7.24619403e-02 -1.77692592e-01
 -2.91247785e-01 -4.00812954e-01  1.70932829e-01 -4.52818364e-01
  5.26456051e-02  7.69395292e-01  1.76226869e-01 -1.79345340e-01
  7.72276670e-02  6.35032654e-01  1.38657168e-01 -8.58916461e-01
 -5.63581705e-01  6.19173758e-02  1.69974282e-01  5.03740124e-02
 -9.09953713e-02 -8.83288682e-02  6.89996004e-01 -2.51326948e-01
 -1.30400121e-01  2.72825062e-01 -5.63379586e-01 -3.56272846e-01
 -1.50888383e-01  1.04646422e-02  3.16757619e-01 -2.22156569e-01
 -1.93120047e-01 -1.29199639e-01 -3.57117325e-01  3.83141398e-01
  4.08011079e-01 -1.89060509e-01  5.00353158e-01  4.47207302e-01
  1.53574497e-01  3.69208604e-01  6.84049487e-01  3.15844893e-01
  2.05507264e-01  4.18776751e-01  2.61509180e-01  3.78456891e-01
  4.52602178e-01 -4.58610445e-01 -2.97777504e-01 -8.16056728e-01
  2.05291495e-01 -1.24817804e-01  3.96316677e-01  1.21914484e-02
  2.70464011e-02  3.21069956e-01 -8.50231946e-02  2.96259016e-01
 -7.66113818e-01  1.02088362e-01 -5.61865807e-01 -3.67537975e-01
 -6.85575783e-01 -1.86734587e-01  8.29763412e-01 -9.79430437e-01
 -4.99999583e-01  2.07709387e-01 -6.20369732e-01  5.21895349e-01
  3.31277370e-01  2.67137975e-01 -3.22958589e-01 -9.80629623e-01
  4.55247253e-01 -6.06373072e-01 -3.47449392e-01 -3.75128776e-01
 -5.62250495e-01 -5.93804300e-01 -1.90154746e-01  2.42969468e-01
  8.73835921e-01 -5.57702124e-01 -4.49982256e-01 -6.11846387e-01
  8.76362026e-02 -1.77309394e-01  2.15712830e-01 -1.32637128e-01
 -3.46481860e-01 -4.80367124e-01 -8.89730528e-02 -1.22100152e-01
 -3.86179313e-02  2.84827165e-02  1.04191646e-01  1.89777181e-01
 -6.88407898e-01 -9.44693506e-01 -2.07130134e-01 -2.73623079e-01
  4.78401631e-01 -2.98584759e-01 -8.26055348e-01  1.47041567e-02
 -1.79198384e-02 -4.59373891e-02 -8.90594840e-01 -5.72317362e-01
  1.14997709e+00 -3.31085712e-01 -4.06941205e-01  4.32678878e-01
 -3.54034752e-01  3.26098412e-01 -1.29030645e-01 -3.78884733e-01
  9.49456394e-02  3.69543970e-01 -6.41737878e-01 -4.85594720e-02
  9.26143110e-01  5.92616141e-01  5.80250382e-01  5.40830195e-01
 -9.00096238e-01 -3.93246531e-01 -4.23201531e-01 -9.49968517e-01
 -1.32285133e-02 -2.84368157e-01  5.94651401e-01 -4.31440592e-01
  1.39778435e-01 -7.28112236e-02 -2.13228062e-01  4.58684295e-01
 -3.70224357e-01  5.21757007e-01 -6.37368083e-01 -2.28436872e-01
  8.79600942e-02  2.47594401e-01  4.50309187e-01 -7.40762532e-01
  5.07989228e-01 -6.31935120e-01 -4.73332226e-01 -9.06978846e-01
  1.06417894e-01  4.57851738e-01 -6.90062046e-02 -7.39074945e-02
 -5.57117343e-01  3.39727014e-01 -1.73111372e-02  3.93647820e-01
  1.56747758e-01  3.40187669e-01  8.56167227e-02  1.69081330e-01
 -2.15398893e-01  2.40055040e-01 -7.86449432e-01 -1.03396401e-01
 -2.09072262e-01  5.88591397e-01  3.51432890e-01 -2.78496355e-01
  2.48165086e-01 -6.91212416e-01 -3.87190223e-01 -3.64266425e-01
  4.67466861e-01 -3.01862866e-01  1.20299891e-01  2.88769752e-01
  6.12412393e-01 -7.70711780e-01 -7.50331581e-01 -2.88103700e-01
  5.29332876e-01 -7.17793107e-01  7.21051514e-01 -2.39001766e-01
 -3.40870082e-01 -1.94695458e-01  3.13428730e-01 -3.80784482e-01
 -3.45596261e-02 -2.43006751e-01 -3.42327595e-01 -1.38324365e-01
  3.08973156e-02 -7.05311120e-01  1.72200397e-01 -6.24155521e-01
 -8.91712159e-02  5.01915276e-01  2.06874087e-01  1.74596235e-01
  3.32224101e-01 -1.83497295e-01 -4.21090126e-01 -6.55744612e-01
  1.47050470e-01 -1.36837810e-01  1.86350688e-01 -1.20404673e+00
 -4.90356863e-01 -1.17890513e+00  3.70091438e-01 -3.88384849e-01
 -6.16874695e-01 -3.46036524e-01 -3.75756204e-01 -1.43254384e-01
  5.42757273e-01  7.49430001e-01 -5.79805315e-01  8.54351997e-01
 -2.53748387e-01 -1.91026539e-01  2.79664874e-01  3.80426586e-01
  5.20808637e-01 -5.78598678e-01 -4.65964943e-01  6.55657053e-01
 -6.86307967e-01  1.85851648e-01 -8.08473885e-01 -1.65424287e-01
  1.98864475e-01  4.10307825e-01  3.37201715e-01 -8.79071176e-01
  1.38648555e-01  2.29964718e-01  2.54027694e-01  3.82290065e-01
 -5.23818791e-01 -5.88532276e-02  4.42197531e-01 -2.40880445e-01
 -4.56655025e-01  1.63221695e-02  4.26281482e-01  6.78433299e-01
  1.67693943e-01 -4.82162029e-01  4.43528682e-01  1.78678870e-01
 -3.43248963e-01  8.13920856e-01 -1.63491398e-01  6.44475043e-01
  5.60290098e-01 -1.30988300e-01  1.33323148e-01  6.32503390e-01
  2.68382430e-01  4.21097517e-01 -7.74633229e-01 -3.08352888e-01
 -3.36751819e-01  1.19676661e+00 -2.84590214e-01  2.97501385e-01
  6.78768873e-01  2.66860157e-01  4.65625860e-02  2.40402259e-02
  6.37179613e-01  2.47608162e-02  2.07435146e-01  3.73775363e-01
 -2.12939382e-01  4.80041176e-01 -1.49096429e-01  6.77217007e-01
 -2.16211990e-01  2.81356394e-01  2.57036537e-01 -6.00320473e-03
 -4.66621548e-01  5.42595565e-01 -2.24379838e-01 -9.45859551e-01
  4.56874639e-01 -3.97454679e-01  4.47372764e-01 -6.27260566e-01
  4.43994313e-01  4.62406367e-01  7.77138054e-01 -6.17260456e-01
  1.14387199e-01  7.73002326e-01  7.92317092e-01  5.72148025e-01
  2.17491522e-01  5.70653677e-01  5.87903142e-01  8.18944275e-02
  2.25191005e-02 -1.15024656e-01 -5.10526180e-01 -1.05307676e-01
  3.45302224e-01 -5.95387816e-01  5.27503967e-01 -3.89249086e-01
 -4.19944018e-01 -7.05040693e-02 -3.56890768e-01 -3.53262722e-01
  3.34227562e-01 -1.67642966e-01 -7.25945055e-01  2.97852188e-01
 -4.75293338e-01 -2.44949684e-01 -1.77062690e-01  1.38262987e-01
 -3.19551706e-01  6.53986990e-01  5.32368779e-01  1.08599472e+00
  3.84092152e-01  3.60540509e-01  5.54175116e-02  7.85022974e-04
 -6.52942777e-01  3.84933561e-01  5.37747145e-01  6.80490211e-03
  1.07459977e-01  4.42889422e-01 -2.14415908e-01  1.20122716e-01
  4.80289489e-01 -6.58879220e-01  1.65796563e-01 -4.12425697e-01
  7.27492392e-01  1.23148307e-01 -3.70749056e-01  3.70616972e-01
  4.25903618e-01  3.96407276e-01  3.40427548e-01  7.37738192e-01
 -1.99601665e-01  2.93232530e-01 -3.47316980e-01  1.94924638e-01
 -1.24043114e-02  7.72544682e-01  3.40784669e-01  5.30292153e-01
  2.61230558e-01 -2.25567386e-01  4.71003920e-01  5.85756838e-01
 -4.11542505e-01 -2.97085106e-01  5.44636965e-01 -4.39522773e-01
 -5.45880720e-02 -4.96312380e-02 -2.17064545e-01 -7.31499135e-01
 -8.99087489e-02 -8.89172971e-01 -4.58908170e-01 -2.87725031e-01
 -6.12674057e-01  6.37556612e-01  7.38514602e-01  4.29317534e-01
  1.61857054e-01  4.58940119e-01  3.98164272e-01 -4.30414468e-01
  2.63576239e-01  2.55462110e-01  7.23005116e-01  6.71948373e-01
  3.92114878e-01  6.20418899e-02  5.69356143e-01 -8.22649375e-02
 -2.35817596e-01  2.43993811e-02  8.35227221e-02  9.83782113e-01
 -2.30813622e-01 -2.02309832e-01  3.60419691e-01  5.51575840e-01
  5.28445244e-01 -6.44712210e-01  3.48294526e-01  5.53445637e-01
  2.28090025e-02 -1.53415173e-01 -5.49646080e-01]
{"epoch": 3, "train_loss": 0.4519723078539205, "val_mae": 0.45573437213897705, "val_corr": 0.5491224716864099, "val_binary_acc": 0.6970633693972179, "val_binary_f1": 0.6462093862815884, "threshold": 0.0}
Labels: [-1.   0.6 -1.   1.  -1.  -0.8 -0.2 -1.   0.6  0.2 -0.6 -0.2 -1.   1.
 -1.  -1.   0.   0.6 -1.  -1.   1.  -0.8  1.   1.  -1.   1.  -1.   1.
 -1.  -1.  -1.   1.  -1.  -0.4 -0.6  0.2  1.   0.8  0.   0.2  0.8 -0.8
  1.  -1.  -1.  -1.   0.8 -1.   0.8 -1.   1.   0.2  0.   1.  -1.  -0.6
 -0.2 -1.   0.4 -1.   1.   0.8 -1.   0.2 -0.6  0.   0.2 -1.  -1.  -1.
  1.   1.  -1.  -1.  -1.  -1.  -0.2 -0.6 -1.  -1.  -0.2  0.   0.8  0.4
  0.   0.  -0.2  0.  -0.6 -1.  -1.  -0.6 -1.  -0.6  0.6 -0.2 -1.  -0.2
 -1.  -0.4 -0.4  0.2  1.  -1.  -1.   1.   0.  -0.4 -1.   1.   0.6 -1.
 -1.   0.  -0.8 -1.   0.4  0.6  0.4 -1.  -0.4 -0.6 -0.4 -0.4 -1.  -0.4
 -0.4 -1.   1.   1.  -0.8 -0.2  1.  -1.  -0.2  0.6  1.  -1.   1.   0.6
 -0.2 -1.  -1.   0.  -1.  -0.4 -1.  -0.6 -0.4 -0.2  0.6  0.4  0.6 -0.4
  1.  -0.6 -1.   0.2 -1.   0.2  0.   0.  -0.6 -0.4 -0.6  1.  -1.  -1.
 -1.   1.   0.   1.  -0.6  1.  -1.  -1.  -1.  -1.   0.6  0.   0.6 -1.
 -1.   0.6  0.8  1.  -0.6  0.  -0.2 -1.  -1.   0.  -0.2 -0.2  0.4  0.6
  1.  -1.  -0.2 -1.   0.  -0.4 -1.   0.4 -0.6 -0.4 -1.   0.2  0.   0.
  0.   0.8  1.   0.  -0.4  1.  -1.   0.   0.2 -0.4  0.   0.8  0.   0.
  0.  -1.  -1.  -1.  -1.  -1.  -1.  -0.8 -1.  -1.   0.  -1.  -1.  -0.6
  0.   0.  -0.6 -1.   0.  -0.8  0.   0.8  0.6 -0.2  0.   1.   0.  -1.
 -1.  -0.6 -1.  -0.6 -0.4 -0.6  1.   0.   0.2  0.8 -0.2 -1.  -1.  -1.
 -1.   0.6 -1.  -1.  -0.2  1.  -0.2 -0.2  1.   0.2 -0.4  0.   0.4  1.
  0.   0.   0.2  0.4  0.   0.  -0.6 -1.  -0.2  0.4  0.  -1.  -0.4  0.
  0.   0.2  0.2 -0.2 -0.8 -1.  -1.  -0.2  0.4  0.2 -0.2  0.6  0.   0.2
  0.8  0.8  0.  -1.  -0.2 -0.8  0.   0.6 -0.8 -0.6  0.2  0.4  0.  -0.4
 -0.6 -0.2  0.6  0.   0.  -0.8 -0.2  0.  -0.2  0.   0.  -0.4  0.  -0.8
 -0.8 -0.8  0.6 -1.   0.6 -1.  -0.8 -1.   1.  -0.6 -1.  -1.   1.   1.
  0.2  0.8  1.   0.6 -0.2  0.2 -0.8 -1.  -1.  -0.2  0.2  1.  -0.8 -0.4
 -1.  -0.8 -0.6 -1.   0.  -0.8  0.6 -1.   1.   0.8 -0.2  0.  -0.6 -1.
 -1.   0.   1.   0.2  1.  -1.   0.8  0.4 -1.   1.  -0.8 -0.2 -0.8 -0.4
 -1.   0.   0.   0.  -0.4  0.  -0.4  0.   0.  -0.8  0.  -0.2 -0.6  0.8
  0.   0.6 -0.2 -1.  -0.2 -1.   0.6 -0.6  0.   0.   0.6  1.  -0.8 -1.
  1.   0.2  1.  -1.  -0.6 -0.8 -1.   1.   0.  -1.   1.  -0.2  0.  -1.
 -1.  -0.8  0.2  0.4 -0.4  0.   1.  -0.2 -0.2 -0.2  0.2 -0.8  0.8 -1.
 -1.  -1.   0.4 -0.8 -1.  -1.   0.4  0.2  0.8  0.8 -0.6  0.8  0.8 -0.8
  0.6  0.6 -0.8 -0.2 -0.4  0.8 -0.2  0.  -0.8 -0.4  0.8  0.6 -0.6 -0.8
 -0.6  0.8  0.6  0.6 -0.2  0.   0.4 -0.6 -0.6 -0.6  0.6  0.8  0.  -1.
 -0.6  0.   0.4  0.6  0.   0.   0.8 -0.6  0.2  0.6  0.8  0.8 -0.8 -0.4
  0.   0.6 -1.   0.8 -0.6  0.6  0.8  0.8  0.2 -0.8  0.6  0.4  0.8  0.
 -0.6  0.4 -0.6  0.   0.6  0.  -0.6  0.4  0.2 -0.8  0.6 -0.2  0.  -0.8
  0.6  1.  -0.8 -1.  -0.6  0.8  0.6  0.8  0.6  0.8  0.8  0.  -0.8  0.
  0.6 -0.6  0.6 -0.6  0.8 -0.8 -0.8 -0.6  0.6 -0.2  1.   0.  -0.8  0.6
 -1.  -0.6 -0.6  0.8 -0.8  0.   0.6  0.6  0.6  0.4  0.6 -0.8 -0.6  0.8
  0.8 -0.8  0.6 -0.6 -0.8 -0.6 -0.8 -1.   0.6 -0.8  0.4 -0.4 -0.6 -0.6
 -0.2 -0.8  0.6 -0.6  0.4  0.2 -0.8  0.2  0.8  0.6  0.4  0.  -0.8 -0.6
  0.6  0.6 -0.4  0.8  0.6 -0.6  0.6  0.   0.  -0.8 -0.4 -0.6  0.  -0.8
 -0.8  0.6  0.6  0.6  0.6  0.4  0.6 -0.8  0.  -0.4  0.6  0.6  0.6 -0.2
  0.6 -0.4  0.6  0.  -0.6  0.6 -0.2 -0.6  0.8  0.6  0.6  0.   0.2  0.8
  0.  -0.4  0.2]
Predictions: [-6.89082980e-01  6.36913121e-01 -3.28350425e-01  7.24704981e-01
 -9.43508267e-01  5.95768988e-01  6.93054020e-01 -4.47471917e-01
 -1.75762296e-01 -3.08607161e-01  7.24050820e-01 -4.52475905e-01
  1.66055545e-01  3.71854424e-01 -4.50940490e-01  8.79477113e-02
 -1.63842246e-01  4.11615551e-01  1.02232710e-01  1.22685000e-01
  2.47502789e-01 -1.01110615e-01  7.94290543e-01 -1.58968359e-01
 -6.46065533e-01  2.46449009e-01 -5.14809906e-01 -2.12380327e-02
 -1.00542414e+00 -4.89536583e-01  1.61489204e-01  4.91175890e-01
 -3.30517113e-01 -1.22263573e-01 -8.58555436e-01 -3.22598100e-01
  6.30115926e-01  5.71694016e-01 -3.47567856e-01  2.96222270e-01
 -4.15950418e-01  4.86108884e-02  7.08386600e-01 -7.66446292e-01
 -4.98182237e-01 -4.94152129e-01  7.40870655e-01 -5.25780737e-01
  4.85534072e-01 -1.02437890e+00  6.77698553e-01 -2.40259469e-01
  1.60238981e-01  2.61249542e-01  7.06085563e-02  1.81743771e-01
  3.39073613e-02 -6.99941516e-01  2.29773566e-01 -4.49715070e-02
 -2.00539157e-01  6.97269559e-01  1.93037793e-01  6.66786730e-01
  1.39153346e-01 -1.05402187e-01 -6.84005618e-01 -1.26851141e+00
 -3.89312506e-01 -3.86109233e-01  6.60210073e-01  1.28429383e-01
 -7.76628971e-01 -3.61356795e-01 -3.56749117e-01 -3.79298449e-01
  3.11457872e-01 -5.35960674e-01 -1.33089155e-01 -8.48031163e-01
 -6.23002172e-01 -2.76259512e-01 -1.24884278e-01 -4.40192044e-01
  2.58467138e-01 -2.31849626e-01 -3.12754512e-01  6.25656307e-01
 -4.60679412e-01  1.02332324e-01  2.79012084e-01  4.83824760e-02
  6.68695986e-01 -1.92215666e-01  6.89772069e-01  3.91485512e-01
 -5.64390600e-01  9.24928963e-01 -8.20999861e-01  1.28172055e-01
 -1.00805342e-01 -1.48653090e-01  2.30607167e-01 -2.43244752e-01
 -2.94097304e-01  5.90556264e-01 -3.54073867e-02 -2.09202603e-01
 -5.83082855e-01 -9.48036611e-02 -1.86473519e-01 -6.23871148e-01
 -7.57389128e-01  2.57015169e-01 -5.66235006e-01 -1.66095585e-01
  2.21969202e-01  5.46380401e-01  2.07301155e-01 -6.12017572e-01
  2.11385444e-01  1.55316815e-01  1.29981562e-01 -4.12457168e-01
  1.10339835e-01 -2.69497961e-01 -3.77675712e-01  3.60741615e-01
  6.35367811e-01  4.64577377e-01  1.70647398e-01  4.19577122e-01
  1.86234102e-01 -9.36214566e-01  3.61409634e-02  7.25005388e-01
 -1.51720300e-01 -5.66436589e-01  6.21933341e-01  4.95833874e-01
  1.55836925e-01  6.47072971e-01 -3.60374212e-01  9.23453420e-02
 -5.25065064e-01  2.36021146e-01  2.43043616e-01  1.40006825e-01
 -6.68653250e-01 -4.75264072e-01  1.51997954e-01  1.25579447e-01
  4.97157335e-01 -5.62006943e-02  7.32255459e-01  2.70157933e-01
 -1.06986277e-02  2.11661205e-01  1.42645523e-01  3.33075762e-01
  3.04191411e-01 -2.02062324e-01  3.40374112e-01 -7.55081922e-02
 -2.31838241e-01  8.00043225e-01 -5.98987080e-02 -5.73453069e-01
 -4.39960122e-01  6.68942511e-01  1.91364482e-01  3.92939746e-01
 -4.39871609e-01  3.74733031e-01 -3.51355493e-01  3.33768874e-02
 -2.48456784e-02  2.77580842e-02 -9.52009618e-01  5.09779871e-01
  2.19062254e-01 -7.94658363e-01 -3.51226807e-01  4.97956455e-01
  9.59530175e-02  5.33131242e-01 -3.35402429e-01 -3.18605423e-01
  1.80468678e-01 -5.00464477e-02  5.59625477e-02  3.65658998e-01
 -9.64256078e-02  8.60524923e-02 -3.73203233e-02  3.72938812e-01
 -5.29436350e-01 -4.34934795e-01  6.10831439e-01 -9.17979836e-01
  6.89830899e-01  6.01096988e-01 -7.63832927e-01  6.73774630e-02
 -4.69843447e-01 -2.55741328e-01  8.54073465e-02  5.19962966e-01
  4.39540923e-01  3.29719126e-01  3.03977966e-01  7.60294080e-01
  6.29572630e-01  6.69386744e-01 -4.88862336e-01  7.25952923e-01
 -2.34425977e-01  4.90334630e-01  3.86263013e-01 -1.93317160e-01
 -6.79561555e-01  2.64765382e-01 -5.40278405e-02 -6.57222986e-01
  3.98421943e-01 -4.60609853e-01 -2.02706262e-01  1.23128027e-01
 -5.12469232e-01 -5.37814498e-01 -8.26611876e-01 -4.99106981e-02
  4.43615377e-01 -5.36049455e-02  2.51057208e-01 -5.42206883e-01
 -6.07817769e-01  3.51179689e-02  4.01730955e-01  3.35615754e-01
  3.13413858e-01 -4.75872278e-01  2.09495977e-01 -1.47005707e-01
  4.75651562e-01  5.26502669e-01  2.75351524e-01 -1.46903321e-01
  4.62713063e-01  6.20421052e-01 -2.77161114e-02 -9.99401927e-01
 -1.48716569e-03  4.80945170e-01  2.08078727e-01  2.99731195e-02
  1.15642965e-01  5.26867807e-04  8.58128548e-01 -6.11636639e-01
 -6.93707913e-03  2.65280724e-01 -6.87545657e-01 -2.22137004e-01
  6.26778305e-02 -4.12369668e-01  2.37008289e-01 -7.12367073e-02
 -1.94685653e-01  2.62025371e-02 -7.70998746e-02  3.38395536e-02
  4.62680042e-01 -1.71597600e-01  7.42127478e-01  3.03679883e-01
 -1.72391325e-01  3.74575675e-01  3.98313999e-01  4.60787237e-01
 -3.01403403e-01  4.02727544e-01  4.70658779e-01  2.77998447e-01
 -2.64253095e-03 -3.21444571e-01 -5.50815165e-01 -7.45443106e-01
  1.10142186e-01  1.58337727e-01  6.65008724e-01  1.67864561e-02
 -5.26717268e-02  2.73750275e-02 -5.27412236e-01  5.11631787e-01
 -4.15338159e-01 -3.82190272e-02 -2.42571354e-01  4.95944470e-02
 -7.09164977e-01 -2.41781533e-01  6.88714981e-01 -7.11236060e-01
 -5.27085602e-01  4.34308946e-01 -4.21332061e-01  8.08530748e-01
  6.49385035e-01  3.42840493e-01 -1.00847848e-01 -8.21588874e-01
  1.10752508e-02 -3.62676501e-01 -1.54320717e-01 -8.96769464e-02
  7.16745257e-02  3.03032696e-02  1.58454046e-01  5.06437421e-01
  2.59379208e-01 -4.45273459e-01 -5.87372601e-01 -6.15641177e-01
  6.94064677e-01 -3.95631313e-01  1.05638400e-01 -4.86087278e-02
 -1.22280940e-01  2.42983714e-01 -3.51782799e-01  3.22322965e-01
  2.08079383e-01  5.13415933e-01  5.73829055e-01  6.27143562e-01
 -4.06589866e-01 -8.07635188e-01  7.93432444e-03 -5.89428961e-01
  3.67450297e-01 -4.69286919e-01 -9.14393127e-01  1.41833514e-01
  4.94044483e-01 -2.50023186e-01  4.48970735e-01 -6.57702863e-01
  6.25084519e-01 -8.21402594e-02  1.49850518e-01  7.58503497e-01
 -4.48354594e-02  4.26381350e-01  4.05947566e-01 -7.02176273e-01
  2.85525203e-01  1.73244685e-01 -6.33163810e-01  1.65894359e-01
  5.77749968e-01  4.59526241e-01  3.88875544e-01  3.55358005e-01
 -8.62520933e-01 -1.94548503e-01 -6.10980511e-01 -5.63172638e-01
  5.66346571e-02 -1.64572343e-01  7.43592262e-01 -3.13502312e-01
  4.24279273e-01 -1.58707947e-01 -2.52789617e-01  5.78411520e-01
  1.64866656e-01  2.08142266e-01 -7.51004279e-01 -1.21066742e-01
  2.67857432e-01  1.25484735e-01  7.31315672e-01 -7.90073216e-01
  5.95795929e-01 -5.28494716e-01 -5.62266529e-01  4.30056602e-02
 -1.81647018e-01 -2.54492640e-01 -2.11543143e-02  1.57067746e-01
 -3.09889138e-01  1.62287012e-01 -2.96287835e-02  8.06509018e-01
 -1.81827694e-02  4.57638204e-01  3.68407130e-01  3.65698993e-01
 -5.67493178e-02  1.91202208e-01 -5.70119679e-01 -3.02953064e-01
 -2.50772983e-02  6.18836164e-01  1.07882142e-01 -3.14402103e-01
  6.43943325e-02 -3.29019248e-01 -6.85094357e-01 -4.53823984e-01
  7.79383928e-02 -1.86908796e-01  1.48874849e-01  5.46620488e-01
  4.06640649e-01 -7.37460017e-01 -8.98537517e-01 -6.97705030e-01
  7.73577154e-01 -3.90683889e-01  2.78317332e-01 -4.49911356e-01
 -3.71846020e-01  2.93293834e-01  3.11268210e-01  5.69503367e-01
 -3.06466788e-01 -3.46913815e-01 -2.06431016e-01 -6.06627278e-02
  1.64458141e-01 -7.62159646e-01 -2.53415704e-01 -5.43024004e-01
 -2.54831046e-01  5.78572035e-01  1.54575780e-01  5.68986475e-01
  5.76567233e-01  4.98434082e-02 -3.84934366e-01 -6.65257692e-01
  6.18403018e-01 -1.19734637e-01  5.38265526e-01 -1.06208098e+00
 -7.44693160e-01 -9.48233068e-01  5.92278838e-01 -4.76429284e-01
 -7.09455311e-01 -5.93028963e-01 -3.39253604e-01  1.14237621e-01
  7.73421228e-01  1.03121591e+00 -5.47034070e-02  4.22577262e-01
  4.74222124e-01 -3.10183823e-01  5.14604747e-01  7.47568130e-01
  2.02443346e-01 -7.53320217e-01 -3.38641763e-01  1.06637239e+00
  7.41934329e-02  6.74250782e-01 -8.19996476e-01  2.12647930e-01
  5.48160553e-01  2.52950132e-01  2.75090277e-01 -7.87638605e-01
  2.55146265e-01  3.75494182e-01 -4.53228094e-02  3.90094399e-01
 -4.60966229e-01  8.63687545e-02  5.70758581e-01 -3.01253140e-01
  1.48552909e-01  1.86523616e-01 -7.44865417e-01  3.76905262e-01
 -3.70570540e-01 -6.76040530e-01 -5.07647768e-02  8.09582472e-01
 -2.92399973e-02  5.93567610e-01  5.26635498e-02  7.42417336e-01
  4.84659910e-01  2.28482291e-01  1.08410910e-01  5.61147451e-01
  2.45154604e-01  7.24210203e-01 -8.42391491e-01  2.11053923e-01
  6.84121996e-02  8.00247550e-01  1.09365851e-01  4.63534415e-01
  4.46847439e-01  2.47963086e-01  2.56481171e-01  1.27431527e-01
  6.37121916e-01  2.67929494e-01  5.42352676e-01  4.41887379e-01
  1.40998214e-02  6.96490109e-01 -1.13452569e-01  7.97336280e-01
 -5.25245845e-01  2.45845780e-01  5.08566141e-01  5.95135242e-03
 -3.71290088e-01  4.60022271e-01  1.85254201e-01 -3.76312256e-01
  2.53862739e-01 -1.46323502e-01  2.74264693e-01 -5.56988895e-01
  3.87743056e-01  5.90625286e-01  1.04311466e+00  1.70380071e-01
  1.92525327e-01  9.11152005e-01  1.12839687e+00  9.67496634e-01
  2.55979240e-01  9.44378972e-01  4.96180296e-01  1.78352416e-01
  5.84525347e-01  2.91762054e-01  4.45292771e-01 -1.96401536e-01
  2.41861835e-01 -4.30027664e-01  4.84192133e-01 -2.47666955e-01
 -4.63547349e-01 -3.60367119e-01  7.33684182e-01 -6.14637256e-01
  2.00703159e-01 -5.64382911e-01 -4.82808352e-01  6.34728611e-01
 -6.34969890e-01 -2.64242530e-01 -6.60660505e-01 -3.16271961e-01
 -1.33275926e-01  3.55096340e-01  7.20998466e-01  3.96465063e-01
  5.48167646e-01  6.25450373e-01  3.14972460e-01  5.12156546e-01
  5.23639202e-01  6.94364011e-01  4.21686947e-01 -2.54991278e-03
  1.67316690e-01  5.80673039e-01 -1.42778099e-01  2.25711450e-01
  2.98443377e-01 -4.18778598e-01  3.42691898e-01 -4.05695915e-01
  6.03149414e-01  4.89434600e-01 -3.49399865e-01  3.97569180e-01
  6.79653585e-01 -1.65161788e-01  6.19406044e-01  2.14472935e-01
  7.10615218e-02  4.94164646e-01 -3.58192325e-01 -5.22817135e-01
  2.50811100e-01  8.37324142e-01  4.12785470e-01  5.21769583e-01
  3.32520902e-02  1.16942212e-01  6.69004977e-01  6.70441747e-01
  5.34494162e-01 -2.87833542e-01  3.86343896e-01 -1.28074199e-01
 -1.36341125e-01 -1.93612278e-01 -4.27424669e-01 -8.56356978e-01
 -3.98516119e-01 -8.39209616e-01 -2.97826648e-01  5.87739125e-02
 -1.67108774e-01  4.25220430e-01  7.28452325e-01  7.46032536e-01
  7.84073770e-01  6.83727980e-01  4.77630615e-01 -4.76530373e-01
  3.52343261e-01  6.98043108e-01  7.30890810e-01  7.42639363e-01
  3.70071411e-01  1.40637010e-01  6.63233101e-01  5.40941596e-01
 -4.77451265e-01  7.82944918e-01  1.54484212e-01  9.11459863e-01
  1.68828800e-01 -4.88089204e-01  4.99243259e-01  7.17204690e-01
  4.97340918e-01 -6.18717372e-01  4.51520562e-01  7.43039668e-01
  3.07612360e-01  4.76632059e-01 -3.61479521e-01]
{"epoch": 4, "train_loss": 0.4386265763016634, "val_mae": 0.4775662422180176, "val_corr": 0.5581344908221765, "val_binary_acc": 0.6553323029366306, "val_binary_f1": 0.626465661641541, "threshold": 0.0}
Labels: [-1.   0.6 -1.   1.  -1.  -0.8 -0.2 -1.   0.6  0.2 -0.6 -0.2 -1.   1.
 -1.  -1.   0.   0.6 -1.  -1.   1.  -0.8  1.   1.  -1.   1.  -1.   1.
 -1.  -1.  -1.   1.  -1.  -0.4 -0.6  0.2  1.   0.8  0.   0.2  0.8 -0.8
  1.  -1.  -1.  -1.   0.8 -1.   0.8 -1.   1.   0.2  0.   1.  -1.  -0.6
 -0.2 -1.   0.4 -1.   1.   0.8 -1.   0.2 -0.6  0.   0.2 -1.  -1.  -1.
  1.   1.  -1.  -1.  -1.  -1.  -0.2 -0.6 -1.  -1.  -0.2  0.   0.8  0.4
  0.   0.  -0.2  0.  -0.6 -1.  -1.  -0.6 -1.  -0.6  0.6 -0.2 -1.  -0.2
 -1.  -0.4 -0.4  0.2  1.  -1.  -1.   1.   0.  -0.4 -1.   1.   0.6 -1.
 -1.   0.  -0.8 -1.   0.4  0.6  0.4 -1.  -0.4 -0.6 -0.4 -0.4 -1.  -0.4
 -0.4 -1.   1.   1.  -0.8 -0.2  1.  -1.  -0.2  0.6  1.  -1.   1.   0.6
 -0.2 -1.  -1.   0.  -1.  -0.4 -1.  -0.6 -0.4 -0.2  0.6  0.4  0.6 -0.4
  1.  -0.6 -1.   0.2 -1.   0.2  0.   0.  -0.6 -0.4 -0.6  1.  -1.  -1.
 -1.   1.   0.   1.  -0.6  1.  -1.  -1.  -1.  -1.   0.6  0.   0.6 -1.
 -1.   0.6  0.8  1.  -0.6  0.  -0.2 -1.  -1.   0.  -0.2 -0.2  0.4  0.6
  1.  -1.  -0.2 -1.   0.  -0.4 -1.   0.4 -0.6 -0.4 -1.   0.2  0.   0.
  0.   0.8  1.   0.  -0.4  1.  -1.   0.   0.2 -0.4  0.   0.8  0.   0.
  0.  -1.  -1.  -1.  -1.  -1.  -1.  -0.8 -1.  -1.   0.  -1.  -1.  -0.6
  0.   0.  -0.6 -1.   0.  -0.8  0.   0.8  0.6 -0.2  0.   1.   0.  -1.
 -1.  -0.6 -1.  -0.6 -0.4 -0.6  1.   0.   0.2  0.8 -0.2 -1.  -1.  -1.
 -1.   0.6 -1.  -1.  -0.2  1.  -0.2 -0.2  1.   0.2 -0.4  0.   0.4  1.
  0.   0.   0.2  0.4  0.   0.  -0.6 -1.  -0.2  0.4  0.  -1.  -0.4  0.
  0.   0.2  0.2 -0.2 -0.8 -1.  -1.  -0.2  0.4  0.2 -0.2  0.6  0.   0.2
  0.8  0.8  0.  -1.  -0.2 -0.8  0.   0.6 -0.8 -0.6  0.2  0.4  0.  -0.4
 -0.6 -0.2  0.6  0.   0.  -0.8 -0.2  0.  -0.2  0.   0.  -0.4  0.  -0.8
 -0.8 -0.8  0.6 -1.   0.6 -1.  -0.8 -1.   1.  -0.6 -1.  -1.   1.   1.
  0.2  0.8  1.   0.6 -0.2  0.2 -0.8 -1.  -1.  -0.2  0.2  1.  -0.8 -0.4
 -1.  -0.8 -0.6 -1.   0.  -0.8  0.6 -1.   1.   0.8 -0.2  0.  -0.6 -1.
 -1.   0.   1.   0.2  1.  -1.   0.8  0.4 -1.   1.  -0.8 -0.2 -0.8 -0.4
 -1.   0.   0.   0.  -0.4  0.  -0.4  0.   0.  -0.8  0.  -0.2 -0.6  0.8
  0.   0.6 -0.2 -1.  -0.2 -1.   0.6 -0.6  0.   0.   0.6  1.  -0.8 -1.
  1.   0.2  1.  -1.  -0.6 -0.8 -1.   1.   0.  -1.   1.  -0.2  0.  -1.
 -1.  -0.8  0.2  0.4 -0.4  0.   1.  -0.2 -0.2 -0.2  0.2 -0.8  0.8 -1.
 -1.  -1.   0.4 -0.8 -1.  -1.   0.4  0.2  0.8  0.8 -0.6  0.8  0.8 -0.8
  0.6  0.6 -0.8 -0.2 -0.4  0.8 -0.2  0.  -0.8 -0.4  0.8  0.6 -0.6 -0.8
 -0.6  0.8  0.6  0.6 -0.2  0.   0.4 -0.6 -0.6 -0.6  0.6  0.8  0.  -1.
 -0.6  0.   0.4  0.6  0.   0.   0.8 -0.6  0.2  0.6  0.8  0.8 -0.8 -0.4
  0.   0.6 -1.   0.8 -0.6  0.6  0.8  0.8  0.2 -0.8  0.6  0.4  0.8  0.
 -0.6  0.4 -0.6  0.   0.6  0.  -0.6  0.4  0.2 -0.8  0.6 -0.2  0.  -0.8
  0.6  1.  -0.8 -1.  -0.6  0.8  0.6  0.8  0.6  0.8  0.8  0.  -0.8  0.
  0.6 -0.6  0.6 -0.6  0.8 -0.8 -0.8 -0.6  0.6 -0.2  1.   0.  -0.8  0.6
 -1.  -0.6 -0.6  0.8 -0.8  0.   0.6  0.6  0.6  0.4  0.6 -0.8 -0.6  0.8
  0.8 -0.8  0.6 -0.6 -0.8 -0.6 -0.8 -1.   0.6 -0.8  0.4 -0.4 -0.6 -0.6
 -0.2 -0.8  0.6 -0.6  0.4  0.2 -0.8  0.2  0.8  0.6  0.4  0.  -0.8 -0.6
  0.6  0.6 -0.4  0.8  0.6 -0.6  0.6  0.   0.  -0.8 -0.4 -0.6  0.  -0.8
 -0.8  0.6  0.6  0.6  0.6  0.4  0.6 -0.8  0.  -0.4  0.6  0.6  0.6 -0.2
  0.6 -0.4  0.6  0.  -0.6  0.6 -0.2 -0.6  0.8  0.6  0.6  0.   0.2  0.8
  0.  -0.4  0.2]
Predictions: [-7.10019112e-01  7.02545643e-02 -8.75539720e-01  3.61390829e-01
 -9.44237947e-01  1.95887387e-01  5.32540917e-01 -3.28976601e-01
 -6.18571699e-01 -5.22143245e-01  5.07454634e-01 -2.30929926e-01
 -3.14011037e-01  1.50018871e-01 -5.47675014e-01 -3.80943179e-01
  1.68038011e-01  2.52878010e-01  2.09028542e-01 -1.03439286e-01
 -1.18380412e-01 -3.89523357e-01  5.98790884e-01  2.46232271e-01
 -8.75047028e-01  3.20619404e-01 -5.35287917e-01  1.41516119e-01
 -8.36184025e-01 -6.21161222e-01 -7.95982659e-01  6.60694718e-01
 -5.37992060e-01 -5.76353371e-01 -7.70626187e-01 -5.75066805e-02
  7.48441100e-01  4.47576120e-03 -5.04774272e-01  6.08980715e-01
  4.21969742e-01 -1.98273122e-01  2.81392068e-01 -4.45722461e-01
 -6.36022270e-01 -6.12113416e-01  5.22631526e-01 -2.10363388e-01
 -9.17330682e-02 -9.28875446e-01  5.58642328e-01 -3.33893187e-02
 -9.93561894e-02  4.80444610e-01  1.88619375e-01 -5.15836105e-03
 -4.15498585e-01 -8.42150450e-01 -6.10304594e-01 -4.64555949e-01
 -2.16210797e-01  5.60415804e-01 -1.94501355e-01  3.65871847e-01
 -1.17843270e-01 -4.67847049e-01 -9.17380810e-01 -9.80583847e-01
 -5.17375171e-01 -8.19757342e-01  6.92163289e-01  3.47768545e-01
 -9.22217548e-01  3.50301892e-01 -4.94547188e-01 -2.85088569e-01
  3.33276898e-01 -4.81855690e-01 -7.67490625e-01 -8.68651509e-01
 -3.09838861e-01 -3.28511208e-01 -3.02519739e-01  2.56154239e-01
  2.83430576e-01  3.45748752e-01 -4.70368713e-01  5.22609770e-01
 -5.98521650e-01 -3.30288619e-01  3.14970970e-01 -1.65639237e-01
 -4.88294601e-01  3.23236108e-01  4.56912637e-01  2.61224538e-01
 -2.67969936e-01  6.37532592e-01 -9.23863292e-01  5.41605711e-01
 -3.65623869e-02 -5.05158126e-01  6.30156636e-01 -4.65201735e-01
 -4.73479420e-01  3.20256829e-01 -3.94980133e-01 -1.70611694e-01
 -7.63613343e-01  3.00160140e-01 -1.24030590e-01 -7.93374360e-01
 -9.45930660e-01 -2.88597167e-01 -6.90927982e-01 -5.55031419e-01
  1.94122754e-02  1.79912210e-01 -2.79553145e-01 -7.08073437e-01
 -9.54506248e-02  1.37726575e-01 -1.04075804e-01 -7.14051425e-02
 -2.51626670e-01 -4.99790817e-01 -5.56110501e-01 -7.05255717e-02
  3.81682634e-01  2.38717735e-01 -6.05255105e-02 -9.21800733e-02
 -9.53926146e-02 -8.85275364e-01 -2.50879169e-01  5.85254371e-01
 -1.73174232e-01  4.84140873e-01  4.13290322e-01  2.63974398e-01
 -2.29000732e-01  5.21384418e-01 -7.41521716e-02  8.44344199e-02
 -6.66333079e-01 -2.38346756e-02  3.03202897e-01  6.57223105e-01
 -7.61409163e-01 -1.33751556e-01  5.73477209e-01 -3.65991443e-01
  4.58009504e-02 -8.28635395e-01  4.51520681e-01 -1.99468702e-01
 -4.22364503e-01 -4.29282278e-01  5.31533539e-01  3.99103552e-01
  4.65430975e-01  1.19564831e-01  1.42420866e-02 -9.06923264e-02
 -4.07952458e-01  4.81929220e-02 -1.00675747e-01 -7.75350034e-01
 -5.03038645e-01  1.63573340e-01 -3.48696560e-01 -8.69159028e-03
 -6.22969091e-01  7.02847004e-01 -1.58278957e-01 -6.18032575e-01
 -4.18465316e-01 -5.45783460e-01 -9.63750541e-01  4.98698354e-01
  5.49401462e-01 -8.03583443e-01 -1.47477135e-01  1.37943581e-01
  1.36440113e-01  5.20716846e-01 -5.94940186e-01 -5.01776218e-01
 -3.36327374e-01 -4.41817701e-01 -2.11022452e-01  6.58852756e-02
 -1.63077101e-01 -2.03616843e-01 -3.75500530e-01  1.94939166e-01
 -5.46018660e-01 -9.98079538e-01  5.36762886e-02 -5.50121963e-01
  2.56414413e-01  4.97388065e-01  1.24815792e-01 -3.29160020e-02
 -3.65432680e-01 -4.52428341e-01 -3.82710606e-01  1.12925947e-01
  1.26372904e-01 -4.89700586e-01 -1.89090908e-01  3.91401112e-01
 -4.84575897e-01  6.53819025e-01 -5.75528204e-01 -1.37071721e-02
 -1.82938039e-01  4.61672127e-01  1.67366087e-01 -3.39917600e-01
 -6.90102279e-01  2.40143090e-01 -3.46798986e-01 -6.42513573e-01
  3.15137468e-02 -6.32445097e-01 -2.93844938e-01  2.27810815e-03
 -6.21242881e-01 -7.29706883e-01 -9.26810980e-01 -4.14742529e-01
 -2.81847864e-01 -2.49672562e-01 -2.64645666e-02 -7.43269444e-01
 -6.86562359e-01 -4.44271058e-01  2.82648765e-02 -1.32036716e-01
 -3.88029188e-01 -4.15539980e-01 -2.45544240e-01 -5.44170082e-01
  2.83690870e-01  5.72106421e-01 -1.78159073e-01  4.74325009e-02
  2.80555218e-01  4.58164036e-01 -4.97410968e-02 -1.09949625e+00
 -3.13309819e-01  2.29159474e-01  2.59857535e-01 -2.74536043e-01
 -3.71445864e-01 -8.11540484e-02  6.21653259e-01 -4.45864767e-01
 -3.71183783e-01 -1.80078536e-01 -5.71116745e-01 -5.41898549e-01
 -5.12389600e-01  3.28454405e-01  1.89751685e-01 -2.36623406e-01
 -3.85586619e-01 -2.62774259e-01 -5.82826257e-01  3.25508900e-02
 -3.72566506e-02  2.63891637e-01  5.91309726e-01  1.21959329e-01
 -2.18748271e-01  1.51602477e-01  2.19913244e-01  1.41182110e-01
 -3.40764552e-01  1.36840194e-01 -5.37383080e-01  1.72667295e-01
  4.64981675e-01  1.62172690e-01 -5.52513719e-01 -6.34513199e-01
 -1.61969393e-01 -2.82996912e-02  4.87693489e-01 -3.44722480e-01
 -2.42045090e-01 -3.33906934e-02 -4.68420118e-01  9.22268778e-02
 -6.99107170e-01  6.20882213e-01 -4.24389690e-01  2.47013509e-01
 -9.24194396e-01 -4.95556831e-01  6.81438684e-01 -6.05663180e-01
 -9.18471396e-01  1.73971683e-01 -5.49908161e-01  3.97223026e-01
  2.30411500e-01 -7.48162687e-01 -3.36957484e-01 -1.06516933e+00
  3.11678469e-01  3.51416200e-01 -1.97996587e-01  6.01742446e-01
  2.82172322e-01  2.69824833e-01  3.34975660e-01  4.35939878e-01
  6.52576387e-02 -6.28473163e-01 -6.03188038e-01 -6.11939728e-01
  4.42158163e-01 -4.05460715e-01 -9.61710364e-02 -3.80028129e-01
 -6.04924619e-01 -3.99038464e-01 -3.40090841e-01 -5.86478263e-02
 -1.97382078e-01 -2.32409239e-02  9.25748646e-02  2.31827110e-01
 -3.72934461e-01 -8.70536983e-01 -5.92543185e-01 -5.51293314e-01
  5.33013701e-01 -6.25080585e-01 -9.06379879e-01 -6.14478350e-01
 -4.97272462e-01 -3.01046699e-01 -5.18576741e-01 -8.35202336e-01
  7.53122747e-01 -1.71553522e-01 -3.84253442e-01  5.26087880e-01
  2.71597169e-02  2.69383162e-01  2.87632406e-01 -8.85131717e-01
 -4.14129138e-01  9.76111293e-02 -8.15121830e-01  6.86871409e-02
  3.53916407e-01  4.96082366e-01  1.63454831e-01  2.93528974e-01
 -9.27838564e-01 -6.12326860e-01 -7.02647805e-01 -6.11576796e-01
  2.66863286e-01  3.77167493e-01  5.21118641e-01 -4.34664220e-01
  1.74606726e-01 -2.58164436e-01 -5.02981305e-01  3.48621607e-01
  1.91865072e-01  2.75009781e-01 -8.47429097e-01 -2.14910701e-01
  1.98795706e-01 -6.67104423e-02  3.33538711e-01 -7.73500681e-01
  4.59942997e-01 -2.90816218e-01 -7.34983623e-01 -1.43243194e-01
 -3.05259943e-01 -3.05809617e-01 -2.01031968e-01 -1.93773136e-01
 -2.96061754e-01 -1.50370613e-01 -1.92259476e-01  4.27034497e-01
 -2.65285790e-01  2.67088354e-01 -9.24643427e-02 -9.30321515e-02
 -4.84560728e-01 -2.60692090e-01 -6.21643722e-01 -3.23684335e-01
 -3.77923161e-01  3.32735837e-01  9.83129442e-02 -5.03410935e-01
 -2.00643912e-01 -5.57495236e-01 -6.84781790e-01 -6.32894218e-01
 -1.52072027e-01 -4.23608541e-01 -9.98268723e-02  4.08438325e-01
  2.23945946e-01 -7.03288853e-01 -6.37788415e-01 -8.30473721e-01
  5.88440955e-01 -2.13959172e-01 -1.97015256e-02 -3.25710207e-01
 -6.14680946e-01 -3.75246048e-01  1.66517235e-02  3.91996264e-01
 -5.18724799e-01 -6.25678658e-01 -2.37664208e-01 -2.41282538e-01
 -3.22208077e-01 -8.83687258e-01 -4.80990827e-01 -6.30898535e-01
 -5.03694952e-01  1.82685807e-01 -2.05238014e-02  3.00921679e-01
  5.13367236e-01 -4.19396281e-01  1.20934829e-01 -6.53089821e-01
  3.78686726e-01 -6.70056462e-01  5.74935079e-01 -9.20591414e-01
 -5.74920535e-01 -1.09113467e+00  6.27558589e-01 -7.35584557e-01
  7.14967549e-02 -7.39956796e-01 -5.31026959e-01 -4.72802550e-01
  5.74189723e-01  7.46139288e-01 -1.86550498e-01  1.16365537e-01
  4.27775562e-01 -5.81896424e-01  1.80675074e-01  5.44236779e-01
  4.97972727e-01 -7.77058065e-01 -6.02637947e-01  6.70881152e-01
 -1.11575991e-01 -1.01615272e-01 -1.04179108e+00 -3.00554365e-01
  1.83280349e-01  5.69639325e-01  1.06383741e-01 -7.40118325e-01
 -4.05972786e-02  2.56263554e-01 -1.57053068e-01  3.20924729e-01
 -1.15180150e-01 -8.79927650e-02  4.19784874e-01 -4.64952469e-01
 -2.95576334e-01 -1.90261945e-01 -7.76735663e-01  4.71913576e-01
 -4.26118165e-01 -6.74351871e-01 -4.62939471e-01  4.95456636e-01
 -2.39952236e-01  4.39452767e-01 -3.82870466e-01  4.54916239e-01
  5.92666209e-01 -1.24009654e-01 -1.83225155e-01  4.70033228e-01
  4.99980211e-01  5.04936457e-01 -7.52847254e-01  1.81137547e-01
  1.79825380e-01  5.43806016e-01  1.78002149e-01  3.69572103e-01
  2.09355742e-01  1.32494301e-01 -6.05983362e-02  7.06853122e-02
  1.16883591e-01 -6.06251210e-02 -2.02265270e-02  1.53479040e-01
  1.22302473e-01 -1.60314560e-01  1.44683212e-01  4.20226634e-01
 -8.11174512e-01 -5.17524242e-01  1.92467302e-01 -2.97729701e-01
 -2.41899341e-01  2.22978055e-01  3.69314194e-01 -5.44133902e-01
  3.71202916e-01 -5.12102127e-01  4.77709360e-02 -8.50290418e-01
  2.32378900e-01  4.11951423e-01 -6.86797500e-01  3.53535712e-01
 -4.07297254e-01  5.97328663e-01  9.63433862e-01  7.58926928e-01
 -4.09849167e-01  4.57922697e-01  2.84727752e-01 -1.09281182e-01
  6.74606204e-01 -5.07203698e-01  2.91519880e-01 -3.81548852e-01
  4.53868091e-01 -6.68750703e-01  2.05371022e-01 -6.47807002e-01
 -6.57820553e-02 -4.11094099e-01  3.45993400e-01  3.78335059e-01
  3.47409695e-01 -3.16910714e-01 -7.06104517e-01  4.14725602e-01
 -6.39024377e-01 -4.18473095e-01 -7.63118207e-01 -5.76076865e-01
 -4.75166351e-01 -3.62471640e-02  4.83240247e-01  4.17301863e-01
  3.98230672e-01  5.43476045e-01  3.24948840e-02 -2.64537893e-02
  3.02544624e-01  5.21253109e-01  1.44580267e-02 -2.19771460e-01
  2.56752789e-01  2.81530529e-01 -3.94593000e-01  2.26711743e-02
  4.41350155e-02 -4.92862821e-01 -1.83740959e-01  4.86219168e-01
  4.74039197e-01  3.37946326e-01 -4.13538933e-01  1.97915703e-01
  4.36726511e-01 -7.49407485e-02  3.19896430e-01  4.69348133e-01
  3.72998744e-01  3.47054213e-01 -5.06108105e-01 -1.93863153e-01
 -1.58275425e-01  6.45048976e-01  5.78364730e-01  3.17051023e-01
 -1.33754432e-01 -4.44201797e-01  5.58431089e-01  4.30386066e-01
  3.30636114e-01 -4.21889275e-01  2.39077866e-01 -4.93204743e-01
 -1.72936231e-01  1.78936161e-02 -3.38807195e-01 -7.53939986e-01
 -6.53081179e-01 -9.06218052e-01 -5.28902352e-01 -5.11298478e-01
 -3.66014808e-01  3.36025000e-01  5.51352322e-01  4.08245087e-01
  1.49207860e-01  3.66849810e-01  1.00362673e-03 -5.60226500e-01
  1.61197066e-01  4.38537821e-03  5.77016115e-01  5.17266929e-01
  5.13769746e-01 -1.35991782e-01  4.21568394e-01 -6.01935208e-01
 -5.54014325e-01  4.52004373e-01 -2.52082884e-01  7.74527729e-01
  6.31234795e-02 -4.75505263e-01  2.92856216e-01  4.01125669e-01
  3.95723164e-01 -6.47369683e-01  4.30978626e-01  4.29392725e-01
  9.21314657e-02  2.72903502e-01 -6.67743981e-01]
{"epoch": 5, "train_loss": 0.41881642923798673, "val_mae": 0.4499056935310364, "val_corr": 0.5527988200114933, "val_binary_acc": 0.7295208655332303, "val_binary_f1": 0.6520874751491053, "threshold": 0.0}
Labels: [-1.   0.6 -1.   1.  -1.  -0.8 -0.2 -1.   0.6  0.2 -0.6 -0.2 -1.   1.
 -1.  -1.   0.   0.6 -1.  -1.   1.  -0.8  1.   1.  -1.   1.  -1.   1.
 -1.  -1.  -1.   1.  -1.  -0.4 -0.6  0.2  1.   0.8  0.   0.2  0.8 -0.8
  1.  -1.  -1.  -1.   0.8 -1.   0.8 -1.   1.   0.2  0.   1.  -1.  -0.6
 -0.2 -1.   0.4 -1.   1.   0.8 -1.   0.2 -0.6  0.   0.2 -1.  -1.  -1.
  1.   1.  -1.  -1.  -1.  -1.  -0.2 -0.6 -1.  -1.  -0.2  0.   0.8  0.4
  0.   0.  -0.2  0.  -0.6 -1.  -1.  -0.6 -1.  -0.6  0.6 -0.2 -1.  -0.2
 -1.  -0.4 -0.4  0.2  1.  -1.  -1.   1.   0.  -0.4 -1.   1.   0.6 -1.
 -1.   0.  -0.8 -1.   0.4  0.6  0.4 -1.  -0.4 -0.6 -0.4 -0.4 -1.  -0.4
 -0.4 -1.   1.   1.  -0.8 -0.2  1.  -1.  -0.2  0.6  1.  -1.   1.   0.6
 -0.2 -1.  -1.   0.  -1.  -0.4 -1.  -0.6 -0.4 -0.2  0.6  0.4  0.6 -0.4
  1.  -0.6 -1.   0.2 -1.   0.2  0.   0.  -0.6 -0.4 -0.6  1.  -1.  -1.
 -1.   1.   0.   1.  -0.6  1.  -1.  -1.  -1.  -1.   0.6  0.   0.6 -1.
 -1.   0.6  0.8  1.  -0.6  0.  -0.2 -1.  -1.   0.  -0.2 -0.2  0.4  0.6
  1.  -1.  -0.2 -1.   0.  -0.4 -1.   0.4 -0.6 -0.4 -1.   0.2  0.   0.
  0.   0.8  1.   0.  -0.4  1.  -1.   0.   0.2 -0.4  0.   0.8  0.   0.
  0.  -1.  -1.  -1.  -1.  -1.  -1.  -0.8 -1.  -1.   0.  -1.  -1.  -0.6
  0.   0.  -0.6 -1.   0.  -0.8  0.   0.8  0.6 -0.2  0.   1.   0.  -1.
 -1.  -0.6 -1.  -0.6 -0.4 -0.6  1.   0.   0.2  0.8 -0.2 -1.  -1.  -1.
 -1.   0.6 -1.  -1.  -0.2  1.  -0.2 -0.2  1.   0.2 -0.4  0.   0.4  1.
  0.   0.   0.2  0.4  0.   0.  -0.6 -1.  -0.2  0.4  0.  -1.  -0.4  0.
  0.   0.2  0.2 -0.2 -0.8 -1.  -1.  -0.2  0.4  0.2 -0.2  0.6  0.   0.2
  0.8  0.8  0.  -1.  -0.2 -0.8  0.   0.6 -0.8 -0.6  0.2  0.4  0.  -0.4
 -0.6 -0.2  0.6  0.   0.  -0.8 -0.2  0.  -0.2  0.   0.  -0.4  0.  -0.8
 -0.8 -0.8  0.6 -1.   0.6 -1.  -0.8 -1.   1.  -0.6 -1.  -1.   1.   1.
  0.2  0.8  1.   0.6 -0.2  0.2 -0.8 -1.  -1.  -0.2  0.2  1.  -0.8 -0.4
 -1.  -0.8 -0.6 -1.   0.  -0.8  0.6 -1.   1.   0.8 -0.2  0.  -0.6 -1.
 -1.   0.   1.   0.2  1.  -1.   0.8  0.4 -1.   1.  -0.8 -0.2 -0.8 -0.4
 -1.   0.   0.   0.  -0.4  0.  -0.4  0.   0.  -0.8  0.  -0.2 -0.6  0.8
  0.   0.6 -0.2 -1.  -0.2 -1.   0.6 -0.6  0.   0.   0.6  1.  -0.8 -1.
  1.   0.2  1.  -1.  -0.6 -0.8 -1.   1.   0.  -1.   1.  -0.2  0.  -1.
 -1.  -0.8  0.2  0.4 -0.4  0.   1.  -0.2 -0.2 -0.2  0.2 -0.8  0.8 -1.
 -1.  -1.   0.4 -0.8 -1.  -1.   0.4  0.2  0.8  0.8 -0.6  0.8  0.8 -0.8
  0.6  0.6 -0.8 -0.2 -0.4  0.8 -0.2  0.  -0.8 -0.4  0.8  0.6 -0.6 -0.8
 -0.6  0.8  0.6  0.6 -0.2  0.   0.4 -0.6 -0.6 -0.6  0.6  0.8  0.  -1.
 -0.6  0.   0.4  0.6  0.   0.   0.8 -0.6  0.2  0.6  0.8  0.8 -0.8 -0.4
  0.   0.6 -1.   0.8 -0.6  0.6  0.8  0.8  0.2 -0.8  0.6  0.4  0.8  0.
 -0.6  0.4 -0.6  0.   0.6  0.  -0.6  0.4  0.2 -0.8  0.6 -0.2  0.  -0.8
  0.6  1.  -0.8 -1.  -0.6  0.8  0.6  0.8  0.6  0.8  0.8  0.  -0.8  0.
  0.6 -0.6  0.6 -0.6  0.8 -0.8 -0.8 -0.6  0.6 -0.2  1.   0.  -0.8  0.6
 -1.  -0.6 -0.6  0.8 -0.8  0.   0.6  0.6  0.6  0.4  0.6 -0.8 -0.6  0.8
  0.8 -0.8  0.6 -0.6 -0.8 -0.6 -0.8 -1.   0.6 -0.8  0.4 -0.4 -0.6 -0.6
 -0.2 -0.8  0.6 -0.6  0.4  0.2 -0.8  0.2  0.8  0.6  0.4  0.  -0.8 -0.6
  0.6  0.6 -0.4  0.8  0.6 -0.6  0.6  0.   0.  -0.8 -0.4 -0.6  0.  -0.8
 -0.8  0.6  0.6  0.6  0.6  0.4  0.6 -0.8  0.  -0.4  0.6  0.6  0.6 -0.2
  0.6 -0.4  0.6  0.  -0.6  0.6 -0.2 -0.6  0.8  0.6  0.6  0.   0.2  0.8
  0.  -0.4  0.2]
Predictions: [-6.18024945e-01  5.93214095e-01 -6.20608270e-01  6.70219660e-01
 -7.64584661e-01  5.49638152e-01  6.30666077e-01 -1.09543443e-01
 -4.92930382e-01 -3.37519109e-01  4.83696908e-01 -5.21155596e-01
  1.75118536e-01  2.24748030e-01 -4.64572161e-01  2.24155821e-02
  4.19230580e-01  3.44830483e-01  4.61232215e-01  8.65263492e-02
  2.00418793e-02 -9.21845958e-02  6.52303994e-01  3.48843545e-01
 -6.00606263e-01  4.76972967e-01 -4.15367246e-01  2.36439034e-01
 -8.18896234e-01 -4.76831853e-01 -4.44426507e-01  5.20017266e-01
 -2.86610782e-01 -4.22181666e-01 -5.52853823e-01  3.20882410e-01
  6.53964460e-01  5.04557848e-01 -1.29797682e-01  4.64185923e-01
  6.18029118e-01  7.74191767e-02  3.82922292e-01 -2.43326798e-01
 -3.72626394e-01 -2.29766190e-01  6.31217360e-01 -4.31450307e-01
  5.32017291e-01 -7.37928689e-01  5.59253752e-01  3.38922828e-01
  3.17907244e-01  3.69618893e-01  5.98806560e-01  3.86378586e-01
 -1.27339840e-01 -6.26864672e-01 -4.41185176e-01 -2.25288287e-01
 -6.33004189e-01 -3.84407520e-01  1.26836643e-01  5.68976879e-01
  4.01970565e-01 -9.48328227e-02 -8.04881811e-01 -9.17550981e-01
 -3.63051742e-01 -5.84814191e-01  8.29852819e-01  4.70219880e-01
 -7.33592153e-01 -2.81680584e-01 -4.89875466e-01 -7.45830119e-01
  5.09139240e-01 -2.55623627e-02 -4.86429453e-01 -9.13340449e-01
 -4.13882196e-01 -2.15998828e-01  5.09526581e-04  3.99156988e-01
  3.98632050e-01  3.78446102e-01 -3.40842128e-01  5.11452734e-01
 -3.73151273e-01 -9.65656191e-02  3.13252568e-01  2.24933013e-01
 -2.47674406e-01  4.82733399e-01  4.95722324e-01  6.66099846e-01
 -4.56684023e-01  7.38696337e-01 -6.53751016e-01  6.97303414e-01
  1.95274189e-01 -3.22805375e-01  5.25865436e-01 -1.55052736e-01
 -3.93042028e-01  5.32009482e-01 -7.21309111e-02 -6.75927177e-02
 -7.40851581e-01 -6.19484365e-01  1.38297692e-01 -8.08460951e-01
 -6.95073783e-01  3.58402312e-01 -4.89410579e-01 -2.25032553e-01
  3.01718026e-01  3.45075399e-01 -2.97812484e-02 -5.87229073e-01
 -2.08456203e-01  4.76733297e-01 -5.86001836e-02  1.52119264e-01
  2.75049210e-01 -3.35140347e-01 -3.88581216e-01  4.57404524e-01
  4.41845417e-01  4.31660324e-01  2.28579089e-01  3.49727482e-01
  1.92158595e-01 -7.92609513e-01 -9.22458246e-02  5.84044814e-01
 -2.90053114e-02  4.35874104e-01  6.15413487e-01  5.63724577e-01
  8.18866864e-03  6.19960487e-01 -2.58447230e-01 -1.41859263e-01
 -3.68956238e-01  2.62415320e-01  3.60029906e-01  5.87227285e-01
 -5.25351882e-01  7.95623958e-02  4.56412524e-01 -1.30908623e-01
  3.23812604e-01 -5.78273416e-01  5.51996708e-01  3.43399405e-01
 -1.64711550e-01 -1.31103724e-01  2.69386053e-01  4.88833934e-01
  5.21189034e-01  2.86998838e-01  2.50844359e-01  2.04706922e-01
 -2.87300289e-01  6.04033530e-01 -5.94780892e-02 -6.21135056e-01
  2.65695035e-01  5.29889643e-01  1.65974110e-01  3.22492093e-01
 -3.69083822e-01  4.83735293e-01  1.63694441e-01 -4.04827893e-01
 -2.16909945e-01 -3.49375457e-01 -1.04831088e+00  6.35058343e-01
  5.13876379e-01 -6.80577934e-01 -5.87005429e-02  3.73401344e-01
  3.23671579e-01  6.07590079e-01 -3.65837038e-01  8.55314583e-02
 -1.19398922e-01 -1.94429100e-01 -2.28300065e-01  2.45999441e-01
 -1.84725732e-01  2.47021206e-02 -5.51357269e-02  4.24638361e-01
 -4.09602672e-01 -8.35894346e-01  5.12876272e-01 -3.42678756e-01
  5.77663779e-01  5.26031852e-01 -5.59675574e-01 -1.04389228e-01
 -8.56783539e-02 -3.97079527e-01 -1.74520031e-01  2.27552131e-01
  3.99894446e-01 -3.19299340e-01  2.58781612e-01  5.09578645e-01
 -4.38969210e-02  5.05562901e-01 -2.85833240e-01  4.76217598e-01
 -1.64468102e-02  2.21249983e-01  3.78053099e-01  5.57458028e-03
 -5.74875116e-01  2.15412691e-01  2.71872669e-01 -2.92333812e-01
  2.05284581e-01 -3.01958829e-01 -6.26899123e-01  3.74474972e-01
 -6.37544513e-01 -6.66432679e-01 -8.12669933e-01 -1.19835399e-02
  5.48622720e-02  9.14102495e-02  6.51010424e-02 -4.88883317e-01
 -4.76788789e-01 -2.06439450e-01  3.13341945e-01  4.55369204e-01
  1.92886829e-01 -1.25217021e-01  1.70125023e-01 -2.65780687e-01
  5.19441545e-01  5.62908113e-01  9.60144997e-02  2.10091695e-01
  4.48091120e-01  5.69241226e-01  4.08754162e-02 -1.00490737e+00
 -1.66764334e-01  3.31093520e-01  3.40665698e-01  5.54740094e-02
 -6.08228892e-03  2.24286184e-01  5.30558586e-01 -3.49776983e-01
 -9.15719271e-02  1.17237508e-01 -3.54831308e-01 -1.14157185e-01
 -2.83850133e-01  4.60297734e-01  2.83865690e-01 -3.55752319e-01
 -5.21817327e-01  9.72235650e-02 -1.54257759e-01  2.51295507e-01
  2.85637200e-01  4.12547380e-01  5.81458569e-01  1.31204188e-01
 -1.06625408e-01  2.02868178e-01  3.71446639e-01  2.54238516e-01
  6.17276095e-02  2.18097761e-01 -2.54923046e-01  2.40344778e-01
  5.00035048e-01  3.22997779e-01 -3.76244158e-01 -6.03760719e-01
  7.63493031e-02  4.50893432e-01  4.82131928e-01  1.01473644e-01
  3.26564722e-02  2.28727981e-01 -4.63666290e-01  2.47663006e-01
 -4.28081870e-01  4.64694232e-01  5.53454868e-02  4.00388211e-01
 -7.09542990e-01 -3.19438130e-01  6.04841948e-01 -5.26515424e-01
 -8.26515436e-01  5.95354319e-01 -4.58660394e-01  2.93915659e-01
  5.43272495e-01 -6.44627631e-01 -1.53327614e-01 -9.18860197e-01
  1.09094903e-01  5.53237982e-02  3.25112604e-02  5.42294562e-01
  5.36772370e-01  5.32124043e-01  1.56393528e-01  5.68149686e-01
  2.92207688e-01 -4.13540751e-01 -5.06025195e-01 -3.65494609e-01
  4.84722823e-01 -1.89159773e-02  1.85103402e-01  1.56344607e-01
 -5.19711137e-01  2.41301253e-01  9.59159806e-03  1.70295656e-01
  1.67721242e-01  2.38802746e-01  4.16157722e-01  2.19586894e-01
  9.19211283e-03 -6.94077611e-01 -2.18856975e-01  6.16215281e-02
  4.70380396e-01 -4.63643938e-01 -8.55700672e-01 -4.20093238e-01
 -7.41042942e-02 -1.03145868e-01 -2.47627333e-01 -7.59860635e-01
  6.41016603e-01  1.36977993e-02  6.05115533e-01  4.51654345e-01
  1.68721959e-01  4.50943440e-01  3.71523142e-01  1.81921124e-01
  1.48393810e-01  3.67221206e-01 -6.46279097e-01  2.84367889e-01
  3.62921298e-01  5.49821436e-01  2.95033485e-01  3.96346837e-01
 -7.68865347e-01 -1.64793864e-01 -5.84727883e-01 -2.89619327e-01
  2.41096899e-01  6.38051510e-01  5.43114185e-01 -2.84580886e-01
  2.51723081e-01 -1.22355044e-01 -1.17330879e-01  4.90052015e-01
  2.74287373e-01  2.27129951e-01 -6.68146849e-01  3.10769044e-02
  4.41772640e-01  1.80799618e-01  4.71240312e-01 -6.90291762e-01
  4.76287156e-01 -1.28562041e-02 -4.29757237e-01  3.43412906e-01
 -6.60412759e-02  2.43250832e-01 -1.67877704e-01  1.26883119e-01
  1.42934434e-02  7.56396055e-02  2.63490289e-01  5.79415023e-01
 -2.11164802e-02  3.19293052e-01  9.24073607e-02  2.78082967e-01
 -2.39079639e-01 -1.12934120e-01 -4.50385004e-01 -3.04739356e-01
 -1.49729788e-01  5.43644249e-01  3.75042886e-01 -4.01629545e-02
  2.02147946e-01 -3.17493409e-01 -6.25057280e-01 -2.76623666e-01
  8.03477168e-02  1.89913996e-02  4.68199223e-01  3.58600706e-01
  5.02047062e-01 -5.78574479e-01 -5.94065785e-01 -7.94190168e-01
  6.02363110e-01  1.21341974e-01  5.90441637e-02 -1.63570762e-01
 -3.86867166e-01  2.40394875e-01  4.00530189e-01  4.31049049e-01
 -1.33351311e-01 -5.15096068e-01  2.18580887e-01  3.04278694e-02
 -1.33088529e-01 -7.08123267e-01 -1.18882596e-01 -4.33773428e-01
 -2.23679677e-01  3.56915891e-01  1.60486206e-01  4.49114710e-01
  6.80513859e-01  5.97384013e-02 -6.93830997e-02  5.56369483e-01
  6.10859334e-01 -4.54258829e-01  5.63694835e-01 -6.12091124e-01
 -7.41417468e-01 -1.08250761e+00  6.02329135e-01 -5.40217161e-01
  4.19833332e-01 -6.34422004e-01 -1.54550560e-02 -4.26082551e-01
  5.24205744e-01  8.63066971e-01 -2.81856865e-01 -2.35977471e-02
  4.38875288e-01  1.32031038e-01  3.93905580e-01  5.25079846e-01
  5.24432719e-01 -5.76080799e-01 -3.60077679e-01  6.04578793e-01
  2.16555908e-01  5.96569896e-01 -8.95229936e-01  8.24647248e-02
  6.26017988e-01  4.63097006e-01  2.46298775e-01 -6.85581505e-01
  1.53807417e-01  4.78557438e-01  1.78746298e-01  3.82488787e-01
  1.61925048e-01  5.37185334e-02  4.32461262e-01 -9.50978547e-02
  6.34369850e-02  7.78843164e-02 -6.11008704e-01  5.14435768e-01
  4.14469570e-01 -7.32543170e-02 -8.40323418e-02  6.45407915e-01
 -1.21796086e-01  4.27282751e-01  3.46216746e-02  5.28189361e-01
  5.00577211e-01  1.38428420e-01  4.32105362e-01  4.49174196e-01
  5.31970263e-01  2.96262920e-01 -6.49284422e-01  3.12589765e-01
  5.24960697e-01  6.23629630e-01  2.17948072e-02  4.59275454e-01
  4.67421025e-01  3.62078190e-01  1.77351490e-01  2.93286830e-01
  4.15799707e-01  1.56382889e-01  2.99493283e-01  2.55065739e-01
  5.73795080e-01  2.76632696e-01  2.75573790e-01  4.69603449e-01
 -4.67409998e-01 -3.63417596e-01  3.12140405e-01  4.85036783e-02
  4.46124762e-01  3.58290821e-01  4.75063771e-01 -4.73449111e-01
  6.50957763e-01 -1.55300140e-01  2.23443910e-01 -5.84805250e-01
  4.54536706e-01  4.45057303e-01 -5.14552891e-01  6.00169659e-01
 -1.81669876e-01 -4.69014719e-02  9.16319430e-01  8.02461028e-01
  1.69940382e-01  5.40965736e-01  4.63784784e-01 -5.20850457e-02
  4.97506231e-01 -1.52893588e-01  6.07546270e-01  1.25095338e-01
  5.63658178e-01 -4.09520119e-01  2.69135863e-01 -3.64402622e-01
  2.95749940e-02 -1.78551823e-01  4.41424936e-01 -1.90217942e-02
  4.35981870e-01  4.77120541e-02 -4.66677129e-01  5.59781611e-01
 -4.82712507e-01 -3.27542961e-01 -6.13667428e-01 -3.57142925e-01
 -7.31954724e-03  3.09278071e-01  5.11074662e-01  4.19831783e-01
  4.17026579e-01  4.64663476e-01  1.51983455e-01  1.61652431e-01
  4.64063078e-01  5.05682290e-01  4.35887843e-01  1.54975936e-01
  2.78916091e-01  3.66206139e-01 -9.91995335e-02  2.27401540e-01
 -2.72537678e-01 -4.21023041e-01  3.41253608e-01  3.15868795e-01
  5.26119232e-01  4.21894044e-01 -2.53179282e-01  4.48829263e-01
  5.51505446e-01 -4.80846018e-02  5.28716922e-01  5.21038353e-01
  3.85917008e-01  4.53157097e-01 -3.37659240e-01 -2.45091066e-01
  3.49071532e-01  6.48830891e-01  5.38412690e-01  4.65981334e-01
  2.85014987e-01 -3.23614120e-01  5.49377322e-01  4.79022771e-01
  5.38461506e-01 -6.58628419e-02  4.74458247e-01 -2.62085497e-01
 -1.90546170e-01  3.14186037e-01 -5.20110093e-02 -7.89377213e-01
 -4.08758193e-01 -8.04192722e-01 -1.09882168e-02 -2.23914295e-01
 -8.61219242e-02  1.78213969e-01  5.07382691e-01  6.48612320e-01
  2.99051791e-01  3.82278770e-01  3.89067739e-01 -3.36385041e-01
  4.46509570e-01  4.25099730e-01  5.72913885e-01  5.76300502e-01
  5.60146213e-01 -9.34223086e-02  4.52972203e-01 -2.83568263e-01
 -2.96919763e-01  3.28792602e-01  2.53754348e-01  6.06352687e-01
 -2.14884490e-01 -1.39951125e-01  5.53839624e-01  4.36885357e-01
  5.10412455e-01  3.83398682e-01  5.53910851e-01  5.83796740e-01
  3.54470998e-01  1.79680094e-01 -3.54751825e-01]
{"epoch": 6, "train_loss": 0.4209426253340965, "val_mae": 0.4857672154903412, "val_corr": 0.5332863864449294, "val_binary_acc": 0.6259659969088099, "val_binary_f1": 0.6084142394822007, "threshold": 0.0}
Labels: [-1.   0.6 -1.   1.  -1.  -0.8 -0.2 -1.   0.6  0.2 -0.6 -0.2 -1.   1.
 -1.  -1.   0.   0.6 -1.  -1.   1.  -0.8  1.   1.  -1.   1.  -1.   1.
 -1.  -1.  -1.   1.  -1.  -0.4 -0.6  0.2  1.   0.8  0.   0.2  0.8 -0.8
  1.  -1.  -1.  -1.   0.8 -1.   0.8 -1.   1.   0.2  0.   1.  -1.  -0.6
 -0.2 -1.   0.4 -1.   1.   0.8 -1.   0.2 -0.6  0.   0.2 -1.  -1.  -1.
  1.   1.  -1.  -1.  -1.  -1.  -0.2 -0.6 -1.  -1.  -0.2  0.   0.8  0.4
  0.   0.  -0.2  0.  -0.6 -1.  -1.  -0.6 -1.  -0.6  0.6 -0.2 -1.  -0.2
 -1.  -0.4 -0.4  0.2  1.  -1.  -1.   1.   0.  -0.4 -1.   1.   0.6 -1.
 -1.   0.  -0.8 -1.   0.4  0.6  0.4 -1.  -0.4 -0.6 -0.4 -0.4 -1.  -0.4
 -0.4 -1.   1.   1.  -0.8 -0.2  1.  -1.  -0.2  0.6  1.  -1.   1.   0.6
 -0.2 -1.  -1.   0.  -1.  -0.4 -1.  -0.6 -0.4 -0.2  0.6  0.4  0.6 -0.4
  1.  -0.6 -1.   0.2 -1.   0.2  0.   0.  -0.6 -0.4 -0.6  1.  -1.  -1.
 -1.   1.   0.   1.  -0.6  1.  -1.  -1.  -1.  -1.   0.6  0.   0.6 -1.
 -1.   0.6  0.8  1.  -0.6  0.  -0.2 -1.  -1.   0.  -0.2 -0.2  0.4  0.6
  1.  -1.  -0.2 -1.   0.  -0.4 -1.   0.4 -0.6 -0.4 -1.   0.2  0.   0.
  0.   0.8  1.   0.  -0.4  1.  -1.   0.   0.2 -0.4  0.   0.8  0.   0.
  0.  -1.  -1.  -1.  -1.  -1.  -1.  -0.8 -1.  -1.   0.  -1.  -1.  -0.6
  0.   0.  -0.6 -1.   0.  -0.8  0.   0.8  0.6 -0.2  0.   1.   0.  -1.
 -1.  -0.6 -1.  -0.6 -0.4 -0.6  1.   0.   0.2  0.8 -0.2 -1.  -1.  -1.
 -1.   0.6 -1.  -1.  -0.2  1.  -0.2 -0.2  1.   0.2 -0.4  0.   0.4  1.
  0.   0.   0.2  0.4  0.   0.  -0.6 -1.  -0.2  0.4  0.  -1.  -0.4  0.
  0.   0.2  0.2 -0.2 -0.8 -1.  -1.  -0.2  0.4  0.2 -0.2  0.6  0.   0.2
  0.8  0.8  0.  -1.  -0.2 -0.8  0.   0.6 -0.8 -0.6  0.2  0.4  0.  -0.4
 -0.6 -0.2  0.6  0.   0.  -0.8 -0.2  0.  -0.2  0.   0.  -0.4  0.  -0.8
 -0.8 -0.8  0.6 -1.   0.6 -1.  -0.8 -1.   1.  -0.6 -1.  -1.   1.   1.
  0.2  0.8  1.   0.6 -0.2  0.2 -0.8 -1.  -1.  -0.2  0.2  1.  -0.8 -0.4
 -1.  -0.8 -0.6 -1.   0.  -0.8  0.6 -1.   1.   0.8 -0.2  0.  -0.6 -1.
 -1.   0.   1.   0.2  1.  -1.   0.8  0.4 -1.   1.  -0.8 -0.2 -0.8 -0.4
 -1.   0.   0.   0.  -0.4  0.  -0.4  0.   0.  -0.8  0.  -0.2 -0.6  0.8
  0.   0.6 -0.2 -1.  -0.2 -1.   0.6 -0.6  0.   0.   0.6  1.  -0.8 -1.
  1.   0.2  1.  -1.  -0.6 -0.8 -1.   1.   0.  -1.   1.  -0.2  0.  -1.
 -1.  -0.8  0.2  0.4 -0.4  0.   1.  -0.2 -0.2 -0.2  0.2 -0.8  0.8 -1.
 -1.  -1.   0.4 -0.8 -1.  -1.   0.4  0.2  0.8  0.8 -0.6  0.8  0.8 -0.8
  0.6  0.6 -0.8 -0.2 -0.4  0.8 -0.2  0.  -0.8 -0.4  0.8  0.6 -0.6 -0.8
 -0.6  0.8  0.6  0.6 -0.2  0.   0.4 -0.6 -0.6 -0.6  0.6  0.8  0.  -1.
 -0.6  0.   0.4  0.6  0.   0.   0.8 -0.6  0.2  0.6  0.8  0.8 -0.8 -0.4
  0.   0.6 -1.   0.8 -0.6  0.6  0.8  0.8  0.2 -0.8  0.6  0.4  0.8  0.
 -0.6  0.4 -0.6  0.   0.6  0.  -0.6  0.4  0.2 -0.8  0.6 -0.2  0.  -0.8
  0.6  1.  -0.8 -1.  -0.6  0.8  0.6  0.8  0.6  0.8  0.8  0.  -0.8  0.
  0.6 -0.6  0.6 -0.6  0.8 -0.8 -0.8 -0.6  0.6 -0.2  1.   0.  -0.8  0.6
 -1.  -0.6 -0.6  0.8 -0.8  0.   0.6  0.6  0.6  0.4  0.6 -0.8 -0.6  0.8
  0.8 -0.8  0.6 -0.6 -0.8 -0.6 -0.8 -1.   0.6 -0.8  0.4 -0.4 -0.6 -0.6
 -0.2 -0.8  0.6 -0.6  0.4  0.2 -0.8  0.2  0.8  0.6  0.4  0.  -0.8 -0.6
  0.6  0.6 -0.4  0.8  0.6 -0.6  0.6  0.   0.  -0.8 -0.4 -0.6  0.  -0.8
 -0.8  0.6  0.6  0.6  0.6  0.4  0.6 -0.8  0.  -0.4  0.6  0.6  0.6 -0.2
  0.6 -0.4  0.6  0.  -0.6  0.6 -0.2 -0.6  0.8  0.6  0.6  0.   0.2  0.8
  0.  -0.4  0.2]
Predictions: [-5.83934665e-01  5.31578124e-01 -8.65006924e-01  5.80466449e-01
 -8.76531959e-01  2.91405946e-01  6.31148756e-01 -3.60912740e-01
 -5.61656773e-01 -5.73898196e-01  6.47733331e-01 -5.71670353e-01
 -3.73948365e-03  1.92801446e-01 -5.33194184e-01 -1.01407334e-01
  3.62860829e-01  4.30805355e-01  5.26721656e-01 -2.60807984e-02
  1.07451394e-01 -2.78197765e-01  5.24922609e-01 -1.16184011e-01
 -7.71081328e-01  5.24770319e-01 -5.43224156e-01  1.71985552e-01
 -7.11928606e-01 -5.73851228e-01 -6.41495228e-01  3.16377640e-01
 -5.28751135e-01 -5.10199547e-01 -6.22793198e-01 -1.26180612e-02
  4.80226994e-01  3.30739021e-01 -3.48395526e-01  4.78389740e-01
  4.63952065e-01 -6.29774258e-02  4.90629792e-01 -6.34255409e-01
 -4.68989134e-01 -4.95480388e-01  6.58095896e-01 -7.19485760e-01
  3.96336079e-01 -8.26678932e-01  5.29673994e-01 -4.42915380e-01
 -7.17113435e-01  4.32923347e-01  2.93509364e-01  3.84014919e-02
 -4.25177664e-01 -6.95233464e-01 -5.76091409e-01 -4.24506962e-01
 -4.74086940e-01 -2.67482519e-01 -1.89225301e-01  3.97480726e-01
  2.42112875e-01 -2.79698789e-01 -8.32179308e-01 -8.60829711e-01
 -6.77298784e-01 -8.62635255e-01  7.93946087e-01  1.95107251e-01
 -8.63046408e-01 -6.92483068e-01 -6.21972084e-01 -2.08521083e-01
  2.87206709e-01 -4.91793960e-01 -6.36245072e-01 -7.26791024e-01
 -5.25160253e-01 -2.22555354e-01 -3.93087268e-02 -6.33776248e-01
  3.76830071e-01  2.81640917e-01 -3.31935257e-01 -2.73995437e-02
 -5.68398356e-01 -2.53433883e-01  1.53586879e-01  6.70782775e-02
 -1.15732849e-01  1.75411552e-01  6.55665457e-01 -5.31009734e-01
 -6.38072431e-01  7.65026629e-01 -8.68222058e-01  1.84372351e-01
  1.16771832e-01 -4.40101653e-01  5.67964733e-01  8.30683112e-02
 -4.12054390e-01  1.45898148e-01 -3.86618614e-01 -1.85125381e-01
 -8.63925934e-01 -7.18223512e-01 -9.00280699e-02 -7.19482899e-01
 -8.28881383e-01 -3.41225490e-02 -6.37866378e-01 -4.57641631e-01
  2.82270014e-01  4.97084200e-01  2.41726428e-01 -6.05151653e-01
 -1.38319433e-01  2.77661443e-01 -2.18626484e-01 -2.60971002e-02
 -1.48112610e-01 -4.38937575e-01 -6.61816716e-01 -6.80064201e-01
  4.97207820e-01  4.71491098e-01 -2.85978854e-01  1.93260401e-01
  2.30343580e-01 -7.20114589e-01 -4.81336154e-02  6.51942372e-01
 -2.07875073e-01 -8.88580084e-01  4.91787434e-01  1.70607015e-01
 -3.50030959e-02  2.15607703e-01 -2.99136102e-01 -1.58459932e-01
 -5.17710567e-01  2.51509994e-01  1.88421339e-01  6.26003981e-01
 -6.09036386e-01 -3.36943790e-02  4.62753952e-01 -1.93349764e-01
  3.37039679e-01 -6.66521251e-01  4.18620586e-01 -6.14757612e-02
 -4.86069232e-01 -1.49201944e-01  5.37388504e-01  4.35001314e-01
  5.86083829e-01  7.58994520e-02  1.51173770e-01 -9.07207429e-02
 -4.14435655e-01  3.89283985e-01 -1.25359558e-02 -7.46443629e-01
 -3.91900718e-01  4.55211341e-01  8.34436417e-02  3.00255805e-01
 -4.87706244e-01  5.22048414e-01 -2.73600936e-01 -5.88492692e-01
 -2.94700444e-01 -4.01996642e-01 -1.12384391e+00  6.49398267e-01
  4.23580915e-01 -5.95281959e-01 -4.97736663e-01  4.26098019e-01
  3.26408893e-01  4.19219494e-01 -4.28943276e-01 -2.58152723e-01
 -3.63203794e-01 -4.58613366e-01 -4.45993900e-01  2.23029852e-01
 -3.34869504e-01 -5.95318526e-02 -2.34231681e-01  2.44148046e-01
 -4.65295136e-01 -9.62916732e-01  4.20904398e-01 -7.15612948e-01
  4.01366055e-01  5.31505585e-01 -4.82800394e-01  1.90329239e-01
 -3.98054153e-01 -3.64417195e-01 -2.35847697e-01  4.89854455e-01
  3.32283527e-01 -4.79552448e-01  1.08532682e-01  5.02129436e-01
  5.66477180e-01  7.01064765e-01 -6.85780704e-01  3.51536751e-01
 -2.76321292e-01  3.94930273e-01  3.08398336e-01  3.36168706e-03
 -5.84422350e-01  1.36072412e-01  2.11224258e-01 -6.83174968e-01
  3.61277938e-01 -5.89624524e-01 -4.11680818e-01  7.45942593e-02
 -6.72262311e-01 -7.57098019e-01 -8.36311221e-01 -3.10982823e-01
 -3.12330574e-01 -2.31890693e-01  2.02282965e-01 -4.36774254e-01
 -6.25324011e-01 -3.47193509e-01  2.98686415e-01  4.37300056e-01
 -4.09425199e-01 -1.28872946e-01  8.11420679e-02 -3.93270880e-01
  4.85393405e-01  5.69881439e-01 -2.71823943e-01  3.04745883e-03
 -3.23874682e-01  4.16383117e-01  4.15676087e-02 -1.03880775e+00
 -5.05039871e-01  1.36817023e-01  3.16549629e-01 -1.70009062e-02
 -2.10346654e-03 -2.19707474e-01  5.54173768e-01 -4.64048713e-01
 -1.35987192e-01  1.77549124e-01 -3.73471946e-01 -5.99529520e-02
 -2.77357668e-01  4.71320927e-01  2.39145845e-01 -6.03102505e-01
 -4.57411915e-01  4.77412641e-02 -4.48004693e-01  3.05898845e-01
  3.46499920e-01 -4.81168658e-01  5.67792773e-01  1.04840294e-01
 -1.71683729e-01  2.74859935e-01  4.47623312e-01  2.96239227e-01
 -1.90744817e-01  3.02437693e-01 -5.75446069e-01  2.06339240e-01
  5.73028862e-01 -5.86003900e-01 -5.44873714e-01 -6.25450194e-01
 -2.01188385e-01  2.43574679e-01  5.03020406e-01 -1.25050247e-01
 -3.11007202e-01  2.16744214e-01 -4.20804143e-01  2.95326144e-01
 -5.39180875e-01  4.49733317e-01 -4.17871803e-01  3.95017490e-02
 -8.21748257e-01 -5.53092957e-01  6.33330166e-01 -5.81736565e-01
 -8.81483614e-01  6.48965538e-01 -7.88490415e-01  6.37935102e-01
  3.96654606e-01  1.51867330e-01  8.54689926e-02 -7.71442115e-01
 -3.58757019e-01 -1.92633450e-01 -1.94968909e-01  3.76036853e-01
  4.84905720e-01  4.90478516e-01  5.06317675e-01  5.40574133e-01
  4.51627970e-01  1.86428294e-01 -4.94411707e-01 -4.83603597e-01
  5.29521942e-01 -1.39376074e-01 -1.00918621e-01 -1.08549982e-01
 -5.44465721e-01  2.20988601e-01 -1.53604031e-01  1.34466961e-03
  3.54705602e-02  1.06594384e-01  3.75886321e-01  1.64559871e-01
 -5.67321405e-02 -8.09301853e-01 -1.78853884e-01 -5.74174166e-01
  4.80148017e-01 -4.08325315e-01 -9.01564956e-01 -2.06054270e-01
 -6.22671068e-01 -1.18889421e-01 -6.89154208e-01 -7.21272588e-01
  7.11276650e-01  6.77507043e-01  1.29779354e-01  4.33584601e-01
 -6.89809680e-01  1.64194897e-01  1.41387939e-01  2.27424204e-01
 -3.75260502e-01  2.06007063e-02 -7.91126728e-01  3.01839203e-01
  5.40315449e-01  5.48220038e-01  3.75895143e-01  3.35235626e-01
 -8.27748537e-01 -1.31303355e-01 -5.21438599e-01 -4.73557353e-01
  4.18281794e-01  5.05142331e-01  5.18421471e-01 -4.49573219e-01
  3.19904208e-01 -3.65797579e-01 -1.79145619e-01  3.94249350e-01
  1.99234635e-01  5.81814051e-01 -6.92117155e-01 -2.01126307e-01
  2.08017141e-01 -5.86108416e-02  4.93720710e-01 -6.58357978e-01
  4.36148465e-01 -4.64557290e-01 -6.43429816e-01  1.90493166e-01
 -1.71630695e-01  1.15331635e-01 -2.61657298e-01 -2.08546966e-02
 -4.39759612e-01  9.28906798e-02 -1.25079557e-01  4.39741373e-01
 -4.27459389e-01  3.23318392e-01  8.22544992e-02  1.37249827e-01
 -2.86514610e-01 -1.68130398e-01 -6.28196716e-01 -4.69518244e-01
 -3.45689029e-01  4.68832612e-01  4.40737575e-01 -2.70485878e-01
  1.34880155e-01 -8.56341600e-01 -6.45227075e-01 -4.78393674e-01
 -1.43319853e-02 -1.84333742e-01  2.71618888e-02  2.59249806e-01
  4.63926673e-01 -7.33386219e-01 -6.36187553e-01 -8.32804084e-01
  5.97424030e-01 -1.05899274e-02  1.34292826e-01 -2.32890174e-01
 -3.80582660e-01 -1.05129868e-01  2.86709070e-01  2.97847420e-01
 -3.67867760e-02 -6.27946973e-01 -3.81177813e-01 -1.88793689e-01
 -4.88402992e-01 -7.43332863e-01 -1.10104367e-01 -6.12963200e-01
 -3.69018137e-01  1.65412307e-01  1.68911457e-01  1.43932164e-01
  5.35186350e-01 -2.39579901e-01 -2.88826138e-01 -5.80004811e-01
  3.26001048e-01 -5.87135196e-01  8.29104930e-02 -8.43231916e-01
 -7.94539809e-01 -1.15930665e+00  7.43618608e-01 -4.11937296e-01
  2.81019688e-01 -7.22459555e-01 -3.47764552e-01 -4.04647887e-01
  7.44930148e-01  3.37240696e-01 -8.72795284e-02  5.40968329e-02
  5.83052576e-01 -3.90973419e-01  3.87851596e-01  5.22796988e-01
  4.40991163e-01 -5.97644985e-01 -4.69533920e-01  7.00499654e-01
  5.07842749e-02  2.23846018e-01 -8.38416219e-01 -1.57637134e-01
  2.85753638e-01  5.51680148e-01 -5.40626049e-01 -6.89039230e-01
  4.69233841e-02  4.18167919e-01  8.32996517e-02  1.40482336e-01
 -2.72284925e-01 -7.80047104e-03  5.34045815e-01 -3.48147333e-01
 -2.77099222e-01 -4.81303781e-04 -7.10904002e-01  4.82397437e-01
 -4.91401821e-01 -3.27236116e-01 -1.81955844e-01  4.26873982e-01
 -3.25078696e-01  5.96391261e-01 -4.74675238e-01  5.01560330e-01
  6.13484740e-01  6.69907779e-03  2.42121905e-01  5.01285672e-01
  4.74629819e-01  1.00826204e-01 -7.39759266e-01 -2.38509730e-01
  3.71205747e-01  6.03796661e-01 -8.06451261e-01  3.11931044e-01
  5.04104972e-01  3.60350043e-01  1.61708385e-01  2.80207753e-01
  2.78554589e-01 -6.39259666e-02  2.05249995e-01  2.63110220e-01
  2.63828903e-01  1.90983370e-01 -1.98551014e-01  4.19719100e-01
 -5.60195863e-01 -4.61010963e-01  2.99417704e-01  2.56208405e-02
  4.45577204e-01  3.39341760e-01  4.37351942e-01 -6.89221978e-01
  4.33639288e-01 -5.00944108e-02  1.61379695e-01 -8.98705840e-01
  4.20882076e-01  4.69892979e-01 -6.65248811e-01  4.12084192e-01
 -3.91861975e-01 -1.47905171e-01  9.43957210e-01  6.71810150e-01
 -1.01804420e-01  5.70020795e-01  3.41628104e-01 -1.11938417e-01
  3.81693482e-01 -2.47990459e-01 -5.00627398e-01 -2.44608998e-01
  6.83752060e-01 -6.48783803e-01  3.45384568e-01 -6.43785894e-01
  2.67048404e-02 -2.88138986e-01  5.03971159e-01 -3.65335107e-01
  2.37307817e-01 -6.72228277e-01 -8.22042108e-01  4.52136219e-01
 -5.67551732e-01 -2.65205145e-01 -7.61767387e-01 -2.86637872e-01
 -3.68199199e-01  4.09494460e-01  5.59362173e-01  2.56427526e-01
  4.43253219e-01  4.76029932e-01 -2.79276848e-01 -6.54901147e-01
  3.76213640e-01  5.02312839e-01  2.94274539e-01  1.61636591e-01
  3.02637756e-01  3.75327140e-01 -4.52875912e-01 -2.86343277e-01
 -4.90117282e-01 -5.85126758e-01  3.54553610e-01 -4.84895974e-01
  6.60383761e-01  4.24199164e-01 -5.70900440e-01  2.25171983e-01
  1.74125731e-01 -3.13027650e-01  2.97364980e-01  1.25357717e-01
  1.94363683e-01  4.56663191e-01 -3.96406263e-01 -2.17731342e-01
 -4.30988789e-01  5.94902158e-01  2.54656136e-01  3.89028639e-01
  1.54786021e-01 -7.08427727e-01  6.12717211e-01  3.80338520e-01
  2.36073017e-01 -1.74378529e-01  3.89505655e-01 -6.53656006e-01
 -6.00383103e-01  6.73448145e-02 -1.35722399e-01 -8.85427237e-01
 -4.33198541e-01 -7.90019393e-01 -1.49350226e-01  1.04994982e-01
 -7.89430499e-01 -7.03145802e-01  6.14209473e-01  4.05343533e-01
  2.96201169e-01  3.60818058e-01  2.06971824e-01 -4.55146551e-01
  4.78781700e-01  3.47557157e-01  7.92271912e-01  5.97435236e-01
  4.53516543e-01 -8.30831304e-02  7.67369121e-02 -4.99183297e-01
 -2.05243602e-01  4.56684589e-01  1.96625382e-01  7.27260888e-01
 -5.97309709e-01 -2.50231206e-01  4.99196947e-01  4.70477045e-01
  4.16797221e-01 -1.67290539e-01  4.16120380e-01  3.79089355e-01
  1.82760820e-01  1.44567683e-01 -4.77323294e-01]
{"epoch": 7, "train_loss": 0.39945720517358113, "val_mae": 0.44933757185935974, "val_corr": 0.5657439906817731, "val_binary_acc": 0.7125193199381762, "val_binary_f1": 0.654275092936803, "threshold": 0.0}
Labels: [-1.   0.6 -1.   1.  -1.  -0.8 -0.2 -1.   0.6  0.2 -0.6 -0.2 -1.   1.
 -1.  -1.   0.   0.6 -1.  -1.   1.  -0.8  1.   1.  -1.   1.  -1.   1.
 -1.  -1.  -1.   1.  -1.  -0.4 -0.6  0.2  1.   0.8  0.   0.2  0.8 -0.8
  1.  -1.  -1.  -1.   0.8 -1.   0.8 -1.   1.   0.2  0.   1.  -1.  -0.6
 -0.2 -1.   0.4 -1.   1.   0.8 -1.   0.2 -0.6  0.   0.2 -1.  -1.  -1.
  1.   1.  -1.  -1.  -1.  -1.  -0.2 -0.6 -1.  -1.  -0.2  0.   0.8  0.4
  0.   0.  -0.2  0.  -0.6 -1.  -1.  -0.6 -1.  -0.6  0.6 -0.2 -1.  -0.2
 -1.  -0.4 -0.4  0.2  1.  -1.  -1.   1.   0.  -0.4 -1.   1.   0.6 -1.
 -1.   0.  -0.8 -1.   0.4  0.6  0.4 -1.  -0.4 -0.6 -0.4 -0.4 -1.  -0.4
 -0.4 -1.   1.   1.  -0.8 -0.2  1.  -1.  -0.2  0.6  1.  -1.   1.   0.6
 -0.2 -1.  -1.   0.  -1.  -0.4 -1.  -0.6 -0.4 -0.2  0.6  0.4  0.6 -0.4
  1.  -0.6 -1.   0.2 -1.   0.2  0.   0.  -0.6 -0.4 -0.6  1.  -1.  -1.
 -1.   1.   0.   1.  -0.6  1.  -1.  -1.  -1.  -1.   0.6  0.   0.6 -1.
 -1.   0.6  0.8  1.  -0.6  0.  -0.2 -1.  -1.   0.  -0.2 -0.2  0.4  0.6
  1.  -1.  -0.2 -1.   0.  -0.4 -1.   0.4 -0.6 -0.4 -1.   0.2  0.   0.
  0.   0.8  1.   0.  -0.4  1.  -1.   0.   0.2 -0.4  0.   0.8  0.   0.
  0.  -1.  -1.  -1.  -1.  -1.  -1.  -0.8 -1.  -1.   0.  -1.  -1.  -0.6
  0.   0.  -0.6 -1.   0.  -0.8  0.   0.8  0.6 -0.2  0.   1.   0.  -1.
 -1.  -0.6 -1.  -0.6 -0.4 -0.6  1.   0.   0.2  0.8 -0.2 -1.  -1.  -1.
 -1.   0.6 -1.  -1.  -0.2  1.  -0.2 -0.2  1.   0.2 -0.4  0.   0.4  1.
  0.   0.   0.2  0.4  0.   0.  -0.6 -1.  -0.2  0.4  0.  -1.  -0.4  0.
  0.   0.2  0.2 -0.2 -0.8 -1.  -1.  -0.2  0.4  0.2 -0.2  0.6  0.   0.2
  0.8  0.8  0.  -1.  -0.2 -0.8  0.   0.6 -0.8 -0.6  0.2  0.4  0.  -0.4
 -0.6 -0.2  0.6  0.   0.  -0.8 -0.2  0.  -0.2  0.   0.  -0.4  0.  -0.8
 -0.8 -0.8  0.6 -1.   0.6 -1.  -0.8 -1.   1.  -0.6 -1.  -1.   1.   1.
  0.2  0.8  1.   0.6 -0.2  0.2 -0.8 -1.  -1.  -0.2  0.2  1.  -0.8 -0.4
 -1.  -0.8 -0.6 -1.   0.  -0.8  0.6 -1.   1.   0.8 -0.2  0.  -0.6 -1.
 -1.   0.   1.   0.2  1.  -1.   0.8  0.4 -1.   1.  -0.8 -0.2 -0.8 -0.4
 -1.   0.   0.   0.  -0.4  0.  -0.4  0.   0.  -0.8  0.  -0.2 -0.6  0.8
  0.   0.6 -0.2 -1.  -0.2 -1.   0.6 -0.6  0.   0.   0.6  1.  -0.8 -1.
  1.   0.2  1.  -1.  -0.6 -0.8 -1.   1.   0.  -1.   1.  -0.2  0.  -1.
 -1.  -0.8  0.2  0.4 -0.4  0.   1.  -0.2 -0.2 -0.2  0.2 -0.8  0.8 -1.
 -1.  -1.   0.4 -0.8 -1.  -1.   0.4  0.2  0.8  0.8 -0.6  0.8  0.8 -0.8
  0.6  0.6 -0.8 -0.2 -0.4  0.8 -0.2  0.  -0.8 -0.4  0.8  0.6 -0.6 -0.8
 -0.6  0.8  0.6  0.6 -0.2  0.   0.4 -0.6 -0.6 -0.6  0.6  0.8  0.  -1.
 -0.6  0.   0.4  0.6  0.   0.   0.8 -0.6  0.2  0.6  0.8  0.8 -0.8 -0.4
  0.   0.6 -1.   0.8 -0.6  0.6  0.8  0.8  0.2 -0.8  0.6  0.4  0.8  0.
 -0.6  0.4 -0.6  0.   0.6  0.  -0.6  0.4  0.2 -0.8  0.6 -0.2  0.  -0.8
  0.6  1.  -0.8 -1.  -0.6  0.8  0.6  0.8  0.6  0.8  0.8  0.  -0.8  0.
  0.6 -0.6  0.6 -0.6  0.8 -0.8 -0.8 -0.6  0.6 -0.2  1.   0.  -0.8  0.6
 -1.  -0.6 -0.6  0.8 -0.8  0.   0.6  0.6  0.6  0.4  0.6 -0.8 -0.6  0.8
  0.8 -0.8  0.6 -0.6 -0.8 -0.6 -0.8 -1.   0.6 -0.8  0.4 -0.4 -0.6 -0.6
 -0.2 -0.8  0.6 -0.6  0.4  0.2 -0.8  0.2  0.8  0.6  0.4  0.  -0.8 -0.6
  0.6  0.6 -0.4  0.8  0.6 -0.6  0.6  0.   0.  -0.8 -0.4 -0.6  0.  -0.8
 -0.8  0.6  0.6  0.6  0.6  0.4  0.6 -0.8  0.  -0.4  0.6  0.6  0.6 -0.2
  0.6 -0.4  0.6  0.  -0.6  0.6 -0.2 -0.6  0.8  0.6  0.6  0.   0.2  0.8
  0.  -0.4  0.2]
Predictions: [-0.58944416  0.5032794  -0.67484707  0.56153554 -0.79593766  0.37736312
  0.54871076 -0.5773347  -0.4311542  -0.57258135  0.63456106 -0.45104167
  0.03900211  0.4011655  -0.64999384 -0.18321814  0.51372075  0.44319305
  0.5539875  -0.30638945  0.1263789  -0.3161145   0.6632364   0.08722804
 -0.7414992   0.47799978 -0.43605977  0.14883506 -0.67252946 -0.6486275
  0.25781235  0.5191487  -0.34531167 -0.40284592 -0.4996185   0.18787932
  0.6636607   0.31999466 -0.38837537  0.42648396  0.54194367 -0.3315196
  0.54474163 -0.57483786 -0.45181057 -0.510557    0.7120163  -0.6216254
  0.21213213 -0.76119626  0.5586859  -0.25712058 -0.6546283   0.56559336
  0.7178052  -0.05817392 -0.5099409  -0.7475418  -0.57569873 -0.5053885
 -0.24626577  0.45461318 -0.1947433   0.42862037  0.28325474 -0.41231972
 -0.03922418 -0.7792179  -0.5724046  -0.48527858  0.84127223  0.43408993
 -0.70450056 -0.54434913 -0.3068378  -0.3957343   0.54170936 -0.12569153
 -0.67014915 -0.71528745 -0.19104567 -0.42831022 -0.38902554 -0.55481565
  0.666866    0.37506968 -0.5005584   0.2515754  -0.66279966 -0.22015435
  0.21568984 -0.13248277 -0.28439215 -0.11243903  0.65938795  0.5499252
 -0.63613105  0.95504844 -0.69654167  0.03080418 -0.32678753 -0.45861426
  0.63258666  0.12081135 -0.47793052  0.48988178 -0.4715289  -0.3474774
 -0.8648832   0.5900266  -0.09952471 -0.686725   -0.68826455  0.26348665
 -0.7856788  -0.43871847  0.21934646  0.45411834  0.01185264 -0.46010175
 -0.39077702  0.29203102  0.04341435  0.38710892  0.06698506 -0.5408024
 -0.71917176  0.3348939   0.56788516  0.54193264  0.16593605  0.08751302
  0.2941322  -0.6961698  -0.25375316  0.67577004  0.03213448 -0.67710537
  0.5772681   0.2509238  -0.00638067  0.37899312 -0.22675902 -0.20365775
 -0.65492654 -0.05074808  0.42482346  0.22533894 -0.58541733 -0.2692651
  0.45826474 -0.25094232  0.38471842 -0.52780414 -0.5812306   0.26257583
 -0.33070552 -0.3933201   0.4100581   0.49321184  0.5616181  -0.2607657
  0.16156057  0.07066018 -0.45322114  0.7254842  -0.43470216 -0.5988112
 -0.45664877  0.5429647  -0.42576897  0.16370046 -0.45679137  0.37655956
 -0.64237595 -0.69238245 -0.54520434 -0.5819561  -0.93525815  0.5789061
  0.3941843  -0.5789998  -0.29335445  0.41157782  0.3101664   0.6782277
 -0.37007996 -0.35483807 -0.47844568 -0.6336373  -0.470531    0.18677717
 -0.4246487  -0.34608158  0.24199766  0.38908345 -0.3799297  -0.75040245
  0.50142235 -0.8133278   0.52724016  0.6063171   0.07883919 -0.0389154
 -0.44646668 -0.47919586 -0.16461651  0.420771    0.41073468 -0.04644293
 -0.05641465  0.5376789   0.56313044  0.5251536  -0.7563963   0.43720257
 -0.2194767   0.33045378  0.3765199   0.09204002 -0.47012782  0.11671656
  0.37676528 -0.5846761   0.29901367 -0.67231846 -0.31561205  0.38846645
 -0.85332245 -0.5116786  -0.7932664  -0.31365082  0.3812237  -0.45038423
  0.10064972 -0.47287044 -0.6719323  -0.27131942  0.3751292   0.16684085
 -0.41931182 -0.340089   -0.10043453 -0.4305956   0.5466336   0.56616014
  0.06449189 -0.04412712  0.21756846  0.5434646   0.09545075 -1.057011
 -0.4368834   0.3336475   0.22037539 -0.3643541  -0.05741718  0.13182959
  0.62633204 -0.42473286 -0.34781826  0.07931031 -0.281224   -0.34228012
 -0.28073323  0.4561576   0.20028818  0.26181403 -0.38401455 -0.12686975
 -0.36764333  0.47184995  0.23031035 -0.3825655   0.63904184  0.29497766
 -0.25283563  0.261229    0.49908552  0.18548042 -0.39788452  0.20701385
  0.32549322  0.13029307  0.4316392  -0.43286103 -0.46788356 -0.41819674
 -0.03986263  0.00972696  0.5853348   0.02983124 -0.43121603  0.24007168
 -0.23319921  0.3767576  -0.48851818  0.18106541 -0.25849926  0.06641232
 -0.624141   -0.46410307  0.57558495 -0.41859418 -0.60007435  0.5857383
 -0.63734275  0.7348646   0.55368394  0.28179923  0.2559391  -0.74963605
 -0.26104367 -0.4294534   0.16881657  0.7331129   0.5278549   0.54667735
  0.02938568  0.5515111   0.77624226 -0.45789012 -0.5101908  -0.5007436
  0.46067753 -0.35860988 -0.29098296 -0.04365022 -0.4413166   0.17779818
  0.06278102  0.09655812 -0.05053107  0.25987798  0.39681178  0.3817047
 -0.30617037 -0.68561745 -0.00654402 -0.0455251   0.6302587  -0.56382465
 -0.82909274 -0.47090468  0.15457055 -0.12823689 -0.595059   -0.74506027
  0.71730185 -0.3290055   0.14264184  0.3876607   0.0641802   0.3838108
  0.26642197  0.24250036 -0.50173044 -0.04406007 -0.79944015  0.23380345
  0.49904743  0.5360765   0.26235628  0.24341908 -0.7525577  -0.42507303
 -0.34855816 -0.32564947 -0.05204634  0.3160512   0.58226407 -0.4575799
  0.3125029  -0.40823308 -0.28980747  0.5302094   0.16165474  0.5111582
 -0.38818377 -0.30506966  0.2943372  -0.10252923  0.5019593  -0.58941
  0.5046783  -0.5838187  -0.5785009  -0.7414803  -0.2368133   0.07360175
 -0.2428549  -0.08036475 -0.45961905 -0.09995271 -0.22815278  0.57452166
 -0.2981503  -0.34080532  0.1954492   0.20088354 -0.6032077  -0.21086007
 -0.5341799  -0.48899606 -0.33736157  0.5954797   0.3096013  -0.3317308
  0.11661474 -0.7031271  -0.5949378  -0.4922413  -0.18970552 -0.18678355
  0.19470295  0.456826    0.6759982  -0.6635598  -0.62984496 -0.5952699
  0.61942375 -0.1947577   0.17436513 -0.1435836  -0.48772714 -0.28827304
  0.31709507  0.29003948 -0.13753906 -0.71486795 -0.13338354 -0.29626665
 -0.6213431  -0.65845215 -0.38832325 -0.5570052  -0.33074358  0.13371113
 -0.00561578  0.00896573  0.7567457  -0.33565593 -0.33004296 -0.4482419
  0.60792863 -0.5538762   0.49830285 -0.7557032  -0.7835436  -0.91536
  0.75700176 -0.39716458  0.4140886  -0.5450393  -0.24309406  0.3665521
  0.71609676  0.5125661  -0.5097723   0.5978183   0.47560212 -0.63501376
  0.40182137  0.56333715  0.22991487 -0.57279825 -0.5376462   0.88922995
  0.08119594  0.513117   -0.6168944   0.14782277  0.46894845  0.29973748
 -0.4068618  -0.6617222   0.03295799  0.5855506   0.01619387  0.26307893
 -0.253119   -0.14925581  0.57068086 -0.5092017  -0.49940062 -0.3077814
 -0.09819417  0.59802204 -0.4239763   0.28157735 -0.33049208  0.5754858
 -0.38989866  0.61438    -0.40889242  0.60779816  0.71521795  0.11375196
  0.08978909  0.54164106  0.5770162  -0.19851562 -0.6244318   0.1527991
  0.19420362  0.5680485   0.12307144  0.23735824  0.40208673  0.40963033
  0.10174126  0.29372084  0.3329607  -0.22048822  0.49559757  0.28398696
  0.4238705   0.5165791  -0.05652599  0.45697543 -0.601197   -0.20321324
  0.27521032 -0.00249036 -0.43705115  0.24889573  0.48432186 -0.63634396
  0.57629    -0.00182107  0.2504574  -0.70406884  0.59326977  0.38508675
 -0.64200324  0.58204967  0.15180877 -0.17234626  1.0665407   0.87021667
 -0.54618996  0.7494244   0.35289505  0.45462146  0.431281   -0.02428876
  0.589545   -0.36891004  0.28820616 -0.4760236   0.3374783  -0.7285199
 -0.37139025 -0.34566903  0.47757885 -0.28651586  0.5708598  -0.6372757
 -0.6455324   0.552745   -0.48634776 -0.22170934 -0.684481   -0.15426692
 -0.3197104   0.42333478  0.6103724   0.43960813  0.492767    0.45552704
  0.33780625 -0.57257235  0.33644113  0.54536086  0.5252144  -0.25647414
  0.37561405  0.41468516 -0.3345252   0.06697088  0.02655984 -0.17452598
  0.24482009 -0.37205642  0.6482099   0.53242904 -0.45473817  0.20649514
  0.31919122 -0.23645273  0.41391897  0.72725064  0.18309161  0.414646
 -0.39927134 -0.40735975  0.05435573  0.6651981   0.4027446   0.55147445
  0.30642048 -0.19139832  0.65071774  0.43921116  0.11804681 -0.4163256
  0.38472497 -0.40830153 -0.46015492  0.16523427 -0.22231236 -0.8016015
 -0.51262116 -0.7853167  -0.45976853  0.3694067  -0.6769576   0.304332
  0.70419276  0.60540175  0.58377355  0.19163999  0.0942319  -0.4280977
  0.74545425  0.35629648  0.6788967   0.6728952   0.52631426 -0.04223204
  0.5252706   0.5340504  -0.11466456  0.5599304   0.18930003  0.6896132
 -0.5413604  -0.32548904  0.5411781   0.45314208  0.43558025  0.19832075
  0.46093068  0.58810246  0.26956677  0.48185816 -0.4438934 ]
{"epoch": 8, "train_loss": 0.3929269396981528, "val_mae": 0.4471537470817566, "val_corr": 0.5860545721578658, "val_binary_acc": 0.7187017001545595, "val_binary_f1": 0.672661870503597, "threshold": 0.0}
Labels: [-1.   0.6 -1.   1.  -1.  -0.8 -0.2 -1.   0.6  0.2 -0.6 -0.2 -1.   1.
 -1.  -1.   0.   0.6 -1.  -1.   1.  -0.8  1.   1.  -1.   1.  -1.   1.
 -1.  -1.  -1.   1.  -1.  -0.4 -0.6  0.2  1.   0.8  0.   0.2  0.8 -0.8
  1.  -1.  -1.  -1.   0.8 -1.   0.8 -1.   1.   0.2  0.   1.  -1.  -0.6
 -0.2 -1.   0.4 -1.   1.   0.8 -1.   0.2 -0.6  0.   0.2 -1.  -1.  -1.
  1.   1.  -1.  -1.  -1.  -1.  -0.2 -0.6 -1.  -1.  -0.2  0.   0.8  0.4
  0.   0.  -0.2  0.  -0.6 -1.  -1.  -0.6 -1.  -0.6  0.6 -0.2 -1.  -0.2
 -1.  -0.4 -0.4  0.2  1.  -1.  -1.   1.   0.  -0.4 -1.   1.   0.6 -1.
 -1.   0.  -0.8 -1.   0.4  0.6  0.4 -1.  -0.4 -0.6 -0.4 -0.4 -1.  -0.4
 -0.4 -1.   1.   1.  -0.8 -0.2  1.  -1.  -0.2  0.6  1.  -1.   1.   0.6
 -0.2 -1.  -1.   0.  -1.  -0.4 -1.  -0.6 -0.4 -0.2  0.6  0.4  0.6 -0.4
  1.  -0.6 -1.   0.2 -1.   0.2  0.   0.  -0.6 -0.4 -0.6  1.  -1.  -1.
 -1.   1.   0.   1.  -0.6  1.  -1.  -1.  -1.  -1.   0.6  0.   0.6 -1.
 -1.   0.6  0.8  1.  -0.6  0.  -0.2 -1.  -1.   0.  -0.2 -0.2  0.4  0.6
  1.  -1.  -0.2 -1.   0.  -0.4 -1.   0.4 -0.6 -0.4 -1.   0.2  0.   0.
  0.   0.8  1.   0.  -0.4  1.  -1.   0.   0.2 -0.4  0.   0.8  0.   0.
  0.  -1.  -1.  -1.  -1.  -1.  -1.  -0.8 -1.  -1.   0.  -1.  -1.  -0.6
  0.   0.  -0.6 -1.   0.  -0.8  0.   0.8  0.6 -0.2  0.   1.   0.  -1.
 -1.  -0.6 -1.  -0.6 -0.4 -0.6  1.   0.   0.2  0.8 -0.2 -1.  -1.  -1.
 -1.   0.6 -1.  -1.  -0.2  1.  -0.2 -0.2  1.   0.2 -0.4  0.   0.4  1.
  0.   0.   0.2  0.4  0.   0.  -0.6 -1.  -0.2  0.4  0.  -1.  -0.4  0.
  0.   0.2  0.2 -0.2 -0.8 -1.  -1.  -0.2  0.4  0.2 -0.2  0.6  0.   0.2
  0.8  0.8  0.  -1.  -0.2 -0.8  0.   0.6 -0.8 -0.6  0.2  0.4  0.  -0.4
 -0.6 -0.2  0.6  0.   0.  -0.8 -0.2  0.  -0.2  0.   0.  -0.4  0.  -0.8
 -0.8 -0.8  0.6 -1.   0.6 -1.  -0.8 -1.   1.  -0.6 -1.  -1.   1.   1.
  0.2  0.8  1.   0.6 -0.2  0.2 -0.8 -1.  -1.  -0.2  0.2  1.  -0.8 -0.4
 -1.  -0.8 -0.6 -1.   0.  -0.8  0.6 -1.   1.   0.8 -0.2  0.  -0.6 -1.
 -1.   0.   1.   0.2  1.  -1.   0.8  0.4 -1.   1.  -0.8 -0.2 -0.8 -0.4
 -1.   0.   0.   0.  -0.4  0.  -0.4  0.   0.  -0.8  0.  -0.2 -0.6  0.8
  0.   0.6 -0.2 -1.  -0.2 -1.   0.6 -0.6  0.   0.   0.6  1.  -0.8 -1.
  1.   0.2  1.  -1.  -0.6 -0.8 -1.   1.   0.  -1.   1.  -0.2  0.  -1.
 -1.  -0.8  0.2  0.4 -0.4  0.   1.  -0.2 -0.2 -0.2  0.2 -0.8  0.8 -1.
 -1.  -1.   0.4 -0.8 -1.  -1.   0.4  0.2  0.8  0.8 -0.6  0.8  0.8 -0.8
  0.6  0.6 -0.8 -0.2 -0.4  0.8 -0.2  0.  -0.8 -0.4  0.8  0.6 -0.6 -0.8
 -0.6  0.8  0.6  0.6 -0.2  0.   0.4 -0.6 -0.6 -0.6  0.6  0.8  0.  -1.
 -0.6  0.   0.4  0.6  0.   0.   0.8 -0.6  0.2  0.6  0.8  0.8 -0.8 -0.4
  0.   0.6 -1.   0.8 -0.6  0.6  0.8  0.8  0.2 -0.8  0.6  0.4  0.8  0.
 -0.6  0.4 -0.6  0.   0.6  0.  -0.6  0.4  0.2 -0.8  0.6 -0.2  0.  -0.8
  0.6  1.  -0.8 -1.  -0.6  0.8  0.6  0.8  0.6  0.8  0.8  0.  -0.8  0.
  0.6 -0.6  0.6 -0.6  0.8 -0.8 -0.8 -0.6  0.6 -0.2  1.   0.  -0.8  0.6
 -1.  -0.6 -0.6  0.8 -0.8  0.   0.6  0.6  0.6  0.4  0.6 -0.8 -0.6  0.8
  0.8 -0.8  0.6 -0.6 -0.8 -0.6 -0.8 -1.   0.6 -0.8  0.4 -0.4 -0.6 -0.6
 -0.2 -0.8  0.6 -0.6  0.4  0.2 -0.8  0.2  0.8  0.6  0.4  0.  -0.8 -0.6
  0.6  0.6 -0.4  0.8  0.6 -0.6  0.6  0.   0.  -0.8 -0.4 -0.6  0.  -0.8
 -0.8  0.6  0.6  0.6  0.6  0.4  0.6 -0.8  0.  -0.4  0.6  0.6  0.6 -0.2
  0.6 -0.4  0.6  0.  -0.6  0.6 -0.2 -0.6  0.8  0.6  0.6  0.   0.2  0.8
  0.  -0.4  0.2]
Predictions: [-0.54653597  0.41434658 -0.82082844  0.6079483  -0.7995235   0.34018448
  0.57152855 -0.58079934 -0.56154895 -0.53442204  0.3120578  -0.62754357
 -0.22393186  0.46888408 -0.7617465  -0.02060283  0.40836075  0.34477246
  0.5359862  -0.27255106  0.32519135 -0.2918104   0.48193708 -0.27988493
 -0.763072    0.45451948 -0.5163994   0.3561811  -0.5539328  -0.72360206
 -0.1835734   0.36617902 -0.09515369 -0.18482995 -0.3932917   0.0758874
  0.64703953  0.23666838 -0.377658    0.38113964  0.42598623 -0.2898681
  0.3440628  -0.60770094 -0.6096177  -0.68866456  0.5231489  -0.6094681
 -0.29486704 -0.79462814  0.47257152 -0.35293487 -0.7598138   0.4797326
  0.5164689  -0.17029348 -0.13562286 -0.6229671  -0.68324697 -0.5952575
 -0.40130177  0.45297602  0.1773199   0.18137042  0.23894784 -0.3801171
 -0.14804609 -0.73105645 -0.6311842  -0.7089305   0.71560144  0.3036929
 -0.8242568  -0.63043797 -0.61383057 -0.6800411   0.5074532   0.06384332
 -0.69054437 -0.660357   -0.22215475 -0.5356066  -0.20262234 -0.6675843
  0.21990281  0.35373098  0.35407403  0.12658067 -0.61875224 -0.24538103
  0.2929221  -0.0755112  -0.25567642  0.08891796  0.4056354   0.27463835
 -0.49491867  0.75740373 -0.7448276  -0.25233    -0.27359158 -0.52017045
  0.5189158   0.01629211 -0.54701006  0.41292495 -0.69598675 -0.29021624
 -0.6909454  -0.7432625  -0.1607816  -0.7670958  -0.7820612   0.24730092
 -0.7890388  -0.49606827  0.30802462  0.3989968   0.16785252 -0.63514006
  0.03729816  0.24898681 -0.10519479  0.39062703 -0.13555172 -0.635193
 -0.8048419  -0.5272818   0.41732833  0.4370588   0.2976673   0.28301397
  0.07185923 -0.6805308  -0.14812517  0.6480254   0.50445163 -0.8212652
  0.49813113  0.14389904 -0.1572501   0.21490559 -0.01384994 -0.14520088
 -0.60950744  0.09578519  0.34719026 -0.25297052 -0.6974119  -0.30357742
  0.39832002 -0.11976758  0.33287516 -0.66452634  0.2818478  -0.1196534
 -0.6075314  -0.32958016  0.23422721  0.409775    0.56585467  0.031771
  0.12356892 -0.23344338 -0.5282235   0.40206593 -0.5281739  -0.70902216
 -0.5539062   0.443503   -0.59292674  0.26959383 -0.53900206  0.32123327
 -0.815127   -0.67379904 -0.5581163  -0.7092705  -0.98716164  0.43788946
  0.10690212 -0.6584134  -0.30998516  0.19752452  0.33221057  0.5458355
 -0.47986943 -0.496996   -0.44674522 -0.7446066  -0.48989734  0.17643324
 -0.3916024  -0.27695668  0.21415645  0.32254243 -0.3668676  -0.69261897
  0.43799993 -0.67310536  0.41800627  0.44532266 -0.643196   -0.22321217
 -0.60492957 -0.533149    0.01894698  0.40075624  0.25649428 -0.14198524
  0.20283404  0.42357245 -0.30317506  0.48752728 -0.7912109   0.22485572
 -0.48381433  0.26147363  0.0173009  -0.11196297 -0.53320277 -0.1071346
  0.37046805 -0.65113807  0.27314758 -0.6454387  -0.5137465   0.1664233
 -0.72915936 -0.6157886  -0.7843329  -0.55132425  0.23102221  0.01820298
  0.2325244  -0.7069545  -0.76479864 -0.4109364   0.07302721  0.2629731
 -0.43458885 -0.28429732 -0.01958381 -0.5873474   0.25518718  0.45179847
  0.2492835  -0.09527917  0.32585818  0.4314457   0.2409307  -0.99713254
 -0.15434153  0.15645108  0.00322469 -0.28987217  0.09959652 -0.32532445
  0.67098236 -0.55364716 -0.41818735  0.12262033 -0.11954138 -0.29899105
 -0.02401453  0.37095034  0.08214667 -0.2692266  -0.6990547   0.05657085
 -0.01201187  0.4334917   0.23770207 -0.29473466  0.47333542  0.15783806
 -0.19323836  0.19472033  0.40035263  0.28795287 -0.42794695  0.2273888
  0.19042397  0.08241211  0.37495157 -0.55861104 -0.47577885 -0.5333271
  0.2556272  -0.08574607  0.48581406 -0.27335212  0.27311108  0.21175581
 -0.23961355  0.19018242 -0.5578666  -0.18274516 -0.20284998  0.0011999
 -0.71869993 -0.58922946  0.4743959  -0.58316576 -0.7656437   0.5205964
 -0.47513157  0.56922007  0.48743847  0.122191    0.13197641 -0.81469536
  0.570137   -0.46427107  0.00360934  0.67673385  0.43382654  0.42830655
 -0.39604026  0.52956724  0.51285005 -0.6024958  -0.49511752  0.56003594
  0.497964   -0.50287104 -0.02283277  0.12596808 -0.51527476  0.18869406
 -0.25695223 -0.01059621 -0.19556391  0.1834327   0.1327065   0.14826003
 -0.2560291  -0.6496557  -0.3466515  -0.57663906  0.40241843 -0.59660506
 -0.8618337  -0.38196272 -0.23207739 -0.30882365 -0.7716639  -0.7725346
  0.65841067  0.64159346 -0.30509573  0.15592413 -0.42117593  0.22099453
 -0.45221022  0.24414474 -0.633003   -0.16059723 -0.77005243  0.2850681
  0.35187075  0.50866234  0.3310695   0.28853723 -0.7422663  -0.46182474
 -0.5249801  -0.36624485 -0.31058407  0.30356082  0.45668718 -0.53264374
  0.21008784 -0.44096532 -0.23054352  0.46214166  0.15363753  0.5221541
 -0.6334982  -0.41851872  0.14002463  0.1337323   0.292082   -0.6602675
  0.41597328 -0.48060903 -0.70184886 -0.80405164 -0.30250546  0.11979014
 -0.4492317  -0.0764647  -0.6190455   0.05749745 -0.28756332  0.3975007
 -0.52398336  0.1552199   0.07847401  0.17095141 -0.5137085  -0.06741329
 -0.645983   -0.4401782   0.06312654  0.4993613   0.11443427 -0.5697658
  0.14428848 -0.68377113  0.07419011 -0.47222432 -0.04642065 -0.19429442
  0.3045441   0.39051276  0.45742175 -0.5911392  -0.5338063  -0.3748844
  0.3819392  -0.10258521  0.16703297 -0.10484265 -0.5572935  -0.20802505
  0.34880412  0.16560313 -0.05282016 -0.85041666 -0.5069889  -0.41890413
 -0.14316788 -0.72000015 -0.38124678 -0.66377854 -0.05167819 -0.0600489
  0.1288338  -0.2884195   0.73516667 -0.3720177  -0.49220586 -0.5279738
  0.3738606  -0.02887036  0.6879349  -0.7283783  -0.78381765 -0.92032874
  0.6423608  -0.5153527   0.35468516 -0.5547759  -0.43549946  0.44945523
  0.49595997  0.5725454  -0.33638924  0.26848346  0.45085874 -0.16752258
  0.31336126  0.4325314   0.12994294 -0.70754576 -0.6595224   0.6230229
  0.17159587  0.34925196 -0.5136014   0.02770501 -0.02595828  0.47985193
 -0.5703176  -0.64100087 -0.7125144   0.59835374  0.04427695  0.29092324
 -0.27578664 -0.20840985  0.3305023  -0.57456136 -0.31995785 -0.30809337
  0.48702976  0.38803127 -0.31054205  0.10930435 -0.4682042   0.52009904
 -0.48207408  0.50213766 -0.49774948  0.5286318   0.6012287   0.1038588
 -0.26540917  0.4168128  -0.11525612  0.2715681  -0.6349987  -0.0123608
  0.09205036  0.52480674  0.00430623  0.37152073  0.38872167  0.41841114
 -0.19863126  0.16379324  0.27366403 -0.18130651  0.25275022  0.1938813
 -0.10749438  0.09228285 -0.22331141  0.37328202 -0.61325705 -0.5570161
  0.30933133  0.01556553 -0.56840456  0.24560076  0.41360274 -0.5593182
  0.49335936  0.2561836   0.17306826 -0.7505727   0.3769618   0.39442152
  0.7084019  -0.84756863 -0.07016019 -0.41805023  0.76276124  0.5724498
 -0.67812896  0.47492668  0.28360352  0.3026434   0.10255477 -0.38726783
  0.27213213 -0.35356477  0.47373876 -0.8520485   0.2948928  -0.80436444
 -0.3802058  -0.367657    0.35764304 -0.05083402  0.32809764 -0.78273773
 -0.7831564   0.4698933  -0.5544966  -0.43313423 -0.7499002  -0.34341305
 -0.5229267   0.37935597  0.46198896  0.2962644   0.36896357  0.3731264
  0.1189103  -0.71830654 -0.7217964   0.5225198   0.3366672   0.10343003
  0.18553336  0.26787287 -0.29567406 -0.00502951  0.11500797 -0.30849308
  0.24531338 -0.78209674  0.44254956  0.45864537 -0.6268705   0.01342926
  0.4513673   0.05621689  0.300472    0.4224238   0.06355233  0.3800826
 -0.20509355 -0.38758856 -0.05002338  0.59570515  0.03181102  0.40386325
 -0.04864895 -0.32690993  0.509907    0.44978902 -0.16572733 -0.4328
  0.39684892 -0.53998864 -0.49109024  0.06700611 -0.17153889 -0.70381975
 -0.64961064 -0.749478   -0.66544783 -0.07132357 -0.6546892   0.260308
  0.53637505  0.4211139   0.5110338   0.24778378 -0.02128537 -0.5301642
  0.49128297  0.2351664   0.5052463   0.47876248  0.5472486  -0.25882655
  0.47096398  0.14106086 -0.62398136  0.45810792  0.2793289   0.63464296
  0.18013322 -0.31886968  0.51956     0.37548497  0.4210891  -0.5172289
  0.19700459  0.43064305 -0.06217132  0.46750292 -0.64736426]
{"epoch": 9, "train_loss": 0.37362462282180786, "val_mae": 0.44887998700141907, "val_corr": 0.5657176791458982, "val_binary_acc": 0.6986089644513137, "val_binary_f1": 0.6395563770794825, "threshold": 0.0}
Labels: [-1.   0.6 -1.   1.  -1.  -0.8 -0.2 -1.   0.6  0.2 -0.6 -0.2 -1.   1.
 -1.  -1.   0.   0.6 -1.  -1.   1.  -0.8  1.   1.  -1.   1.  -1.   1.
 -1.  -1.  -1.   1.  -1.  -0.4 -0.6  0.2  1.   0.8  0.   0.2  0.8 -0.8
  1.  -1.  -1.  -1.   0.8 -1.   0.8 -1.   1.   0.2  0.   1.  -1.  -0.6
 -0.2 -1.   0.4 -1.   1.   0.8 -1.   0.2 -0.6  0.   0.2 -1.  -1.  -1.
  1.   1.  -1.  -1.  -1.  -1.  -0.2 -0.6 -1.  -1.  -0.2  0.   0.8  0.4
  0.   0.  -0.2  0.  -0.6 -1.  -1.  -0.6 -1.  -0.6  0.6 -0.2 -1.  -0.2
 -1.  -0.4 -0.4  0.2  1.  -1.  -1.   1.   0.  -0.4 -1.   1.   0.6 -1.
 -1.   0.  -0.8 -1.   0.4  0.6  0.4 -1.  -0.4 -0.6 -0.4 -0.4 -1.  -0.4
 -0.4 -1.   1.   1.  -0.8 -0.2  1.  -1.  -0.2  0.6  1.  -1.   1.   0.6
 -0.2 -1.  -1.   0.  -1.  -0.4 -1.  -0.6 -0.4 -0.2  0.6  0.4  0.6 -0.4
  1.  -0.6 -1.   0.2 -1.   0.2  0.   0.  -0.6 -0.4 -0.6  1.  -1.  -1.
 -1.   1.   0.   1.  -0.6  1.  -1.  -1.  -1.  -1.   0.6  0.   0.6 -1.
 -1.   0.6  0.8  1.  -0.6  0.  -0.2 -1.  -1.   0.  -0.2 -0.2  0.4  0.6
  1.  -1.  -0.2 -1.   0.  -0.4 -1.   0.4 -0.6 -0.4 -1.   0.2  0.   0.
  0.   0.8  1.   0.  -0.4  1.  -1.   0.   0.2 -0.4  0.   0.8  0.   0.
  0.  -1.  -1.  -1.  -1.  -1.  -1.  -0.8 -1.  -1.   0.  -1.  -1.  -0.6
  0.   0.  -0.6 -1.   0.  -0.8  0.   0.8  0.6 -0.2  0.   1.   0.  -1.
 -1.  -0.6 -1.  -0.6 -0.4 -0.6  1.   0.   0.2  0.8 -0.2 -1.  -1.  -1.
 -1.   0.6 -1.  -1.  -0.2  1.  -0.2 -0.2  1.   0.2 -0.4  0.   0.4  1.
  0.   0.   0.2  0.4  0.   0.  -0.6 -1.  -0.2  0.4  0.  -1.  -0.4  0.
  0.   0.2  0.2 -0.2 -0.8 -1.  -1.  -0.2  0.4  0.2 -0.2  0.6  0.   0.2
  0.8  0.8  0.  -1.  -0.2 -0.8  0.   0.6 -0.8 -0.6  0.2  0.4  0.  -0.4
 -0.6 -0.2  0.6  0.   0.  -0.8 -0.2  0.  -0.2  0.   0.  -0.4  0.  -0.8
 -0.8 -0.8  0.6 -1.   0.6 -1.  -0.8 -1.   1.  -0.6 -1.  -1.   1.   1.
  0.2  0.8  1.   0.6 -0.2  0.2 -0.8 -1.  -1.  -0.2  0.2  1.  -0.8 -0.4
 -1.  -0.8 -0.6 -1.   0.  -0.8  0.6 -1.   1.   0.8 -0.2  0.  -0.6 -1.
 -1.   0.   1.   0.2  1.  -1.   0.8  0.4 -1.   1.  -0.8 -0.2 -0.8 -0.4
 -1.   0.   0.   0.  -0.4  0.  -0.4  0.   0.  -0.8  0.  -0.2 -0.6  0.8
  0.   0.6 -0.2 -1.  -0.2 -1.   0.6 -0.6  0.   0.   0.6  1.  -0.8 -1.
  1.   0.2  1.  -1.  -0.6 -0.8 -1.   1.   0.  -1.   1.  -0.2  0.  -1.
 -1.  -0.8  0.2  0.4 -0.4  0.   1.  -0.2 -0.2 -0.2  0.2 -0.8  0.8 -1.
 -1.  -1.   0.4 -0.8 -1.  -1.   0.4  0.2  0.8  0.8 -0.6  0.8  0.8 -0.8
  0.6  0.6 -0.8 -0.2 -0.4  0.8 -0.2  0.  -0.8 -0.4  0.8  0.6 -0.6 -0.8
 -0.6  0.8  0.6  0.6 -0.2  0.   0.4 -0.6 -0.6 -0.6  0.6  0.8  0.  -1.
 -0.6  0.   0.4  0.6  0.   0.   0.8 -0.6  0.2  0.6  0.8  0.8 -0.8 -0.4
  0.   0.6 -1.   0.8 -0.6  0.6  0.8  0.8  0.2 -0.8  0.6  0.4  0.8  0.
 -0.6  0.4 -0.6  0.   0.6  0.  -0.6  0.4  0.2 -0.8  0.6 -0.2  0.  -0.8
  0.6  1.  -0.8 -1.  -0.6  0.8  0.6  0.8  0.6  0.8  0.8  0.  -0.8  0.
  0.6 -0.6  0.6 -0.6  0.8 -0.8 -0.8 -0.6  0.6 -0.2  1.   0.  -0.8  0.6
 -1.  -0.6 -0.6  0.8 -0.8  0.   0.6  0.6  0.6  0.4  0.6 -0.8 -0.6  0.8
  0.8 -0.8  0.6 -0.6 -0.8 -0.6 -0.8 -1.   0.6 -0.8  0.4 -0.4 -0.6 -0.6
 -0.2 -0.8  0.6 -0.6  0.4  0.2 -0.8  0.2  0.8  0.6  0.4  0.  -0.8 -0.6
  0.6  0.6 -0.4  0.8  0.6 -0.6  0.6  0.   0.  -0.8 -0.4 -0.6  0.  -0.8
 -0.8  0.6  0.6  0.6  0.6  0.4  0.6 -0.8  0.  -0.4  0.6  0.6  0.6 -0.2
  0.6 -0.4  0.6  0.  -0.6  0.6 -0.2 -0.6  0.8  0.6  0.6  0.   0.2  0.8
  0.  -0.4  0.2]
Predictions: [-6.19792938e-01  4.57593411e-01 -6.99904382e-01  5.69587409e-01
 -7.65298307e-01  3.77846122e-01  4.57325071e-01 -5.60798347e-01
 -4.81439173e-01 -4.52011466e-01  2.76938796e-01 -6.12117529e-01
 -6.38972700e-01  5.11381984e-01 -5.79609752e-01 -2.59676605e-01
 -3.02398149e-02  3.02311212e-01  4.16893274e-01 -2.85194933e-01
  4.95523125e-01 -1.49052441e-01  5.60555995e-01 -2.26787195e-01
 -6.92215502e-01  4.06559080e-01 -4.38872635e-01 -1.32994637e-01
 -6.26471996e-01 -6.10350728e-01 -6.25490963e-01  2.01501861e-01
 -5.50603747e-01  1.46987990e-01 -7.07143426e-01 -1.39585480e-01
  7.54512012e-01  1.96195886e-01 -4.98734802e-01  3.86814177e-01
  4.03461814e-01 -3.53773534e-01  3.44896346e-01 -3.85711342e-01
 -5.73506296e-01 -4.63975847e-01  6.85940385e-01 -6.83673322e-01
 -2.44347185e-01 -6.78093016e-01  3.38027060e-01 -4.18034106e-01
 -7.56527603e-01  3.38195533e-01  5.64369187e-03 -1.67038754e-01
 -5.46815634e-01 -6.94792509e-01 -5.46988189e-01 -7.24104345e-01
 -1.26418173e-01  2.33407959e-01  2.36333296e-01  4.11903001e-02
  1.35649204e-01 -3.38552564e-01 -1.05112948e-01 -7.25736320e-01
 -5.53475440e-01 -4.18272614e-01  6.96695030e-01  1.16916478e-01
 -7.55703807e-01 -6.09631956e-01 -4.36923832e-01 -1.26689255e-01
  3.93546671e-01 -2.18085527e-01 -3.20166558e-01 -7.45571554e-01
 -4.36791599e-01 -4.67900544e-01  4.54401635e-02 -5.69208205e-01
  9.48706865e-02 -4.23808783e-01  1.69034436e-01  2.30571292e-02
 -5.87213635e-01 -3.20572972e-01  1.76305905e-01 -2.35494927e-01
 -1.10389829e-01  1.77246198e-01  5.01437902e-01  4.98949915e-01
 -6.76898658e-01  8.50106955e-01 -6.74773157e-01  5.67263067e-01
 -2.16484770e-01 -5.09783924e-01  6.83316231e-01 -2.12283000e-01
 -4.28387225e-01  3.83876145e-01 -2.68664598e-01 -5.47462285e-01
 -7.50829458e-01  5.19046247e-01 -2.59770721e-01 -7.29747236e-01
 -7.60319531e-01 -2.04935029e-01 -5.56829453e-01 -8.24781954e-01
  3.01664859e-01  1.39875665e-01  7.40433931e-02 -6.28252923e-01
 -2.03557655e-01  4.40843612e-01  2.05243751e-03 -4.98035811e-02
 -3.74297887e-01 -5.10143816e-01 -8.02653193e-01 -7.13716507e-01
  4.72798198e-01  3.57990414e-01  1.03744268e-01  3.01448293e-02
  1.09084800e-01 -6.66342437e-01 -2.63389647e-01  7.20792890e-01
  3.14912617e-01 -6.14309609e-01  6.12065673e-01 -3.85357022e-01
 -1.51132613e-01  2.50571787e-01 -2.70757020e-01 -2.42463544e-01
 -6.09872639e-01 -3.95139605e-01  4.10978436e-01  6.76434815e-01
 -6.38967633e-01 -1.99838504e-01  2.85291791e-01 -2.08731949e-01
 -1.30898625e-01 -4.71367866e-01 -2.42704228e-01 -3.23984265e-01
 -5.41849434e-01 -4.77640569e-01 -7.35417232e-02  5.01395404e-01
  5.05753696e-01 -6.66869357e-02 -1.20079853e-02  6.15486167e-02
 -4.05380309e-01  3.36177617e-01 -6.44528210e-01 -5.65249801e-01
 -4.29963291e-01  1.87024832e-01 -4.52730775e-01  2.29033664e-01
 -5.45035183e-01  2.78503209e-01 -8.32983732e-01 -8.34143698e-01
 -5.37836015e-01 -7.89562345e-01 -9.15339887e-01  6.16299093e-01
 -3.91554683e-01 -6.64571047e-01 -6.15994744e-02  2.99001247e-01
 -1.48456514e-01  6.03372693e-01 -4.97356534e-01 -3.14805657e-01
 -4.65166628e-01 -6.68930829e-01 -2.01571882e-01  1.95870139e-02
 -3.49703848e-01 -2.83635110e-01  1.29946381e-01 -2.14149430e-01
 -5.96902311e-01 -7.70721972e-01  3.26644242e-01 -6.90001249e-01
  3.66996735e-01  5.92129946e-01 -5.26115894e-01 -1.88049078e-02
 -6.61536813e-01 -6.07857227e-01 -3.05264086e-01  2.38505468e-01
  3.17199349e-01 -3.83035898e-01 -1.44058943e-01  5.20017087e-01
 -3.80134702e-01  5.14994204e-01 -7.78851569e-01 -9.55094248e-02
 -4.53710526e-01 -3.14275384e-01 -8.01997259e-02 -2.65839756e-01
 -4.34378326e-01 -3.39432329e-01  2.05037102e-01 -5.64052641e-01
 -9.70001668e-02 -6.19014800e-01 -4.84762251e-01  2.03834757e-01
 -6.22342169e-01 -7.46166587e-01 -7.91719019e-01 -4.49431062e-01
 -4.44253057e-01 -1.79576859e-01  1.07611760e-01 -7.70186543e-01
 -7.39275038e-01 -4.84233290e-01  1.55697510e-01 -2.38304846e-02
 -1.60729453e-01 -2.55168438e-01  2.81290896e-02 -5.19618392e-01
  5.16136110e-01  5.19659877e-01  2.29326114e-01  8.84951055e-02
  3.39921594e-01  5.36270022e-01  3.38457711e-02 -9.52764630e-01
 -4.37890828e-01  3.13140541e-01 -9.67881829e-02 -4.99015331e-01
 -7.71663040e-02 -8.98564607e-02  7.70199001e-01 -2.35557616e-01
 -4.21713620e-01  3.77225541e-02 -2.29844868e-01 -3.46096069e-01
  1.21280216e-02  3.10513228e-01  6.68011457e-02 -4.67041492e-01
 -6.56636178e-01  2.03750625e-01 -5.07884741e-01  1.36813223e-01
  4.03254271e-01 -1.25534758e-01  5.24691820e-01  1.36915132e-01
 -1.97271630e-01 -6.76944479e-03  4.51239854e-01  7.41228610e-02
 -4.71927553e-01  2.08465174e-01  2.66691178e-01  3.15350108e-02
  4.75495011e-01 -3.39122355e-01 -4.53159899e-01 -5.78551888e-01
 -1.97703272e-01  3.32576990e-01  5.43102860e-01 -1.10819936e-01
  2.44866267e-01  9.64180976e-02 -2.46854663e-01  5.73024862e-02
 -2.92421132e-01  5.79955637e-01 -3.67370635e-01 -4.61768061e-02
 -6.09549820e-01 -4.50729281e-01  4.69597250e-01 -4.60048825e-01
 -7.24128664e-01  4.49464232e-01 -3.46263856e-01  6.22364044e-01
  4.33642119e-01 -5.99563658e-01 -3.81241888e-01 -7.60610342e-01
 -1.85742661e-01 -2.54757553e-01 -8.60064775e-02  5.54053724e-01
  1.44760400e-01  1.14716068e-01 -2.08355084e-01  4.49375540e-01
  6.53502882e-01 -3.06917816e-01 -4.93768573e-01 -5.16281962e-01
  5.36413133e-01 -4.67496604e-01 -1.31633580e-01 -3.81882451e-02
 -5.14534950e-01 -1.44694939e-01 -3.04891497e-01 -5.10273501e-02
 -1.89503804e-01  1.88297227e-01  3.19639772e-01 -1.18101656e-01
 -2.41040900e-01 -6.94421887e-01 -4.20508832e-01  1.05462626e-01
  4.96639997e-01 -7.04925716e-01 -7.31943369e-01 -6.85325205e-01
  2.96055555e-01 -6.73055351e-01 -6.28530979e-01 -7.38776505e-01
  6.79571927e-01  5.39970100e-01 -3.42032850e-01 -6.34665862e-02
 -1.03801571e-01 -8.40109438e-02 -4.58595723e-01 -5.35247028e-01
 -5.16060948e-01 -1.53873250e-01 -6.06464803e-01  1.56680912e-01
  2.81577528e-01  5.19879818e-01  3.04169267e-01  1.87770650e-01
 -7.33370423e-01 -3.99455100e-01 -5.39217532e-01 -4.72475827e-01
  8.01776946e-02  6.39012098e-01  5.15960157e-01 -4.05758679e-01
  1.59334555e-01 -4.74767447e-01 -3.28654855e-01  4.81317610e-01
 -2.02769235e-01  4.93805081e-01 -6.35257363e-01 -3.14600706e-01
  3.43891293e-01 -2.19670296e-01  3.98794383e-01 -5.95661640e-01
  2.69761801e-01 -5.12431145e-01 -4.96698856e-01 -7.07253993e-01
 -8.54505077e-02 -1.93388313e-01 -4.38463211e-01 -2.34916523e-01
 -4.95686978e-01 -9.59600359e-02 -2.84204453e-01  5.10949016e-01
 -4.72077698e-01  4.70644943e-02 -5.51841781e-03 -3.89451161e-02
 -5.84468782e-01 -2.44489804e-01 -4.72081333e-01 -4.15166527e-01
 -1.77473009e-01  4.68229324e-01  6.23620115e-02 -6.35785460e-01
 -6.67091981e-02 -6.67559624e-01 -3.87451649e-01 -4.72265214e-01
  9.55481455e-03 -4.08104956e-01 -2.08332896e-01  3.27216595e-01
  1.58623345e-02 -5.51534414e-01 -4.99842018e-01 -4.90996391e-01
  3.27167809e-01 -4.61945862e-01  1.79179475e-01 -4.18458790e-01
 -6.44196987e-01 -4.03293282e-01  7.50371218e-02  4.54321913e-02
 -4.04804349e-01 -7.26513684e-01 -5.73223293e-01 -2.89774239e-01
 -4.62611824e-01 -5.68598568e-01 -2.73765743e-01 -5.17296731e-01
 -4.14043456e-01 -6.80106059e-02  7.46275783e-02  4.92030717e-02
  7.16787040e-01 -2.36395642e-01 -3.20512414e-01 -4.93310004e-01
  6.00078285e-01 -2.73033112e-01  7.29647040e-01 -7.10030735e-01
 -7.78472483e-01 -8.28217447e-01  7.03337789e-01 -5.66835880e-01
 -1.99635699e-03 -3.57979685e-01 -5.72212577e-01  4.42253441e-01
  6.10514820e-01  4.55916613e-01 -4.70088482e-01  3.30748409e-01
  3.60694677e-01 -2.84883007e-02  3.77488583e-01  2.94943184e-01
  3.27078164e-01 -6.72277331e-01 -6.46109104e-01  7.79843390e-01
  9.04163271e-02  3.20327878e-01 -5.79108179e-01 -2.03970388e-01
  4.37977970e-01  5.81001520e-01 -5.27786672e-01 -5.69210410e-01
 -5.55276215e-01  5.77384770e-01 -1.66979328e-01  8.39813501e-02
 -5.24232030e-01 -8.74809697e-02  4.42769140e-01 -5.15885592e-01
 -2.17223354e-02 -2.46608734e-01  5.52120626e-01  4.56582576e-01
 -5.06444514e-01 -7.67619908e-02 -4.70811933e-01  4.31373805e-01
 -3.69501561e-01  5.31218708e-01 -3.66461933e-01  5.53261876e-01
  5.85173666e-01 -1.25685304e-01 -2.48175204e-01  2.17035308e-01
  2.22681388e-01  8.08305740e-02 -4.35878664e-01 -2.49077767e-01
 -1.64362080e-02  5.76487482e-01 -8.72591585e-02  1.11366779e-01
  2.30694637e-01  3.74038368e-01 -8.20989832e-02  3.86562288e-01
  1.50105193e-01 -2.40474850e-01  1.76249549e-01  3.12540740e-01
 -3.54912192e-01 -2.37785280e-01  6.08057119e-02  3.21697176e-01
 -6.87550187e-01 -3.50748628e-01 -2.88145483e-01 -1.84893996e-01
  3.57244223e-01  1.36824295e-01  2.41023704e-01 -5.06128013e-01
 -1.54624149e-01  1.10999160e-02 -9.99050587e-02 -6.48325861e-01
  5.12105107e-01  5.43069601e-01 -4.74203259e-01 -6.97852612e-01
 -5.27623713e-01  7.28672981e-01  9.01831686e-01  6.45938933e-01
  5.02058923e-01  5.51712275e-01  3.57658565e-01  3.25559348e-01
  5.66155970e-01 -4.03095692e-01 -1.20428666e-01 -2.89712995e-01
  4.89042789e-01 -6.96939945e-01  2.95243055e-01 -7.02017725e-01
 -2.32806534e-01 -3.70674342e-01  4.92581397e-01 -1.78643078e-01
  1.02639988e-01 -7.31715620e-01 -6.86183333e-01  4.89521533e-01
 -3.35874170e-01 -4.25740451e-01 -6.59583867e-01 -4.69445258e-01
 -3.15729469e-01  3.75196785e-01  5.81932664e-01  6.59313679e-01
  3.78250897e-01  3.63438874e-01 -3.18951130e-01 -4.41390067e-01
 -5.36839426e-01  4.90268975e-01  2.74428666e-01  7.72260129e-04
  2.79670656e-01  2.01185659e-01 -2.26526991e-01 -1.40304819e-01
 -4.36045408e-01 -6.55517876e-01  2.02595130e-01 -4.66260344e-01
  6.33030951e-01  3.79826933e-01 -5.22851706e-01 -1.26262620e-01
  7.50697106e-02  6.75515234e-02  1.97659865e-01  7.52294302e-01
 -1.00370608e-01  7.02524483e-02 -1.91634417e-01 -3.49625677e-01
 -1.73656762e-01  6.35953546e-01  2.49490067e-01  3.94002318e-01
 -2.77964234e-01 -5.14422774e-01  4.11133826e-01  4.14502561e-01
 -3.45349491e-01 -3.72935951e-01  3.06190223e-01 -4.49246109e-01
 -4.45399433e-01 -3.71022105e-01 -2.34117135e-01 -6.87301338e-01
 -4.62274849e-01 -7.07698226e-01 -5.48360646e-01 -2.36992702e-01
 -2.23351508e-01  2.84625649e-01  6.45161510e-01  3.18084657e-01
  7.27968961e-02  1.73777655e-01  3.79394330e-02 -6.05198741e-01
  2.32687309e-01 -1.24801785e-01  6.31308854e-01  5.25616109e-01
  5.28856993e-01 -4.85938549e-01  5.21482289e-01 -5.38555741e-01
 -5.47108293e-01  4.32481825e-01 -2.26317942e-01  6.79722607e-01
  6.17328249e-02 -2.59511948e-01  5.28705597e-01  3.89736652e-01
  3.87447804e-01 -5.86841762e-01 -2.08931603e-02  4.48507637e-01
 -2.05307305e-01 -7.84335732e-02 -6.57473862e-01]
{"epoch": 10, "train_loss": 0.3860120807969293, "val_mae": 0.44507133960723877, "val_corr": 0.5743196814928148, "val_binary_acc": 0.7449768160741885, "val_binary_f1": 0.6611909650924024, "threshold": 0.0}
Labels: [-1.   0.6 -1.   1.  -1.  -0.8 -0.2 -1.   0.6  0.2 -0.6 -0.2 -1.   1.
 -1.  -1.   0.   0.6 -1.  -1.   1.  -0.8  1.   1.  -1.   1.  -1.   1.
 -1.  -1.  -1.   1.  -1.  -0.4 -0.6  0.2  1.   0.8  0.   0.2  0.8 -0.8
  1.  -1.  -1.  -1.   0.8 -1.   0.8 -1.   1.   0.2  0.   1.  -1.  -0.6
 -0.2 -1.   0.4 -1.   1.   0.8 -1.   0.2 -0.6  0.   0.2 -1.  -1.  -1.
  1.   1.  -1.  -1.  -1.  -1.  -0.2 -0.6 -1.  -1.  -0.2  0.   0.8  0.4
  0.   0.  -0.2  0.  -0.6 -1.  -1.  -0.6 -1.  -0.6  0.6 -0.2 -1.  -0.2
 -1.  -0.4 -0.4  0.2  1.  -1.  -1.   1.   0.  -0.4 -1.   1.   0.6 -1.
 -1.   0.  -0.8 -1.   0.4  0.6  0.4 -1.  -0.4 -0.6 -0.4 -0.4 -1.  -0.4
 -0.4 -1.   1.   1.  -0.8 -0.2  1.  -1.  -0.2  0.6  1.  -1.   1.   0.6
 -0.2 -1.  -1.   0.  -1.  -0.4 -1.  -0.6 -0.4 -0.2  0.6  0.4  0.6 -0.4
  1.  -0.6 -1.   0.2 -1.   0.2  0.   0.  -0.6 -0.4 -0.6  1.  -1.  -1.
 -1.   1.   0.   1.  -0.6  1.  -1.  -1.  -1.  -1.   0.6  0.   0.6 -1.
 -1.   0.6  0.8  1.  -0.6  0.  -0.2 -1.  -1.   0.  -0.2 -0.2  0.4  0.6
  1.  -1.  -0.2 -1.   0.  -0.4 -1.   0.4 -0.6 -0.4 -1.   0.2  0.   0.
  0.   0.8  1.   0.  -0.4  1.  -1.   0.   0.2 -0.4  0.   0.8  0.   0.
  0.  -1.  -1.  -1.  -1.  -1.  -1.  -0.8 -1.  -1.   0.  -1.  -1.  -0.6
  0.   0.  -0.6 -1.   0.  -0.8  0.   0.8  0.6 -0.2  0.   1.   0.  -1.
 -1.  -0.6 -1.  -0.6 -0.4 -0.6  1.   0.   0.2  0.8 -0.2 -1.  -1.  -1.
 -1.   0.6 -1.  -1.  -0.2  1.  -0.2 -0.2  1.   0.2 -0.4  0.   0.4  1.
  0.   0.   0.2  0.4  0.   0.  -0.6 -1.  -0.2  0.4  0.  -1.  -0.4  0.
  0.   0.2  0.2 -0.2 -0.8 -1.  -1.  -0.2  0.4  0.2 -0.2  0.6  0.   0.2
  0.8  0.8  0.  -1.  -0.2 -0.8  0.   0.6 -0.8 -0.6  0.2  0.4  0.  -0.4
 -0.6 -0.2  0.6  0.   0.  -0.8 -0.2  0.  -0.2  0.   0.  -0.4  0.  -0.8
 -0.8 -0.8  0.6 -1.   0.6 -1.  -0.8 -1.   1.  -0.6 -1.  -1.   1.   1.
  0.2  0.8  1.   0.6 -0.2  0.2 -0.8 -1.  -1.  -0.2  0.2  1.  -0.8 -0.4
 -1.  -0.8 -0.6 -1.   0.  -0.8  0.6 -1.   1.   0.8 -0.2  0.  -0.6 -1.
 -1.   0.   1.   0.2  1.  -1.   0.8  0.4 -1.   1.  -0.8 -0.2 -0.8 -0.4
 -1.   0.   0.   0.  -0.4  0.  -0.4  0.   0.  -0.8  0.  -0.2 -0.6  0.8
  0.   0.6 -0.2 -1.  -0.2 -1.   0.6 -0.6  0.   0.   0.6  1.  -0.8 -1.
  1.   0.2  1.  -1.  -0.6 -0.8 -1.   1.   0.  -1.   1.  -0.2  0.  -1.
 -1.  -0.8  0.2  0.4 -0.4  0.   1.  -0.2 -0.2 -0.2  0.2 -0.8  0.8 -1.
 -1.  -1.   0.4 -0.8 -1.  -1.   0.4  0.2  0.8  0.8 -0.6  0.8  0.8 -0.8
  0.6  0.6 -0.8 -0.2 -0.4  0.8 -0.2  0.  -0.8 -0.4  0.8  0.6 -0.6 -0.8
 -0.6  0.8  0.6  0.6 -0.2  0.   0.4 -0.6 -0.6 -0.6  0.6  0.8  0.  -1.
 -0.6  0.   0.4  0.6  0.   0.   0.8 -0.6  0.2  0.6  0.8  0.8 -0.8 -0.4
  0.   0.6 -1.   0.8 -0.6  0.6  0.8  0.8  0.2 -0.8  0.6  0.4  0.8  0.
 -0.6  0.4 -0.6  0.   0.6  0.  -0.6  0.4  0.2 -0.8  0.6 -0.2  0.  -0.8
  0.6  1.  -0.8 -1.  -0.6  0.8  0.6  0.8  0.6  0.8  0.8  0.  -0.8  0.
  0.6 -0.6  0.6 -0.6  0.8 -0.8 -0.8 -0.6  0.6 -0.2  1.   0.  -0.8  0.6
 -1.  -0.6 -0.6  0.8 -0.8  0.   0.6  0.6  0.6  0.4  0.6 -0.8 -0.6  0.8
  0.8 -0.8  0.6 -0.6 -0.8 -0.6 -0.8 -1.   0.6 -0.8  0.4 -0.4 -0.6 -0.6
 -0.2 -0.8  0.6 -0.6  0.4  0.2 -0.8  0.2  0.8  0.6  0.4  0.  -0.8 -0.6
  0.6  0.6 -0.4  0.8  0.6 -0.6  0.6  0.   0.  -0.8 -0.4 -0.6  0.  -0.8
 -0.8  0.6  0.6  0.6  0.6  0.4  0.6 -0.8  0.  -0.4  0.6  0.6  0.6 -0.2
  0.6 -0.4  0.6  0.  -0.6  0.6 -0.2 -0.6  0.8  0.6  0.6  0.   0.2  0.8
  0.  -0.4  0.2]
Predictions: [-0.5433239   0.2226135  -0.76605237  0.76908785 -0.74883187  0.53786373
  0.6424502  -0.3908694  -0.5227049  -0.27856708  0.677671   -0.57668936
 -0.21297733  0.64799595 -0.6822003  -0.19029146  0.41298884  0.5472273
  0.43458372 -0.28695962  0.53626925 -0.09255897  0.7086645  -0.422961
 -0.6674174   0.5559956  -0.44802058  0.43195385 -0.48376492 -0.63104033
 -0.572271   -0.54993707 -0.583515   -0.11077631 -0.67391366  0.04560767
  0.8935966   0.526568   -0.29579368  0.41489393  0.7015399  -0.25500056
  0.5700165  -0.25628862 -0.5271995  -0.03011695  0.59855783 -0.6592927
 -0.31990248 -0.75084454  0.47868264 -0.05216666  0.23329546  0.8019218
  0.39409426  0.10782462 -0.4761446  -0.66139615 -0.5265052  -0.4162981
  0.20951344  0.37540156 -0.4922579   0.23786585 -0.42429817 -0.25576827
 -0.25975168 -0.71272504 -0.5918291  -0.39583954  0.703974    0.4881577
 -0.6692217  -0.6415427  -0.5487618   0.20259593  0.49844736 -0.4145984
 -0.43328086 -0.70143604 -0.20046502 -0.34365362  0.19902317 -0.587921
 -0.11209565 -0.15240651 -0.41965544 -0.5222535  -0.20795105 -0.28567317
  0.4847151  -0.28949174  0.33020264  0.49266475  0.6217319  -0.40006927
 -0.70987606  1.0225595  -0.7551171   0.52218324 -0.25274166 -0.3311757
  0.8179128  -0.53114825 -0.42515564  0.48505825 -0.4501277  -0.27653542
 -0.05073262  0.6239085  -0.2658462  -0.5243909  -0.7226018  -0.19413713
 -0.70087796 -0.3164383   0.4380218   0.68855566 -0.02111801 -0.5996756
  0.07603458  0.4952687  -0.15697859  0.56683683 -0.24905534 -0.469714
 -0.5702823  -0.5350303   0.6544273   0.4305157   0.41216287 -0.44655922
  0.3296466  -0.72256577 -0.15761729  0.8276299   0.7391161   0.69449246
  0.6952885  -0.25419122 -0.16480504  0.58285576 -0.2292458  -0.3185342
 -0.32384786  0.39336774  0.25166437  0.6340707  -0.5333558  -0.14106692
  0.50663835 -0.22782116 -0.1636181  -0.52387494  0.05747704  0.27428544
 -0.4512284  -0.20838583  0.51004636  0.60857254  0.723736   -0.28240687
 -0.1418813   0.02342519 -0.49359757  0.7714774  -0.7028515  -0.721392
 -0.08990183  0.46566337 -0.10237642  0.25422427 -0.39330038  0.63043106
 -0.68220055 -0.72038627 -0.4469248  -0.740648   -0.54493237  0.35896224
 -0.09091134 -0.5604525  -0.68336713  0.17164971  0.40516943  0.58330494
 -0.4279182   0.02876553 -0.46526736 -0.41433412  0.2152202   0.13854244
 -0.39868647 -0.14488573  0.49558604  0.0969159  -0.546051   -0.8223084
  0.5610788  -0.6717185   0.690789    0.44935805 -0.49419713  0.40060624
 -0.5767614  -0.46393362 -0.3700542   0.5358305   0.16218093 -0.4409476
  0.43676564  0.6548516  -0.41231608  0.4949149  -0.55119145  0.63101554
 -0.2859327  -0.1815532  -0.11289154 -0.51423776 -0.60377026 -0.10752532
  0.64731985 -0.34543052  0.4809574  -0.18435135 -0.6026667   0.37770477
 -0.71413624 -0.5893119  -0.80787385 -0.61457217 -0.19019906 -0.3519297
  0.32206145 -0.5421254  -0.6163777  -0.5924745  -0.46530083  0.46593094
 -0.27893746 -0.41312605  0.30233273 -0.44508573  0.5264977   0.7271087
  0.5468934   0.2853593  -0.23423502  0.6079403   0.21354924 -0.8671535
 -0.41143724  0.29097706  0.6590979  -0.1934443  -0.01464186 -0.32246643
  0.7743603   0.20463942 -0.32099876  0.30085748 -0.33614838 -0.5390045
 -0.24274841  0.50153726  0.30363256 -0.5577518  -0.25259647  0.24220346
  0.05920561 -0.28541505  0.54732794 -0.49327922  0.76664275  0.30984354
 -0.05210904  0.12568626  0.6848435   0.24195547  0.05156689  0.3954531
 -0.49677908  0.24701415  0.532504   -0.35247296 -0.36341226 -0.54804665
  0.47957456  0.15872416  0.0554028  -0.69667256  0.472884    0.28352857
 -0.37091845  0.505723   -0.46466953  0.2038879  -0.1984363   0.25866565
 -0.74070483 -0.4302305   0.5811283  -0.64713144 -0.70177424  0.42901912
 -0.22880714  0.095828    0.26237324  0.40023962  0.10169154 -0.73315895
 -0.5548761   0.39540556  0.66137886  0.5876868  -0.31482193 -0.33944562
  0.67877746  0.5473253   0.25615978 -0.02145575 -0.42019695 -0.515714
  0.592363   -0.31419456 -0.03358693 -0.13164459 -0.2382452  -0.02040939
 -0.1853197  -0.09926811 -0.2861052  -0.12972178  0.5837176   0.27521825
 -0.48581213 -0.54545254 -0.04845592  0.19141172  0.61901    -0.63120365
 -0.8170054  -0.4104709   0.433787   -0.62505406 -0.50666666 -0.74206746
  0.676535    0.63133484 -0.65717685  0.6693396  -0.3141807   0.28911918
  0.55069035 -0.550222   -0.55870104 -0.20127976 -0.5439578   0.35034555
  0.44878745  0.70064455  0.35362566  0.2650702  -0.7438133  -0.18243036
 -0.3818184  -0.4856124   0.23150237  0.80465376  0.6253301  -0.42718008
 -0.0052636  -0.09948817 -0.27793506  0.50400674 -0.23479393  0.54346156
 -0.52067405 -0.1745222  -0.01749148  0.13238794  0.5892482  -0.55018157
  0.7243743  -0.50451154 -0.7610567  -0.80359596 -0.09489371  0.46795934
 -0.2563199  -0.22259684 -0.45229444  0.07484029 -0.38102     0.3930872
 -0.4247574  -0.092869    0.14374821  0.22262616 -0.65893286 -0.30464432
 -0.5167052  -0.12614092  0.21676902  0.715226    0.13251619 -0.40067998
  0.2675376  -0.4468923   0.00321342 -0.04988363 -0.04781226 -0.07494073
  0.10080159  0.09354722  0.11697133 -0.58375    -0.5234589  -0.75440305
  0.5721094  -0.4452638   0.5083548  -0.27811155 -0.5328907  -0.44868037
  0.5279876   0.03259186  0.08208482 -0.60053235 -0.4866765  -0.441382
 -0.14805306 -0.6303478   0.07925032 -0.5679756  -0.2660193   0.25996622
 -0.11632598  0.51795787  0.64171714 -0.05814406  0.02295644 -0.46179694
  0.6455687  -0.5346506   0.6137951  -0.73399746 -0.6731856  -0.9280588
  0.8369515  -0.5489462  -0.04241929 -0.40058324 -0.29531246 -0.4959425
  0.7430158   0.92958677 -0.41551247  0.97702944  0.72768635 -0.57463884
  0.58929443  0.6145662   0.5698011  -0.6335531  -0.3497883   0.887171
  0.22672124  0.4738856  -0.45196924  0.14166287  0.5728668   0.56116444
 -0.04409452 -0.6126665  -0.35782468  0.6158678  -0.2736466   0.41091874
 -0.36703852 -0.08867025  0.72106165 -0.4731445  -0.11636198 -0.01711667
  0.5626895   0.6400656  -0.4743004  -0.6634074  -0.16556925  0.6478736
 -0.22773477  0.75003004 -0.32079932  0.6292059   0.7295251   0.32244825
  0.15254858  0.347407    0.52999204  0.55662197 -0.5397042  -0.06560029
  0.19408174  0.7377993   0.17181185  0.39880657  0.47291464  0.5131383
  0.11421977  0.5749284   0.470437   -0.06289884  0.41410264  0.47615576
  0.71498823  0.03901224  0.00768713  0.7060239  -0.29591972 -0.07364498
  0.43241617  0.10752802  0.44676107  0.36155495  0.4338751  -0.48462
  0.6228436  -0.41469434  0.40177032 -0.75305414  0.6591394   0.4059416
 -0.33615464  0.419459    0.71916115  0.43338123  1.0588168   0.8340272
  0.49440747  0.6872649   0.6159535   0.01030004  0.74423844 -0.22041716
  0.3867271  -0.24940732  0.27321663 -0.6578906   0.6132449  -0.5229654
 -0.38909918 -0.23714282  0.7582171   0.3013736   0.69479966 -0.7141646
 -0.64118594  0.62878436 -0.5216235  -0.3794678  -0.5584522   0.61125934
  0.20348771  0.57942224  0.66252786  0.6616832   0.68253005  0.6199971
  0.31681022 -0.09216443 -0.06055285  0.6620297   0.43144742  0.10310403
  0.5107842   0.5730157  -0.20889023  0.3938104  -0.5238042  -0.2163033
 -0.00264052 -0.5463399   0.6912369   0.550361   -0.57522213  0.5018479
  0.54087836 -0.30692753  0.09671977  0.818185    0.20441405  0.552303
 -0.3834669  -0.14585239  0.631525    0.647268    0.29189077  0.5562641
 -0.24740478 -0.3116501   0.6595745   0.46882838  0.05969926  0.32002464
  0.45253718  0.0625305  -0.13117537  0.1465906   0.16766107 -0.6176088
 -0.47161376 -0.55271894 -0.6079322   0.06198476 -0.23909362 -0.22092347
  0.84003705  0.70598125  0.28331557  0.5691139   0.41191643 -0.36327723
  0.6038883  -0.06710795  0.61063343  0.7593142   0.6831802   0.12836589
  0.2178879  -0.44066346 -0.3021369   0.34809104  0.20184399  0.6617767
  0.1218088  -0.18308267  0.66743594  0.51244056  0.5160563  -0.61590344
  0.58321434  0.7987625   0.12977482  0.4168391   0.3188565 ]
{"epoch": 11, "train_loss": 0.37408696773440336, "val_mae": 0.44893139600753784, "val_corr": 0.5809700605361046, "val_binary_acc": 0.7063369397217929, "val_binary_f1": 0.6520146520146521, "threshold": 0.0}
Labels: [-1.   0.6 -1.   1.  -1.  -0.8 -0.2 -1.   0.6  0.2 -0.6 -0.2 -1.   1.
 -1.  -1.   0.   0.6 -1.  -1.   1.  -0.8  1.   1.  -1.   1.  -1.   1.
 -1.  -1.  -1.   1.  -1.  -0.4 -0.6  0.2  1.   0.8  0.   0.2  0.8 -0.8
  1.  -1.  -1.  -1.   0.8 -1.   0.8 -1.   1.   0.2  0.   1.  -1.  -0.6
 -0.2 -1.   0.4 -1.   1.   0.8 -1.   0.2 -0.6  0.   0.2 -1.  -1.  -1.
  1.   1.  -1.  -1.  -1.  -1.  -0.2 -0.6 -1.  -1.  -0.2  0.   0.8  0.4
  0.   0.  -0.2  0.  -0.6 -1.  -1.  -0.6 -1.  -0.6  0.6 -0.2 -1.  -0.2
 -1.  -0.4 -0.4  0.2  1.  -1.  -1.   1.   0.  -0.4 -1.   1.   0.6 -1.
 -1.   0.  -0.8 -1.   0.4  0.6  0.4 -1.  -0.4 -0.6 -0.4 -0.4 -1.  -0.4
 -0.4 -1.   1.   1.  -0.8 -0.2  1.  -1.  -0.2  0.6  1.  -1.   1.   0.6
 -0.2 -1.  -1.   0.  -1.  -0.4 -1.  -0.6 -0.4 -0.2  0.6  0.4  0.6 -0.4
  1.  -0.6 -1.   0.2 -1.   0.2  0.   0.  -0.6 -0.4 -0.6  1.  -1.  -1.
 -1.   1.   0.   1.  -0.6  1.  -1.  -1.  -1.  -1.   0.6  0.   0.6 -1.
 -1.   0.6  0.8  1.  -0.6  0.  -0.2 -1.  -1.   0.  -0.2 -0.2  0.4  0.6
  1.  -1.  -0.2 -1.   0.  -0.4 -1.   0.4 -0.6 -0.4 -1.   0.2  0.   0.
  0.   0.8  1.   0.  -0.4  1.  -1.   0.   0.2 -0.4  0.   0.8  0.   0.
  0.  -1.  -1.  -1.  -1.  -1.  -1.  -0.8 -1.  -1.   0.  -1.  -1.  -0.6
  0.   0.  -0.6 -1.   0.  -0.8  0.   0.8  0.6 -0.2  0.   1.   0.  -1.
 -1.  -0.6 -1.  -0.6 -0.4 -0.6  1.   0.   0.2  0.8 -0.2 -1.  -1.  -1.
 -1.   0.6 -1.  -1.  -0.2  1.  -0.2 -0.2  1.   0.2 -0.4  0.   0.4  1.
  0.   0.   0.2  0.4  0.   0.  -0.6 -1.  -0.2  0.4  0.  -1.  -0.4  0.
  0.   0.2  0.2 -0.2 -0.8 -1.  -1.  -0.2  0.4  0.2 -0.2  0.6  0.   0.2
  0.8  0.8  0.  -1.  -0.2 -0.8  0.   0.6 -0.8 -0.6  0.2  0.4  0.  -0.4
 -0.6 -0.2  0.6  0.   0.  -0.8 -0.2  0.  -0.2  0.   0.  -0.4  0.  -0.8
 -0.8 -0.8  0.6 -1.   0.6 -1.  -0.8 -1.   1.  -0.6 -1.  -1.   1.   1.
  0.2  0.8  1.   0.6 -0.2  0.2 -0.8 -1.  -1.  -0.2  0.2  1.  -0.8 -0.4
 -1.  -0.8 -0.6 -1.   0.  -0.8  0.6 -1.   1.   0.8 -0.2  0.  -0.6 -1.
 -1.   0.   1.   0.2  1.  -1.   0.8  0.4 -1.   1.  -0.8 -0.2 -0.8 -0.4
 -1.   0.   0.   0.  -0.4  0.  -0.4  0.   0.  -0.8  0.  -0.2 -0.6  0.8
  0.   0.6 -0.2 -1.  -0.2 -1.   0.6 -0.6  0.   0.   0.6  1.  -0.8 -1.
  1.   0.2  1.  -1.  -0.6 -0.8 -1.   1.   0.  -1.   1.  -0.2  0.  -1.
 -1.  -0.8  0.2  0.4 -0.4  0.   1.  -0.2 -0.2 -0.2  0.2 -0.8  0.8 -1.
 -1.  -1.   0.4 -0.8 -1.  -1.   0.4  0.2  0.8  0.8 -0.6  0.8  0.8 -0.8
  0.6  0.6 -0.8 -0.2 -0.4  0.8 -0.2  0.  -0.8 -0.4  0.8  0.6 -0.6 -0.8
 -0.6  0.8  0.6  0.6 -0.2  0.   0.4 -0.6 -0.6 -0.6  0.6  0.8  0.  -1.
 -0.6  0.   0.4  0.6  0.   0.   0.8 -0.6  0.2  0.6  0.8  0.8 -0.8 -0.4
  0.   0.6 -1.   0.8 -0.6  0.6  0.8  0.8  0.2 -0.8  0.6  0.4  0.8  0.
 -0.6  0.4 -0.6  0.   0.6  0.  -0.6  0.4  0.2 -0.8  0.6 -0.2  0.  -0.8
  0.6  1.  -0.8 -1.  -0.6  0.8  0.6  0.8  0.6  0.8  0.8  0.  -0.8  0.
  0.6 -0.6  0.6 -0.6  0.8 -0.8 -0.8 -0.6  0.6 -0.2  1.   0.  -0.8  0.6
 -1.  -0.6 -0.6  0.8 -0.8  0.   0.6  0.6  0.6  0.4  0.6 -0.8 -0.6  0.8
  0.8 -0.8  0.6 -0.6 -0.8 -0.6 -0.8 -1.   0.6 -0.8  0.4 -0.4 -0.6 -0.6
 -0.2 -0.8  0.6 -0.6  0.4  0.2 -0.8  0.2  0.8  0.6  0.4  0.  -0.8 -0.6
  0.6  0.6 -0.4  0.8  0.6 -0.6  0.6  0.   0.  -0.8 -0.4 -0.6  0.  -0.8
 -0.8  0.6  0.6  0.6  0.6  0.4  0.6 -0.8  0.  -0.4  0.6  0.6  0.6 -0.2
  0.6 -0.4  0.6  0.  -0.6  0.6 -0.2 -0.6  0.8  0.6  0.6  0.   0.2  0.8
  0.  -0.4  0.2]
Predictions: [-0.6968058  -0.23125221 -0.8809051   0.5751539  -0.87483853  0.14470367
  0.5893927  -0.51444125 -0.49479538 -0.43912458  0.60335594 -0.6501984
 -0.6054969   0.57281137 -0.8050883  -0.29136056  0.09103744  0.37486207
  0.35167807 -0.43292063  0.5362406  -0.15112042  0.6975445  -0.43926072
 -0.60207266  0.36206764 -0.55540484  0.48326957 -0.60056275 -0.7079641
 -0.23035628 -0.60218376 -0.557956   -0.81527823 -0.7164776   0.00357405
  0.6846468   0.5742976  -0.46152616  0.3419652   0.5551063  -0.46958512
  0.28481287 -0.38893396 -0.59516275 -0.19784406  0.6470385  -0.7148436
 -0.3806612  -0.99714154  0.51847327 -0.39555192 -0.7484189   0.618111
  0.544859    0.14129885 -0.4824146  -0.7642477  -0.5939296  -0.32472426
  0.1624051   0.5395965  -0.5716754   0.40216422 -0.15278053 -0.21920866
 -0.40152556 -0.943389   -0.81186837 -0.43153948  0.69949555  0.16884255
 -0.83475786 -0.78359216 -0.68307346  0.27107817  0.41017902 -0.53618854
 -0.42778432 -0.8583836  -0.31437838 -0.24858344  0.2640288  -0.664057
  0.5040808  -0.27272564  0.03510453 -0.31691772 -0.3853464  -0.20887448
  0.40510052 -0.23457201  0.328461    0.5423334   0.50748825  0.47913367
 -0.8034633   0.83470815 -0.97378606  0.14570083 -0.30349076 -0.28348303
  0.7283157  -0.85374093 -0.41306025  0.3746999  -0.6794309  -0.34281087
 -1.013364    0.49683303 -0.3227479  -0.84749013 -0.9164886  -0.53573644
 -0.79126436 -0.6601558   0.30586022  0.5268061  -0.15866996 -0.733792
 -0.6123123  -0.5130581  -0.13838446  0.33534038 -0.06956632 -0.4792614
 -0.66430986 -0.67753255  0.561093    0.63415194  0.21823113 -0.5087919
  0.21528818 -0.87687606 -0.22494091  0.78588843  0.5970278  -1.0328425
  0.6141506  -0.07985634 -0.24189821  0.6696797  -0.62400436 -0.3229133
 -0.39807236  0.615825   -0.22342703 -0.1666755  -0.62656826 -0.1465968
  0.44797397 -0.38738424 -0.10029516 -0.5957503  -0.15333867 -0.16662094
 -0.531379   -0.4754234  -0.3164097   0.4877963   0.6278888  -0.09407501
 -0.06884638  0.19519381 -0.55298024  0.34337544 -0.8678967  -0.8692354
 -0.12511608  0.4829539   0.04795232  0.14871337 -0.51024127  0.5702249
 -0.6788204  -0.76073223 -0.49929327 -0.7916108  -0.81262136  0.2826842
  0.0989204  -0.7197854  -0.32994902  0.42311853  0.45168078  0.6631593
 -0.36365962 -0.5203858  -0.5016436  -0.32200193 -0.11585401 -0.05107974
 -0.4075421  -0.3722006   0.21313624  0.66197604 -0.62232804 -1.0442468
  0.48847288 -1.080221    0.3998115  -0.1125315  -0.6297537  -0.12656376
 -0.52938426 -0.57575274 -0.48098958  0.352215    0.41429222 -0.32059002
 -0.0014973   0.5555658  -0.6472666   0.5059326  -0.8574539   0.5384484
 -0.589448   -0.27138948  0.00610728 -0.531095   -0.77765054  0.22309543
  0.5046707  -0.7526011   0.35787374 -0.53600824 -0.3894235   0.2592063
 -0.6605869  -0.5284734  -1.0006349  -0.57555485  0.35755008  0.24537922
  0.2187138  -0.6250457  -0.7265174  -0.7343213  -0.51458144  0.20716594
 -0.18478453 -0.14861625 -0.01186746 -0.5344472   0.38534445  0.48650324
  0.37276602  0.15930502 -0.32467705  0.44881272  0.27421683 -1.1336433
 -0.6751435   0.39358628  0.33814287 -0.30093804 -0.24129139 -0.12223094
  0.67316943 -0.09140934 -0.4838122   0.16405173 -0.6254224  -0.6719226
 -0.206413   -0.589065    0.09011507 -0.087814   -0.5150599   0.32078826
 -0.5563855  -0.4328674   0.06721543 -0.30203122  0.46729147  0.21084587
 -0.18126655 -0.00532231  0.38176447  0.10512388 -0.14266002  0.16522141
 -0.7273696   0.1120698   0.4563349  -0.1944941  -0.439447   -0.81096
 -0.23125592  0.3351484   0.64041907 -0.8127669  -0.04159904 -0.00749657
  0.01384867  0.10857359 -0.622293    0.2733559  -0.40150577  0.24128939
 -0.94340104 -0.5138589   0.6361852  -0.75063175 -0.97138816  0.5552804
 -0.5726727   0.5116545   0.5592145   0.63913745 -0.39592105 -0.99558026
 -0.5427568  -0.04116956  0.6102045   0.58582836 -0.56992245 -0.6046954
  0.55096686  0.45818383  0.5697336   0.16761369 -0.47578478 -0.6038389
  0.42473465 -0.27485844 -0.12998949 -0.2562749  -0.3635931  -0.0241539
 -0.4503094  -0.15254489 -0.31418657 -0.09651447  0.39293218  0.3342026
 -0.48735386 -0.7435211  -0.52833325  0.45324975  0.4467823  -0.7108293
 -1.027674   -0.47992063  0.47416854 -0.75424474 -0.670543   -0.9005267
  0.61961216  0.6111079  -0.76298696  0.72153693 -0.16588326  0.42049062
 -0.04194719  0.29038334  0.21169205 -0.10926718 -0.6129036  -0.05628928
  0.26047105  0.50915706  0.23312463  0.1723003  -0.983798   -0.53300524
  0.41818762 -0.66119677 -0.03945586  0.5273629   0.44131953 -0.40519667
  0.10768177 -0.23471463 -0.04049288  0.4090616  -0.18655074  0.5351797
 -0.66998273 -0.45220846 -0.08410142 -0.10284168  0.41367579 -0.63299745
  0.4561261  -0.4995442  -0.6070217  -0.9500523  -0.14061263  0.22087152
 -0.32429957 -0.26915205 -0.48051798 -0.05797668 -0.24946521  0.4810716
 -0.42468846  0.24740557 -0.19373997 -0.03519268 -0.6536683  -0.4408576
 -0.68723905 -0.15970667 -0.40986216  0.52700496  0.11846943 -0.6058571
  0.12798257 -0.758798   -0.1867482  -0.51372445 -0.1524125  -0.3954637
 -0.49929166  0.10275887 -0.20304653 -0.9909865  -0.68110925 -0.93054634
  0.20419954 -0.62771714  0.5013171  -0.28424633 -0.5899484  -0.58454436
  0.26709217 -0.06460749 -0.19736715 -0.80776834 -0.45327914 -0.56733227
 -0.49784565 -0.9629669   0.3393787  -0.5516252  -0.60878617  0.5301105
 -0.22848338 -0.19206561  0.6090444  -0.01765822 -0.03507766 -0.69612503
  0.5097697  -0.35440147  0.65565187 -0.98599494 -0.825695   -1.3004485
  0.72922665 -0.6727926   0.07784748 -0.30882072 -0.7079926  -0.5335365
  0.61026853  0.6408265  -0.93861884  0.6741438   0.41777408 -0.5002067
  0.4547339   0.4598117   0.5835453  -0.7450759  -0.37019515  0.7037373
  0.16794847  0.10184582 -0.70798784 -0.36082542  0.28871548  0.47559196
  0.57895374 -0.7932648  -0.2330994   0.71642685 -0.27220201  0.01349803
 -0.49691093 -0.1440011   0.43322194 -0.61094743 -0.28833073 -0.2044453
  0.45812303  0.48458153 -0.27995032 -0.7070916  -0.32773978  0.2691905
 -0.25641924  0.64456826 -0.554797    0.6120433   0.57894707 -0.05782362
 -0.07748423  0.13568078  0.4007823   0.3550232  -0.76216906 -0.10737501
 -0.10149356  0.53676325 -0.3641246   0.4460408   0.3189835   0.47297704
 -0.03935318  0.4401307   0.34148318 -0.2538129   0.40604407  0.28751588
  0.32544404  0.15011865 -0.24688627  0.48247224 -0.7959487   0.13780819
  0.35386264 -0.05678456  0.3030665   0.17471395  0.2870952  -0.750413
  0.3787099   0.04642393  0.21919306 -0.8555104   0.48295152  0.544695
  0.74613756  0.37040216 -0.54877675  0.66390955  0.8818021   0.6766311
  0.59183574  0.62827665  0.49065572 -0.330706    0.6709712  -0.3440451
 -0.5874889  -0.356349    0.33200753 -0.81436735  0.386787   -0.7643034
 -0.18591586 -0.40167272  0.44946086 -0.15460052  0.5426377  -0.87932795
 -0.82025     0.5019543  -0.59929436 -0.35782862 -0.6475757   0.55544996
 -0.12413774  0.36984527  0.5557729   0.59403855  0.41963005  0.4810198
  0.22490285 -0.3472485  -0.58807725  0.52257055  0.51147383 -0.07480024
  0.33019942  0.31782752 -0.36253935  0.17420699 -0.150998   -0.7837559
  0.27052224 -0.51918775  0.5621962   0.4491608  -0.6843594   0.3764584
  0.31031513 -0.06422657  0.00397523  0.7705292   0.05308008  0.4948914
 -0.5985983  -0.22402045  0.2532221   0.45473856  0.40111572  0.4517414
 -0.33542395 -0.68744737  0.5197332   0.4747874  -0.31990147 -0.07888816
  0.59623945 -0.5584085  -0.58943814  0.07799235  0.04819901 -0.853384
 -0.5038527  -0.72235376 -0.70528215  0.35388893 -0.1546678   0.4762962
  0.74082565  0.50036746  0.24462928  0.32287914  0.46782774 -0.5529441
  0.43147248 -0.05268332  0.6496343   0.5865091   0.537375    0.54140973
  0.6297532   0.43052602 -0.57221     0.55564725 -0.02523484  0.6315412
 -0.04639547 -0.26086158  0.3233555   0.5247603   0.45674753 -0.6091813
  0.370385    0.5812456   0.02343625  0.20235838 -0.6444743 ]
{"epoch": 12, "train_loss": 0.3840199805969416, "val_mae": 0.42549410462379456, "val_corr": 0.5834035787268445, "val_binary_acc": 0.7527047913446677, "val_binary_f1": 0.6850393700787402, "threshold": 0.0}
Labels: [-1.   0.6 -1.   1.  -1.  -0.8 -0.2 -1.   0.6  0.2 -0.6 -0.2 -1.   1.
 -1.  -1.   0.   0.6 -1.  -1.   1.  -0.8  1.   1.  -1.   1.  -1.   1.
 -1.  -1.  -1.   1.  -1.  -0.4 -0.6  0.2  1.   0.8  0.   0.2  0.8 -0.8
  1.  -1.  -1.  -1.   0.8 -1.   0.8 -1.   1.   0.2  0.   1.  -1.  -0.6
 -0.2 -1.   0.4 -1.   1.   0.8 -1.   0.2 -0.6  0.   0.2 -1.  -1.  -1.
  1.   1.  -1.  -1.  -1.  -1.  -0.2 -0.6 -1.  -1.  -0.2  0.   0.8  0.4
  0.   0.  -0.2  0.  -0.6 -1.  -1.  -0.6 -1.  -0.6  0.6 -0.2 -1.  -0.2
 -1.  -0.4 -0.4  0.2  1.  -1.  -1.   1.   0.  -0.4 -1.   1.   0.6 -1.
 -1.   0.  -0.8 -1.   0.4  0.6  0.4 -1.  -0.4 -0.6 -0.4 -0.4 -1.  -0.4
 -0.4 -1.   1.   1.  -0.8 -0.2  1.  -1.  -0.2  0.6  1.  -1.   1.   0.6
 -0.2 -1.  -1.   0.  -1.  -0.4 -1.  -0.6 -0.4 -0.2  0.6  0.4  0.6 -0.4
  1.  -0.6 -1.   0.2 -1.   0.2  0.   0.  -0.6 -0.4 -0.6  1.  -1.  -1.
 -1.   1.   0.   1.  -0.6  1.  -1.  -1.  -1.  -1.   0.6  0.   0.6 -1.
 -1.   0.6  0.8  1.  -0.6  0.  -0.2 -1.  -1.   0.  -0.2 -0.2  0.4  0.6
  1.  -1.  -0.2 -1.   0.  -0.4 -1.   0.4 -0.6 -0.4 -1.   0.2  0.   0.
  0.   0.8  1.   0.  -0.4  1.  -1.   0.   0.2 -0.4  0.   0.8  0.   0.
  0.  -1.  -1.  -1.  -1.  -1.  -1.  -0.8 -1.  -1.   0.  -1.  -1.  -0.6
  0.   0.  -0.6 -1.   0.  -0.8  0.   0.8  0.6 -0.2  0.   1.   0.  -1.
 -1.  -0.6 -1.  -0.6 -0.4 -0.6  1.   0.   0.2  0.8 -0.2 -1.  -1.  -1.
 -1.   0.6 -1.  -1.  -0.2  1.  -0.2 -0.2  1.   0.2 -0.4  0.   0.4  1.
  0.   0.   0.2  0.4  0.   0.  -0.6 -1.  -0.2  0.4  0.  -1.  -0.4  0.
  0.   0.2  0.2 -0.2 -0.8 -1.  -1.  -0.2  0.4  0.2 -0.2  0.6  0.   0.2
  0.8  0.8  0.  -1.  -0.2 -0.8  0.   0.6 -0.8 -0.6  0.2  0.4  0.  -0.4
 -0.6 -0.2  0.6  0.   0.  -0.8 -0.2  0.  -0.2  0.   0.  -0.4  0.  -0.8
 -0.8 -0.8  0.6 -1.   0.6 -1.  -0.8 -1.   1.  -0.6 -1.  -1.   1.   1.
  0.2  0.8  1.   0.6 -0.2  0.2 -0.8 -1.  -1.  -0.2  0.2  1.  -0.8 -0.4
 -1.  -0.8 -0.6 -1.   0.  -0.8  0.6 -1.   1.   0.8 -0.2  0.  -0.6 -1.
 -1.   0.   1.   0.2  1.  -1.   0.8  0.4 -1.   1.  -0.8 -0.2 -0.8 -0.4
 -1.   0.   0.   0.  -0.4  0.  -0.4  0.   0.  -0.8  0.  -0.2 -0.6  0.8
  0.   0.6 -0.2 -1.  -0.2 -1.   0.6 -0.6  0.   0.   0.6  1.  -0.8 -1.
  1.   0.2  1.  -1.  -0.6 -0.8 -1.   1.   0.  -1.   1.  -0.2  0.  -1.
 -1.  -0.8  0.2  0.4 -0.4  0.   1.  -0.2 -0.2 -0.2  0.2 -0.8  0.8 -1.
 -1.  -1.   0.4 -0.8 -1.  -1.   0.4  0.2  0.8  0.8 -0.6  0.8  0.8 -0.8
  0.6  0.6 -0.8 -0.2 -0.4  0.8 -0.2  0.  -0.8 -0.4  0.8  0.6 -0.6 -0.8
 -0.6  0.8  0.6  0.6 -0.2  0.   0.4 -0.6 -0.6 -0.6  0.6  0.8  0.  -1.
 -0.6  0.   0.4  0.6  0.   0.   0.8 -0.6  0.2  0.6  0.8  0.8 -0.8 -0.4
  0.   0.6 -1.   0.8 -0.6  0.6  0.8  0.8  0.2 -0.8  0.6  0.4  0.8  0.
 -0.6  0.4 -0.6  0.   0.6  0.  -0.6  0.4  0.2 -0.8  0.6 -0.2  0.  -0.8
  0.6  1.  -0.8 -1.  -0.6  0.8  0.6  0.8  0.6  0.8  0.8  0.  -0.8  0.
  0.6 -0.6  0.6 -0.6  0.8 -0.8 -0.8 -0.6  0.6 -0.2  1.   0.  -0.8  0.6
 -1.  -0.6 -0.6  0.8 -0.8  0.   0.6  0.6  0.6  0.4  0.6 -0.8 -0.6  0.8
  0.8 -0.8  0.6 -0.6 -0.8 -0.6 -0.8 -1.   0.6 -0.8  0.4 -0.4 -0.6 -0.6
 -0.2 -0.8  0.6 -0.6  0.4  0.2 -0.8  0.2  0.8  0.6  0.4  0.  -0.8 -0.6
  0.6  0.6 -0.4  0.8  0.6 -0.6  0.6  0.   0.  -0.8 -0.4 -0.6  0.  -0.8
 -0.8  0.6  0.6  0.6  0.6  0.4  0.6 -0.8  0.  -0.4  0.6  0.6  0.6 -0.2
  0.6 -0.4  0.6  0.  -0.6  0.6 -0.2 -0.6  0.8  0.6  0.6  0.   0.2  0.8
  0.  -0.4  0.2]
Predictions: [-0.5581143   0.29241946 -0.64744586  0.29527748 -0.7711531   0.05005554
  0.51809853 -0.5596311  -0.43566453 -0.59454113  0.27452332 -0.52492094
  0.28343683  0.41676247 -0.62162036 -0.32161942  0.313819    0.16447797
  0.62370086 -0.45583078  0.53030276 -0.07148023  0.66430134 -0.12704793
 -0.6995949   0.36301762 -0.51355684  0.1373764  -0.3961712  -0.54714113
 -0.23432037 -0.44282004 -0.3957389  -0.53090745 -0.54638404  0.10615806
  0.5948012   0.5579543  -0.33498642  0.30843905  0.40492988 -0.46722156
  0.38354182 -0.5109467  -0.4585228  -0.14890729  0.46437702 -0.48601213
  0.14961076 -0.7609107   0.55209184 -0.28347537 -0.630586    0.39651892
  0.4722745  -0.04211324 -0.4921947  -0.6118387  -0.4647329  -0.52758163
  0.40972006  0.36082032  0.3524739   0.23377684 -0.0223901  -0.10730188
  0.10732799 -0.7289225  -0.5781437  -0.4993712   0.6684251   0.06747406
 -0.6214895  -0.5158122  -0.5038909   0.44832703  0.35654157 -0.45032898
 -0.49838752 -0.587866   -0.25602978 -0.38711604  0.25056636 -0.580309
  0.56228644 -0.30615506 -0.4231681  -0.1169689  -0.48738712  0.03575036
  0.06885178 -0.53102523  0.33923462  0.38937202  0.537784    0.38746628
 -0.45201916  0.48428366 -0.69143426  0.30440462 -0.2597846  -0.2728118
  0.5739909  -0.74156845 -0.33329436  0.21684712 -0.5281755  -0.36018723
 -0.8776301   0.09807257 -0.22503209 -0.7624451  -0.7305039  -0.5177076
 -0.6054191  -0.67646956  0.20741996  0.42249742 -0.33534798 -0.5059528
 -0.5443341  -0.02718008 -0.3271859   0.19470796  0.20442975 -0.3331511
 -0.5448124  -0.46835014  0.48741266  0.293959    0.23639548  0.12780058
  0.39981765 -0.5437392  -0.26631168  0.5336274   0.44780937 -0.7916703
  0.5033825  -0.04137319 -0.389914    0.6674421  -0.54321206 -0.2663803
 -0.21267927  0.55463195 -0.22237074 -0.31730154 -0.5200159  -0.11558917
  0.23212898 -0.34564343 -0.12950319 -0.45038262  0.34266794 -0.07373463
 -0.38528925 -0.4052846  -0.24316728  0.47238007  0.4106256  -0.17364666
  0.09788886 -0.12886083 -0.441312    0.5040921  -0.64113194 -0.6494911
 -0.21624178  0.4629332  -0.15031487  0.09601036 -0.35112384  0.2562735
 -0.67872417 -0.77473164 -0.48210034 -0.704598   -0.7674671   0.40362328
  0.03037862 -0.5522652  -0.660066   -0.07831322  0.48870215  0.6092254
 -0.4159783  -0.33244678 -0.3852703  -0.6317715   0.38887805 -0.10340522
 -0.32337242 -0.31232756  0.16972125  0.5281971  -0.54018885 -0.78469
  0.3926862  -0.7627183   0.29080603  0.04887025  0.10146839 -0.00587014
 -0.4954611  -0.4533067  -0.49756867  0.41429904  0.45091143 -0.42505345
 -0.19401395  0.320778   -0.5509969   0.34255028 -0.4735055   0.3882527
 -0.46770743  0.14952093 -0.3317447  -0.2401003  -0.54762745  0.01604629
  0.26867995 -0.53750616  0.15716803 -0.621107   -0.25442442  0.40509486
 -0.56257343 -0.55248344 -0.7511355  -0.44504476 -0.01961559  0.05888219
 -0.05035774 -0.62419    -0.66879106 -0.5803293   0.16074154  0.06787447
 -0.21989036 -0.14330176  0.15034503 -0.42910132  0.25568017  0.4555317
 -0.22164533  0.08630467 -0.17373317  0.40720847  0.1813313  -0.8381696
 -0.62611926  0.2932443  -0.4074238  -0.33969015 -0.26195127 -0.16181639
  0.64922446 -0.2526068  -0.4867995  -0.13336566 -0.47646376  0.2111144
  0.17195845  0.42511562  0.0977037   0.22714722 -0.5862443   0.3322323
 -0.35468912  0.45703194 -0.46891108 -0.40757087  0.51746994  0.33791575
 -0.1129984  -0.08353743  0.52889264  0.26327676 -0.10461912  0.11796954
 -0.48536995  0.16634941  0.09543245 -0.36771888 -0.39649376 -0.58890694
  0.01643995  0.4759136   0.49284938 -0.5584855  -0.07871807  0.23908338
  0.10021929  0.16288245 -0.34529218  0.06404408 -0.40847367  0.45431158
 -0.7148005  -0.438166    0.3450719   0.09380958 -0.6871561   0.55922055
 -0.22264063  0.62885183  0.5821685   0.31838033 -0.05120134 -0.70979786
  0.07979091  0.33182377  0.5367093   0.41788912 -0.39066073 -0.41400462
  0.47693303  0.37780768  0.58262295  0.01894509 -0.3618881  -0.45811835
  0.4024245  -0.38478345 -0.22215775 -0.05080321 -0.26339945 -0.09241059
 -0.30475286 -0.05905212 -0.28171122  0.03771439  0.41600326  0.30766553
 -0.24468899 -0.5326915  -0.21461979  0.40478227  0.34629494 -0.6325513
 -0.769953   -0.5039945   0.5444021  -0.5507015  -0.49565515  0.17508745
  0.67056453  0.5861896  -0.526251    0.5044296  -0.19664231  0.5385746
 -0.15258856  0.12142382  0.16154748 -0.11328477 -0.49807212 -0.00672621
  0.4699932   0.45912108  0.13104904  0.08522712 -0.75158954 -0.61595714
  0.3471334  -0.45553425 -0.06963934  0.4677092   0.42069376 -0.37471858
  0.03214776 -0.21094877 -0.14626369  0.15506572 -0.21421865  0.34166443
 -0.57355154  0.05634556  0.04066993 -0.41293028  0.37535572 -0.5445466
  0.4221358  -0.42187124 -0.02972447 -0.74905926 -0.14242297  0.08809743
 -0.40845314 -0.30304575 -0.38284084 -0.06258938 -0.2915539   0.37916082
 -0.1961762   0.00592376  0.13123804  0.01469892 -0.6237139  -0.2204276
 -0.43834987 -0.37916884 -0.14660323  0.5226948  -0.00905634 -0.6082697
 -0.08953924 -0.5183931  -0.3182447  -0.40839243  0.11941903 -0.42232564
 -0.29815707 -0.21026102  0.10313239 -0.7980572  -0.48176536 -0.6204593
 -0.05411769 -0.3902041   0.4198445  -0.23630121 -0.5014079  -0.26665857
  0.19396633 -0.45714703 -0.16728862 -0.60479015  0.30176175 -0.4288714
 -0.52387327 -0.76914376  0.20170668 -0.43952063 -0.43136093  0.55911005
 -0.23783287 -0.4817258   0.58273405 -0.14795181  0.06155287 -0.5085644
  0.32452452 -0.22595543  0.5210929  -0.7240996  -0.7052231  -0.99624455
  0.6076285  -0.5024319   0.21295151 -0.25576594 -0.61260813 -0.34431422
  0.49617663  0.5686964  -0.6387296   0.5724433   0.43453038 -0.04420725
 -0.06069738  0.4371707   0.40042028 -0.47913438 -0.35782072  0.59077275
  0.0292551   0.536497   -0.5977937  -0.2682554   0.44315472  0.33638108
 -0.23066351 -0.65186787 -0.05562001  0.6848663  -0.26376995  0.0627377
 -0.11788442  0.10244182  0.36709234 -0.41850567 -0.3030734  -0.08831186
  0.49851653  0.37572795 -0.52615935 -0.43018892 -0.31274867  0.50467366
  0.08204443  0.6263859  -0.33270964  0.44009796  0.49037972 -0.28679803
  0.1759811   0.37312979  0.36180443  0.3883989  -0.62021804 -0.06222817
  0.01245166  0.5627072  -0.47291085  0.38099107 -0.11987396  0.26011306
 -0.03834131  0.48150775  0.29837278 -0.14532045  0.3509342   0.31755084
  0.6881494  -0.07231947  0.30105788  0.36514392  0.11938215  0.18393102
  0.44764158 -0.03298181  0.09791974  0.1463893   0.33270854 -0.63467515
  0.44853458  0.12559244  0.20191494 -0.6504504   0.675104    0.6035748
  0.6036493  -0.84188557  0.15955314  0.6039332   0.79735416  0.59848344
  0.52916807  0.48499402  0.3699108  -0.22952989  0.725189   -0.3577815
  0.18506128 -0.26840186  0.34832275 -0.6112597   0.31348878  0.02908311
 -0.41043615 -0.44684538  0.50084805 -0.2609067   0.35676333 -0.68114173
 -0.6013862   0.52197057 -0.61351675 -0.3227464  -0.58737075  0.42875057
  0.00466766  0.34150222  0.5801312   0.45827284  0.4196611   0.3408382
  0.02129184 -0.57694054  0.13971922  0.32697988  0.2888544  -0.15955088
  0.3771984   0.47286943 -0.25844666 -0.05531082 -0.00999467 -0.67801005
 -0.10459957 -0.31428745  0.5526059   0.2625081  -0.56453675  0.41593206
  0.2986782  -0.00962247  0.065364   -0.01522133  0.5028008   0.41697887
 -0.69270223 -0.2117368  -0.05697041  0.53853905  0.44271967  0.20674214
 -0.2781936  -0.5461868   0.42277378  0.4598221  -0.23873222  0.4318732
  0.5671981  -0.44670027 -0.12857889 -0.1192865  -0.12331324 -0.5524575
 -0.45270172 -0.5732857  -0.50586987  0.3165277  -0.66981333  0.4577118
  0.64202803  0.5662583   0.44185194  0.28776312  0.4281525  -0.46165177
  0.4086334  -0.35074583  0.40364456  0.5599583   0.31772006  0.5589133
  0.31904507  0.11669747 -0.43556562 -0.05503014 -0.1256229   0.5115084
  0.10987801 -0.2818563   0.04484864  0.44442353  0.38901702 -0.45960483
  0.4140166   0.6736859   0.19758761  0.04698499 -0.5300148 ]
{"epoch": 13, "train_loss": 0.37923259444014973, "val_mae": 0.43743905425071716, "val_corr": 0.5833698393790694, "val_binary_acc": 0.7418856259659969, "val_binary_f1": 0.6843100189035918, "threshold": 0.0}
Labels: [-1.   0.6 -1.   1.  -1.  -0.8 -0.2 -1.   0.6  0.2 -0.6 -0.2 -1.   1.
 -1.  -1.   0.   0.6 -1.  -1.   1.  -0.8  1.   1.  -1.   1.  -1.   1.
 -1.  -1.  -1.   1.  -1.  -0.4 -0.6  0.2  1.   0.8  0.   0.2  0.8 -0.8
  1.  -1.  -1.  -1.   0.8 -1.   0.8 -1.   1.   0.2  0.   1.  -1.  -0.6
 -0.2 -1.   0.4 -1.   1.   0.8 -1.   0.2 -0.6  0.   0.2 -1.  -1.  -1.
  1.   1.  -1.  -1.  -1.  -1.  -0.2 -0.6 -1.  -1.  -0.2  0.   0.8  0.4
  0.   0.  -0.2  0.  -0.6 -1.  -1.  -0.6 -1.  -0.6  0.6 -0.2 -1.  -0.2
 -1.  -0.4 -0.4  0.2  1.  -1.  -1.   1.   0.  -0.4 -1.   1.   0.6 -1.
 -1.   0.  -0.8 -1.   0.4  0.6  0.4 -1.  -0.4 -0.6 -0.4 -0.4 -1.  -0.4
 -0.4 -1.   1.   1.  -0.8 -0.2  1.  -1.  -0.2  0.6  1.  -1.   1.   0.6
 -0.2 -1.  -1.   0.  -1.  -0.4 -1.  -0.6 -0.4 -0.2  0.6  0.4  0.6 -0.4
  1.  -0.6 -1.   0.2 -1.   0.2  0.   0.  -0.6 -0.4 -0.6  1.  -1.  -1.
 -1.   1.   0.   1.  -0.6  1.  -1.  -1.  -1.  -1.   0.6  0.   0.6 -1.
 -1.   0.6  0.8  1.  -0.6  0.  -0.2 -1.  -1.   0.  -0.2 -0.2  0.4  0.6
  1.  -1.  -0.2 -1.   0.  -0.4 -1.   0.4 -0.6 -0.4 -1.   0.2  0.   0.
  0.   0.8  1.   0.  -0.4  1.  -1.   0.   0.2 -0.4  0.   0.8  0.   0.
  0.  -1.  -1.  -1.  -1.  -1.  -1.  -0.8 -1.  -1.   0.  -1.  -1.  -0.6
  0.   0.  -0.6 -1.   0.  -0.8  0.   0.8  0.6 -0.2  0.   1.   0.  -1.
 -1.  -0.6 -1.  -0.6 -0.4 -0.6  1.   0.   0.2  0.8 -0.2 -1.  -1.  -1.
 -1.   0.6 -1.  -1.  -0.2  1.  -0.2 -0.2  1.   0.2 -0.4  0.   0.4  1.
  0.   0.   0.2  0.4  0.   0.  -0.6 -1.  -0.2  0.4  0.  -1.  -0.4  0.
  0.   0.2  0.2 -0.2 -0.8 -1.  -1.  -0.2  0.4  0.2 -0.2  0.6  0.   0.2
  0.8  0.8  0.  -1.  -0.2 -0.8  0.   0.6 -0.8 -0.6  0.2  0.4  0.  -0.4
 -0.6 -0.2  0.6  0.   0.  -0.8 -0.2  0.  -0.2  0.   0.  -0.4  0.  -0.8
 -0.8 -0.8  0.6 -1.   0.6 -1.  -0.8 -1.   1.  -0.6 -1.  -1.   1.   1.
  0.2  0.8  1.   0.6 -0.2  0.2 -0.8 -1.  -1.  -0.2  0.2  1.  -0.8 -0.4
 -1.  -0.8 -0.6 -1.   0.  -0.8  0.6 -1.   1.   0.8 -0.2  0.  -0.6 -1.
 -1.   0.   1.   0.2  1.  -1.   0.8  0.4 -1.   1.  -0.8 -0.2 -0.8 -0.4
 -1.   0.   0.   0.  -0.4  0.  -0.4  0.   0.  -0.8  0.  -0.2 -0.6  0.8
  0.   0.6 -0.2 -1.  -0.2 -1.   0.6 -0.6  0.   0.   0.6  1.  -0.8 -1.
  1.   0.2  1.  -1.  -0.6 -0.8 -1.   1.   0.  -1.   1.  -0.2  0.  -1.
 -1.  -0.8  0.2  0.4 -0.4  0.   1.  -0.2 -0.2 -0.2  0.2 -0.8  0.8 -1.
 -1.  -1.   0.4 -0.8 -1.  -1.   0.4  0.2  0.8  0.8 -0.6  0.8  0.8 -0.8
  0.6  0.6 -0.8 -0.2 -0.4  0.8 -0.2  0.  -0.8 -0.4  0.8  0.6 -0.6 -0.8
 -0.6  0.8  0.6  0.6 -0.2  0.   0.4 -0.6 -0.6 -0.6  0.6  0.8  0.  -1.
 -0.6  0.   0.4  0.6  0.   0.   0.8 -0.6  0.2  0.6  0.8  0.8 -0.8 -0.4
  0.   0.6 -1.   0.8 -0.6  0.6  0.8  0.8  0.2 -0.8  0.6  0.4  0.8  0.
 -0.6  0.4 -0.6  0.   0.6  0.  -0.6  0.4  0.2 -0.8  0.6 -0.2  0.  -0.8
  0.6  1.  -0.8 -1.  -0.6  0.8  0.6  0.8  0.6  0.8  0.8  0.  -0.8  0.
  0.6 -0.6  0.6 -0.6  0.8 -0.8 -0.8 -0.6  0.6 -0.2  1.   0.  -0.8  0.6
 -1.  -0.6 -0.6  0.8 -0.8  0.   0.6  0.6  0.6  0.4  0.6 -0.8 -0.6  0.8
  0.8 -0.8  0.6 -0.6 -0.8 -0.6 -0.8 -1.   0.6 -0.8  0.4 -0.4 -0.6 -0.6
 -0.2 -0.8  0.6 -0.6  0.4  0.2 -0.8  0.2  0.8  0.6  0.4  0.  -0.8 -0.6
  0.6  0.6 -0.4  0.8  0.6 -0.6  0.6  0.   0.  -0.8 -0.4 -0.6  0.  -0.8
 -0.8  0.6  0.6  0.6  0.6  0.4  0.6 -0.8  0.  -0.4  0.6  0.6  0.6 -0.2
  0.6 -0.4  0.6  0.  -0.6  0.6 -0.2 -0.6  0.8  0.6  0.6  0.   0.2  0.8
  0.  -0.4  0.2]
Predictions: [-7.11699247e-01  2.14147642e-01 -8.04281712e-01  4.99723673e-01
 -8.58732820e-01 -5.74185699e-02  6.15868807e-01 -6.12653673e-01
  7.61762410e-02 -5.73368907e-01  4.09315109e-01 -7.26510584e-01
  1.14096388e-01  5.02257049e-01 -9.07582283e-01 -2.31872797e-01
  1.64586067e-01  2.70312011e-01  6.28883600e-01 -4.67799604e-01
  4.44241107e-01 -3.18042040e-01  7.65425205e-01 -6.25732839e-01
 -7.96584010e-01 -2.69196928e-04 -6.20922387e-01 -1.66083738e-01
 -5.30246913e-01 -7.38242388e-01 -4.64331806e-01 -5.70059776e-01
 -6.47283673e-01 -6.00003123e-01 -1.43607169e-01 -7.06686527e-02
  7.68226504e-01  6.48686469e-01 -3.71115208e-01  7.47759223e-01
  3.82817030e-01 -5.99818051e-01  4.19069529e-01 -6.82695746e-01
 -5.73084116e-01 -3.62308502e-01  5.15758276e-01 -7.85084069e-01
 -5.83135307e-01 -8.75197530e-01  7.12328553e-01 -1.65989846e-01
 -7.41126657e-01  5.86263716e-01  2.70095408e-01 -2.89805740e-01
 -5.62515914e-01 -5.93841136e-01 -7.08650231e-01 -4.81436074e-01
  3.69953066e-02  4.27296400e-01 -5.83228946e-01  5.43426573e-01
 -3.39697778e-01 -4.90095496e-01 -2.22747639e-01 -9.70144749e-01
 -7.97316611e-01 -6.35935247e-01  3.41733038e-01  1.25719696e-01
 -8.05586457e-01 -7.06678271e-01 -6.40503168e-01  7.01405257e-02
  4.33979869e-01 -5.36956072e-01 -5.64694226e-01 -8.57050657e-01
 -4.91400480e-01 -5.01066387e-01  2.03840628e-01 -7.24779129e-01
  5.77746689e-01 -3.58655632e-01 -4.66103852e-01 -4.74932730e-01
 -6.62446797e-01  1.50837943e-01  1.51577994e-01 -4.30661380e-01
  4.05533969e-01  3.23305845e-01  5.05769193e-01  5.07754803e-01
 -4.73599970e-01  8.07739675e-01 -9.82009053e-01  3.47691536e-01
 -2.40181983e-01 -4.04052913e-01  8.15766990e-01 -7.24715948e-01
 -4.40222681e-01  4.65136886e-01 -6.04146838e-01 -3.84875298e-01
 -1.00559592e+00 -9.71171260e-02 -4.93560195e-01 -9.18621063e-01
 -8.37275743e-01 -6.32488489e-01 -6.79233909e-01 -7.05555320e-01
  1.82545736e-01  4.65989709e-01 -2.80535579e-01 -7.34210372e-01
 -3.09561998e-01  6.22186124e-01 -3.43788266e-01  2.88696051e-01
  2.48395428e-01 -4.78980243e-01 -9.06187177e-01 -7.34773457e-01
  3.65208626e-01  6.22790039e-01  1.68109179e-01  4.73965704e-02
  2.66786456e-01 -8.12990129e-01 -1.92186013e-01  7.09604740e-01
  6.92407608e-01 -9.26965833e-01  5.58128715e-01  2.48197809e-01
 -7.73935840e-02  7.41719067e-01 -7.87082255e-01 -3.11753809e-01
 -4.89970982e-01  4.88986731e-01 -3.14875662e-01 -4.41227891e-02
 -7.41374850e-01 -1.66282207e-01  3.19110215e-01 -1.21871054e-01
 -2.59581655e-01 -6.50243700e-01  5.98960698e-01 -1.80613548e-01
 -4.17018771e-01 -3.95744026e-01 -5.35332263e-01  4.43601251e-01
  3.51951301e-01 -9.13336873e-02  4.37422693e-02 -1.24857597e-01
 -5.92197359e-01  2.66539097e-01 -8.70161176e-01 -8.65605235e-01
 -1.57616049e-01  4.13647771e-01 -3.12859297e-01 -1.34442955e-01
 -3.04142118e-01  2.17927709e-01 -7.45956719e-01 -7.53223121e-01
 -6.91165090e-01 -6.88356221e-01 -1.10782409e+00 -5.99767044e-02
 -3.72686327e-01 -7.24546134e-01 -6.16898060e-01  1.19354278e-02
  4.16125417e-01  7.56133199e-01 -5.39980233e-01 -4.16857004e-01
 -3.59232068e-01 -7.00713813e-01  2.03882679e-01 -7.12219551e-02
 -3.04952443e-01 -3.08776438e-01  9.45266485e-02  6.25988126e-01
 -7.03562915e-01 -9.18721259e-01  3.90080750e-01 -9.40001249e-01
  4.93320823e-01  2.94273496e-01 -4.58669305e-01  3.67299616e-02
 -5.02362430e-01 -5.05098104e-01 -4.94743764e-01  4.24613118e-01
  2.75789499e-01 -5.00211298e-01 -3.09062362e-01  4.38036323e-01
 -5.54315746e-03  4.46464598e-01 -6.92418218e-01  4.93935525e-01
 -6.12332821e-01  2.05649003e-01 -2.16698542e-01 -3.64183307e-01
 -6.72751069e-01 -5.33231080e-01 -2.38158479e-02 -7.45037913e-01
  4.39365283e-02 -8.43494713e-01 -4.74176884e-01  3.49466205e-01
 -7.12026834e-01 -7.51486897e-01 -9.07422185e-01 -4.96745706e-01
 -1.40926972e-01  2.24962756e-02  1.36991039e-01 -6.42077565e-01
 -7.16573238e-01 -7.93889046e-01  2.41872653e-01  3.00186217e-01
 -3.59428108e-01 -1.61972761e-01  1.12887993e-01 -5.15830457e-01
  3.74170184e-01  6.27328753e-01  2.89857626e-01  1.32323638e-01
 -2.73985654e-01  4.95857358e-01  1.56403005e-01 -1.02315903e+00
 -7.99970269e-01  1.46878526e-01 -5.88087678e-01 -1.79217011e-01
 -1.28814459e-01 -5.26321650e-01  6.66223526e-01 -7.07435161e-02
 -2.87854612e-01 -2.51245558e-01 -5.49440801e-01 -4.07140672e-01
 -1.37756914e-02  4.82453287e-01  1.40784532e-02 -5.98968387e-01
 -5.56466520e-01 -2.03688696e-01 -5.96176863e-01 -6.43840507e-02
 -6.20780230e-01 -5.05926907e-01  5.43826580e-01  1.41549066e-01
 -1.00839004e-01  9.82205570e-02  4.82095540e-01  1.83201447e-01
 -1.72271594e-01 -4.70457003e-02 -5.54696321e-01  2.12048128e-01
  2.07928196e-01 -5.17926633e-01 -6.04817748e-01 -7.69738674e-01
 -5.29960036e-01  3.38986158e-01  6.48125589e-01 -8.19964707e-01
 -3.35778654e-01  2.71022558e-01 -1.43818870e-01  3.66593242e-01
 -5.89025497e-01 -5.88671565e-01 -6.20503247e-01  4.61254001e-01
 -9.34625804e-01 -6.70991957e-01  3.95782351e-01 -3.02566707e-01
 -9.67417717e-01  3.29462469e-01 -5.58722675e-01  7.23721087e-01
  3.41733634e-01 -2.99959779e-01 -7.69108474e-01 -9.68125582e-01
  1.21272579e-01  4.16333318e-01  4.97223616e-01  5.17224431e-01
 -5.47310531e-01 -5.72941840e-01  5.45711577e-01  4.87254918e-01
  4.97233152e-01 -1.59271628e-01 -3.14154565e-01 -7.32776284e-01
  1.71724007e-01 -5.20807266e-01 -1.34592026e-01 -2.44697914e-01
 -3.97675276e-01 -3.64907533e-02 -4.95169401e-01 -1.14224687e-01
 -5.81893444e-01 -3.44025552e-01  1.27812788e-01  2.91066527e-01
 -5.29191136e-01 -7.20243752e-01 -4.07033503e-01  2.86818385e-01
  4.13123727e-01 -7.45667994e-01 -9.42217827e-01 -7.60647893e-01
  2.60647237e-01 -7.04185009e-01 -8.34139824e-01 -2.88964033e-01
  7.22784638e-01  6.24526083e-01 -4.29532766e-01  7.71555662e-01
 -6.34102821e-01  6.15325928e-01 -3.07966113e-01 -3.60890567e-01
 -5.13806105e-01 -4.07952905e-01 -7.47200549e-01 -1.30503029e-02
  3.93395185e-01  3.34894776e-01  1.57416448e-01 -4.88774925e-02
 -1.02132809e+00 -8.66740048e-01  4.94508862e-01 -7.63348699e-01
 -6.72275051e-02  4.08771634e-01  6.18047118e-01 -5.49902737e-01
 -1.67986453e-01 -2.80696988e-01 -3.53232503e-01  2.69072294e-01
 -2.58233160e-01  1.43573329e-01 -7.39200234e-01 -2.85265148e-02
 -8.20267349e-02 -5.38402557e-01  7.18041658e-02 -7.09205568e-01
  4.48436975e-01 -6.83774114e-01 -6.55170321e-01 -9.21768904e-01
 -2.13213548e-01  2.73758888e-01 -4.60206985e-01 -3.30907345e-01
 -3.36309314e-01 -9.02049765e-02 -2.18038514e-01  4.53774333e-01
  6.07329249e-01 -8.47677439e-02  4.05427068e-03  1.44617677e-01
 -5.22678256e-01 -3.22784007e-01 -6.44282281e-01 -5.23721576e-01
 -4.18237090e-01  5.57653308e-01 -2.77045667e-01 -6.43543303e-01
 -3.36637378e-01 -6.91228092e-01 -6.04851305e-01 -3.06967199e-01
  8.97169858e-02 -5.33300936e-01 -3.13405335e-01 -6.98307514e-01
  6.07807517e-01 -8.99689436e-01 -5.77596486e-01 -8.34941983e-01
 -3.75236511e-01 -5.46101272e-01  5.26778400e-01 -4.15734529e-01
 -4.56398368e-01 -7.77447939e-01  1.84885517e-01 -3.32455158e-01
 -6.14376843e-01 -5.24871469e-01 -2.80714571e-01 -5.34363687e-01
 -3.94713640e-01 -9.13173079e-01 -2.38618404e-01 -5.28525293e-01
 -4.90500450e-01  6.43956721e-01 -2.12635174e-01  5.94015956e-01
  6.28363431e-01 -3.63453209e-01 -5.92938177e-02 -7.34020472e-01
  4.05711830e-01 -4.42085803e-01  4.53797996e-01 -8.13390255e-01
 -8.10274065e-01 -1.19666243e+00  7.84133315e-01 -5.57595730e-01
 -2.07146928e-01 -6.16098762e-01 -6.15797579e-01 -5.55593133e-01
  4.79969859e-01  7.59546995e-01 -7.93940306e-01  4.10226524e-01
  6.58904910e-01 -3.72300565e-01  5.28344214e-01  5.48117936e-01
  5.17283797e-01 -6.52364135e-01 -4.18619990e-01  7.79561341e-01
 -5.04912674e-01  4.27484810e-01 -8.18633318e-01 -4.78322983e-01
  4.98931184e-02  3.83486152e-01 -5.13192594e-01 -7.88841486e-01
 -7.04994574e-02  5.70654869e-01  9.62843001e-02  4.27592754e-01
 -2.20313802e-01 -2.21578166e-01  4.45332944e-01 -5.52089512e-01
 -2.34151348e-01 -4.78380084e-01  5.89288652e-01  4.55300391e-01
 -6.37988925e-01 -6.21154487e-01 -1.12961709e-01  5.55000365e-01
 -6.61607087e-03  5.94620347e-01 -5.12573779e-01  4.64458525e-01
  6.68850124e-01 -5.46715796e-01  2.76465937e-02  4.02168632e-01
  5.89872122e-01  5.88242471e-01 -8.23117852e-01  1.27886012e-01
 -4.64493513e-01  6.36765897e-01 -7.19753027e-01  5.55132270e-01
 -3.56264293e-01  3.78902972e-01 -9.17466581e-02  4.47425127e-01
  3.89240503e-01  3.54439989e-02  3.08723629e-01  3.46401870e-01
  7.53202140e-01  2.99937367e-01  1.87842473e-01  5.50379872e-01
 -3.90700936e-01 -1.27179086e-01  3.93332303e-01 -2.29849502e-01
  1.23132467e-01  1.49091795e-01  3.50141585e-01 -8.37898016e-01
 -1.07235752e-01 -1.54504836e-01 -2.77983457e-01 -8.86955380e-01
  7.51066983e-01  6.60426259e-01  8.48563969e-01 -1.09835005e+00
  1.03106439e-01  6.57624781e-01  9.98039603e-01  8.81662607e-01
  2.66009212e-01  4.67751801e-01  4.70020950e-01 -5.00969410e-01
  6.93026304e-01 -6.08175278e-01  1.33366913e-01 -4.30743396e-01
  3.45402420e-01 -7.28285193e-01  3.82919967e-01 -7.42782414e-01
 -5.90897441e-01 -6.25266254e-01  6.65436685e-01 -5.80325484e-01
 -1.58271208e-01 -7.96267629e-01 -8.54663491e-01  6.42861247e-01
 -7.81121254e-01 -4.98195291e-01 -7.08748102e-01 -4.94614005e-01
 -2.00652197e-01  4.79508281e-01  5.43148279e-01  5.42274475e-01
  4.29377556e-01  1.29950479e-01 -9.00345147e-02 -7.46736288e-01
  9.28286016e-02  2.92637408e-01  3.91459405e-01 -2.71312118e-01
  3.94059539e-01  2.92012453e-01 -4.09823716e-01 -1.99757278e-01
 -4.51079667e-01 -7.93368518e-01 -1.57066584e-01 -4.27381873e-01
  5.61265230e-01  4.89513993e-01 -8.05791557e-01  5.29011965e-01
  8.27761739e-02 -4.26829875e-01 -9.02596861e-03  6.24368012e-01
  5.68620384e-01  1.98546633e-01 -5.44704080e-01 -2.43333772e-01
 -5.67185879e-03  6.85343385e-01  3.02929342e-01  9.85600799e-02
 -4.82918739e-01 -9.45566177e-01  6.09616816e-01  3.52573693e-01
 -5.29404998e-01  3.06719780e-01  3.74224126e-01 -7.01840878e-01
 -5.66943288e-01 -1.19198136e-01 -1.27345338e-01 -7.26734519e-01
 -5.45275807e-01 -9.07957971e-01 -6.83812618e-01  1.00824311e-01
 -7.42038012e-01  5.63055992e-01  7.44865954e-01  7.51921535e-01
  5.64533293e-01  2.38374695e-01  5.81004143e-01 -6.19741559e-01
  5.92276514e-01 -3.19827259e-01  6.60938144e-01  6.80475593e-01
  8.05701911e-02  4.78443623e-01  2.26949498e-01 -6.45895600e-01
 -6.90594196e-01 -3.23596716e-01 -5.47365725e-01  6.29359365e-01
 -2.46743947e-01 -3.85785639e-01 -5.86467125e-02  4.52335894e-01
  5.12357950e-01 -4.74689722e-01  5.14032722e-01  7.25011230e-01
  3.45068395e-01 -2.68117458e-01 -5.87218285e-01]
{"epoch": 14, "train_loss": 0.37598910304002986, "val_mae": 0.4258613884449005, "val_corr": 0.5830862332781237, "val_binary_acc": 0.7542503863987635, "val_binary_f1": 0.6735112936344969, "threshold": 0.0}
Labels: [-1.   0.6 -1.   1.  -1.  -0.8 -0.2 -1.   0.6  0.2 -0.6 -0.2 -1.   1.
 -1.  -1.   0.   0.6 -1.  -1.   1.  -0.8  1.   1.  -1.   1.  -1.   1.
 -1.  -1.  -1.   1.  -1.  -0.4 -0.6  0.2  1.   0.8  0.   0.2  0.8 -0.8
  1.  -1.  -1.  -1.   0.8 -1.   0.8 -1.   1.   0.2  0.   1.  -1.  -0.6
 -0.2 -1.   0.4 -1.   1.   0.8 -1.   0.2 -0.6  0.   0.2 -1.  -1.  -1.
  1.   1.  -1.  -1.  -1.  -1.  -0.2 -0.6 -1.  -1.  -0.2  0.   0.8  0.4
  0.   0.  -0.2  0.  -0.6 -1.  -1.  -0.6 -1.  -0.6  0.6 -0.2 -1.  -0.2
 -1.  -0.4 -0.4  0.2  1.  -1.  -1.   1.   0.  -0.4 -1.   1.   0.6 -1.
 -1.   0.  -0.8 -1.   0.4  0.6  0.4 -1.  -0.4 -0.6 -0.4 -0.4 -1.  -0.4
 -0.4 -1.   1.   1.  -0.8 -0.2  1.  -1.  -0.2  0.6  1.  -1.   1.   0.6
 -0.2 -1.  -1.   0.  -1.  -0.4 -1.  -0.6 -0.4 -0.2  0.6  0.4  0.6 -0.4
  1.  -0.6 -1.   0.2 -1.   0.2  0.   0.  -0.6 -0.4 -0.6  1.  -1.  -1.
 -1.   1.   0.   1.  -0.6  1.  -1.  -1.  -1.  -1.   0.6  0.   0.6 -1.
 -1.   0.6  0.8  1.  -0.6  0.  -0.2 -1.  -1.   0.  -0.2 -0.2  0.4  0.6
  1.  -1.  -0.2 -1.   0.  -0.4 -1.   0.4 -0.6 -0.4 -1.   0.2  0.   0.
  0.   0.8  1.   0.  -0.4  1.  -1.   0.   0.2 -0.4  0.   0.8  0.   0.
  0.  -1.  -1.  -1.  -1.  -1.  -1.  -0.8 -1.  -1.   0.  -1.  -1.  -0.6
  0.   0.  -0.6 -1.   0.  -0.8  0.   0.8  0.6 -0.2  0.   1.   0.  -1.
 -1.  -0.6 -1.  -0.6 -0.4 -0.6  1.   0.   0.2  0.8 -0.2 -1.  -1.  -1.
 -1.   0.6 -1.  -1.  -0.2  1.  -0.2 -0.2  1.   0.2 -0.4  0.   0.4  1.
  0.   0.   0.2  0.4  0.   0.  -0.6 -1.  -0.2  0.4  0.  -1.  -0.4  0.
  0.   0.2  0.2 -0.2 -0.8 -1.  -1.  -0.2  0.4  0.2 -0.2  0.6  0.   0.2
  0.8  0.8  0.  -1.  -0.2 -0.8  0.   0.6 -0.8 -0.6  0.2  0.4  0.  -0.4
 -0.6 -0.2  0.6  0.   0.  -0.8 -0.2  0.  -0.2  0.   0.  -0.4  0.  -0.8
 -0.8 -0.8  0.6 -1.   0.6 -1.  -0.8 -1.   1.  -0.6 -1.  -1.   1.   1.
  0.2  0.8  1.   0.6 -0.2  0.2 -0.8 -1.  -1.  -0.2  0.2  1.  -0.8 -0.4
 -1.  -0.8 -0.6 -1.   0.  -0.8  0.6 -1.   1.   0.8 -0.2  0.  -0.6 -1.
 -1.   0.   1.   0.2  1.  -1.   0.8  0.4 -1.   1.  -0.8 -0.2 -0.8 -0.4
 -1.   0.   0.   0.  -0.4  0.  -0.4  0.   0.  -0.8  0.  -0.2 -0.6  0.8
  0.   0.6 -0.2 -1.  -0.2 -1.   0.6 -0.6  0.   0.   0.6  1.  -0.8 -1.
  1.   0.2  1.  -1.  -0.6 -0.8 -1.   1.   0.  -1.   1.  -0.2  0.  -1.
 -1.  -0.8  0.2  0.4 -0.4  0.   1.  -0.2 -0.2 -0.2  0.2 -0.8  0.8 -1.
 -1.  -1.   0.4 -0.8 -1.  -1.   0.4  0.2  0.8  0.8 -0.6  0.8  0.8 -0.8
  0.6  0.6 -0.8 -0.2 -0.4  0.8 -0.2  0.  -0.8 -0.4  0.8  0.6 -0.6 -0.8
 -0.6  0.8  0.6  0.6 -0.2  0.   0.4 -0.6 -0.6 -0.6  0.6  0.8  0.  -1.
 -0.6  0.   0.4  0.6  0.   0.   0.8 -0.6  0.2  0.6  0.8  0.8 -0.8 -0.4
  0.   0.6 -1.   0.8 -0.6  0.6  0.8  0.8  0.2 -0.8  0.6  0.4  0.8  0.
 -0.6  0.4 -0.6  0.   0.6  0.  -0.6  0.4  0.2 -0.8  0.6 -0.2  0.  -0.8
  0.6  1.  -0.8 -1.  -0.6  0.8  0.6  0.8  0.6  0.8  0.8  0.  -0.8  0.
  0.6 -0.6  0.6 -0.6  0.8 -0.8 -0.8 -0.6  0.6 -0.2  1.   0.  -0.8  0.6
 -1.  -0.6 -0.6  0.8 -0.8  0.   0.6  0.6  0.6  0.4  0.6 -0.8 -0.6  0.8
  0.8 -0.8  0.6 -0.6 -0.8 -0.6 -0.8 -1.   0.6 -0.8  0.4 -0.4 -0.6 -0.6
 -0.2 -0.8  0.6 -0.6  0.4  0.2 -0.8  0.2  0.8  0.6  0.4  0.  -0.8 -0.6
  0.6  0.6 -0.4  0.8  0.6 -0.6  0.6  0.   0.  -0.8 -0.4 -0.6  0.  -0.8
 -0.8  0.6  0.6  0.6  0.6  0.4  0.6 -0.8  0.  -0.4  0.6  0.6  0.6 -0.2
  0.6 -0.4  0.6  0.  -0.6  0.6 -0.2 -0.6  0.8  0.6  0.6  0.   0.2  0.8
  0.  -0.4  0.2]
Predictions: [-4.04135853e-01  5.95649481e-01 -5.55008173e-01  8.55462670e-01
 -9.21568155e-01 -2.31166229e-01  7.71880865e-01 -1.90445632e-01
 -4.04812545e-01 -2.88138479e-01  6.77888870e-01  1.75146237e-02
  6.49156809e-01  6.77281141e-01 -5.33192992e-01 -4.66952138e-02
  5.24666309e-01  4.73851174e-01  7.38192916e-01 -5.19986972e-02
  6.51393294e-01 -7.48153776e-02  8.38642001e-01 -2.59146959e-01
 -6.34036541e-01  6.16410375e-01 -4.85705584e-01  4.98140126e-01
 -5.18876791e-01 -4.73574311e-01 -5.98848343e-01  7.09266782e-01
 -3.64975244e-01 -1.14236064e-02  4.28786725e-01  6.96920276e-01
  8.75920296e-01  6.99143767e-01 -3.11508805e-01  6.99718595e-01
  6.74049973e-01  7.41360188e-02  5.46399117e-01  2.73519158e-02
 -4.16289330e-01 -4.99325469e-02  7.90670395e-01 -2.60365784e-01
 -1.64220542e-01 -7.55663514e-01  7.76608109e-01  4.83507246e-01
 -1.72653526e-01  8.49981189e-01  5.74471712e-01  3.50801259e-01
  6.02027774e-02 -6.10844612e-01 -3.46211851e-01 -6.23469353e-01
  5.93950272e-01  5.93649268e-01  7.09058166e-01  6.68248534e-01
  3.00930947e-01  2.24512964e-01  2.63945997e-01 -6.86723232e-01
 -5.45161545e-01 -1.68193370e-01  6.85199618e-01  6.24443889e-01
 -4.89861429e-01 -2.02738404e-01 -2.59675533e-01  5.55491567e-01
  5.87259173e-01 -2.55449593e-01 -3.34383249e-01 -7.75752783e-01
 -5.67603469e-01 -1.91228062e-01  3.27803582e-01 -5.21808743e-01
  6.51252151e-01  2.37773955e-01 -1.38176829e-01  5.09418488e-01
 -6.76907420e-01  4.32071358e-01  3.10003459e-01 -1.41040698e-01
  7.87813067e-01  6.96719289e-01  5.84937572e-01  3.86684805e-01
 -7.26103663e-01  9.32154179e-01 -8.49488497e-01  6.36612177e-01
 -2.05903441e-01 -2.02371925e-02  8.57893586e-01 -6.81156158e-01
 -2.48273283e-01  6.34709001e-01 -3.71297538e-01 -1.62780210e-01
 -8.97125602e-01  7.02774525e-01 -5.97142614e-02 -3.69447321e-01
 -7.10779190e-01  2.84817189e-01 -6.31143212e-01 -2.28263170e-01
  3.90084535e-01  6.23394251e-01  3.39943916e-03 -4.97270107e-01
 -4.33772892e-01  3.88224870e-01 -3.20231885e-01  5.88778734e-01
  3.81956488e-01 -3.66167486e-01 -5.97248077e-01 -5.00538707e-01
  6.69833422e-01  8.48321319e-01  5.96688747e-01 -3.32051426e-01
  3.95133674e-01 -5.00545323e-01 -2.83852518e-01  8.83011460e-01
  7.98994899e-01 -8.32051516e-01  7.83286214e-01  3.12346578e-01
 -2.62110770e-01  8.05470824e-01 -6.86897039e-01 -1.55964047e-01
 -1.69289649e-01  7.83749223e-01  3.71010214e-01 -7.35762477e-01
 -4.66480762e-01 -1.29628390e-01  4.97248918e-01 -2.36433610e-01
  9.68383104e-02 -2.42734790e-01  7.94333339e-01  3.82279336e-01
 -3.23137611e-01 -2.92136997e-01  9.88599658e-02  5.98447800e-01
  8.18700790e-01  1.56161040e-01  4.76727515e-01 -1.10274158e-01
 -3.35099876e-01  7.34883547e-01 -6.48942828e-01 -5.87024093e-01
 -1.43160224e-01  6.97782874e-01  8.16202462e-02  3.72230679e-01
 -1.15526840e-01  2.68226683e-01 -5.31459868e-01 -6.64324045e-01
 -4.84665871e-01 -6.56604409e-01 -8.57225418e-01  7.19270110e-01
  2.35517830e-01 -3.01803768e-01 -2.74129987e-01  4.29462790e-01
  6.39580011e-01  8.47321510e-01 -2.87452012e-01 -1.26265705e-01
 -3.38285863e-01 -6.42658353e-01  3.88892263e-01  4.04555425e-02
 -1.63513303e-01 -2.42387891e-01  1.66375339e-01  7.63811469e-01
 -1.61070555e-01 -7.15244174e-01  5.30068398e-01 -7.49995232e-01
  7.22056746e-01  5.77746034e-01 -3.66790235e-01  5.14498234e-01
 -2.85755098e-01 -3.47824037e-01 -3.46043915e-01  5.28744221e-01
  5.85848331e-01  5.76745510e-01  4.86000210e-01  6.61175132e-01
 -2.57695496e-01  6.41665936e-01 -2.41636768e-01  6.27369881e-01
 -4.43146557e-01  5.61355352e-01  2.47188091e-01 -3.65286693e-02
 -4.12070602e-01 -1.34543926e-01  3.52083296e-01 -7.26407290e-01
  3.72651368e-01 -4.10852879e-01  1.74682170e-01  7.96486139e-01
 -8.37801814e-01 -2.36597896e-01 -7.76973128e-01 -1.20957032e-01
  1.19791359e-01  1.61054283e-02  2.56269276e-01 -5.16024292e-01
 -4.52126056e-01  2.70148158e-01  4.11889106e-01  4.82604891e-01
  1.44006461e-02  9.53158140e-02  1.14131674e-01 -3.53413045e-01
  4.40893859e-01  8.02861333e-01  5.31883478e-01  2.50904262e-01
 -4.46202494e-02  7.25195527e-01  4.50627834e-01 -8.73143077e-01
 -7.08376408e-01  4.68340069e-01 -5.34880280e-01  5.34810126e-03
 -4.35281880e-02 -1.99421138e-01  8.41720462e-01  3.55572224e-01
 -6.49935231e-02  1.65567160e-01 -6.21457577e-01 -4.77845728e-01
  4.47189540e-01  6.03976488e-01  4.10727113e-01  2.50578523e-02
 -3.45494568e-01 -1.43523201e-01 -1.46732882e-01  5.65498471e-01
 -1.99815050e-01 -4.63299423e-01  6.27463222e-01  2.13322639e-01
 -5.19423336e-02  1.70504048e-01  6.34595990e-01  2.30797112e-01
  5.83283827e-02  1.64967969e-01 -5.35943270e-01  2.79933542e-01
  5.30615449e-01 -3.80266979e-02 -4.57955897e-01 -7.71055818e-01
 -3.41453031e-02  4.91249651e-01  7.01985955e-01 -4.17213768e-01
  1.60941288e-01  5.40180802e-01  3.92079651e-01  3.59231681e-01
 -3.77890110e-01 -2.60672808e-01 -1.79984167e-01  7.07567334e-01
 -7.27656841e-01 -1.23111308e-01  7.29024172e-01  6.62463009e-02
 -4.82360244e-01  6.73428297e-01  1.74870059e-01  8.51387858e-01
  6.72662616e-01  1.43941030e-01  5.02561688e-01 -6.83162570e-01
  3.71285766e-01  5.76390624e-01  7.06405163e-01  8.06677103e-01
 -1.16176143e-01 -1.46273106e-01  8.03955555e-01  7.30978012e-01
  6.77078009e-01  3.40146393e-01 -3.12126637e-01 -3.04399967e-01
  4.66719657e-01 -2.48083547e-02 -1.27576292e-01  1.79122329e-01
 -1.15157314e-01  1.66455060e-02  1.58853218e-01  1.69724017e-01
 -6.51229993e-02  2.78229505e-01  7.29867935e-01  7.72161722e-01
 -2.26066947e-01  6.91628754e-02  8.53464901e-02  5.60168147e-01
  6.41948342e-01 -5.86364388e-01 -6.75848365e-01 -4.46478091e-02
  6.21988535e-01  3.54742259e-01 -6.10433578e-01 -5.17455816e-01
  8.25324178e-01  7.32253075e-01  1.03227958e-01  8.23217034e-01
 -5.09619713e-05  7.24829674e-01  3.97636980e-01  3.92997503e-01
  4.44149584e-01 -2.50302643e-01 -5.52565098e-01  2.31587082e-01
  5.52759528e-01  6.80559635e-01  4.56014365e-01  3.56867760e-01
 -6.58956289e-01 -1.91419438e-01  7.22616673e-01 -6.49323106e-01
  2.05591708e-01  8.04184079e-01  6.98014736e-01 -1.61122307e-01
  1.01311639e-01 -1.80724695e-01  1.29953995e-01  6.07235074e-01
 -2.07312822e-01  4.92746621e-01 -4.84959006e-01  3.49756539e-01
  1.63232133e-01 -2.23368064e-01  5.60139656e-01 -2.23963648e-01
  6.86308146e-01 -5.11417389e-01 -6.38564974e-02 -6.91608071e-01
 -2.40542963e-02  6.07787371e-01 -3.65802020e-01 -1.31701708e-01
 -1.87693298e-01 -3.94846350e-02  1.37401506e-01  6.07738614e-01
  2.07831055e-01  2.73930430e-01  7.57040828e-02  2.88479179e-01
 -4.75714833e-01 -4.11152095e-01 -4.94582742e-01 -1.52146131e-01
  2.66662329e-01  6.43696904e-01  1.11213699e-01 -3.63191187e-01
  4.68913287e-01 -3.01471174e-01 -2.48915583e-01 -4.14780945e-01
  4.06881779e-01  6.52298480e-02  4.79300767e-01 -4.42918688e-02
  8.66523027e-01 -8.31429482e-01 -4.32017744e-01 -5.91519594e-01
  5.78887343e-01 -1.34878457e-01  5.44348717e-01 -3.49186122e-01
  2.04071373e-01 -2.52909839e-01  3.35521847e-01  2.85276979e-01
 -2.60097422e-02 -5.24630785e-01 -7.66775683e-02 -3.17440212e-01
  2.45199203e-02 -6.76553965e-01  2.07344204e-01 -4.39938158e-01
 -2.31174722e-01  5.06789446e-01 -1.50420591e-01  6.53565049e-01
  8.29513431e-01  1.68791413e-02 -3.60837221e-01 -6.39884949e-01
  6.93822503e-01  2.58071810e-01  6.79948092e-01 -6.86534762e-01
 -4.68060911e-01 -1.12401474e+00  8.66373897e-01 -3.96423221e-01
  1.30211547e-01 -1.14706174e-01  3.08836848e-01  2.31399029e-01
  6.27338529e-01  9.05555606e-01 -7.06672430e-01  7.89758921e-01
  7.23069429e-01  4.45038706e-01  7.15027213e-01  6.70580149e-01
  7.08457828e-01 -5.94443440e-01 -4.26192939e-01  7.93171287e-01
  4.11184371e-01  6.46295905e-01 -2.02073500e-01  5.17977774e-02
  7.94781566e-01  6.38107777e-01 -1.96314603e-01 -5.56259751e-01
  2.90890217e-01  7.55121708e-01  5.61072901e-02  4.89647537e-01
 -2.44081602e-01  1.13646612e-01  6.00392580e-01 -3.46363425e-01
  2.08210647e-01  6.71580285e-02  6.09566689e-01  6.00427985e-01
 -1.46225207e-02 -2.87556469e-01 -2.18651548e-01  6.62192583e-01
  4.84975070e-01  8.06242824e-01  1.18619949e-03  7.37832189e-01
  7.81755090e-01  5.25686502e-01  5.60456276e-01  5.77623963e-01
  7.76366115e-01  8.11978459e-01 -6.52810931e-01  4.21673059e-01
  1.97644353e-01  7.46516466e-01 -2.88379073e-01  7.34623075e-01
  3.83517236e-01  4.95198399e-01  5.99637032e-01  5.98667145e-01
  4.43680316e-01 -3.34460251e-02  4.77003247e-01  4.02041107e-01
  7.72047400e-01  3.49338591e-01  3.45288366e-01  6.43531561e-01
  2.79353648e-01  2.22823203e-01  2.34568983e-01  2.04002917e-01
  6.66469812e-01  2.72537589e-01  6.57862663e-01 -6.91461205e-01
  7.99805760e-01  4.74447101e-01  4.93888944e-01 -6.31206274e-01
  6.60378695e-01  6.69799328e-01  8.67306828e-01 -9.35680747e-01
  5.08730054e-01  7.59140491e-01  1.07494771e+00  9.04324412e-01
  7.91751862e-01  6.63239002e-01  7.14280486e-01  2.74224401e-01
  7.23646760e-01 -4.42618698e-01  4.62220460e-01 -2.46105716e-03
  3.55883926e-01 -4.08581585e-01  5.54197788e-01 -5.30328035e-01
 -1.05485752e-01 -2.26713032e-01  7.06453562e-01  8.06791931e-02
  7.09233522e-01 -6.14294410e-01 -6.55677199e-01  6.54759049e-01
 -4.13505107e-01 -1.45846844e-01 -6.26067281e-01  6.98715568e-01
  3.40559572e-01  6.20919466e-01  6.53089285e-01  7.71418095e-01
  6.28560305e-01  7.61002898e-01  2.68780380e-01 -4.83898520e-01
  4.55064505e-01  6.68214083e-01  7.51558781e-01  7.18678534e-02
  1.94231957e-01  5.00755787e-01 -1.75001889e-01  4.94238704e-01
  2.41762877e-01 -4.60089296e-01  3.03264931e-02 -4.77518737e-01
  6.75203681e-01  6.24749303e-01 -1.94314420e-01  6.82809353e-01
  6.51530743e-01 -2.09418923e-01  3.45314860e-01  4.79849249e-01
  7.17662454e-01  7.68133640e-01 -3.79242063e-01 -3.73804897e-01
  5.48781872e-01  7.67269850e-01  5.13330579e-01  3.55826437e-01
  3.91730443e-02 -7.15579614e-02  8.27767611e-01  5.82726121e-01
  2.49907285e-01  6.93062395e-02  5.60739040e-01 -4.92575347e-01
 -1.10341057e-01  2.48493433e-01 -9.30054188e-02 -6.63854122e-01
 -2.17350572e-01 -7.89084673e-01 -5.58430552e-01  4.97830540e-01
 -6.54265881e-02  5.75635314e-01  8.40457082e-01  7.55326748e-01
  6.84776306e-01  4.50433284e-01  6.89288735e-01 -4.36252952e-01
  7.13991761e-01  3.42030227e-01  7.19599485e-01  7.86414623e-01
  7.19968438e-01  7.84593225e-01  5.84062576e-01  4.67870682e-01
 -1.02510944e-01  3.59002322e-01  3.85071248e-01  7.43410349e-01
  2.44895160e-01 -9.98371840e-03  4.04461265e-01  7.14818120e-01
  6.41743898e-01 -4.99243468e-01  6.09483123e-01  8.05289388e-01
  2.46210277e-01  4.33810890e-01 -4.54588622e-01]
{"epoch": 15, "train_loss": 0.37293760305227236, "val_mae": 0.4785831570625305, "val_corr": 0.5856167241935356, "val_binary_acc": 0.6646058732612056, "val_binary_f1": 0.6471544715447154, "threshold": 0.0}
Labels: [-1.   0.6 -1.   1.  -1.  -0.8 -0.2 -1.   0.6  0.2 -0.6 -0.2 -1.   1.
 -1.  -1.   0.   0.6 -1.  -1.   1.  -0.8  1.   1.  -1.   1.  -1.   1.
 -1.  -1.  -1.   1.  -1.  -0.4 -0.6  0.2  1.   0.8  0.   0.2  0.8 -0.8
  1.  -1.  -1.  -1.   0.8 -1.   0.8 -1.   1.   0.2  0.   1.  -1.  -0.6
 -0.2 -1.   0.4 -1.   1.   0.8 -1.   0.2 -0.6  0.   0.2 -1.  -1.  -1.
  1.   1.  -1.  -1.  -1.  -1.  -0.2 -0.6 -1.  -1.  -0.2  0.   0.8  0.4
  0.   0.  -0.2  0.  -0.6 -1.  -1.  -0.6 -1.  -0.6  0.6 -0.2 -1.  -0.2
 -1.  -0.4 -0.4  0.2  1.  -1.  -1.   1.   0.  -0.4 -1.   1.   0.6 -1.
 -1.   0.  -0.8 -1.   0.4  0.6  0.4 -1.  -0.4 -0.6 -0.4 -0.4 -1.  -0.4
 -0.4 -1.   1.   1.  -0.8 -0.2  1.  -1.  -0.2  0.6  1.  -1.   1.   0.6
 -0.2 -1.  -1.   0.  -1.  -0.4 -1.  -0.6 -0.4 -0.2  0.6  0.4  0.6 -0.4
  1.  -0.6 -1.   0.2 -1.   0.2  0.   0.  -0.6 -0.4 -0.6  1.  -1.  -1.
 -1.   1.   0.   1.  -0.6  1.  -1.  -1.  -1.  -1.   0.6  0.   0.6 -1.
 -1.   0.6  0.8  1.  -0.6  0.  -0.2 -1.  -1.   0.  -0.2 -0.2  0.4  0.6
  1.  -1.  -0.2 -1.   0.  -0.4 -1.   0.4 -0.6 -0.4 -1.   0.2  0.   0.
  0.   0.8  1.   0.  -0.4  1.  -1.   0.   0.2 -0.4  0.   0.8  0.   0.
  0.  -1.  -1.  -1.  -1.  -1.  -1.  -0.8 -1.  -1.   0.  -1.  -1.  -0.6
  0.   0.  -0.6 -1.   0.  -0.8  0.   0.8  0.6 -0.2  0.   1.   0.  -1.
 -1.  -0.6 -1.  -0.6 -0.4 -0.6  1.   0.   0.2  0.8 -0.2 -1.  -1.  -1.
 -1.   0.6 -1.  -1.  -0.2  1.  -0.2 -0.2  1.   0.2 -0.4  0.   0.4  1.
  0.   0.   0.2  0.4  0.   0.  -0.6 -1.  -0.2  0.4  0.  -1.  -0.4  0.
  0.   0.2  0.2 -0.2 -0.8 -1.  -1.  -0.2  0.4  0.2 -0.2  0.6  0.   0.2
  0.8  0.8  0.  -1.  -0.2 -0.8  0.   0.6 -0.8 -0.6  0.2  0.4  0.  -0.4
 -0.6 -0.2  0.6  0.   0.  -0.8 -0.2  0.  -0.2  0.   0.  -0.4  0.  -0.8
 -0.8 -0.8  0.6 -1.   0.6 -1.  -0.8 -1.   1.  -0.6 -1.  -1.   1.   1.
  0.2  0.8  1.   0.6 -0.2  0.2 -0.8 -1.  -1.  -0.2  0.2  1.  -0.8 -0.4
 -1.  -0.8 -0.6 -1.   0.  -0.8  0.6 -1.   1.   0.8 -0.2  0.  -0.6 -1.
 -1.   0.   1.   0.2  1.  -1.   0.8  0.4 -1.   1.  -0.8 -0.2 -0.8 -0.4
 -1.   0.   0.   0.  -0.4  0.  -0.4  0.   0.  -0.8  0.  -0.2 -0.6  0.8
  0.   0.6 -0.2 -1.  -0.2 -1.   0.6 -0.6  0.   0.   0.6  1.  -0.8 -1.
  1.   0.2  1.  -1.  -0.6 -0.8 -1.   1.   0.  -1.   1.  -0.2  0.  -1.
 -1.  -0.8  0.2  0.4 -0.4  0.   1.  -0.2 -0.2 -0.2  0.2 -0.8  0.8 -1.
 -1.  -1.   0.4 -0.8 -1.  -1.   0.4  0.2  0.8  0.8 -0.6  0.8  0.8 -0.8
  0.6  0.6 -0.8 -0.2 -0.4  0.8 -0.2  0.  -0.8 -0.4  0.8  0.6 -0.6 -0.8
 -0.6  0.8  0.6  0.6 -0.2  0.   0.4 -0.6 -0.6 -0.6  0.6  0.8  0.  -1.
 -0.6  0.   0.4  0.6  0.   0.   0.8 -0.6  0.2  0.6  0.8  0.8 -0.8 -0.4
  0.   0.6 -1.   0.8 -0.6  0.6  0.8  0.8  0.2 -0.8  0.6  0.4  0.8  0.
 -0.6  0.4 -0.6  0.   0.6  0.  -0.6  0.4  0.2 -0.8  0.6 -0.2  0.  -0.8
  0.6  1.  -0.8 -1.  -0.6  0.8  0.6  0.8  0.6  0.8  0.8  0.  -0.8  0.
  0.6 -0.6  0.6 -0.6  0.8 -0.8 -0.8 -0.6  0.6 -0.2  1.   0.  -0.8  0.6
 -1.  -0.6 -0.6  0.8 -0.8  0.   0.6  0.6  0.6  0.4  0.6 -0.8 -0.6  0.8
  0.8 -0.8  0.6 -0.6 -0.8 -0.6 -0.8 -1.   0.6 -0.8  0.4 -0.4 -0.6 -0.6
 -0.2 -0.8  0.6 -0.6  0.4  0.2 -0.8  0.2  0.8  0.6  0.4  0.  -0.8 -0.6
  0.6  0.6 -0.4  0.8  0.6 -0.6  0.6  0.   0.  -0.8 -0.4 -0.6  0.  -0.8
 -0.8  0.6  0.6  0.6  0.6  0.4  0.6 -0.8  0.  -0.4  0.6  0.6  0.6 -0.2
  0.6 -0.4  0.6  0.  -0.6  0.6 -0.2 -0.6  0.8  0.6  0.6  0.   0.2  0.8
  0.  -0.4  0.2]
Predictions: [-5.33218980e-01  2.69178599e-01 -8.17766666e-01  6.09520793e-01
 -8.44297886e-01 -3.68041098e-01  5.71283460e-01 -2.78437257e-01
 -4.42205459e-01 -3.52781594e-01  5.36810875e-01 -5.74407458e-01
  5.75236797e-01  5.79026580e-01 -5.96833348e-01 -1.87979713e-01
 -2.90095448e-01  4.29085433e-01  2.29586750e-01 -1.62597999e-01
  4.85103279e-01 -1.82806015e-01  7.44249344e-01 -1.06514581e-02
 -7.29124784e-01  1.88975722e-01 -6.27770185e-01  3.77622128e-01
 -5.56067288e-01 -6.62795663e-01  2.23339170e-01  5.73448300e-01
 -5.38846254e-01 -3.22734118e-01 -1.06488794e-01  3.44707578e-01
  8.23006868e-01  4.66508538e-01 -3.41599345e-01  5.57629108e-01
  4.59756047e-01 -1.60331488e-01  4.10347253e-01 -2.76547998e-01
 -3.53679568e-01 -4.40012217e-01  5.56287646e-01 -5.02438426e-01
 -2.35225976e-01 -7.55951643e-01  5.63993573e-01 -9.82330143e-02
 -6.94468379e-01  6.22758627e-01  3.91014159e-01 -1.72609612e-01
 -2.39556596e-01 -7.30532765e-01 -6.55314565e-01 -1.63727850e-01
 -3.99883091e-01  3.37588251e-01 -3.59985441e-01  6.27279639e-01
 -3.12262297e-01 -3.19016099e-01 -1.29569948e-01 -8.55371833e-01
 -6.75785065e-01 -7.57472515e-01  7.09592819e-01  2.15614110e-01
 -7.51428485e-01 -6.00683689e-01 -5.26210785e-01 -4.71991211e-01
  4.04378206e-01 -3.34991723e-01 -5.63499093e-01 -7.35794663e-01
 -5.42102754e-01 -3.97658139e-01  2.54160792e-01 -7.53771067e-01
  4.45562690e-01 -1.29279882e-01 -8.14845413e-02  1.38662934e-01
 -4.04116988e-01 -2.24247456e-01  1.92328155e-01 -5.49755767e-02
  3.38707268e-01  2.75717139e-01  5.67141056e-01  1.51151672e-01
 -6.83915615e-01  8.21234465e-01 -7.49918342e-01  3.98034036e-01
 -1.65193424e-01 -5.15988469e-01  7.37273216e-01 -7.45579123e-01
 -3.68515819e-01  1.96030140e-01 -3.33025455e-01 -4.42559958e-01
 -1.02503300e+00  5.77796102e-01 -1.66514039e-01 -6.08617902e-01
 -7.82393336e-01 -5.12646794e-01 -8.32095742e-01 -7.78880835e-01
  1.42242000e-01  4.35418576e-01 -2.97537073e-03 -6.68275356e-01
 -9.72937867e-02  4.57155183e-02 -1.49465591e-01  2.19879776e-01
 -3.78191322e-02 -4.44298267e-01 -8.95716190e-01 -7.97133565e-01
  6.73879623e-01  8.29067111e-01  4.53193188e-02 -5.20180643e-01
  2.62460560e-01 -9.97430384e-02 -2.18393862e-01  7.88980007e-01
  6.27639174e-01 -9.94603634e-01  5.99100232e-01  1.06516033e-02
 -1.26266718e-01  8.31726909e-01 -5.11208534e-01 -3.34937602e-01
 -2.88987219e-01  7.47963428e-01  8.55284780e-02  7.13433385e-01
 -6.12914205e-01 -9.51130912e-02  2.32627749e-01 -3.12969714e-01
 -2.74175167e-01 -5.96737385e-01 -4.01100367e-01  1.02239013e-01
 -5.11904061e-01 -2.30011821e-01  2.54929751e-01  5.72751403e-01
  6.04163527e-01  1.18131578e-01  2.94533163e-01  1.16496742e-01
 -5.11857510e-01  6.22815728e-01 -8.55174899e-01 -7.50935674e-01
 -5.25707975e-02  5.37482142e-01 -3.13762367e-01  1.21651530e-01
 -8.68285894e-02  2.70241290e-01 -4.59883988e-01 -6.54587984e-01
 -4.26528692e-01 -6.91258192e-01 -9.14783835e-01  6.40486360e-01
 -7.68404484e-01 -6.65484667e-01 -3.42704684e-01  4.26118165e-01
  3.51282597e-01  7.49540448e-01 -2.85697430e-01 -3.63940924e-01
 -4.59583670e-01 -5.53863764e-01 -1.15219310e-01  7.26730675e-02
 -2.61544824e-01 -1.56950593e-01  8.76756161e-02  7.70453334e-01
 -4.93679345e-01 -9.06214952e-01  3.19132388e-01 -8.77802849e-01
  4.49519366e-01  4.81637985e-01 -7.03809977e-01  6.73981607e-02
 -4.95385379e-01 -4.82321769e-01 -3.35140467e-01  1.20576531e-01
  6.07905149e-01  1.72523931e-01 -8.55686665e-02  4.82996672e-01
 -4.55497116e-01  6.36195183e-01 -7.43347049e-01  2.87699312e-01
 -5.31239331e-01  2.20660955e-01 -1.11020312e-01 -3.67981106e-01
 -4.81093019e-01 -1.56350121e-01  2.67103940e-01 -5.61173081e-01
 -2.93979421e-03 -6.04518294e-01 -6.42767906e-01  6.50226831e-01
 -5.43141186e-01 -5.21233022e-01 -8.92416954e-01 -4.83152777e-01
 -1.42896727e-01 -2.35225275e-01  2.15360940e-01 -6.62983894e-01
 -8.02068830e-01 -4.45236951e-01  4.13015485e-01  1.98022395e-01
 -2.12146699e-01 -3.25328559e-01 -7.83924982e-02 -4.82789427e-01
  1.48161724e-01  5.86031079e-01 -3.42579782e-02  9.93309915e-02
 -2.03807190e-01  5.79788685e-01 -2.32592627e-01 -9.54506874e-01
 -7.26276159e-01  1.99003577e-01 -4.15728867e-01 -2.87207127e-01
 -1.04371406e-01  3.00308540e-02  7.98512340e-01 -7.94627815e-02
 -7.83145130e-02  1.41436487e-01 -3.08861494e-01 -2.00684011e-01
 -3.30567732e-02  3.23178858e-01  6.79711998e-03 -6.30842447e-01
 -4.08562213e-01  3.30600142e-03 -8.94117475e-01  1.67682990e-02
 -5.57195604e-01 -3.47682446e-01  4.63192910e-01  1.45463467e-01
 -8.17219391e-02  8.46132636e-04  6.09618306e-01  8.12384337e-02
 -1.41895309e-01  8.04764032e-03 -5.63945651e-01  6.78291321e-02
  2.50617474e-01 -4.50179875e-01 -2.18846202e-01 -5.46906829e-01
  2.84969807e-01  1.00636035e-01  6.55583501e-01 -5.58747053e-01
 -2.66134471e-01  3.40895504e-01  4.81288880e-02  1.87379003e-01
 -4.61563200e-01  5.10341525e-01 -3.64541471e-01  8.88376534e-02
 -8.20649624e-01 -4.88621861e-01  4.33041275e-01 -6.43302560e-01
 -7.30636477e-01 -1.42033041e-01 -4.04217929e-01  6.45303249e-01
 -2.85035938e-01 -8.15234259e-02 -9.18096676e-03 -9.06278610e-01
  1.81767508e-01 -4.70659584e-01  6.15342498e-01  5.65864086e-01
 -3.10952127e-01 -3.42258215e-01  5.00852704e-01  5.78258634e-01
  5.92005134e-01 -1.56318426e-01 -3.42431694e-01 -3.27271849e-01
  2.34402835e-01 -6.13430858e-01 -1.43854752e-01 -1.84338778e-01
 -4.10941094e-01  5.14565781e-02 -1.55655682e-01 -4.96395528e-02
 -2.99893290e-01 -6.05785772e-02  4.83798951e-01  2.47550875e-01
 -4.71507758e-01 -3.63064051e-01 -5.05793095e-01 -9.16205570e-02
  5.50427079e-01 -5.49439311e-01 -8.98041129e-01 -8.19458723e-01
  1.56043276e-01 -1.15172192e-01 -6.91725492e-01 -6.75956964e-01
  8.19534302e-01  4.05651778e-01 -3.52770120e-01  7.14804053e-01
 -3.73410642e-01  3.21339041e-01  1.55276224e-01 -2.56098360e-01
 -1.22845843e-01 -3.49991173e-02 -5.66558242e-01 -6.55986369e-02
  4.04430360e-01  5.60943484e-01  3.08334887e-01  1.07904941e-01
 -9.14917350e-01 -5.59281766e-01 -3.02390546e-01 -4.80761349e-01
  6.48265481e-02  6.92466974e-01  6.06240273e-01 -4.56691891e-01
 -1.73910081e-01 -1.42537624e-01 -2.81825483e-01  4.37242806e-01
 -1.85510918e-01  5.05186081e-01 -6.57677293e-01 -1.34597123e-02
 -1.07651360e-01 -3.19413304e-01  4.71122563e-02 -5.66670418e-01
  4.99353856e-01 -5.37676334e-01 -6.77784562e-01 -9.01937962e-01
 -1.40672892e-01  2.46500045e-01 -2.68964469e-01 -2.54896194e-01
 -4.22847271e-01 -2.12003477e-02 -8.92413110e-02  5.10179162e-01
 -1.73208579e-01  2.24185586e-01 -1.44807458e-01  8.77408683e-02
 -5.04446745e-01 -2.98353672e-01 -4.69381660e-01 -2.88883567e-01
  7.81769156e-02  6.12508893e-01 -1.01585053e-02 -6.67797565e-01
  1.28581226e-01 -7.57731557e-01 -5.13804793e-01 -4.91084903e-01
  1.31180525e-01 -3.80934238e-01  1.60560831e-01 -4.30330426e-01
  6.77491069e-01 -6.27307653e-01 -2.50108302e-01 -8.89187574e-01
  1.95431143e-01 -3.01445365e-01  4.17865455e-01 -1.70259029e-01
 -5.26776791e-01 -7.30330229e-01  7.39120841e-02  1.76310584e-01
 -2.43522808e-01 -7.07876801e-01 -5.93010038e-02 -3.46375823e-01
 -4.15473193e-01 -9.76820946e-01 -5.28322816e-01 -4.32545155e-01
 -1.82133093e-02 -4.51132134e-02 -2.57570267e-01  4.38504547e-01
  6.58891559e-01 -1.99738145e-01 -5.23945168e-02 -4.33328122e-01
  4.96855170e-01  5.92637807e-02  4.75385994e-01 -7.50015020e-01
 -8.76421094e-01 -1.03924870e+00  7.88805127e-01 -6.22823477e-01
 -2.72446536e-02 -5.47624350e-01 -5.02887607e-01 -4.90667552e-01
  6.73824668e-01  6.65177703e-01 -8.24501038e-01  7.23099351e-01
  5.25963664e-01  2.72578448e-01  4.83504564e-01  4.59346503e-01
  4.83894199e-01 -6.08797431e-01 -5.10904431e-01  7.76270986e-01
  1.50183052e-01  4.19002384e-01 -5.72911382e-01 -4.82821137e-01
  4.87908453e-01  4.66279000e-01 -1.21823102e-01 -5.49189866e-01
 -9.72449258e-02  4.74267751e-01 -1.73250735e-01  2.28469491e-01
 -3.56181145e-01 -3.69964242e-02  4.50281471e-01 -1.06902875e-01
 -1.45517737e-01 -1.83763534e-01  3.98211032e-01  4.08194810e-01
 -5.09946227e-01 -4.29275990e-01 -1.98426142e-01  4.14143354e-01
 -2.78624952e-01  6.42867088e-01 -3.49582076e-01  5.81292272e-01
  6.52395368e-01  1.12652227e-01  1.37835205e-01  2.55415797e-01
  4.63448018e-01  6.57964230e-01 -6.57331347e-01 -9.88139659e-02
 -7.02756047e-02  6.85818434e-01 -4.84985977e-01  4.76825446e-01
  4.08238709e-01  2.26127774e-01  3.70105594e-01  3.17351967e-01
  1.83960542e-01 -1.96409762e-01  3.20496649e-01  3.01426262e-01
  6.65520310e-01  4.28682938e-02 -1.45722896e-01  4.44294840e-01
 -7.21195102e-01 -4.18139666e-01  3.91692609e-01 -1.13683060e-01
  8.70742351e-02  1.05324790e-01  3.46307963e-01 -6.24519706e-01
  5.38967729e-01  1.04972482e-01  1.99122220e-01 -7.49866843e-01
  7.75599837e-01  6.98860765e-01  8.37249041e-01 -5.41835070e-01
  2.43447036e-01  1.68520764e-01  1.07693172e+00  7.05760956e-01
  6.23548388e-01  5.00448465e-01  4.97866780e-01 -3.24021429e-01
  4.75948781e-01 -4.06920046e-01 -6.79487735e-03 -2.21118912e-01
  2.60710388e-01 -7.88547754e-01  5.09024262e-01 -7.82160878e-01
 -4.18300748e-01 -4.15147036e-01  5.20338774e-01 -3.70880276e-01
  6.15956545e-01 -8.10804725e-01 -6.78716540e-01  5.03942609e-01
 -6.72687888e-01 -2.91171998e-01 -5.42225718e-01  5.00738025e-01
 -8.68873671e-03  4.92485434e-01  5.28959990e-01  5.91687679e-01
  4.66833204e-01  5.15738368e-01  2.95087576e-01 -7.24987864e-01
  9.01153088e-02  5.81539869e-01  5.74043632e-01 -1.75309598e-01
  6.76027387e-02  4.05018181e-01 -1.52841151e-01  2.35657275e-01
 -6.23513341e-01 -8.40508580e-01 -1.27864450e-01 -5.02195597e-01
  6.37895703e-01  4.50480610e-01 -3.81222814e-01  2.99471825e-01
 -6.91793799e-01 -2.33738825e-01  4.64619175e-02  7.69064069e-01
  4.80887622e-01  5.54854989e-01 -3.01796734e-01 -1.72574759e-01
  4.18249160e-01  5.97081780e-01  2.22212076e-03  2.25886136e-01
 -3.58474970e-01 -5.73547006e-01  6.22555375e-01  4.99008268e-01
 -2.36461639e-01 -4.11112309e-01 -4.30288762e-01 -5.91398478e-01
 -1.80802181e-01 -1.37245744e-01 -8.99059549e-02 -6.25733018e-01
 -4.63547260e-01 -7.10705876e-01 -3.28294724e-01 -4.02210534e-01
 -1.12232029e-01  4.46083456e-01  7.77378440e-01  6.35841966e-01
  4.13660228e-01  2.21952111e-01  4.74780232e-01 -4.48232651e-01
  4.43064839e-01 -2.12028235e-01  7.87375927e-01  7.08338380e-01
  5.93451262e-01 -3.61523777e-01  3.57623219e-01  1.02135286e-01
 -4.25696254e-01 -8.85093957e-02  1.17271394e-02  5.73920488e-01
 -4.36573684e-01 -1.17734171e-01  1.85862422e-01  4.42743570e-01
  5.56458354e-01 -4.88175541e-01  4.18052912e-01  6.29907608e-01
  3.59354913e-02 -7.06072524e-03 -5.55078685e-01]
{"epoch": 16, "train_loss": 0.3628783576017202, "val_mae": 0.4356156587600708, "val_corr": 0.5883830857919223, "val_binary_acc": 0.7418856259659969, "val_binary_f1": 0.6719056974459725, "threshold": 0.0}
Labels: [-1.   0.6 -1.   1.  -1.  -0.8 -0.2 -1.   0.6  0.2 -0.6 -0.2 -1.   1.
 -1.  -1.   0.   0.6 -1.  -1.   1.  -0.8  1.   1.  -1.   1.  -1.   1.
 -1.  -1.  -1.   1.  -1.  -0.4 -0.6  0.2  1.   0.8  0.   0.2  0.8 -0.8
  1.  -1.  -1.  -1.   0.8 -1.   0.8 -1.   1.   0.2  0.   1.  -1.  -0.6
 -0.2 -1.   0.4 -1.   1.   0.8 -1.   0.2 -0.6  0.   0.2 -1.  -1.  -1.
  1.   1.  -1.  -1.  -1.  -1.  -0.2 -0.6 -1.  -1.  -0.2  0.   0.8  0.4
  0.   0.  -0.2  0.  -0.6 -1.  -1.  -0.6 -1.  -0.6  0.6 -0.2 -1.  -0.2
 -1.  -0.4 -0.4  0.2  1.  -1.  -1.   1.   0.  -0.4 -1.   1.   0.6 -1.
 -1.   0.  -0.8 -1.   0.4  0.6  0.4 -1.  -0.4 -0.6 -0.4 -0.4 -1.  -0.4
 -0.4 -1.   1.   1.  -0.8 -0.2  1.  -1.  -0.2  0.6  1.  -1.   1.   0.6
 -0.2 -1.  -1.   0.  -1.  -0.4 -1.  -0.6 -0.4 -0.2  0.6  0.4  0.6 -0.4
  1.  -0.6 -1.   0.2 -1.   0.2  0.   0.  -0.6 -0.4 -0.6  1.  -1.  -1.
 -1.   1.   0.   1.  -0.6  1.  -1.  -1.  -1.  -1.   0.6  0.   0.6 -1.
 -1.   0.6  0.8  1.  -0.6  0.  -0.2 -1.  -1.   0.  -0.2 -0.2  0.4  0.6
  1.  -1.  -0.2 -1.   0.  -0.4 -1.   0.4 -0.6 -0.4 -1.   0.2  0.   0.
  0.   0.8  1.   0.  -0.4  1.  -1.   0.   0.2 -0.4  0.   0.8  0.   0.
  0.  -1.  -1.  -1.  -1.  -1.  -1.  -0.8 -1.  -1.   0.  -1.  -1.  -0.6
  0.   0.  -0.6 -1.   0.  -0.8  0.   0.8  0.6 -0.2  0.   1.   0.  -1.
 -1.  -0.6 -1.  -0.6 -0.4 -0.6  1.   0.   0.2  0.8 -0.2 -1.  -1.  -1.
 -1.   0.6 -1.  -1.  -0.2  1.  -0.2 -0.2  1.   0.2 -0.4  0.   0.4  1.
  0.   0.   0.2  0.4  0.   0.  -0.6 -1.  -0.2  0.4  0.  -1.  -0.4  0.
  0.   0.2  0.2 -0.2 -0.8 -1.  -1.  -0.2  0.4  0.2 -0.2  0.6  0.   0.2
  0.8  0.8  0.  -1.  -0.2 -0.8  0.   0.6 -0.8 -0.6  0.2  0.4  0.  -0.4
 -0.6 -0.2  0.6  0.   0.  -0.8 -0.2  0.  -0.2  0.   0.  -0.4  0.  -0.8
 -0.8 -0.8  0.6 -1.   0.6 -1.  -0.8 -1.   1.  -0.6 -1.  -1.   1.   1.
  0.2  0.8  1.   0.6 -0.2  0.2 -0.8 -1.  -1.  -0.2  0.2  1.  -0.8 -0.4
 -1.  -0.8 -0.6 -1.   0.  -0.8  0.6 -1.   1.   0.8 -0.2  0.  -0.6 -1.
 -1.   0.   1.   0.2  1.  -1.   0.8  0.4 -1.   1.  -0.8 -0.2 -0.8 -0.4
 -1.   0.   0.   0.  -0.4  0.  -0.4  0.   0.  -0.8  0.  -0.2 -0.6  0.8
  0.   0.6 -0.2 -1.  -0.2 -1.   0.6 -0.6  0.   0.   0.6  1.  -0.8 -1.
  1.   0.2  1.  -1.  -0.6 -0.8 -1.   1.   0.  -1.   1.  -0.2  0.  -1.
 -1.  -0.8  0.2  0.4 -0.4  0.   1.  -0.2 -0.2 -0.2  0.2 -0.8  0.8 -1.
 -1.  -1.   0.4 -0.8 -1.  -1.   0.4  0.2  0.8  0.8 -0.6  0.8  0.8 -0.8
  0.6  0.6 -0.8 -0.2 -0.4  0.8 -0.2  0.  -0.8 -0.4  0.8  0.6 -0.6 -0.8
 -0.6  0.8  0.6  0.6 -0.2  0.   0.4 -0.6 -0.6 -0.6  0.6  0.8  0.  -1.
 -0.6  0.   0.4  0.6  0.   0.   0.8 -0.6  0.2  0.6  0.8  0.8 -0.8 -0.4
  0.   0.6 -1.   0.8 -0.6  0.6  0.8  0.8  0.2 -0.8  0.6  0.4  0.8  0.
 -0.6  0.4 -0.6  0.   0.6  0.  -0.6  0.4  0.2 -0.8  0.6 -0.2  0.  -0.8
  0.6  1.  -0.8 -1.  -0.6  0.8  0.6  0.8  0.6  0.8  0.8  0.  -0.8  0.
  0.6 -0.6  0.6 -0.6  0.8 -0.8 -0.8 -0.6  0.6 -0.2  1.   0.  -0.8  0.6
 -1.  -0.6 -0.6  0.8 -0.8  0.   0.6  0.6  0.6  0.4  0.6 -0.8 -0.6  0.8
  0.8 -0.8  0.6 -0.6 -0.8 -0.6 -0.8 -1.   0.6 -0.8  0.4 -0.4 -0.6 -0.6
 -0.2 -0.8  0.6 -0.6  0.4  0.2 -0.8  0.2  0.8  0.6  0.4  0.  -0.8 -0.6
  0.6  0.6 -0.4  0.8  0.6 -0.6  0.6  0.   0.  -0.8 -0.4 -0.6  0.  -0.8
 -0.8  0.6  0.6  0.6  0.6  0.4  0.6 -0.8  0.  -0.4  0.6  0.6  0.6 -0.2
  0.6 -0.4  0.6  0.  -0.6  0.6 -0.2 -0.6  0.8  0.6  0.6  0.   0.2  0.8
  0.  -0.4  0.2]
Predictions: [-6.07080221e-01  4.27581608e-01 -8.29767287e-01  3.52589428e-01
 -9.44854736e-01 -5.83871365e-01  4.91401911e-01 -3.83261502e-01
 -3.63044620e-01 -2.68766850e-01  3.70162249e-01 -6.80470467e-02
  5.27316704e-02  4.12076414e-01 -7.94441104e-01 -1.91290855e-01
 -2.60616958e-01  1.57323360e-01  6.58911318e-02 -3.90675604e-01
  6.36037365e-02 -2.32288897e-01  7.68437088e-01  2.60937989e-01
 -7.64139235e-01  1.58542916e-01 -4.39101338e-01  3.87350440e-01
 -8.67607772e-01 -8.11007798e-01  7.26367235e-02  5.00425041e-01
 -5.43909073e-01 -6.63121045e-01 -1.97029680e-01 -3.25594306e-01
  7.93997943e-01  2.63862312e-01 -6.35753632e-01  4.09392774e-01
  2.98604965e-01 -2.57309467e-01  2.23587379e-01 -2.16725513e-01
 -5.66020370e-01 -3.30020845e-01  7.36922324e-01 -6.24956191e-01
 -4.30974126e-01 -9.61056232e-01  9.09194052e-02 -2.29342371e-01
 -7.79940426e-01  4.06988919e-01  3.19080830e-01 -2.43881166e-01
 -3.91891241e-01 -6.04287148e-01 -6.37332141e-01 -3.74634206e-01
 -3.08347106e-01 -4.02737498e-01 -4.65969443e-01  3.79443645e-01
 -2.82965958e-01 -2.92035162e-01 -1.71601295e-01 -8.80237103e-01
 -5.28908551e-01 -5.83621681e-01  9.09051001e-01  9.08367038e-02
 -7.99856901e-01 -6.80860043e-01 -4.75335062e-01 -3.97456408e-01
  1.33138776e-01 -3.16039920e-01 -5.00915527e-01 -7.72372782e-01
 -4.67548549e-01 -3.70766401e-01 -2.34270737e-01 -7.30429888e-01
  4.04863954e-01 -3.14529002e-01 -5.14860988e-01 -1.67974114e-01
 -6.75924003e-01 -3.36997434e-02 -1.10549696e-01 -5.52209139e-01
  5.88441268e-02  8.29627961e-02  1.01303861e-01 -1.44911930e-02
 -7.61540174e-01  7.83852696e-01 -8.85145187e-01  4.59249675e-01
 -1.51494756e-01 -4.80618656e-01  4.39800501e-01 -7.55937099e-01
 -3.20394576e-01  5.18561751e-02 -1.42150983e-01 -5.41130245e-01
 -1.07171464e+00  5.94595075e-01 -4.37396944e-01 -9.44674671e-01
 -1.03540254e+00 -4.86042440e-01 -7.29994953e-01 -8.29212606e-01
 -3.89185920e-02  3.66476655e-01 -1.79323047e-01 -9.47652280e-01
 -2.91592121e-01 -3.83871555e-01 -1.46715134e-01 -1.06070086e-01
 -1.38683587e-01 -5.11054218e-01 -7.29505897e-01 -7.02739179e-01
  6.65019751e-01  5.70184529e-01 -9.10294950e-02 -5.67461610e-01
 -3.72266136e-02 -7.21582592e-01 -2.01528162e-01  7.65030921e-01
  6.54402673e-01  9.68433470e-02  5.23258328e-01  6.12698317e-01
 -1.90777466e-01  8.05406213e-01 -6.76361561e-01 -3.25924397e-01
 -4.27694738e-01 -1.88819580e-02  6.99463189e-02  6.72709644e-01
 -7.16588795e-01 -1.20183647e-01  1.66194960e-01 -4.21338677e-01
 -2.30007768e-01 -6.46839857e-01 -4.89968419e-01 -2.41414875e-01
 -5.51096499e-01 -4.79392111e-01  2.60551751e-01  1.45233437e-01
  4.56934273e-01 -1.84877306e-01 -1.66369788e-02 -1.73757561e-02
 -5.74813187e-01  5.78937650e-01 -8.01722765e-01 -7.13151276e-01
 -1.71526134e-01  2.24572673e-01 -2.13185951e-01 -4.17306662e-01
 -3.29090595e-01  2.33861372e-01 -4.70382333e-01 -7.64669478e-01
 -4.40669835e-01 -8.07052672e-01 -1.00431669e+00  6.74304426e-01
 -5.17153800e-01 -7.97733486e-01 -3.26568604e-01  2.73106813e-01
 -1.51155323e-01  5.71001351e-01 -4.74627197e-01 -3.86697114e-01
 -4.03634489e-01 -6.75670505e-01 -4.12750006e-01 -1.39655292e-01
 -3.44179094e-01 -1.29233897e-01 -4.98745590e-04  6.29490077e-01
 -6.70558631e-01 -9.44753230e-01  1.15269676e-01 -9.07694519e-01
  2.47922495e-01  4.64156792e-02 -7.49983191e-01 -1.38819680e-01
 -6.63820684e-01 -6.13561094e-01 -3.48092496e-01 -1.29185766e-01
  2.64547050e-01 -2.62660563e-01  5.06968871e-02  4.39790785e-01
 -5.37327230e-01  4.19212818e-01 -6.33382261e-01  3.26479137e-01
 -5.75980067e-01  3.88917923e-02 -4.32900727e-01 -3.94979954e-01
 -6.11317396e-01 -1.44199103e-01  1.38503715e-01 -3.47571135e-01
 -2.33505130e-01 -6.10959768e-01 -4.31612134e-01  1.20683879e-01
 -9.27722275e-01 -7.30630398e-01 -8.89699638e-01 -4.22698557e-01
 -3.80466282e-01 -2.09846795e-01 -5.11050224e-03 -9.33637917e-01
 -8.00274730e-01 -4.86566305e-01  2.75525272e-01  3.80206108e-01
 -1.57859325e-01 -2.26229519e-01 -1.48925453e-01 -5.45316637e-01
  5.40773720e-02  5.39918303e-01 -2.32239887e-01  4.87744808e-04
 -2.55258560e-01  4.32992280e-01 -8.88855159e-02 -1.18532133e+00
 -6.72139823e-01 -1.17913596e-01 -7.55612731e-01 -3.23303163e-01
 -1.44130319e-01  6.86034322e-01  8.24277818e-01 -4.10973012e-01
 -2.46593013e-01 -1.88483685e-01 -3.94186616e-01 -4.56289649e-01
 -2.28105113e-02  2.69447803e-01  1.71761930e-01 -5.23767591e-01
 -5.89937449e-01 -1.00872740e-01 -6.90889120e-01  4.47382182e-02
 -3.63167286e-01 -4.57070291e-01  3.76003742e-01 -1.82598121e-02
 -7.67608434e-02 -1.25962086e-02  5.30703723e-01 -4.20268998e-02
 -9.61954296e-02 -7.95657933e-03 -5.02923369e-01 -7.68263638e-03
 -1.41337886e-03 -2.41368935e-01 -2.41220817e-01 -6.51803732e-01
 -3.27031732e-01 -9.84538645e-02  5.57225466e-01 -6.70655966e-01
 -7.45121837e-02  2.37723693e-01 -9.16966647e-02 -1.63450018e-02
 -5.37524164e-01 -5.46882674e-03 -2.99824715e-01 -2.14335062e-02
 -9.04047012e-01 -4.34641778e-01  3.83144855e-01 -5.28781533e-01
 -9.25184488e-01  2.44945779e-01  1.48098141e-01  6.77003443e-01
  3.06739092e-01  1.74100831e-01 -5.58127582e-01 -9.26206887e-01
  4.27489519e-01 -3.72781932e-01  6.47281229e-01  5.57453811e-01
 -3.44829857e-01 -3.62685740e-01  6.48199022e-01  4.85775948e-01
  5.15560925e-01 -2.65586674e-01 -5.12739301e-01 -4.42458272e-01
 -7.65449554e-02 -2.91001618e-01 -1.75898820e-01 -1.61748216e-01
 -1.80215001e-01 -6.41510934e-02 -2.50751793e-01 -5.92358857e-02
 -1.70074672e-01 -1.67640567e-01  5.47000587e-01  6.60188496e-02
 -4.63207245e-01 -4.00238991e-01 -5.51966250e-01 -1.95090488e-01
  4.26972866e-01 -7.73961425e-01 -1.00998604e+00 -6.84835613e-01
  1.76065475e-01 -7.08486557e-01 -4.98462856e-01 -4.65382099e-01
  8.78600657e-01  5.65087855e-01 -4.64409292e-01  5.97947776e-01
 -2.89647281e-01  6.75677657e-02 -1.74567163e-01 -3.30526233e-01
 -1.94731951e-01 -1.09272406e-01 -6.36657476e-01 -1.80127501e-01
  1.19855642e-01  3.92610192e-01 -7.63988867e-03 -2.60208659e-02
 -1.07539666e+00 -6.59291267e-01 -2.71534026e-01 -5.21614552e-01
 -7.40924105e-02  7.17440009e-01  4.81946170e-01 -4.52835262e-01
 -1.53815687e-01 -1.14514083e-01 -1.37903497e-01  2.29425862e-01
 -1.53799713e-01  3.16002488e-01 -7.02778757e-01 -1.29026473e-01
 -7.06551746e-02 -2.46694461e-01  2.36672446e-01 -6.68090940e-01
  4.21140909e-01 -6.39243722e-01 -6.19215012e-01 -9.69958186e-01
 -1.37260914e-01 -2.53393613e-02 -4.33411837e-01 -2.59060413e-01
 -5.34946620e-01 -6.19145967e-02 -1.75068825e-01  2.99625218e-01
 -4.69203472e-01  1.76772967e-01 -2.59293318e-01 -2.11792722e-01
 -5.16750515e-01 -3.06675732e-01 -5.88676572e-01 -3.38812888e-01
 -3.26014340e-01  7.41009712e-01 -1.68901049e-02 -6.21912181e-01
 -3.10195982e-01 -6.21282160e-01 -3.99455011e-01 -3.87499034e-01
 -1.81067437e-01 -4.23337221e-01 -1.32147193e-01 -2.94446111e-01
  6.42857075e-01 -6.52123809e-01 -5.15810788e-01 -9.05363083e-01
  1.61285877e-01 -2.33236358e-01  1.69713393e-01 -4.72667038e-01
 -4.31858242e-01 -1.82014719e-01  6.47638291e-02 -1.02805786e-01
 -5.19062102e-01 -8.30393493e-01 -1.65155798e-01 -4.90488231e-01
 -5.29764235e-01 -7.48022258e-01 -4.03579354e-01 -4.81480956e-01
 -1.98601753e-01 -3.52325320e-01 -2.79097080e-01  5.09717613e-02
  7.99530804e-01 -1.71539411e-01 -4.35760200e-01 -5.01769125e-01
  1.93969086e-01 -2.10847333e-01  5.96122503e-01 -9.32979703e-01
 -8.70715559e-01 -1.21553707e+00  8.31016660e-01 -7.35114813e-01
 -2.60119915e-01 -3.70745957e-01 -5.23202002e-01 -2.13173151e-01
  7.34975040e-01  5.47466040e-01 -7.66916871e-01  7.73346663e-01
  4.03300762e-01 -3.18524122e-01  1.84045926e-01  3.99714649e-01
  4.24729884e-01 -6.84451520e-01 -6.96342170e-01  9.02860582e-01
 -4.62616682e-02 -7.45423138e-03 -6.26774669e-01 -4.07968283e-01
  1.43674031e-01  3.23927104e-01 -6.00457005e-02 -8.54016900e-01
 -2.04165697e-01  4.48974907e-01 -4.30345953e-01 -5.70736900e-02
 -1.59390539e-01 -6.81788400e-02  1.38069943e-01 -3.24842155e-01
 -6.83581457e-02 -1.90786704e-01  3.76636505e-01  2.62572765e-01
 -6.25301778e-01 -4.10361111e-01 -3.13925028e-01  5.56810737e-01
 -5.47387421e-01  6.11230612e-01 -2.59572029e-01  6.20301545e-01
  5.60917675e-01 -2.73466945e-01  3.12811315e-01  6.70778751e-02
  2.88981020e-01  7.29551852e-01 -8.72230053e-01 -2.94220090e-01
 -5.27766198e-02  6.57446384e-01 -3.65263879e-01  4.60899353e-01
  2.04474941e-01  1.96470067e-01 -1.34698406e-01 -1.26808323e-02
 -3.22382525e-03 -2.19587028e-01  1.85091227e-01  1.70005739e-01
  7.83735693e-01 -2.30171740e-01 -1.19660795e-01  2.30533704e-01
 -6.26258016e-01 -3.93872678e-01  2.73997247e-01 -2.76995033e-01
  9.17585343e-02 -4.53927331e-02  4.62633252e-01 -6.27595425e-01
  2.16068462e-01 -8.05513635e-02  1.05635181e-01 -7.01624393e-01
  6.71386003e-01  5.46921968e-01  7.28953540e-01 -5.56087375e-01
  8.21493566e-02  5.01785040e-01  1.21284342e+00  7.69726813e-01
  6.67840838e-01  4.55568850e-01  3.68267298e-01 -3.59049141e-01
  6.61856771e-01 -4.78985786e-01  1.98211685e-01 -3.03739607e-01
  1.88828781e-02 -8.04957390e-01  2.85305023e-01 -7.41049826e-01
 -2.11850658e-01 -5.79876542e-01  3.05907309e-01 -3.49974692e-01
  2.65238166e-01 -8.55846226e-01 -8.14723909e-01  4.09109592e-01
 -5.13034225e-01 -2.11373881e-01 -6.20754480e-01  5.05820334e-01
 -1.95124745e-01  4.07279551e-01  4.04069781e-01  5.16927838e-01
  3.06595981e-01  2.09672704e-01  5.28218627e-01 -7.23395050e-01
  3.38318288e-01  6.33683324e-01  3.95818651e-01 -1.96090415e-01
  4.04841065e-01  2.04314783e-01 -1.84862912e-01 -1.59952402e-01
 -4.86593664e-01 -8.39664102e-01 -1.79985374e-01 -7.53126740e-01
  5.57072639e-01  2.34438971e-01 -3.50734532e-01 -1.82005271e-01
  3.22636187e-01 -2.66536236e-01 -1.28340602e-01 -2.84885429e-02
  2.44870797e-01  3.92386734e-01 -3.66702616e-01 -1.02521017e-01
  5.99946439e-01  5.47703028e-01 -4.27201167e-02 -1.39258280e-02
 -3.94091904e-01 -6.32961214e-01  6.33669615e-01  5.24536848e-01
 -2.49221444e-01 -6.82199240e-01 -1.26544058e-01 -4.03758466e-01
 -2.63351500e-01 -1.51156604e-01 -1.20103180e-01 -5.77323377e-01
 -4.19794023e-01 -7.12800324e-01 -2.72217810e-01 -2.90988147e-01
 -1.38411164e-01  2.13981196e-01  7.99075067e-01  6.28076553e-01
  6.86111093e-01 -1.32057816e-03  1.97310552e-01 -6.77444935e-01
  3.65296960e-01 -2.71622539e-01  3.90074551e-01  5.88089168e-01
  6.45278096e-01 -5.42109966e-01  1.48591444e-01 -7.56773472e-01
 -4.05007780e-01 -4.78743389e-02 -4.00110900e-01  4.96037066e-01
 -2.76821733e-01 -3.42849135e-01 -1.53900415e-01  2.67406642e-01
  4.85645115e-01 -6.06299043e-01  4.31965947e-01  5.32240510e-01
 -1.93294331e-01 -1.69006079e-01 -6.66765392e-01]
{"epoch": 17, "train_loss": 0.3587286617866782, "val_mae": 0.42526867985725403, "val_corr": 0.5956143964530975, "val_binary_acc": 0.7727975270479135, "val_binary_f1": 0.6681715575620767, "threshold": 0.0}
Labels: [-1.   0.6 -1.   1.  -1.  -0.8 -0.2 -1.   0.6  0.2 -0.6 -0.2 -1.   1.
 -1.  -1.   0.   0.6 -1.  -1.   1.  -0.8  1.   1.  -1.   1.  -1.   1.
 -1.  -1.  -1.   1.  -1.  -0.4 -0.6  0.2  1.   0.8  0.   0.2  0.8 -0.8
  1.  -1.  -1.  -1.   0.8 -1.   0.8 -1.   1.   0.2  0.   1.  -1.  -0.6
 -0.2 -1.   0.4 -1.   1.   0.8 -1.   0.2 -0.6  0.   0.2 -1.  -1.  -1.
  1.   1.  -1.  -1.  -1.  -1.  -0.2 -0.6 -1.  -1.  -0.2  0.   0.8  0.4
  0.   0.  -0.2  0.  -0.6 -1.  -1.  -0.6 -1.  -0.6  0.6 -0.2 -1.  -0.2
 -1.  -0.4 -0.4  0.2  1.  -1.  -1.   1.   0.  -0.4 -1.   1.   0.6 -1.
 -1.   0.  -0.8 -1.   0.4  0.6  0.4 -1.  -0.4 -0.6 -0.4 -0.4 -1.  -0.4
 -0.4 -1.   1.   1.  -0.8 -0.2  1.  -1.  -0.2  0.6  1.  -1.   1.   0.6
 -0.2 -1.  -1.   0.  -1.  -0.4 -1.  -0.6 -0.4 -0.2  0.6  0.4  0.6 -0.4
  1.  -0.6 -1.   0.2 -1.   0.2  0.   0.  -0.6 -0.4 -0.6  1.  -1.  -1.
 -1.   1.   0.   1.  -0.6  1.  -1.  -1.  -1.  -1.   0.6  0.   0.6 -1.
 -1.   0.6  0.8  1.  -0.6  0.  -0.2 -1.  -1.   0.  -0.2 -0.2  0.4  0.6
  1.  -1.  -0.2 -1.   0.  -0.4 -1.   0.4 -0.6 -0.4 -1.   0.2  0.   0.
  0.   0.8  1.   0.  -0.4  1.  -1.   0.   0.2 -0.4  0.   0.8  0.   0.
  0.  -1.  -1.  -1.  -1.  -1.  -1.  -0.8 -1.  -1.   0.  -1.  -1.  -0.6
  0.   0.  -0.6 -1.   0.  -0.8  0.   0.8  0.6 -0.2  0.   1.   0.  -1.
 -1.  -0.6 -1.  -0.6 -0.4 -0.6  1.   0.   0.2  0.8 -0.2 -1.  -1.  -1.
 -1.   0.6 -1.  -1.  -0.2  1.  -0.2 -0.2  1.   0.2 -0.4  0.   0.4  1.
  0.   0.   0.2  0.4  0.   0.  -0.6 -1.  -0.2  0.4  0.  -1.  -0.4  0.
  0.   0.2  0.2 -0.2 -0.8 -1.  -1.  -0.2  0.4  0.2 -0.2  0.6  0.   0.2
  0.8  0.8  0.  -1.  -0.2 -0.8  0.   0.6 -0.8 -0.6  0.2  0.4  0.  -0.4
 -0.6 -0.2  0.6  0.   0.  -0.8 -0.2  0.  -0.2  0.   0.  -0.4  0.  -0.8
 -0.8 -0.8  0.6 -1.   0.6 -1.  -0.8 -1.   1.  -0.6 -1.  -1.   1.   1.
  0.2  0.8  1.   0.6 -0.2  0.2 -0.8 -1.  -1.  -0.2  0.2  1.  -0.8 -0.4
 -1.  -0.8 -0.6 -1.   0.  -0.8  0.6 -1.   1.   0.8 -0.2  0.  -0.6 -1.
 -1.   0.   1.   0.2  1.  -1.   0.8  0.4 -1.   1.  -0.8 -0.2 -0.8 -0.4
 -1.   0.   0.   0.  -0.4  0.  -0.4  0.   0.  -0.8  0.  -0.2 -0.6  0.8
  0.   0.6 -0.2 -1.  -0.2 -1.   0.6 -0.6  0.   0.   0.6  1.  -0.8 -1.
  1.   0.2  1.  -1.  -0.6 -0.8 -1.   1.   0.  -1.   1.  -0.2  0.  -1.
 -1.  -0.8  0.2  0.4 -0.4  0.   1.  -0.2 -0.2 -0.2  0.2 -0.8  0.8 -1.
 -1.  -1.   0.4 -0.8 -1.  -1.   0.4  0.2  0.8  0.8 -0.6  0.8  0.8 -0.8
  0.6  0.6 -0.8 -0.2 -0.4  0.8 -0.2  0.  -0.8 -0.4  0.8  0.6 -0.6 -0.8
 -0.6  0.8  0.6  0.6 -0.2  0.   0.4 -0.6 -0.6 -0.6  0.6  0.8  0.  -1.
 -0.6  0.   0.4  0.6  0.   0.   0.8 -0.6  0.2  0.6  0.8  0.8 -0.8 -0.4
  0.   0.6 -1.   0.8 -0.6  0.6  0.8  0.8  0.2 -0.8  0.6  0.4  0.8  0.
 -0.6  0.4 -0.6  0.   0.6  0.  -0.6  0.4  0.2 -0.8  0.6 -0.2  0.  -0.8
  0.6  1.  -0.8 -1.  -0.6  0.8  0.6  0.8  0.6  0.8  0.8  0.  -0.8  0.
  0.6 -0.6  0.6 -0.6  0.8 -0.8 -0.8 -0.6  0.6 -0.2  1.   0.  -0.8  0.6
 -1.  -0.6 -0.6  0.8 -0.8  0.   0.6  0.6  0.6  0.4  0.6 -0.8 -0.6  0.8
  0.8 -0.8  0.6 -0.6 -0.8 -0.6 -0.8 -1.   0.6 -0.8  0.4 -0.4 -0.6 -0.6
 -0.2 -0.8  0.6 -0.6  0.4  0.2 -0.8  0.2  0.8  0.6  0.4  0.  -0.8 -0.6
  0.6  0.6 -0.4  0.8  0.6 -0.6  0.6  0.   0.  -0.8 -0.4 -0.6  0.  -0.8
 -0.8  0.6  0.6  0.6  0.6  0.4  0.6 -0.8  0.  -0.4  0.6  0.6  0.6 -0.2
  0.6 -0.4  0.6  0.  -0.6  0.6 -0.2 -0.6  0.8  0.6  0.6  0.   0.2  0.8
  0.  -0.4  0.2]
Predictions: [-7.07535863e-01  5.40224195e-01 -7.73386061e-01  6.10187531e-01
 -8.77322197e-01 -5.02395749e-01  5.65728664e-01 -1.14701852e-01
 -5.37991166e-01 -5.28769255e-01  4.60093528e-01  2.99071044e-01
  4.52345520e-01  5.56770921e-01 -6.55447900e-01 -2.89155573e-01
 -2.53717691e-01  4.10816073e-01  4.93607014e-01 -4.38741297e-01
  7.19529033e-01 -1.39289007e-01  7.57252276e-01  3.91872466e-01
 -7.82391906e-01  4.10423756e-01 -4.75339383e-01  4.41291600e-01
 -7.06901431e-01 -6.80084467e-01  3.85881066e-01 -5.32233477e-01
 -5.99213004e-01 -6.22233033e-01  1.29411854e-02 -2.29554176e-01
  7.15839148e-01  4.95690078e-01 -5.14241517e-01  5.19679725e-01
  5.84140301e-01  2.18648225e-01  5.03683209e-01 -5.28213680e-01
 -4.75982040e-01 -2.56948262e-01  6.49450481e-01 -4.16035771e-01
 -2.95121253e-01 -8.77248526e-01  5.57516754e-01 -3.41819599e-03
 -3.89269829e-01  5.04645348e-01  4.22525853e-01 -2.40628093e-01
 -3.44468355e-01 -6.30438447e-01 -5.82525253e-01 -3.95131141e-01
 -1.19114555e-02  1.02944821e-01 -3.58081341e-01  6.21986866e-01
 -1.77661419e-01  4.34529409e-03 -5.40350258e-01 -9.16103780e-01
 -6.12958908e-01 -4.80589211e-01  8.79008770e-01 -3.40795755e-01
 -7.30930924e-01 -4.20127839e-01 -5.08359194e-01  2.45478489e-02
  4.33245361e-01 -3.00781935e-01 -4.93628472e-01 -8.30558956e-01
 -5.41847587e-01 -3.29535812e-01 -1.32131621e-01 -7.06108868e-01
  5.53537071e-01  3.28511186e-02 -4.11935955e-01  2.53526002e-01
 -5.00033319e-01  1.98213667e-01  1.69067636e-01 -3.77536952e-01
  7.57768750e-02  5.37600577e-01  4.25180048e-01  1.63731784e-01
 -7.69845724e-01  7.98016965e-01 -8.05508852e-01  6.15278423e-01
 -2.00019732e-01 -4.53106701e-01  4.67740327e-01 -8.59292567e-01
 -2.93809801e-01  1.51568994e-01 -3.94150734e-01 -2.28572771e-01
 -9.71706450e-01  6.31099939e-01 -1.01549000e-01 -7.36790299e-01
 -8.28066111e-01 -2.27957830e-01 -7.35709846e-01 -6.72230184e-01
  2.74257720e-01  5.74249923e-01  5.71094789e-02 -6.30616784e-01
 -1.57872766e-01 -6.03185892e-01 -9.94176790e-03  3.27814490e-01
  1.66935503e-01 -5.28050780e-01 -6.00140035e-01 -3.30814242e-01
  6.18459284e-01  7.33409226e-01  2.09581047e-01 -5.23742437e-01
  2.95406789e-01 -6.63229406e-01 -1.71585232e-01  6.93163157e-01
  5.77457070e-01 -9.14092660e-01  5.15314579e-01  5.86715579e-01
 -2.39404157e-01  7.50835657e-01 -6.60217702e-01 -3.13978940e-01
 -3.48001748e-01  5.59503794e-01  1.33470088e-01 -4.63399887e-01
 -6.21760786e-01 -1.60283566e-01  1.71026111e-01 -4.62910503e-01
 -4.35603820e-02 -6.83022857e-01 -4.84768033e-01  7.59146959e-02
 -6.03960633e-01 -3.87506872e-01  1.48639351e-01  4.38925594e-01
  5.16298652e-01 -9.49817598e-02  2.25280881e-01  2.06050813e-01
 -3.65857393e-01  6.74538791e-01 -7.24312603e-01 -8.02166939e-01
 -1.03228062e-01  2.78369904e-01 -2.88097620e-01 -1.50154859e-01
 -1.84757546e-01  3.40237051e-01 -4.40406352e-01 -5.93095005e-01
 -4.18314695e-01 -6.78567946e-01 -9.34334517e-01  7.84094095e-01
 -4.20931488e-01 -7.13725984e-01  1.07253328e-01  5.14920771e-01
  1.95693851e-01  7.07508028e-01 -2.71276623e-01 -3.87683421e-01
 -3.35164875e-01 -7.87651062e-01 -4.82252508e-01  1.89182907e-01
 -2.93683827e-01 -8.81986767e-02  1.12342939e-01  6.56401098e-01
 -4.87764120e-01 -8.58746886e-01  4.17185158e-01 -8.95951807e-01
  4.30626929e-01 -2.37938315e-02 -7.53859639e-01  1.98686779e-01
 -4.97577548e-01 -4.31657314e-01 -2.30381936e-01  2.39555165e-03
  5.87523460e-01  2.12242216e-01  5.13726354e-01  4.86460835e-01
 -5.41576505e-01  4.66477841e-01 -7.15264678e-01  4.04496901e-02
 -6.19448721e-01  2.25942075e-01  1.46231398e-01 -3.00466150e-01
 -4.96680826e-01 -3.00794244e-01  3.58111411e-01 -7.15758681e-01
  6.20862655e-02 -4.77151483e-01 -5.24293840e-01  3.96537244e-01
 -7.25756049e-01 -7.63675630e-01 -8.74017596e-01 -3.68191063e-01
 -3.53373110e-01 -1.17095284e-01  1.33870065e-01 -6.04700148e-01
 -7.42294788e-01 -9.67968553e-02  4.00800914e-01  4.42549258e-01
 -2.23366290e-01 -1.91030264e-01  2.16354907e-01 -4.22944427e-01
  1.31223083e-01  5.35936177e-01  4.13243085e-01  2.07149506e-01
 -1.69595942e-01  5.70323825e-01  2.38232940e-01 -1.02531230e+00
 -7.07375228e-01  1.74817741e-01 -7.02615798e-01 -1.04558423e-01
 -4.92703199e-01  6.73897207e-01  7.81017780e-01 -7.49193802e-02
 -1.23340160e-01  1.96955264e-01 -5.16719043e-01 -6.21679902e-01
  1.79955825e-01 -1.73389465e-01  1.44144922e-01 -5.41675270e-01
 -5.84247768e-01 -1.66239530e-01 -4.60701138e-01  4.08341050e-01
  4.95128244e-01 -5.24261951e-01  4.93239075e-01  1.52073354e-01
 -8.96999538e-02  6.07930161e-02  5.26481807e-01  5.00844084e-02
 -9.59405750e-02  3.17616552e-01 -5.08075714e-01  3.88102271e-02
  2.23782212e-01 -3.82521302e-01 -3.41318458e-01 -6.49691999e-01
 -5.89445978e-03 -3.50005925e-01  5.87489545e-01 -5.17733157e-01
 -1.28076792e-01  4.12704051e-01 -8.39228556e-02  2.50871629e-01
 -6.19434059e-01  1.03900388e-01 -2.63531327e-01  2.90650755e-01
 -8.24992418e-01 -3.98066044e-01  4.08609807e-01 -5.32467544e-01
 -7.66680121e-01  3.13232154e-01  2.21664727e-01  6.22713566e-01
  4.56306905e-01  2.54514843e-01 -3.93189281e-01 -8.58116329e-01
  4.59343880e-01 -2.54655778e-01  5.75178206e-01  6.15572274e-01
 -2.43678808e-01 -2.73005903e-01  7.52772689e-02  5.08281171e-01
  5.85825145e-01 -8.27677026e-02 -4.09440905e-01 -3.79291803e-01
  2.95922190e-01 -2.93182850e-01 -1.25028819e-01 -8.57944041e-02
 -3.19707692e-01 -1.98819041e-02 -1.01777524e-01 -1.54350892e-01
 -1.48242697e-01  1.62040107e-02  5.93598902e-01  4.35264893e-02
 -6.01906419e-01 -4.27932769e-01 -4.73576128e-01 -9.32138115e-02
  4.81488019e-01 -6.99620485e-01 -9.66979265e-01  1.40297860e-01
  5.05435407e-01 -6.97111368e-01 -4.39545989e-01 -3.31394047e-01
  8.14114571e-01  6.30363226e-01 -2.97393084e-01  5.96358001e-01
 -4.57494482e-02  7.41576493e-01  6.16693832e-02 -3.41513097e-01
 -1.95354909e-01 -7.09106922e-02 -5.90415061e-01 -1.51040941e-01
  3.22667748e-01  5.36920607e-01  1.63833290e-01  1.68380126e-01
 -8.86703908e-01 -4.15949464e-01  5.39147198e-01 -6.89901531e-01
 -2.36371271e-02  7.05715001e-01  5.79269886e-01 -4.25422192e-01
 -2.47146145e-01 -1.91392422e-01 -2.30346337e-01  3.80264312e-01
 -1.73856243e-01  4.58819956e-01 -5.96272409e-01 -2.45665401e-01
 -9.70597118e-02 -2.80964971e-01  3.43088478e-01 -5.02406418e-01
  5.01884341e-01 -6.80653811e-01 -8.07632685e-01 -9.39020634e-01
 -1.26649439e-01  7.94300884e-02 -4.02272582e-01 -2.23843038e-01
 -4.15093079e-02  4.34489176e-03  2.63426565e-02  2.16838539e-01
 -3.21845293e-01 -1.18423790e-01  7.58546963e-03  1.21762663e-01
 -4.38372701e-01 -2.45972127e-01 -5.59702277e-01 -1.26410007e-01
  3.03347796e-01  6.92835510e-01 -3.66277508e-02 -5.20372808e-01
  8.12185407e-02 -6.64622068e-01 -5.37608802e-01 -3.33560348e-01
  1.77413598e-01 -2.39635304e-01 -1.69297040e-01 -1.72416165e-01
  6.43339872e-01 -8.50903809e-01 -5.88063240e-01 -8.73542666e-01
 -3.53170335e-02 -1.99254990e-01  2.87639827e-01 -1.65361762e-02
 -2.92010367e-01 -1.19737491e-01  3.06252211e-01  9.84270126e-04
 -4.44461107e-01 -7.04687595e-01 -7.34445378e-02 -3.06866407e-01
 -2.39431918e-01 -7.01116741e-01 -3.75734627e-01 -4.75141764e-01
 -3.54075670e-01  2.47545421e-01 -1.37830779e-01  3.40673119e-01
  7.65595376e-01 -5.92933074e-02 -3.23012859e-01 -2.39308737e-02
  5.41260183e-01 -1.23133659e-01  6.40962958e-01 -8.84449482e-01
 -7.66305506e-01 -1.13904905e+00  7.35851765e-01 -6.06084108e-01
 -2.90113568e-01 -4.99039859e-01 -3.04406285e-01  3.17424268e-01
  5.90595782e-01  6.03994071e-01 -6.40794277e-01  6.83012426e-01
  4.69318122e-01 -6.87422216e-01  1.26264319e-01  5.91444552e-01
  4.77486819e-01 -6.14704311e-01 -5.57119071e-01  6.88393295e-01
  1.38755322e-01  3.50409120e-01 -5.35369217e-01 -2.60255218e-01
  4.88558024e-01  3.73874515e-01  3.87770347e-02 -8.09127510e-01
  3.48659270e-02  6.24478579e-01 -2.68839180e-01  2.07753181e-01
 -3.18932712e-01  1.74559541e-02  4.06465709e-01 -3.39669824e-01
  1.03647679e-01 -2.77102858e-01  5.15407324e-01  3.84673059e-01
 -6.10189378e-01 -5.15667558e-01 -2.84042090e-01  4.35173392e-01
 -7.40607977e-02  3.52234662e-01 -8.29555467e-02  5.55253327e-01
  5.65864086e-01 -2.92417437e-01  4.45314080e-01  2.54857540e-01
  6.49862111e-01  3.20362687e-01 -8.11061084e-01 -1.93068579e-01
 -5.57569042e-02  7.16096818e-01 -4.65059072e-01  5.27822435e-01
  3.03818844e-02  3.84240180e-01 -1.71700478e-01  2.59554237e-01
 -8.73606652e-04 -1.19169831e-01  2.07774222e-01  3.54450762e-01
  7.27778554e-01 -1.83306485e-01 -6.22745231e-02  3.77237767e-01
 -5.41313648e-01 -2.76224196e-01 -1.77046925e-01 -7.71392211e-02
  3.66098404e-01  1.33072630e-01  5.46021044e-01 -6.75432801e-01
  5.71013391e-01 -2.35489517e-01  3.09492171e-01 -6.07234538e-01
  7.21600950e-01  5.95843315e-01  6.79768860e-01 -5.20833075e-01
  2.75736362e-01  8.21281493e-01  1.01487422e+00  7.69288480e-01
  5.35436153e-01  5.37132800e-01  6.07264817e-01 -2.91720033e-01
  6.56811237e-01 -4.07971561e-01  2.92594284e-01 -3.21474075e-01
  2.69891232e-01 -6.42718375e-01  4.51040596e-01 -7.01777637e-01
 -8.64629969e-02 -3.83873791e-01  4.97962624e-01 -5.45084216e-02
  3.32363784e-01 -7.85414457e-01 -8.21099579e-01  4.85846311e-01
 -5.15668035e-01 -2.66853482e-01 -6.67041242e-01  4.99927670e-01
 -4.89038974e-03  5.31242669e-01  5.59170306e-01  5.74327469e-01
  3.65789801e-01  5.19474506e-01  4.87108201e-01 -5.80961168e-01
  3.89599174e-01  6.04710639e-01  5.21330118e-01 -5.63058779e-02
  4.99470979e-01  4.44937021e-01 -1.82235971e-01  6.51663542e-02
 -4.94319260e-01 -6.17190123e-01 -2.10601538e-01 -1.72675774e-01
  6.07996166e-01  3.90385330e-01 -2.34602541e-01 -7.89794177e-02
  4.89807576e-01 -2.02588871e-01  1.77342057e-01  5.34891665e-01
  3.55005831e-01  3.69453877e-01 -7.35949099e-01  4.42819446e-01
  6.08540058e-01  6.43562198e-01  1.30999357e-01  1.53972626e-01
 -5.86260796e-01 -6.02572262e-01  5.83149135e-01  6.52289748e-01
 -9.68331844e-02 -4.04310942e-01  1.29480883e-01 -4.19412732e-01
 -3.69843751e-01 -1.83289871e-01 -8.36405084e-02 -7.44017601e-01
 -4.22643602e-01 -6.77980483e-01 -2.83468634e-01 -1.91657349e-01
 -7.99020529e-01  4.70215172e-01  7.23489583e-01  6.15987599e-01
  5.90311348e-01  1.85837001e-01  4.63156313e-01 -5.90152621e-01
  5.34372151e-01 -8.90802070e-02  3.17451477e-01  6.36483788e-01
  5.81872463e-01  5.95534921e-01  3.27395260e-01 -8.07347298e-01
 -4.94416282e-02 -6.10293485e-02 -6.34802133e-02  4.90821332e-01
 -2.04105720e-01 -1.84525490e-01  2.00783730e-01  4.97960836e-01
  5.35805106e-01 -4.86871094e-01  5.70258319e-01  5.35690725e-01
 -5.43225110e-02 -1.09239034e-01 -5.39038420e-01]
{"epoch": 18, "train_loss": 0.3595638697923616, "val_mae": 0.4303932189941406, "val_corr": 0.5896009936729741, "val_binary_acc": 0.7341576506955177, "val_binary_f1": 0.667953667953668, "threshold": 0.0}
Labels: [-1.   0.6 -1.   1.  -1.  -0.8 -0.2 -1.   0.6  0.2 -0.6 -0.2 -1.   1.
 -1.  -1.   0.   0.6 -1.  -1.   1.  -0.8  1.   1.  -1.   1.  -1.   1.
 -1.  -1.  -1.   1.  -1.  -0.4 -0.6  0.2  1.   0.8  0.   0.2  0.8 -0.8
  1.  -1.  -1.  -1.   0.8 -1.   0.8 -1.   1.   0.2  0.   1.  -1.  -0.6
 -0.2 -1.   0.4 -1.   1.   0.8 -1.   0.2 -0.6  0.   0.2 -1.  -1.  -1.
  1.   1.  -1.  -1.  -1.  -1.  -0.2 -0.6 -1.  -1.  -0.2  0.   0.8  0.4
  0.   0.  -0.2  0.  -0.6 -1.  -1.  -0.6 -1.  -0.6  0.6 -0.2 -1.  -0.2
 -1.  -0.4 -0.4  0.2  1.  -1.  -1.   1.   0.  -0.4 -1.   1.   0.6 -1.
 -1.   0.  -0.8 -1.   0.4  0.6  0.4 -1.  -0.4 -0.6 -0.4 -0.4 -1.  -0.4
 -0.4 -1.   1.   1.  -0.8 -0.2  1.  -1.  -0.2  0.6  1.  -1.   1.   0.6
 -0.2 -1.  -1.   0.  -1.  -0.4 -1.  -0.6 -0.4 -0.2  0.6  0.4  0.6 -0.4
  1.  -0.6 -1.   0.2 -1.   0.2  0.   0.  -0.6 -0.4 -0.6  1.  -1.  -1.
 -1.   1.   0.   1.  -0.6  1.  -1.  -1.  -1.  -1.   0.6  0.   0.6 -1.
 -1.   0.6  0.8  1.  -0.6  0.  -0.2 -1.  -1.   0.  -0.2 -0.2  0.4  0.6
  1.  -1.  -0.2 -1.   0.  -0.4 -1.   0.4 -0.6 -0.4 -1.   0.2  0.   0.
  0.   0.8  1.   0.  -0.4  1.  -1.   0.   0.2 -0.4  0.   0.8  0.   0.
  0.  -1.  -1.  -1.  -1.  -1.  -1.  -0.8 -1.  -1.   0.  -1.  -1.  -0.6
  0.   0.  -0.6 -1.   0.  -0.8  0.   0.8  0.6 -0.2  0.   1.   0.  -1.
 -1.  -0.6 -1.  -0.6 -0.4 -0.6  1.   0.   0.2  0.8 -0.2 -1.  -1.  -1.
 -1.   0.6 -1.  -1.  -0.2  1.  -0.2 -0.2  1.   0.2 -0.4  0.   0.4  1.
  0.   0.   0.2  0.4  0.   0.  -0.6 -1.  -0.2  0.4  0.  -1.  -0.4  0.
  0.   0.2  0.2 -0.2 -0.8 -1.  -1.  -0.2  0.4  0.2 -0.2  0.6  0.   0.2
  0.8  0.8  0.  -1.  -0.2 -0.8  0.   0.6 -0.8 -0.6  0.2  0.4  0.  -0.4
 -0.6 -0.2  0.6  0.   0.  -0.8 -0.2  0.  -0.2  0.   0.  -0.4  0.  -0.8
 -0.8 -0.8  0.6 -1.   0.6 -1.  -0.8 -1.   1.  -0.6 -1.  -1.   1.   1.
  0.2  0.8  1.   0.6 -0.2  0.2 -0.8 -1.  -1.  -0.2  0.2  1.  -0.8 -0.4
 -1.  -0.8 -0.6 -1.   0.  -0.8  0.6 -1.   1.   0.8 -0.2  0.  -0.6 -1.
 -1.   0.   1.   0.2  1.  -1.   0.8  0.4 -1.   1.  -0.8 -0.2 -0.8 -0.4
 -1.   0.   0.   0.  -0.4  0.  -0.4  0.   0.  -0.8  0.  -0.2 -0.6  0.8
  0.   0.6 -0.2 -1.  -0.2 -1.   0.6 -0.6  0.   0.   0.6  1.  -0.8 -1.
  1.   0.2  1.  -1.  -0.6 -0.8 -1.   1.   0.  -1.   1.  -0.2  0.  -1.
 -1.  -0.8  0.2  0.4 -0.4  0.   1.  -0.2 -0.2 -0.2  0.2 -0.8  0.8 -1.
 -1.  -1.   0.4 -0.8 -1.  -1.   0.4  0.2  0.8  0.8 -0.6  0.8  0.8 -0.8
  0.6  0.6 -0.8 -0.2 -0.4  0.8 -0.2  0.  -0.8 -0.4  0.8  0.6 -0.6 -0.8
 -0.6  0.8  0.6  0.6 -0.2  0.   0.4 -0.6 -0.6 -0.6  0.6  0.8  0.  -1.
 -0.6  0.   0.4  0.6  0.   0.   0.8 -0.6  0.2  0.6  0.8  0.8 -0.8 -0.4
  0.   0.6 -1.   0.8 -0.6  0.6  0.8  0.8  0.2 -0.8  0.6  0.4  0.8  0.
 -0.6  0.4 -0.6  0.   0.6  0.  -0.6  0.4  0.2 -0.8  0.6 -0.2  0.  -0.8
  0.6  1.  -0.8 -1.  -0.6  0.8  0.6  0.8  0.6  0.8  0.8  0.  -0.8  0.
  0.6 -0.6  0.6 -0.6  0.8 -0.8 -0.8 -0.6  0.6 -0.2  1.   0.  -0.8  0.6
 -1.  -0.6 -0.6  0.8 -0.8  0.   0.6  0.6  0.6  0.4  0.6 -0.8 -0.6  0.8
  0.8 -0.8  0.6 -0.6 -0.8 -0.6 -0.8 -1.   0.6 -0.8  0.4 -0.4 -0.6 -0.6
 -0.2 -0.8  0.6 -0.6  0.4  0.2 -0.8  0.2  0.8  0.6  0.4  0.  -0.8 -0.6
  0.6  0.6 -0.4  0.8  0.6 -0.6  0.6  0.   0.  -0.8 -0.4 -0.6  0.  -0.8
 -0.8  0.6  0.6  0.6  0.6  0.4  0.6 -0.8  0.  -0.4  0.6  0.6  0.6 -0.2
  0.6 -0.4  0.6  0.  -0.6  0.6 -0.2 -0.6  0.8  0.6  0.6  0.   0.2  0.8
  0.  -0.4  0.2]
Predictions: [-0.55449986  0.71126044 -0.6499861   0.5602785  -0.6948899  -0.47850952
  0.7463141  -0.12752888 -0.46127743 -0.26864406  0.3026855   0.49493194
  0.26858163  0.5948004  -0.56616724 -0.3354849  -0.10888951  0.36340487
  0.45242095 -0.4965835   0.5827067  -0.30348203  0.59291685  0.5997349
 -0.6120032   0.50576806 -0.5517156   0.49675494 -0.5028485  -0.56361794
  0.24865171  0.680877   -0.57272124 -0.63457775 -0.11936876 -0.47382098
  0.6907348   0.67017174 -0.3622616   0.529329    0.6837621   0.15200569
  0.15477034 -0.55852103 -0.32489315 -0.20213038  0.76245457 -0.41663164
 -0.29706335 -0.7289255   0.7666396  -0.08881134 -0.40752792  0.46096897
  0.44245952  0.06556319 -0.35132864 -0.4605388  -0.44799933 -0.35373077
  0.28786162  0.17017438 -0.23221977  0.71492785 -0.25926122 -0.0018003
 -0.55921674 -0.6906263  -0.6072868  -0.10465595  0.67196435 -0.4831618
 -0.57714784 -0.4544494  -0.45629114  0.3660938   0.65165466 -0.28586727
 -0.52407235 -0.6090044  -0.5555286  -0.03594071  0.15735409 -0.6183851
  0.04889226 -0.00749367 -0.22910874  0.04578768 -0.36203808  0.1497362
  0.14893518 -0.3077289   0.02233735  0.6183025   0.37451565  0.1793165
  0.22081855  0.72972786 -0.63997054  0.57329965 -0.14308628 -0.3065771
  0.27795622  0.19316402 -0.09268607  0.304559   -0.06406061 -0.25007647
 -0.77241313  0.55882895 -0.09515975 -0.7598571  -0.6457131   0.69680214
 -0.49874446 -0.62757814  0.53440315  0.6002246  -0.02100971 -0.5304974
 -0.15024772 -0.60403    -0.13925467  0.3991519   0.5008098  -0.35204798
 -0.4904306  -0.12244856  0.55489737  0.7526834   0.2628192   0.0669769
  0.32247135 -0.6221667  -0.10704026  0.7118246   0.5242601  -0.825348
  0.46465635  0.32763696 -0.4845335   0.6947597  -0.49855214 -0.30482277
  0.08004585  0.5086189   0.01567245 -0.3516172  -0.5189121  -0.03243316
  0.2687245  -0.2548374   0.09244539 -0.4833764  -0.41717494  0.00776733
 -0.7326354  -0.46127555 -0.07159916  0.45539242  0.65125394 -0.08186736
  0.18712969 -0.05653697 -0.3480967   0.7025499  -0.5704706  -0.64153695
 -0.05814569  0.56094575 -0.23677559 -0.18207082 -0.15524624  0.17954673
 -0.4326874  -0.59666747 -0.43891641 -0.73935723 -0.66606736  0.79327214
  0.34418473 -0.5152768   0.04086164  0.54991883  0.18737714  0.7840844
 -0.2813034  -0.2686872  -0.14251122 -0.64878595 -0.48031932  0.0694612
 -0.23778094 -0.13867262  0.03516521  0.8248587  -0.3930002  -0.64956754
  0.29759768 -0.68396974  0.62706846 -0.06585203 -0.5998519   0.42240405
 -0.37623227 -0.41374055 -0.4899853   0.00716238  0.43986598  0.04853076
  0.34868106  0.54746747 -0.4346016   0.6040388  -0.43384263 -0.19013405
 -0.43375245  0.20339543  0.24414927 -0.26747876 -0.37443584 -0.3589944
  0.46176785 -0.52506316  0.34157693 -0.4541093  -0.3647932   0.27853268
 -0.7366632  -0.5550085  -0.65208906 -0.27552032 -0.44121268 -0.23260483
 -0.13182923 -0.48544377 -0.6004491  -0.2489751   0.40287584  0.07838136
 -0.15752316 -0.17047021  0.33775738 -0.3569579   0.02318659  0.4937455
  0.07108256  0.2764182  -0.12873876  0.51206493  0.38952523 -0.7624002
 -0.5974688  -0.07164843 -0.55247563 -0.10024902 -0.45086217  0.638402
  0.7385367  -0.478696   -0.32005253 -0.01723424 -0.5247627  -0.5024812
  0.29434747  0.5812822   0.37754172 -0.43060234 -0.56124437 -0.13881698
 -0.56332177 -0.37996715 -0.4325006  -0.36685395  0.57490945  0.15967822
 -0.08346073  0.02439211  0.64085793  0.08152854 -0.09724016  0.32750532
 -0.39344376  0.26982284  0.08418515 -0.36545044 -0.46287957 -0.5677993
 -0.05668948  0.39214796  0.7185239  -0.5353017  -0.14935555  0.44342518
 -0.09971212  0.17358252  0.00416665  0.21649364 -0.42155445  0.0431439
 -0.7075334  -0.404001    0.58825606 -0.34568834 -0.7015742   0.475581
 -0.68134105  0.7246702   0.70489067 -0.32941878 -0.61473954 -0.6922884
  0.39305988 -0.24820946  0.5650077   0.60688734 -0.36088195 -0.3851661
 -0.19554101  0.59303296  0.4127056  -0.16660105 -0.3116014   0.58187896
  0.3171374  -0.3060438  -0.13374148 -0.05070828 -0.362957   -0.04109205
 -0.36957848 -0.20660855 -0.29875666 -0.01010477  0.5507117   0.39036846
 -0.53109753 -0.5370415   0.06746796  0.24232697  0.2795156  -0.4571368
 -0.73639333  0.23594058  0.65006095 -0.55161804 -0.43228823  0.16358465
  0.70172465  0.7143659   0.4972782   0.71961    -0.11334243  0.6337226
  0.05208172 -0.18121701 -0.47012138 -0.07356203 -0.51446944 -0.05755993
  0.31764317  0.44931948  0.30626756  0.15570846 -0.6386889  -0.33491784
  0.2964715  -0.568352   -0.0497237   0.72667116  0.6194254  -0.45125222
 -0.20006552 -0.15630935 -0.28475973  0.2120888  -0.19049613  0.25669417
 -0.46485183  0.27419958 -0.15894055 -0.15343714  0.3368885  -0.42902857
  0.7246803  -0.4898566   0.25136268 -0.7120353  -0.11808041  0.20422685
 -0.31368297 -0.16479594  0.1174818  -0.00134388  0.16263734  0.56786084
 -0.41254982 -0.08604583  0.01284545  0.09524201 -0.3338717  -0.17566629
 -0.5736697   0.18413034  0.5105877   0.7606355   0.16618867 -0.13413543
  0.31000885 -0.52459514 -0.5316866  -0.3456902   0.19884613 -0.37926474
  0.5721686  -0.26690876  0.74583095 -0.6197597  -0.5349939  -0.72513163
 -0.39663684 -0.34804082  0.34090996  0.03371    -0.33675835 -0.4525467
  0.41348216  0.41459355 -0.21907425 -0.5085721   0.06959301 -0.3106419
 -0.45459014 -0.7039911  -0.0386769  -0.3576009  -0.26429296  0.504868
 -0.16678397  0.66637295  0.77387214 -0.1357596  -0.2674294   0.02628308
  0.48264545 -0.3141413   0.5433642  -0.6803257  -0.62256145 -0.8931631
  0.6807114  -0.46506506 -0.2114388  -0.46871674 -0.46520457  0.22500399
  0.53993756  0.83481574 -0.2408254   0.87562734  0.17120327 -0.35050288
  0.06960724  0.6415861   0.52683806 -0.52582407 -0.4065496   0.6572449
  0.04423639  0.5697847  -0.58049023 -0.3961193   0.19962141  0.22941726
  0.11890012 -0.6485448   0.224863    0.71559894 -0.12401542  0.19919848
 -0.227106   -0.0010746   0.29853106 -0.2932135   0.12163687 -0.3832465
  0.5574853   0.4060542  -0.45171273 -0.4901836  -0.30283913  0.4408961
 -0.14475854  0.61852187 -0.07470492  0.6182136   0.7780964  -0.3967037
  0.12872863  0.3530659   0.674134    0.69829977 -0.6768521  -0.47377717
 -0.3676576   0.72073907 -0.33156642  0.4805625  -0.08105893 -0.13092437
 -0.11910382  0.43533552  0.009949   -0.07818521  0.1931577   0.3694456
  0.8566167  -0.03632996 -0.05025159  0.4458635  -0.04775031 -0.04519703
 -0.16872117 -0.03563417 -0.04012798  0.22311446  0.47717005 -0.5876884
  0.60323596 -0.27167946 -0.07467562 -0.58596003  0.6188893   0.4757396
  0.8543538  -0.77629423  0.41949636  0.7875392   0.90244526  0.4979788
  0.46771765  0.5375788   0.6800883  -0.02982374  0.6862501  -0.4495721
  0.48321372 -0.25592363  0.3242773  -0.58846843  0.39809668 -0.56152594
 -0.18517494 -0.38155296  0.5959199  -0.04648343  0.4949525  -0.5922388
 -0.55616534  0.44706976 -0.52622664 -0.28733814 -0.5859936   0.43211144
  0.24931839  0.5228006   0.4326813   0.6281818   0.4406051   0.58860135
  0.64518166 -0.48363286  0.5468277   0.40660554  0.5408267  -0.10619459
  0.4392053   0.4425488  -0.26595223 -0.19344397 -0.33691671 -0.72700167
 -0.22514017  0.10773802  0.5269605   0.5634665  -0.42458066  0.39607444
  0.47718948 -0.1389117   0.22137618  0.21697176  0.30375445  0.09140231
 -0.59353805 -0.37252495  0.5529298   0.66490847  0.41246882  0.35274807
 -0.48358947 -0.64174414  0.59473735  0.29540685 -0.25493044 -0.27988845
  0.544375   -0.4472056  -0.3442404  -0.21968973 -0.29235256 -0.46586803
 -0.40877524 -0.53110904 -0.42390478  0.33850324 -0.5757195   0.53435755
  0.59755725  0.6047644   0.62461466  0.23843473  0.5053398  -0.44779482
  0.6526666  -0.23559964  0.736909    0.6321147   0.59102243  0.596518
  0.56653607 -0.6632398   0.2469716  -0.05601604  0.01392409  0.39621496
 -0.35314846 -0.31731024  0.26742575  0.6426857   0.42541555  0.10468793
  0.62975603  0.72098184  0.05709597 -0.24882467 -0.41799667]
{"epoch": 19, "train_loss": 0.3666517575119817, "val_mae": 0.4452119469642639, "val_corr": 0.5730300685487992, "val_binary_acc": 0.7264296754250387, "val_binary_f1": 0.6666666666666666, "threshold": 0.0}
Labels: [-1.   0.6 -1.   1.  -1.  -0.8 -0.2 -1.   0.6  0.2 -0.6 -0.2 -1.   1.
 -1.  -1.   0.   0.6 -1.  -1.   1.  -0.8  1.   1.  -1.   1.  -1.   1.
 -1.  -1.  -1.   1.  -1.  -0.4 -0.6  0.2  1.   0.8  0.   0.2  0.8 -0.8
  1.  -1.  -1.  -1.   0.8 -1.   0.8 -1.   1.   0.2  0.   1.  -1.  -0.6
 -0.2 -1.   0.4 -1.   1.   0.8 -1.   0.2 -0.6  0.   0.2 -1.  -1.  -1.
  1.   1.  -1.  -1.  -1.  -1.  -0.2 -0.6 -1.  -1.  -0.2  0.   0.8  0.4
  0.   0.  -0.2  0.  -0.6 -1.  -1.  -0.6 -1.  -0.6  0.6 -0.2 -1.  -0.2
 -1.  -0.4 -0.4  0.2  1.  -1.  -1.   1.   0.  -0.4 -1.   1.   0.6 -1.
 -1.   0.  -0.8 -1.   0.4  0.6  0.4 -1.  -0.4 -0.6 -0.4 -0.4 -1.  -0.4
 -0.4 -1.   1.   1.  -0.8 -0.2  1.  -1.  -0.2  0.6  1.  -1.   1.   0.6
 -0.2 -1.  -1.   0.  -1.  -0.4 -1.  -0.6 -0.4 -0.2  0.6  0.4  0.6 -0.4
  1.  -0.6 -1.   0.2 -1.   0.2  0.   0.  -0.6 -0.4 -0.6  1.  -1.  -1.
 -1.   1.   0.   1.  -0.6  1.  -1.  -1.  -1.  -1.   0.6  0.   0.6 -1.
 -1.   0.6  0.8  1.  -0.6  0.  -0.2 -1.  -1.   0.  -0.2 -0.2  0.4  0.6
  1.  -1.  -0.2 -1.   0.  -0.4 -1.   0.4 -0.6 -0.4 -1.   0.2  0.   0.
  0.   0.8  1.   0.  -0.4  1.  -1.   0.   0.2 -0.4  0.   0.8  0.   0.
  0.  -1.  -1.  -1.  -1.  -1.  -1.  -0.8 -1.  -1.   0.  -1.  -1.  -0.6
  0.   0.  -0.6 -1.   0.  -0.8  0.   0.8  0.6 -0.2  0.   1.   0.  -1.
 -1.  -0.6 -1.  -0.6 -0.4 -0.6  1.   0.   0.2  0.8 -0.2 -1.  -1.  -1.
 -1.   0.6 -1.  -1.  -0.2  1.  -0.2 -0.2  1.   0.2 -0.4  0.   0.4  1.
  0.   0.   0.2  0.4  0.   0.  -0.6 -1.  -0.2  0.4  0.  -1.  -0.4  0.
  0.   0.2  0.2 -0.2 -0.8 -1.  -1.  -0.2  0.4  0.2 -0.2  0.6  0.   0.2
  0.8  0.8  0.  -1.  -0.2 -0.8  0.   0.6 -0.8 -0.6  0.2  0.4  0.  -0.4
 -0.6 -0.2  0.6  0.   0.  -0.8 -0.2  0.  -0.2  0.   0.  -0.4  0.  -0.8
 -0.8 -0.8  0.6 -1.   0.6 -1.  -0.8 -1.   1.  -0.6 -1.  -1.   1.   1.
  0.2  0.8  1.   0.6 -0.2  0.2 -0.8 -1.  -1.  -0.2  0.2  1.  -0.8 -0.4
 -1.  -0.8 -0.6 -1.   0.  -0.8  0.6 -1.   1.   0.8 -0.2  0.  -0.6 -1.
 -1.   0.   1.   0.2  1.  -1.   0.8  0.4 -1.   1.  -0.8 -0.2 -0.8 -0.4
 -1.   0.   0.   0.  -0.4  0.  -0.4  0.   0.  -0.8  0.  -0.2 -0.6  0.8
  0.   0.6 -0.2 -1.  -0.2 -1.   0.6 -0.6  0.   0.   0.6  1.  -0.8 -1.
  1.   0.2  1.  -1.  -0.6 -0.8 -1.   1.   0.  -1.   1.  -0.2  0.  -1.
 -1.  -0.8  0.2  0.4 -0.4  0.   1.  -0.2 -0.2 -0.2  0.2 -0.8  0.8 -1.
 -1.  -1.   0.4 -0.8 -1.  -1.   0.4  0.2  0.8  0.8 -0.6  0.8  0.8 -0.8
  0.6  0.6 -0.8 -0.2 -0.4  0.8 -0.2  0.  -0.8 -0.4  0.8  0.6 -0.6 -0.8
 -0.6  0.8  0.6  0.6 -0.2  0.   0.4 -0.6 -0.6 -0.6  0.6  0.8  0.  -1.
 -0.6  0.   0.4  0.6  0.   0.   0.8 -0.6  0.2  0.6  0.8  0.8 -0.8 -0.4
  0.   0.6 -1.   0.8 -0.6  0.6  0.8  0.8  0.2 -0.8  0.6  0.4  0.8  0.
 -0.6  0.4 -0.6  0.   0.6  0.  -0.6  0.4  0.2 -0.8  0.6 -0.2  0.  -0.8
  0.6  1.  -0.8 -1.  -0.6  0.8  0.6  0.8  0.6  0.8  0.8  0.  -0.8  0.
  0.6 -0.6  0.6 -0.6  0.8 -0.8 -0.8 -0.6  0.6 -0.2  1.   0.  -0.8  0.6
 -1.  -0.6 -0.6  0.8 -0.8  0.   0.6  0.6  0.6  0.4  0.6 -0.8 -0.6  0.8
  0.8 -0.8  0.6 -0.6 -0.8 -0.6 -0.8 -1.   0.6 -0.8  0.4 -0.4 -0.6 -0.6
 -0.2 -0.8  0.6 -0.6  0.4  0.2 -0.8  0.2  0.8  0.6  0.4  0.  -0.8 -0.6
  0.6  0.6 -0.4  0.8  0.6 -0.6  0.6  0.   0.  -0.8 -0.4 -0.6  0.  -0.8
 -0.8  0.6  0.6  0.6  0.6  0.4  0.6 -0.8  0.  -0.4  0.6  0.6  0.6 -0.2
  0.6 -0.4  0.6  0.  -0.6  0.6 -0.2 -0.6  0.8  0.6  0.6  0.   0.2  0.8
  0.  -0.4  0.2]
Predictions: [-0.64259636  0.45100835 -0.8805858   0.09706976 -0.8736174  -0.5586838
  0.46657977 -0.17445442  0.10309622 -0.48105562  0.21982393  0.24397403
  0.10130959  0.32728294 -0.5797469  -0.428152    0.01721761  0.3287591
  0.44683614 -0.5187346   0.2021825  -0.2295061   0.5375886  -0.31125203
 -0.85734147  0.398535   -0.51876456 -0.26375967 -0.7018091  -0.90254873
  0.27094543  0.6689025  -0.5567056  -0.33619377 -0.59412754 -0.34865922
  0.59722406  0.5629924  -0.16226296  0.46483955  0.5992466   0.025985
 -0.09128021 -0.62594336 -0.39515233 -0.24620381  0.6096876  -0.4012996
 -0.26384488 -0.92276114  0.34804937 -0.09099232 -0.2715248   0.5064643
  0.26845777 -0.04071171 -0.5763224   0.06912079 -0.45766115 -0.5709336
  0.1283792   0.06752076 -0.47484338  0.45814386 -0.24822435 -0.11987325
 -0.45286718 -0.84697104 -0.56740147 -0.53863066  0.39159828 -0.38455287
 -0.65851015 -0.12164305 -0.5682152   0.26333106  0.36075616 -0.02015274
 -0.69620144 -0.6577989  -0.54159755 -0.18775678 -0.16598056 -0.8153896
 -0.22281131 -0.06969947 -0.1712911   0.07168394 -0.45026577  0.07108418
 -0.08235849 -0.27415118 -0.05717062  0.4597753   0.2480487  -0.04102456
  0.17383584  0.65508145 -0.77100456  0.41030717 -0.19649652 -0.44987875
  0.24628305 -0.17770903 -0.13389497  0.02408034  0.00907684 -0.27705854
 -0.83784825  0.41912165 -0.33175603 -0.7373833  -0.9355539  -0.29776537
 -0.74530846 -0.84877586  0.47013912  0.45718512 -0.06747218 -0.29456338
 -0.20188835 -0.09963153 -0.20235366  0.21940795  0.35405242 -0.54434246
 -0.8771974  -0.14864856  0.43177596  0.6427281  -0.12018465  0.35864118
  0.14398074 -0.67964345 -0.19696355  0.5922211   0.5419048  -0.9741009
  0.5120196   0.3454476  -0.5978251   0.615893   -0.65410876 -0.44148815
 -0.20095474  0.2310496  -0.10981543 -0.17190057 -0.69435596 -0.0951806
  0.23980784 -0.30664274 -0.10508807 -0.41875467 -0.3482901  -0.02671751
 -0.8590996  -0.6212433   0.06018588  0.26063976  0.45522586 -0.0989356
 -0.0115471  -0.22002587 -0.3008717   0.591975   -0.7326271  -0.6794689
 -0.2016862   0.28117123 -0.24700466 -0.18309861 -0.1770899   0.12134673
 -0.7106131  -0.7033247  -0.6005745  -0.77207935 -0.7579021   0.67744833
  0.15559644 -0.44777462 -0.3308778   0.4724588   0.08824093  0.6520891
 -0.3871608  -0.21336156 -0.21286756 -0.7812115  -0.52199346 -0.05737714
 -0.27008724 -0.167285    0.02539159  0.56321317 -0.32125807 -0.90738845
  0.246533   -0.9388287   0.32630515 -0.25404096 -0.51149243 -0.19525096
 -0.5753666  -0.4021189  -0.61458355  0.17913356  0.5607795  -0.04288532
 -0.0131421   0.3182774  -0.44790828  0.334566   -0.7034851  -0.23343629
 -0.5297694   0.07565805 -0.2921294  -0.36540374 -0.34544763  0.25837505
  0.29279914 -0.64700127  0.28660598 -0.4803306  -0.48912376  0.08931401
 -0.72235274 -0.6922669  -0.8772613  -0.26601937 -0.5497817  -0.44676313
  0.07047973 -0.35581374 -0.6471663  -0.3232646   0.3107346   0.3043156
 -0.20572546 -0.308286    0.32135838 -0.3144121   0.36085358  0.40523177
 -0.05881208 -0.07182459 -0.15983689  0.48434654  0.17522633 -0.953001
 -0.60815996  0.20561385  0.32730046 -0.17364368 -0.05678525  0.2821665
  0.6517247  -0.49115494 -0.35630143 -0.02697355 -0.56621194  0.09676959
  0.28741187  0.55086076  0.28256366 -0.39476442 -0.46449855  0.03498512
 -0.5368866  -0.48740855 -0.550321   -0.35670558  0.366942    0.1698184
 -0.13977501 -0.00982448  0.55945265  0.12358225 -0.10899543  0.06447849
 -0.6741864   0.13835368  0.18172851 -0.40697247 -0.48148027 -0.6911901
 -0.22959694  0.35783684  0.45078227 -0.5921881  -0.11400231  0.4152033
 -0.09137559  0.3031568   0.05093882  0.288841   -0.17545044  0.3985042
 -0.83666724 -0.11731177  0.48319444 -0.5681824  -0.8762496   0.5046689
  0.12230361  0.57196116  0.57969576  0.188788   -0.6581303  -0.8417444
  0.22999147 -0.08315307  0.47424534  0.55582947 -0.3254726  -0.360528
  0.0517676   0.18121475  0.40302745 -0.16477826 -0.4384667   0.45826194
  0.1239739  -0.4268842  -0.22669205 -0.1377221  -0.28218803  0.01512596
 -0.20682234 -0.01395984 -0.19752151 -0.10196778  0.3764617   0.30057746
 -0.6191402  -0.5207766  -0.18587199 -0.12498865  0.21210322 -0.7000781
 -0.8972657   0.12542224  0.5791445  -0.5582205  -0.29626322 -0.13086782
  0.58912104  0.59680945 -0.7135824   0.49387243 -0.36012334  0.60290563
 -0.0232045  -0.02250997 -0.31370017 -0.16919859 -0.60158074  0.10396992
  0.27926913  0.34444517  0.1874781   0.1321432  -0.9285543  -0.45856
  0.18015039 -0.69360363 -0.16168556  0.66335034  0.5497222  -0.3345418
 -0.2685028  -0.35001376 -0.2599599   0.19441748 -0.2277534   0.12949684
 -0.6837215   0.08093997 -0.05706966 -0.32769555  0.0140895  -0.6123073
  0.47045425 -0.42329785 -0.75115556 -0.3358536  -0.1403301   0.25983813
 -0.35394636 -0.20506084 -0.16505283 -0.0140929  -0.22970861  0.3386329
 -0.4069918  -0.2425848  -0.1926888   0.22663686 -0.49773324 -0.3363911
 -0.4550319  -0.20652327  0.21116704  0.72204524 -0.04480654 -0.35407457
  0.17275003 -0.76642215 -0.49894014 -0.39388123  0.02014367 -0.31971934
 -0.04273983 -0.3465792   0.677738   -0.68532646 -0.6243675  -0.94634724
  0.5105394   0.01856028 -0.18646568 -0.00128502 -0.55065733 -0.92962915
  0.08057036 -0.3321338  -0.37524617 -0.63848454 -0.01768099 -0.32398012
 -0.4717982  -1.0150875  -0.2550866  -0.4180705  -0.36739206  0.24229202
 -0.237575    0.2715536   0.703275   -0.09749287 -0.23168966  0.27501875
  0.39437    -0.13127425  0.59135485 -0.8352057  -0.71130854 -1.087318
  0.64315045 -0.5463905  -0.2614252  -0.5105986  -0.5473704   0.05673797
  0.36757374  0.7564239  -0.42538187  0.6568617   0.0836718  -0.05175187
 -0.04745071  0.30273932  0.4480619  -0.77744395 -0.08944875  0.5493578
  0.02494167  0.5196997  -0.70607024 -0.4108784   0.16205075  0.29855737
 -0.06643293 -0.74070305  0.09446957  0.6248498  -0.13703358  0.3126842
 -0.18229508 -0.0072051   0.29639813 -0.33922064  0.07483041 -0.37461796
  0.5710328   0.4141363  -0.13576561 -0.6076987   0.07495225  0.3754242
 -0.08083858  0.51397735 -0.11178823  0.57620025  0.5547681  -0.29670155
  0.36631188  0.3484771   0.48964384  0.53119105 -0.75105155 -0.39861444
 -0.20891407  0.61603004 -0.46231952  0.5446464   0.32109198  0.044986
  0.02974136  0.33974692  0.01625445 -0.0977574   0.3664559   0.07289933
  0.75126356  0.3365665  -0.04968065  0.41412413 -0.45339224 -0.21705514
  0.28032497 -0.00681325  0.32408005  0.1253356   0.5277284  -0.7448563
  0.54723114 -0.2725883   0.24773109 -0.67664266 -0.01338628  0.43570894
  0.58765185 -0.7780657   0.1547752   0.50282335  0.8335944   0.58486533
  0.5738076   0.5038601   0.4854069  -0.00123371  0.590306   -0.46378517
  0.3830617  -0.17470396  0.02807889 -0.54797214  0.3765993  -0.48511055
 -0.22935176 -0.35417297  0.53063184 -0.22381926  0.4027592  -0.639593
 -0.77595055  0.35621813 -0.62714994 -0.17380166 -0.3596461   0.3950658
  0.11325317  0.3966019   0.39904404  0.5989149   0.39648378  0.30752504
  0.35953802 -0.60649985  0.6299026   0.36891952  0.5403534  -0.09320581
  0.49204317  0.35788795 -0.24862054 -0.08035715  0.4638925   0.14417163
 -0.08517948  0.08877449  0.44328812  0.29975682 -0.3117067   0.31502724
 -0.16306123 -0.20719165  0.1519537  -0.21220982  0.24298674 -0.29059267
 -0.74145997 -0.30993828  0.43978754  0.58862996  0.35659993  0.04995888
  0.35086635 -0.70992935  0.55474865  0.45037398 -0.11393362 -0.51076704
  0.36923745 -0.58852327 -0.6074655  -0.16830322 -0.19313815 -0.6175216
 -0.6797639  -0.66534984 -0.40773842  0.24358311 -0.62749755  0.48035434
  0.6361988   0.60467917  0.5366647   0.23380867  0.43702844 -0.49582675
  0.37567317  0.23361346  0.58062863  0.55485636  0.564774    0.2469194
  0.35326192 -0.22889733 -0.3687087  -0.17156081 -0.00632768  0.35855827
 -0.5379603  -0.23306498  0.07982673  0.4334362   0.24059251 -0.03557759
  0.51079816  0.52864313  0.11978488 -0.17824112 -0.37457636]
{"epoch": 20, "train_loss": 0.36056410989096, "val_mae": 0.4375743865966797, "val_corr": 0.5644991627352374, "val_binary_acc": 0.7341576506955177, "val_binary_f1": 0.6627450980392156, "threshold": 0.0}
Labels: [-1.   0.6 -1.   1.  -1.  -0.8 -0.2 -1.   0.6  0.2 -0.6 -0.2 -1.   1.
 -1.  -1.   0.   0.6 -1.  -1.   1.  -0.8  1.   1.  -1.   1.  -1.   1.
 -1.  -1.  -1.   1.  -1.  -0.4 -0.6  0.2  1.   0.8  0.   0.2  0.8 -0.8
  1.  -1.  -1.  -1.   0.8 -1.   0.8 -1.   1.   0.2  0.   1.  -1.  -0.6
 -0.2 -1.   0.4 -1.   1.   0.8 -1.   0.2 -0.6  0.   0.2 -1.  -1.  -1.
  1.   1.  -1.  -1.  -1.  -1.  -0.2 -0.6 -1.  -1.  -0.2  0.   0.8  0.4
  0.   0.  -0.2  0.  -0.6 -1.  -1.  -0.6 -1.  -0.6  0.6 -0.2 -1.  -0.2
 -1.  -0.4 -0.4  0.2  1.  -1.  -1.   1.   0.  -0.4 -1.   1.   0.6 -1.
 -1.   0.  -0.8 -1.   0.4  0.6  0.4 -1.  -0.4 -0.6 -0.4 -0.4 -1.  -0.4
 -0.4 -1.   1.   1.  -0.8 -0.2  1.  -1.  -0.2  0.6  1.  -1.   1.   0.6
 -0.2 -1.  -1.   0.  -1.  -0.4 -1.  -0.6 -0.4 -0.2  0.6  0.4  0.6 -0.4
  1.  -0.6 -1.   0.2 -1.   0.2  0.   0.  -0.6 -0.4 -0.6  1.  -1.  -1.
 -1.   1.   0.   1.  -0.6  1.  -1.  -1.  -1.  -1.   0.6  0.   0.6 -1.
 -1.   0.6  0.8  1.  -0.6  0.  -0.2 -1.  -1.   0.  -0.2 -0.2  0.4  0.6
  1.  -1.  -0.2 -1.   0.  -0.4 -1.   0.4 -0.6 -0.4 -1.   0.2  0.   0.
  0.   0.8  1.   0.  -0.4  1.  -1.   0.   0.2 -0.4  0.   0.8  0.   0.
  0.  -1.  -1.  -1.  -1.  -1.  -1.  -0.8 -1.  -1.   0.  -1.  -1.  -0.6
  0.   0.  -0.6 -1.   0.  -0.8  0.   0.8  0.6 -0.2  0.   1.   0.  -1.
 -1.  -0.6 -1.  -0.6 -0.4 -0.6  1.   0.   0.2  0.8 -0.2 -1.  -1.  -1.
 -1.   0.6 -1.  -1.  -0.2  1.  -0.2 -0.2  1.   0.2 -0.4  0.   0.4  1.
  0.   0.   0.2  0.4  0.   0.  -0.6 -1.  -0.2  0.4  0.  -1.  -0.4  0.
  0.   0.2  0.2 -0.2 -0.8 -1.  -1.  -0.2  0.4  0.2 -0.2  0.6  0.   0.2
  0.8  0.8  0.  -1.  -0.2 -0.8  0.   0.6 -0.8 -0.6  0.2  0.4  0.  -0.4
 -0.6 -0.2  0.6  0.   0.  -0.8 -0.2  0.  -0.2  0.   0.  -0.4  0.  -0.8
 -0.8 -0.8  0.6 -1.   0.6 -1.  -0.8 -1.   1.  -0.6 -1.  -1.   1.   1.
  0.2  0.8  1.   0.6 -0.2  0.2 -0.8 -1.  -1.  -0.2  0.2  1.  -0.8 -0.4
 -1.  -0.8 -0.6 -1.   0.  -0.8  0.6 -1.   1.   0.8 -0.2  0.  -0.6 -1.
 -1.   0.   1.   0.2  1.  -1.   0.8  0.4 -1.   1.  -0.8 -0.2 -0.8 -0.4
 -1.   0.   0.   0.  -0.4  0.  -0.4  0.   0.  -0.8  0.  -0.2 -0.6  0.8
  0.   0.6 -0.2 -1.  -0.2 -1.   0.6 -0.6  0.   0.   0.6  1.  -0.8 -1.
  1.   0.2  1.  -1.  -0.6 -0.8 -1.   1.   0.  -1.   1.  -0.2  0.  -1.
 -1.  -0.8  0.2  0.4 -0.4  0.   1.  -0.2 -0.2 -0.2  0.2 -0.8  0.8 -1.
 -1.  -1.   0.4 -0.8 -1.  -1.   0.4  0.2  0.8  0.8 -0.6  0.8  0.8 -0.8
  0.6  0.6 -0.8 -0.2 -0.4  0.8 -0.2  0.  -0.8 -0.4  0.8  0.6 -0.6 -0.8
 -0.6  0.8  0.6  0.6 -0.2  0.   0.4 -0.6 -0.6 -0.6  0.6  0.8  0.  -1.
 -0.6  0.   0.4  0.6  0.   0.   0.8 -0.6  0.2  0.6  0.8  0.8 -0.8 -0.4
  0.   0.6 -1.   0.8 -0.6  0.6  0.8  0.8  0.2 -0.8  0.6  0.4  0.8  0.
 -0.6  0.4 -0.6  0.   0.6  0.  -0.6  0.4  0.2 -0.8  0.6 -0.2  0.  -0.8
  0.6  1.  -0.8 -1.  -0.6  0.8  0.6  0.8  0.6  0.8  0.8  0.  -0.8  0.
  0.6 -0.6  0.6 -0.6  0.8 -0.8 -0.8 -0.6  0.6 -0.2  1.   0.  -0.8  0.6
 -1.  -0.6 -0.6  0.8 -0.8  0.   0.6  0.6  0.6  0.4  0.6 -0.8 -0.6  0.8
  0.8 -0.8  0.6 -0.6 -0.8 -0.6 -0.8 -1.   0.6 -0.8  0.4 -0.4 -0.6 -0.6
 -0.2 -0.8  0.6 -0.6  0.4  0.2 -0.8  0.2  0.8  0.6  0.4  0.  -0.8 -0.6
  0.6  0.6 -0.4  0.8  0.6 -0.6  0.6  0.   0.  -0.8 -0.4 -0.6  0.  -0.8
 -0.8  0.6  0.6  0.6  0.6  0.4  0.6 -0.8  0.  -0.4  0.6  0.6  0.6 -0.2
  0.6 -0.4  0.6  0.  -0.6  0.6 -0.2 -0.6  0.8  0.6  0.6  0.   0.2  0.8
  0.  -0.4  0.2]
Predictions: [-0.73850924  0.45508784 -0.8830503   0.12480851 -0.7365813  -0.46961567
  0.6947533  -0.20468467  0.04897228 -0.6139926   0.45678592  0.01405002
 -0.272328    0.49737704 -0.75773853 -0.29782152 -0.42024788  0.45057923
  0.16644426 -0.70619214  0.45288676 -0.24498762  0.7897331  -0.6321216
 -0.8708758   0.5622515  -0.5848753  -0.4039312  -0.74233854 -0.87204933
  0.10696797  0.7867342  -0.6720783  -0.09373997 -0.7596864  -0.6854931
  0.8690695   0.63474005 -0.14817853  0.5201699   0.7630993  -0.22407965
 -0.24040247 -0.75164634 -0.6615398  -0.5130765   0.7065739   0.4634139
  0.3012341  -0.9640525  -0.22603095 -0.21127029 -0.4410693   0.67657876
  0.08833422 -0.21587771 -0.7798721  -0.64222395 -0.56104374 -0.48322964
  0.47620958 -0.32364455 -0.29160738  0.61330956 -0.28514433 -0.54025424
 -0.8445729  -0.87145424 -0.73008585 -0.66132116  0.68282896 -0.5573255
 -0.7360383  -0.66713506 -0.6191954   0.5902968   0.41564912 -0.42872494
 -0.6848241  -0.77288127 -0.71799475  0.15610032 -0.2691975  -0.8877038
 -0.36929512 -0.4556712   0.31569013  0.1519734  -0.7199889  -0.05578843
  0.15761527 -0.39709115  0.289142    0.29311112  0.28510436 -0.28977588
 -0.7521293   0.9155348  -0.8276141  -0.45211452 -0.2408906  -0.36648914
 -0.7245665  -0.41539434 -0.15206107 -0.12835036 -0.01118767 -0.16544712
 -0.9026062   0.01453753 -0.33160767 -0.8325545  -0.88467264  0.67389286
 -0.7899899  -0.76477116  0.65470475  0.4987384  -0.12679891 -0.5450486
 -0.21649969 -0.6056671  -0.3720358   0.01051749  0.17603837 -0.4997329
 -0.934928   -0.52363056  0.60778296  0.75266683 -0.28074983 -0.32461107
  0.11476825 -0.7687458  -0.09717979  0.85995626  0.77833456 -0.8249507
  0.79394686  0.6164445  -0.64705753  0.8483479  -0.8285024  -0.60546726
 -0.36426854  0.3412117  -0.28208268  0.81516355 -0.7368102  -0.13695437
  0.05191075 -0.23677257 -0.10130613 -0.6644543  -0.5836355   0.01290244
 -0.85079986 -0.7459338  -0.31081215  0.36716476  0.59614676 -0.25882477
 -0.04046489 -0.38027674 -0.45027933  0.41536492 -0.83828926 -0.85380197
 -0.30259177  0.5587425  -0.46001408 -0.16928951 -0.6963102   0.55980515
 -0.60976577 -0.8231422  -0.60263157 -0.55508834 -1.0016048   0.73202
 -0.4670665  -0.6841581  -0.65042853  0.30314383 -0.01433869  0.9341544
 -0.5553334  -0.41712362 -0.06202184 -0.96114457 -0.7556834  -0.06056491
 -0.44816107 -0.47725844 -0.03280476  0.66778404 -0.4317233  -0.95750636
  0.348078   -0.9347154   0.45205152 -0.32691044 -0.84644383 -0.17796147
 -0.5036189  -0.29842547 -0.54459906  0.00588142  0.7368315  -0.4391338
 -0.21755219  0.45676827  0.39651123  0.46197814 -0.84968036 -0.44196376
 -0.60418546 -0.33648533 -0.46084726 -0.5256141  -0.58200115 -0.09334104
  0.45413023 -0.7422041   0.15878768 -0.56060135 -0.6038529   0.09779909
 -0.8748715  -0.8091603  -0.90486383 -0.18848163  0.0701454  -0.5721343
  0.24801558 -0.20265745 -0.7647902  -0.48168638  0.2617456   0.40895358
 -0.30292732 -0.22986507  0.4006325  -0.50905746  0.06604686  0.6399347
  0.13497058 -0.4818942  -0.07417469  0.5291653  -0.03769555 -1.0048255
 -0.7171184  -0.06465324  0.02342377 -0.10804796 -0.02084946  0.76864374
  0.9670094  -0.6433176  -0.45632297 -0.02343272 -0.54948777 -0.36579627
  0.2886627   0.6777362   0.20740426 -0.66066426 -0.7010002   0.00356193
 -0.5683122  -0.71382236 -0.61195    -0.5490126   0.58721834  0.2077387
 -0.07436812  0.02887418  0.7725128   0.15698774 -0.1942548   0.26906183
 -0.79434633  0.26130763  0.24411026 -0.5051217  -0.5563048  -0.6987688
 -0.7019731   0.3198438   0.5543858  -0.6591708  -0.32424164  0.6540512
 -0.27634034  0.3488006  -0.49889624 -0.41881108 -0.5622635   0.41187358
 -0.8054732  -0.19768335  0.55538774 -0.6341651  -0.9289901   0.21194807
 -0.47722477  0.5242136   0.80603117 -0.26092458 -0.17130814 -0.8448159
 -0.4026873  -0.18620072  0.5368074   0.28400594 -0.4307583  -0.45877686
 -0.63478076 -0.10772262  0.6427456  -0.24812272 -0.5232162   0.5525262
  0.3122589  -0.6074123  -0.18830365 -0.15362686 -0.7032597  -0.25723392
 -0.33076957 -0.00389483 -0.4057658  -0.24654573  0.31703985  0.3404814
 -0.49443296 -0.6269622   0.27393225 -0.09227368  0.5808528  -0.7761115
 -0.90919006 -0.40188006  0.535353   -0.7018359  -0.88927794 -0.6333413
  0.887708    0.56402266 -0.13356061  0.6662361  -0.7494947   0.68498355
 -0.25658643 -0.32423684 -0.70063126 -0.5494582  -0.6076325   0.11963619
  0.48487902  0.44499594  0.3336795   0.3478433  -0.9239051  -0.65531754
 -0.41692898 -0.6562916  -0.29571116  0.87182873  0.71514344 -0.46491843
 -0.28162047 -0.51766187 -0.30161184  0.39473367 -0.28468224  0.28513077
 -0.6783781  -0.02157108 -0.13435969 -0.49474308  0.00566683 -0.6707756
  0.47802466 -0.61724246 -0.61535126 -0.3569797  -0.11275811 -0.03883008
 -0.44392565 -0.17602547 -0.31209344  0.01757285 -0.55126834  0.55770504
 -0.3027702  -0.12341818 -0.11054322  0.59501296 -0.37921873 -0.375571
 -0.63507116 -0.5897618   0.37649164  0.9889897  -0.01839314 -0.4978053
  0.07704926 -0.7495476  -0.5813714  -0.46008253  0.23773098 -0.67038745
  0.725832   -0.60976464  0.93366057 -0.8825511  -0.51690245 -0.89727
 -0.42115828 -0.07887462  0.37977433 -0.15705313 -0.78158015 -0.968504
  0.04578396 -0.16385637 -0.52745146 -0.8089161  -0.49151102 -0.24868527
 -0.6086108  -1.0293993  -0.1916839  -0.55379045 -0.34153485  0.28111002
 -0.22585532 -0.06388088  0.38541466 -0.37687773 -0.33413237 -0.18019506
  0.18246123 -0.37272254  0.66385615 -0.82107615 -0.7695826  -1.1302986
  0.85205007 -0.624959   -0.3414536  -0.5673897  -0.43394068 -0.3415886
  0.7055138   0.87144065  0.1980246   0.7934385   0.73389447 -0.6041318
 -0.5505303   0.7101385   0.5437562  -0.83569914 -0.48867673  0.7883869
  0.16406584  0.4934482  -0.6231996  -0.4499219  -0.49157774  0.38515377
 -0.46911627 -0.7951937   0.13248731  0.7525433  -0.28371212  0.4756642
 -0.42808536  0.01568621  0.42480236 -0.5250794  -0.20518136 -0.46502572
  0.54985917  0.49246418 -0.7504021  -0.6930602  -0.33934215  0.48448402
 -0.7573494   0.75224775 -0.26072016  0.7571409   0.7620728  -0.5306342
  0.34049472  0.4209259   0.19209492  0.04890846 -0.76380575 -0.79951453
 -0.44518977  0.8213952  -0.72715986  0.32536525  0.414193   -0.05611965
  0.36671242  0.36935058  0.05504502 -0.1275007   0.18854335 -0.09951121
  0.95148396  0.15496226 -0.11018491  0.13252167 -0.54501575 -0.01937312
 -0.14529338 -0.07026289 -0.7269425   0.12425978  0.7227776  -0.71661377
  0.5905685  -0.04777164  0.36502168 -0.586799    0.8085575   0.535778
  0.7018329  -0.7380723  -0.14695966  0.5134182   1.112741    0.5628643
  0.20555833  0.74032146  0.313042   -0.64864963  0.6968611  -0.46356565
  0.5022008  -0.20113923  0.4368536  -0.7527137   0.5565957  -0.8207225
 -0.5568601  -0.5682938   0.64067394 -0.54524267  0.54200906 -0.80686635
 -0.77248347  0.34435707 -0.74299395 -0.36592698 -0.50988334  0.6996991
  0.26947883  0.5114445   0.63507885  0.82781446  0.5137142   0.3618616
 -0.33985505 -0.6501688   0.5810288   0.57729506  0.6690407  -0.11630091
  0.65184593  0.4829058  -0.34807074  0.09118409 -0.6043172  -0.22782783
 -0.0823843  -0.7296871   0.64564383  0.3819447  -0.51457196  0.34131035
 -0.66221076 -0.280866    0.40194982  0.33786678  0.30841556 -0.47591123
 -0.81178516 -0.60904574 -0.15165398  0.63423264  0.34345028  0.01263917
 -0.3096393  -0.51599044  0.5581939   0.609008   -0.1273753  -0.43047288
  0.5114967  -0.6579018  -0.72042376 -0.1220872  -0.1651899  -0.69745386
 -0.52880156 -0.6518005  -0.6857736   0.42445073 -0.16450217  0.6791883
  0.90683275  0.7586845   0.639019    0.22556743  0.63253266 -0.50375384
  0.49869055  0.02659636  0.8120302   0.7557791   0.5632154  -0.41780296
  0.19613865 -0.67120653 -0.58285886 -0.6731212  -0.05288434  0.3214088
 -0.6674116  -0.38624346  0.18531409  0.6076012   0.58850676 -0.7599106
  0.654175    0.78580916  0.04307413 -0.49268043 -0.5935135 ]
{"epoch": 21, "train_loss": 0.365311416082604, "val_mae": 0.44354692101478577, "val_corr": 0.5469617806419907, "val_binary_acc": 0.7372488408037094, "val_binary_f1": 0.6443514644351465, "threshold": 0.0}
Labels: [-1.   0.6 -1.   1.  -1.  -0.8 -0.2 -1.   0.6  0.2 -0.6 -0.2 -1.   1.
 -1.  -1.   0.   0.6 -1.  -1.   1.  -0.8  1.   1.  -1.   1.  -1.   1.
 -1.  -1.  -1.   1.  -1.  -0.4 -0.6  0.2  1.   0.8  0.   0.2  0.8 -0.8
  1.  -1.  -1.  -1.   0.8 -1.   0.8 -1.   1.   0.2  0.   1.  -1.  -0.6
 -0.2 -1.   0.4 -1.   1.   0.8 -1.   0.2 -0.6  0.   0.2 -1.  -1.  -1.
  1.   1.  -1.  -1.  -1.  -1.  -0.2 -0.6 -1.  -1.  -0.2  0.   0.8  0.4
  0.   0.  -0.2  0.  -0.6 -1.  -1.  -0.6 -1.  -0.6  0.6 -0.2 -1.  -0.2
 -1.  -0.4 -0.4  0.2  1.  -1.  -1.   1.   0.  -0.4 -1.   1.   0.6 -1.
 -1.   0.  -0.8 -1.   0.4  0.6  0.4 -1.  -0.4 -0.6 -0.4 -0.4 -1.  -0.4
 -0.4 -1.   1.   1.  -0.8 -0.2  1.  -1.  -0.2  0.6  1.  -1.   1.   0.6
 -0.2 -1.  -1.   0.  -1.  -0.4 -1.  -0.6 -0.4 -0.2  0.6  0.4  0.6 -0.4
  1.  -0.6 -1.   0.2 -1.   0.2  0.   0.  -0.6 -0.4 -0.6  1.  -1.  -1.
 -1.   1.   0.   1.  -0.6  1.  -1.  -1.  -1.  -1.   0.6  0.   0.6 -1.
 -1.   0.6  0.8  1.  -0.6  0.  -0.2 -1.  -1.   0.  -0.2 -0.2  0.4  0.6
  1.  -1.  -0.2 -1.   0.  -0.4 -1.   0.4 -0.6 -0.4 -1.   0.2  0.   0.
  0.   0.8  1.   0.  -0.4  1.  -1.   0.   0.2 -0.4  0.   0.8  0.   0.
  0.  -1.  -1.  -1.  -1.  -1.  -1.  -0.8 -1.  -1.   0.  -1.  -1.  -0.6
  0.   0.  -0.6 -1.   0.  -0.8  0.   0.8  0.6 -0.2  0.   1.   0.  -1.
 -1.  -0.6 -1.  -0.6 -0.4 -0.6  1.   0.   0.2  0.8 -0.2 -1.  -1.  -1.
 -1.   0.6 -1.  -1.  -0.2  1.  -0.2 -0.2  1.   0.2 -0.4  0.   0.4  1.
  0.   0.   0.2  0.4  0.   0.  -0.6 -1.  -0.2  0.4  0.  -1.  -0.4  0.
  0.   0.2  0.2 -0.2 -0.8 -1.  -1.  -0.2  0.4  0.2 -0.2  0.6  0.   0.2
  0.8  0.8  0.  -1.  -0.2 -0.8  0.   0.6 -0.8 -0.6  0.2  0.4  0.  -0.4
 -0.6 -0.2  0.6  0.   0.  -0.8 -0.2  0.  -0.2  0.   0.  -0.4  0.  -0.8
 -0.8 -0.8  0.6 -1.   0.6 -1.  -0.8 -1.   1.  -0.6 -1.  -1.   1.   1.
  0.2  0.8  1.   0.6 -0.2  0.2 -0.8 -1.  -1.  -0.2  0.2  1.  -0.8 -0.4
 -1.  -0.8 -0.6 -1.   0.  -0.8  0.6 -1.   1.   0.8 -0.2  0.  -0.6 -1.
 -1.   0.   1.   0.2  1.  -1.   0.8  0.4 -1.   1.  -0.8 -0.2 -0.8 -0.4
 -1.   0.   0.   0.  -0.4  0.  -0.4  0.   0.  -0.8  0.  -0.2 -0.6  0.8
  0.   0.6 -0.2 -1.  -0.2 -1.   0.6 -0.6  0.   0.   0.6  1.  -0.8 -1.
  1.   0.2  1.  -1.  -0.6 -0.8 -1.   1.   0.  -1.   1.  -0.2  0.  -1.
 -1.  -0.8  0.2  0.4 -0.4  0.   1.  -0.2 -0.2 -0.2  0.2 -0.8  0.8 -1.
 -1.  -1.   0.4 -0.8 -1.  -1.   0.4  0.2  0.8  0.8 -0.6  0.8  0.8 -0.8
  0.6  0.6 -0.8 -0.2 -0.4  0.8 -0.2  0.  -0.8 -0.4  0.8  0.6 -0.6 -0.8
 -0.6  0.8  0.6  0.6 -0.2  0.   0.4 -0.6 -0.6 -0.6  0.6  0.8  0.  -1.
 -0.6  0.   0.4  0.6  0.   0.   0.8 -0.6  0.2  0.6  0.8  0.8 -0.8 -0.4
  0.   0.6 -1.   0.8 -0.6  0.6  0.8  0.8  0.2 -0.8  0.6  0.4  0.8  0.
 -0.6  0.4 -0.6  0.   0.6  0.  -0.6  0.4  0.2 -0.8  0.6 -0.2  0.  -0.8
  0.6  1.  -0.8 -1.  -0.6  0.8  0.6  0.8  0.6  0.8  0.8  0.  -0.8  0.
  0.6 -0.6  0.6 -0.6  0.8 -0.8 -0.8 -0.6  0.6 -0.2  1.   0.  -0.8  0.6
 -1.  -0.6 -0.6  0.8 -0.8  0.   0.6  0.6  0.6  0.4  0.6 -0.8 -0.6  0.8
  0.8 -0.8  0.6 -0.6 -0.8 -0.6 -0.8 -1.   0.6 -0.8  0.4 -0.4 -0.6 -0.6
 -0.2 -0.8  0.6 -0.6  0.4  0.2 -0.8  0.2  0.8  0.6  0.4  0.  -0.8 -0.6
  0.6  0.6 -0.4  0.8  0.6 -0.6  0.6  0.   0.  -0.8 -0.4 -0.6  0.  -0.8
 -0.8  0.6  0.6  0.6  0.6  0.4  0.6 -0.8  0.  -0.4  0.6  0.6  0.6 -0.2
  0.6 -0.4  0.6  0.  -0.6  0.6 -0.2 -0.6  0.8  0.6  0.6  0.   0.2  0.8
  0.  -0.4  0.2]
Predictions: [-0.4874886   0.4777525  -0.6685487   0.24039862 -0.6949489  -0.14106542
  0.6617593  -0.24485642 -0.6025138  -0.4353081   0.538385    0.43243563
  0.34842262  0.5462791  -0.60623896 -0.32531267 -0.05208017  0.48857486
 -0.05541948 -0.31977358  0.50744724 -0.21773928  0.7050206  -0.5886462
 -0.80580497  0.47689068 -0.53214407  0.38857195 -0.7259461  -0.7549505
  0.22399044  0.61058736 -0.55579     0.05035182 -0.0071771  -0.23785454
  0.679856    0.5497749  -0.3722548   0.49627417  0.610316   -0.00796641
  0.28780448 -0.61487067 -0.6088908  -0.38790074  0.6392493   0.589675
 -0.24643674 -0.93069345  0.46202064 -0.06642383 -0.66324407  0.57317495
  0.20396885  0.20696253 -0.50977606 -0.62351274 -0.5096054  -0.29546136
  0.22331023  0.17621857 -0.2642482   0.62480307 -0.06897685 -0.21252647
 -0.7128744  -0.74476635 -0.5364234  -0.47003388  0.82435894 -0.5841629
 -0.6940361   0.13893005 -0.51904255  0.3429068   0.5073963  -0.31072992
 -0.6155818  -0.72654164 -0.49661165 -0.4098538  -0.11109915 -0.76504093
  0.12882847  0.02117723  0.4630465   0.32321844 -0.67797923  0.22156498
 -0.11949866 -0.47405663  0.43000603  0.19482264  0.44265354  0.09500545
 -0.67209125  0.7229574  -0.7643941  -0.34418964 -0.24865419 -0.31576678
 -0.19663447 -0.7522147  -0.0963947   0.22367197 -0.02064373 -0.3339549
 -0.9049164  -0.0812237  -0.26071763 -0.76543176 -0.8619907  -0.26082796
 -0.8453048  -0.74999976  0.64187974  0.15467072 -0.10159557 -0.40848342
 -0.16013879 -0.48496324 -0.19353354  0.5122609  -0.0215218  -0.31399274
 -0.82679164 -0.5203519   0.51600146  0.6993269   0.15754446  0.3016121
  0.28727984 -0.7601676  -0.05980944  0.6303781   0.688244   -1.0131621
  0.5224203   0.48547298 -0.19067061  0.7543618  -0.7645383  -0.18170604
 -0.24059588  0.3681901  -0.12341303  0.7702117  -0.64960474 -0.11917127
  0.02606819 -0.17361927  0.04890267 -0.6162818  -0.4389112   0.04194736
 -0.52007765 -0.26119572  0.11181825  0.39334667  0.53561795 -0.07272071
  0.1210293  -0.20722803 -0.15224186  0.5341566  -0.7914791  -0.7042847
 -0.16896628  0.4611339  -0.29368642  0.00971934 -0.3680786   0.5941078
 -0.46671697 -0.6706544  -0.40439424 -0.70720994 -0.8915939   0.5110326
 -0.28814694 -0.662991   -0.36935988  0.6849142   0.27187377  0.78574425
 -0.27455944 -0.28645718 -0.1844964  -0.83481354 -0.07451005 -0.0126128
 -0.1730671  -0.5327512   0.06516214  0.6513525  -0.6727297  -0.80826056
  0.39018235 -0.86360687  0.49023867 -0.01410172 -0.6416071  -0.23183244
 -0.30847028 -0.15541242 -0.37675333  0.06169882  0.6125297  -0.24683392
 -0.00229844  0.57797265  0.56842655  0.38364175 -0.7435964   0.13728744
 -0.5121746   0.25864893  0.10387253 -0.4489479  -0.5905559  -0.37054273
  0.5282672  -0.6854377   0.04090147 -0.45844582 -0.3509032   0.23347884
 -0.72202456 -0.6744747  -0.84200984 -0.36710772 -0.42896822 -0.3199667
 -0.10278805 -0.14825931 -0.8706333  -0.36922532  0.24775526  0.61251193
 -0.18698582 -0.14892289  0.3407357  -0.44780466  0.19008622  0.56808966
 -0.11683552  0.14129132  0.26435137  0.6751536  -0.04498101 -0.95614094
 -0.6964036   0.28496557 -0.00456177  0.01113164  0.05780976 -0.00954523
  0.8680249  -0.37310752 -0.11479599  0.06101853 -0.55235773 -0.48621303
  0.30115205  0.6688925   0.34383526 -0.71122956 -0.6080827  -0.04715697
 -0.59542966 -0.6388251  -0.5386333  -0.52507675  0.44630283  0.3098883
 -0.05332202  0.08877904  0.6399607   0.22427917 -0.1193724   0.3898929
 -0.47074932  0.37328896  0.21183306 -0.42670763 -0.4746047  -0.7296673
 -0.05223744  0.26504067  0.58360016 -0.6151567  -0.22365585  0.6451547
 -0.05246215  0.4684065  -0.4197274  -0.01103074 -0.45691046  0.3210369
 -0.7691208  -0.04039637  0.5960525  -0.5669705  -0.78931725  0.14184523
  0.08586901  0.6211089   0.6394921   0.23450953 -0.2524798  -0.8219174
  0.04950128 -0.47852266  0.5408559   0.6247692  -0.31336468 -0.3445024
 -0.02473374  0.20165893  0.6587353  -0.20778933 -0.33666503  0.3879655
  0.32634977 -0.49493068 -0.1540211  -0.07180023 -0.46706423  0.20337197
 -0.16635633 -0.1031687  -0.18688059 -0.08987521  0.58084947  0.36379114
 -0.5169895  -0.50287855 -0.46340826 -0.15422514  0.5544239  -0.7460336
 -0.84180593  0.1325047   0.43232808 -0.21189499 -0.67983675 -0.57049215
  0.7275756   0.52168745 -0.5665278   0.6732233  -0.33368748  0.6112483
 -0.266663   -0.21252865 -0.6354766  -0.37049735 -0.58812886  0.00579637
  0.55956674  0.62521774  0.46452212  0.447124   -0.81531197 -0.329844
 -0.32955617 -0.63586545  0.00177163  0.71125513  0.6310106  -0.28391188
 -0.24848774 -0.57460994 -0.3659749   0.37260425 -0.20616439  0.35472682
 -0.55745536  0.16020122 -0.05739736 -0.29306835  0.06230234 -0.52315027
  0.54888564 -0.6220345  -0.36564687 -0.89770806 -0.05158094 -0.1005909
 -0.22196245 -0.15251365 -0.05376847  0.04615403 -0.1427036   0.3985562
 -0.14604425 -0.23960704  0.21530345  0.47247636 -0.24033809 -0.19328037
 -0.52448463  0.30455065  0.28426045  0.80731654  0.09076817 -0.6602571
  0.0965248  -0.6114416  -0.45634475 -0.44888642 -0.00294236 -0.55008256
 -0.10371491 -0.2742167   0.77967674 -0.855616   -0.5415755  -0.8161036
 -0.19733605 -0.486678    0.55284995 -0.4659825  -0.23353764 -0.82392615
  0.31602895 -0.19811648 -0.51048297 -0.6398065  -0.2986726  -0.10704988
 -0.5045134  -0.91217136 -0.31195045 -0.5584786  -0.3527837   0.27519727
 -0.13732356  0.55446404  0.6111648  -0.10470095 -0.30462748  0.04786639
  0.34530017 -0.14752999  0.5985257  -0.8140609  -0.76972777 -1.0820644
  0.69643253 -0.59892225 -0.26100424 -0.53375155 -0.5014909   0.1515306
  0.61792547  0.7659176  -0.46005723  0.7336625   0.04312822 -0.68381536
  0.14061254  0.63676465  0.38211548 -0.7233331  -0.42011917  0.716915
  0.2915659   0.4615984  -0.65703064 -0.3653829   0.12860447  0.47367936
 -0.47050023 -0.59583914  0.24953061  0.5954548  -0.55250865  0.43935493
 -0.04728115  0.02123047  0.4883448  -0.49026993 -0.26722184 -0.3191775
  0.09950589  0.46951914 -0.13581787 -0.36829144 -0.20302722  0.45845872
  0.04821843  0.6129494  -0.2234512   0.51853347  0.66385114 -0.12618072
  0.5915799   0.40728855  0.6123632   0.67504615 -0.64050716 -0.6650461
 -0.32591754  0.7103024  -0.61596006  0.5505869  -0.26182577  0.4705336
  0.43767703  0.4368952   0.15084043  0.00560992  0.22845823 -0.02537824
  0.7796242   0.44413674 -0.04269248  0.52070165 -0.6201598  -0.2574106
 -0.3632133  -0.19890234 -0.4348599   0.16124603  0.67740756 -0.66345274
  0.5778774  -0.32988673  0.47304368 -0.80375326  0.76418144  0.5401086
  0.6734966  -0.99345577  0.19333646  0.752241    0.98288274  0.56164193
  0.23651299  0.5610242   0.6446982  -0.6591145   0.5984364  -0.37345827
  0.50392175 -0.20332283  0.51838344 -0.69139665  0.5559722  -0.6687706
 -0.50347227 -0.46167046  0.61465436 -0.44529107  0.6063972  -0.74665284
 -0.5905679   0.45037794 -0.67699033 -0.19668242 -0.6775316   0.58940935
  0.25472528  0.5405117   0.563857    0.6992302   0.41672868  0.45264632
  0.39061144 -0.61478513  0.3024053   0.5853138   0.6263832  -0.00601956
  0.09375765  0.5343612  -0.26305145 -0.15679805 -0.49225208 -0.87200296
 -0.10433689 -0.467823    0.5659995   0.4026071  -0.3027911   0.45060354
 -0.6359824  -0.16535449  0.48257875  0.21686822  0.42445734 -0.213514
 -0.36729407 -0.49093583  0.43158093  0.63374543  0.36679372  0.22490591
 -0.1797579  -0.4887269   0.6207237   0.56812155 -0.06566674 -0.5428468
  0.24988598 -0.548746   -0.7496648  -0.32680723 -0.25512224 -0.68437433
 -0.41233087 -0.6730794  -0.48383117  0.38639703 -0.12380957  0.58056164
  0.79287773  0.68242526  0.3796794   0.3011995   0.06718241 -0.5009984
  0.53416514  0.08659769  0.3175387   0.6679036   0.54501903 -0.13546473
  0.37777343 -0.5122857  -0.4204982  -0.37367445 -0.1027486   0.3830521
 -0.07143497 -0.4364438   0.42421916  0.60401905  0.509323   -0.6405958
  0.48916537  0.62164736  0.09669607 -0.00347979 -0.5535403 ]
{"epoch": 22, "train_loss": 0.35938033738801645, "val_mae": 0.4435853064060211, "val_corr": 0.5584225490678117, "val_binary_acc": 0.7341576506955177, "val_binary_f1": 0.6627450980392156, "threshold": 0.0}
Labels: [-1.   0.6 -1.   1.  -1.  -0.8 -0.2 -1.   0.6  0.2 -0.6 -0.2 -1.   1.
 -1.  -1.   0.   0.6 -1.  -1.   1.  -0.8  1.   1.  -1.   1.  -1.   1.
 -1.  -1.  -1.   1.  -1.  -0.4 -0.6  0.2  1.   0.8  0.   0.2  0.8 -0.8
  1.  -1.  -1.  -1.   0.8 -1.   0.8 -1.   1.   0.2  0.   1.  -1.  -0.6
 -0.2 -1.   0.4 -1.   1.   0.8 -1.   0.2 -0.6  0.   0.2 -1.  -1.  -1.
  1.   1.  -1.  -1.  -1.  -1.  -0.2 -0.6 -1.  -1.  -0.2  0.   0.8  0.4
  0.   0.  -0.2  0.  -0.6 -1.  -1.  -0.6 -1.  -0.6  0.6 -0.2 -1.  -0.2
 -1.  -0.4 -0.4  0.2  1.  -1.  -1.   1.   0.  -0.4 -1.   1.   0.6 -1.
 -1.   0.  -0.8 -1.   0.4  0.6  0.4 -1.  -0.4 -0.6 -0.4 -0.4 -1.  -0.4
 -0.4 -1.   1.   1.  -0.8 -0.2  1.  -1.  -0.2  0.6  1.  -1.   1.   0.6
 -0.2 -1.  -1.   0.  -1.  -0.4 -1.  -0.6 -0.4 -0.2  0.6  0.4  0.6 -0.4
  1.  -0.6 -1.   0.2 -1.   0.2  0.   0.  -0.6 -0.4 -0.6  1.  -1.  -1.
 -1.   1.   0.   1.  -0.6  1.  -1.  -1.  -1.  -1.   0.6  0.   0.6 -1.
 -1.   0.6  0.8  1.  -0.6  0.  -0.2 -1.  -1.   0.  -0.2 -0.2  0.4  0.6
  1.  -1.  -0.2 -1.   0.  -0.4 -1.   0.4 -0.6 -0.4 -1.   0.2  0.   0.
  0.   0.8  1.   0.  -0.4  1.  -1.   0.   0.2 -0.4  0.   0.8  0.   0.
  0.  -1.  -1.  -1.  -1.  -1.  -1.  -0.8 -1.  -1.   0.  -1.  -1.  -0.6
  0.   0.  -0.6 -1.   0.  -0.8  0.   0.8  0.6 -0.2  0.   1.   0.  -1.
 -1.  -0.6 -1.  -0.6 -0.4 -0.6  1.   0.   0.2  0.8 -0.2 -1.  -1.  -1.
 -1.   0.6 -1.  -1.  -0.2  1.  -0.2 -0.2  1.   0.2 -0.4  0.   0.4  1.
  0.   0.   0.2  0.4  0.   0.  -0.6 -1.  -0.2  0.4  0.  -1.  -0.4  0.
  0.   0.2  0.2 -0.2 -0.8 -1.  -1.  -0.2  0.4  0.2 -0.2  0.6  0.   0.2
  0.8  0.8  0.  -1.  -0.2 -0.8  0.   0.6 -0.8 -0.6  0.2  0.4  0.  -0.4
 -0.6 -0.2  0.6  0.   0.  -0.8 -0.2  0.  -0.2  0.   0.  -0.4  0.  -0.8
 -0.8 -0.8  0.6 -1.   0.6 -1.  -0.8 -1.   1.  -0.6 -1.  -1.   1.   1.
  0.2  0.8  1.   0.6 -0.2  0.2 -0.8 -1.  -1.  -0.2  0.2  1.  -0.8 -0.4
 -1.  -0.8 -0.6 -1.   0.  -0.8  0.6 -1.   1.   0.8 -0.2  0.  -0.6 -1.
 -1.   0.   1.   0.2  1.  -1.   0.8  0.4 -1.   1.  -0.8 -0.2 -0.8 -0.4
 -1.   0.   0.   0.  -0.4  0.  -0.4  0.   0.  -0.8  0.  -0.2 -0.6  0.8
  0.   0.6 -0.2 -1.  -0.2 -1.   0.6 -0.6  0.   0.   0.6  1.  -0.8 -1.
  1.   0.2  1.  -1.  -0.6 -0.8 -1.   1.   0.  -1.   1.  -0.2  0.  -1.
 -1.  -0.8  0.2  0.4 -0.4  0.   1.  -0.2 -0.2 -0.2  0.2 -0.8  0.8 -1.
 -1.  -1.   0.4 -0.8 -1.  -1.   0.4  0.2  0.8  0.8 -0.6  0.8  0.8 -0.8
  0.6  0.6 -0.8 -0.2 -0.4  0.8 -0.2  0.  -0.8 -0.4  0.8  0.6 -0.6 -0.8
 -0.6  0.8  0.6  0.6 -0.2  0.   0.4 -0.6 -0.6 -0.6  0.6  0.8  0.  -1.
 -0.6  0.   0.4  0.6  0.   0.   0.8 -0.6  0.2  0.6  0.8  0.8 -0.8 -0.4
  0.   0.6 -1.   0.8 -0.6  0.6  0.8  0.8  0.2 -0.8  0.6  0.4  0.8  0.
 -0.6  0.4 -0.6  0.   0.6  0.  -0.6  0.4  0.2 -0.8  0.6 -0.2  0.  -0.8
  0.6  1.  -0.8 -1.  -0.6  0.8  0.6  0.8  0.6  0.8  0.8  0.  -0.8  0.
  0.6 -0.6  0.6 -0.6  0.8 -0.8 -0.8 -0.6  0.6 -0.2  1.   0.  -0.8  0.6
 -1.  -0.6 -0.6  0.8 -0.8  0.   0.6  0.6  0.6  0.4  0.6 -0.8 -0.6  0.8
  0.8 -0.8  0.6 -0.6 -0.8 -0.6 -0.8 -1.   0.6 -0.8  0.4 -0.4 -0.6 -0.6
 -0.2 -0.8  0.6 -0.6  0.4  0.2 -0.8  0.2  0.8  0.6  0.4  0.  -0.8 -0.6
  0.6  0.6 -0.4  0.8  0.6 -0.6  0.6  0.   0.  -0.8 -0.4 -0.6  0.  -0.8
 -0.8  0.6  0.6  0.6  0.6  0.4  0.6 -0.8  0.  -0.4  0.6  0.6  0.6 -0.2
  0.6 -0.4  0.6  0.  -0.6  0.6 -0.2 -0.6  0.8  0.6  0.6  0.   0.2  0.8
  0.  -0.4  0.2]
Predictions: [-0.44781324  0.32895976 -0.5935933   0.4197273  -0.6144699   0.11144854
  0.48237976 -0.01712419 -0.44149667 -0.41171473  0.39052463  0.2607381
  0.1710678   0.0890695  -0.6362217  -0.35916772 -0.01595764  0.43083397
  0.14038138 -0.29168645  0.4770318  -0.12800612  0.55645    -0.4049883
 -0.6042606   0.16331893 -0.41279504 -0.38029268 -0.60091937 -0.6633308
 -0.5413742   0.6156583  -0.43020704 -0.03854637 -0.5823726  -0.25725925
  0.47021088  0.46741262 -0.08479401  0.44735464  0.5440817  -0.13282277
  0.16851608 -0.5187708  -0.4753358  -0.11664024  0.4439074   0.521385
 -0.13368309 -0.66857165  0.3733171  -0.05622141 -0.38222176  0.47302672
  0.19318482 -0.62712675 -0.49151587  0.02721113 -0.23173763 -0.31435502
 -0.48319295  0.19345617 -0.03629487  0.43443277 -0.1408933  -0.14293745
 -0.7455276  -0.765989   -0.43137383 -0.2686252   0.47837058 -0.4238988
 -0.65546155 -0.13879034 -0.38883615  0.40595433  0.4047559  -0.20969404
 -0.44091505 -0.69140506 -0.37721887  0.43568894 -0.2393493  -0.60323745
  0.22956839  0.32232064 -0.1410024   0.30940887 -0.5910505  -0.02924277
 -0.27518472  0.20375758  0.02146828  0.33717513  0.39244202  0.25666666
 -0.482536    0.50022054 -0.6742829  -0.288725   -0.15437351 -0.24738967
 -0.11928396 -0.55733323 -0.11104782  0.2312251  -0.0928953  -0.07159197
 -0.6976139   0.323886   -0.21606246 -0.55361915 -0.80676323 -0.22349991
 -0.6846798  -0.41628343  0.5385004   0.01386534 -0.13090692 -0.5659669
 -0.24672838 -0.21794286 -0.417435    0.15452272  0.4512104  -0.33519605
 -0.73549694  0.05313766  0.4436731   0.74297345  0.04768855  0.4372335
  0.24360552 -0.564053   -0.04125714  0.45612422  0.4939333  -0.79889417
  0.5642025  -0.49010548 -0.39259055  0.57991105 -0.687939   -0.312592
 -0.23491174  0.33925968 -0.11429331 -0.22587024 -0.48398808 -0.08556743
  0.35795    -0.20518722  0.04914557 -0.4107998   0.07914971 -0.07414243
 -0.6130401  -0.34394446 -0.07560924  0.27015817  0.42760018 -0.10970892
  0.01805193 -0.15310764 -0.3646242   0.4403577  -0.41458303 -0.46569505
 -0.31350604  0.360005   -0.12106912 -0.00464288 -0.3815374   0.4523231
 -0.6227695  -0.53631943 -0.39993975 -0.4760004  -0.8168076   0.4879383
 -0.00961562 -0.7807903  -0.63251     0.5708737   0.1686048   0.6006676
 -0.44626397 -0.63545465 -0.01429341 -0.6191864  -0.42685974 -0.04142173
 -0.17288938 -0.36736274  0.1255118   0.61101156 -0.6954724  -0.68634945
  0.2186903  -0.76024854  0.3445321  -0.13833131 -0.78107405  0.04876949
 -0.35737023 -0.2545893  -0.4060019   0.03099936  0.12376098 -0.22268465
  0.2544508   0.48862174  0.28560692  0.34122533 -0.5382648  -0.10641848
 -0.33184126 -0.21139637  0.11821681 -0.5427303  -0.44855267  0.18937442
 -0.51209915 -0.39375407  0.26862988 -0.33655444 -0.14474188 -0.6796242
 -0.6303181  -0.5186527  -0.66580915 -0.34192586 -0.06991001 -0.41516313
 -0.11714275 -0.69048697 -0.7352394  -0.3888344   0.31349477  0.45561585
 -0.01230403 -0.06251296  0.2988851  -0.662358    0.07598016  0.41754094
  0.21353456  0.1880221   0.08572137  0.53737694  0.16583431 -0.83965
 -0.54437983  0.07327637 -0.0438846  -0.07650746 -0.5129291  -0.13086404
  0.66842043 -0.34260532 -0.20684643  0.16569632 -0.32224607 -0.1760154
 -0.04960048  0.1777376   0.04573457 -0.5385255  -0.27468115  0.13158244
 -0.7183416  -0.3139694  -0.29402363 -0.36077505  0.39061648  0.20276356
 -0.04949971  0.11175293  0.5114922   0.19064775  0.04726632 -0.04780757
 -0.53133404  0.24863362  0.271306   -0.19331528 -0.39322641 -0.5658518
 -0.27866894  0.2571267   0.5452207  -0.62429    -0.01675801  0.45669356
  0.02106028  0.39823753 -0.24218771 -0.3350119  -0.24483718 -0.65257704
 -0.73138964 -0.3885564   0.38764802 -0.43094358 -0.7382784   0.28987628
 -0.62490547  0.46269462  0.6291639  -0.10464222 -0.68957305 -0.8344842
 -0.04223631 -0.4028342   0.4822521   0.31149802 -0.14160156 -0.1686383
 -0.13428977  0.2219275   0.46015254 -0.12082615 -0.42395487 -0.5100558
  0.11729924  0.0173407  -0.29412007 -0.13815469 -0.38129002  0.1294799
 -0.16842669 -0.07597497 -0.09943427  0.2217573   0.3489642   0.36014947
 -0.48237038 -0.43479893 -0.41157514  0.09792687  0.37114748 -0.6862033
 -0.7617861   0.17829606  0.48102328 -0.55338806 -0.60856426 -0.3346908
  0.56377476  0.50385404 -0.4892146   0.56580067 -0.43887135  0.38551468
 -0.16644879  0.14932668 -0.49861053 -0.41426075 -0.5871535   0.14830959
  0.38894507  0.5127269   0.21211314  0.26309276 -0.75988376 -0.62720317
 -0.09601235 -0.6408576  -0.00282421  0.3449398   0.46486422 -0.15946136
 -0.13670893 -0.4923266  -0.11198953  0.2573384  -0.25584736  0.4860479
 -0.51900405  0.16132663  0.02014338 -0.09597467  0.09846015 -0.46063516
  0.4545997  -0.5633945  -0.6920649  -0.7572914  -0.03618789 -0.19306919
 -0.16261877 -0.10327476 -0.00537149  0.10649203 -0.13706937  0.47012296
 -0.3164481  -0.00728477  0.11539686 -0.0107763   0.04279253 -0.2248086
 -0.5294941   0.03511007 -0.3105317   0.6321156   0.05924064 -0.41735828
  0.26404387 -0.48835483 -0.32951292 -0.25125623  0.16796866 -0.18303645
  0.2542639  -0.26873752  0.6104354  -0.66753703 -0.5727541  -0.79319334
 -0.48747528 -0.341827   -0.46950468 -0.53534514 -0.37794456 -0.71665525
  0.28204578  0.25355744 -0.27953666 -0.58558    -0.25165033 -0.1299666
 -0.32263893 -0.7947706  -0.06947438 -0.5164754  -0.29195052  0.270255
 -0.23550567  0.4718311   0.5232934  -0.09827781 -0.33309332 -0.5851218
 -0.05654461 -0.4138926   0.4155939  -0.6202088  -0.64131314 -0.8622048
  0.5625505  -0.4985651  -0.59654367 -0.31199062 -0.24389894 -0.5728649
  0.4509872   0.62010825 -0.37439963  0.57431465  0.39990118 -0.54330766
 -0.04203595  0.48141423  0.3475288  -0.6265744  -0.38337198  0.5889584
  0.13185729  0.4482412  -0.5562186  -0.05400525  0.17250848  0.15488498
 -0.12276027 -0.51385844  0.01862188  0.48789164 -0.29492754  0.34371316
 -0.12913725  0.01117828  0.3238857  -0.10908344 -0.02918878 -0.16437164
  0.2428503   0.500247    0.01888536 -0.26403984 -0.08032144  0.35400632
 -0.07340331  0.588675   -0.10945991  0.39472508  0.53021526 -0.11665947
  0.633648    0.30364582  0.54223764  0.69721675 -0.6015919  -0.42520043
 -0.2929448   0.59621996 -0.39438516  0.41296977  0.31480256  0.06467237
  0.13037175  0.29288352  0.09991707  0.03196413  0.34990433  0.05908567
  0.6412975   0.25509253  0.01991605  0.3000603  -0.3630146   0.19133434
  0.09567106 -0.09307216 -0.4310492   0.07947439  0.5093837  -0.5225506
  0.4114377   0.07117763  0.41332042 -0.45793235  0.59686255  0.43085706
  0.60522366 -0.857528    0.27892965  0.67857707  0.5195531   0.49148628
  0.21954063  0.48192993  0.5573891  -0.49255243  0.60996336 -0.26247513
  0.49220738 -0.1638953   0.39719    -0.56785065  0.34604302 -0.6588151
 -0.07927109 -0.33038265  0.43924528 -0.091534    0.548658   -0.66427356
 -0.6546582   0.49348775 -0.55559516 -0.27829048 -0.4850265   0.45698807
  0.16317904  0.4518542   0.29707423  0.5782388  -0.09811613  0.41601634
  0.33945826 -0.54522043  0.25540555  0.2662354   0.57877815 -0.06060918
  0.10166514  0.4554288  -0.1647582  -0.21060096 -0.02635981  0.21802741
  0.02930232  0.22019145  0.42618188  0.34590852 -0.17634015  0.26184693
 -0.50033355 -0.4272593   0.21995875  0.5819672   0.30653796 -0.14532724
 -0.5755373  -0.2686768  -0.48651674  0.47186992  0.24962747  0.1643705
 -0.03552692 -0.6810199   0.44599637  0.42016968  0.01982829 -0.39301443
  0.334022   -0.35472834 -0.6868024   0.06700048 -0.19916981 -0.5926716
 -0.36457965 -0.57983303 -0.33833396  0.40571854 -0.56536496  0.5010088
  0.6612983   0.50986516  0.5070371   0.16893895  0.06970796 -0.41695687
  0.41265765  0.19865191  0.33920467  0.52898335  0.47031465  0.19064069
  0.33844736 -0.14672166  0.4693499  -0.18238632  0.04498923  0.33988923
 -0.06405127 -0.23847717  0.34690842  0.46934202  0.38475972 -0.48613337
  0.5029921   0.5665746   0.3035801  -0.10572685 -0.49239975]
{"epoch": 23, "train_loss": 0.35645468983539313, "val_mae": 0.45128121972084045, "val_corr": 0.5571053433860372, "val_binary_acc": 0.7279752704791345, "val_binary_f1": 0.6575875486381323, "threshold": 0.0}
Labels: [-1.   0.6 -1.   1.  -1.  -0.8 -0.2 -1.   0.6  0.2 -0.6 -0.2 -1.   1.
 -1.  -1.   0.   0.6 -1.  -1.   1.  -0.8  1.   1.  -1.   1.  -1.   1.
 -1.  -1.  -1.   1.  -1.  -0.4 -0.6  0.2  1.   0.8  0.   0.2  0.8 -0.8
  1.  -1.  -1.  -1.   0.8 -1.   0.8 -1.   1.   0.2  0.   1.  -1.  -0.6
 -0.2 -1.   0.4 -1.   1.   0.8 -1.   0.2 -0.6  0.   0.2 -1.  -1.  -1.
  1.   1.  -1.  -1.  -1.  -1.  -0.2 -0.6 -1.  -1.  -0.2  0.   0.8  0.4
  0.   0.  -0.2  0.  -0.6 -1.  -1.  -0.6 -1.  -0.6  0.6 -0.2 -1.  -0.2
 -1.  -0.4 -0.4  0.2  1.  -1.  -1.   1.   0.  -0.4 -1.   1.   0.6 -1.
 -1.   0.  -0.8 -1.   0.4  0.6  0.4 -1.  -0.4 -0.6 -0.4 -0.4 -1.  -0.4
 -0.4 -1.   1.   1.  -0.8 -0.2  1.  -1.  -0.2  0.6  1.  -1.   1.   0.6
 -0.2 -1.  -1.   0.  -1.  -0.4 -1.  -0.6 -0.4 -0.2  0.6  0.4  0.6 -0.4
  1.  -0.6 -1.   0.2 -1.   0.2  0.   0.  -0.6 -0.4 -0.6  1.  -1.  -1.
 -1.   1.   0.   1.  -0.6  1.  -1.  -1.  -1.  -1.   0.6  0.   0.6 -1.
 -1.   0.6  0.8  1.  -0.6  0.  -0.2 -1.  -1.   0.  -0.2 -0.2  0.4  0.6
  1.  -1.  -0.2 -1.   0.  -0.4 -1.   0.4 -0.6 -0.4 -1.   0.2  0.   0.
  0.   0.8  1.   0.  -0.4  1.  -1.   0.   0.2 -0.4  0.   0.8  0.   0.
  0.  -1.  -1.  -1.  -1.  -1.  -1.  -0.8 -1.  -1.   0.  -1.  -1.  -0.6
  0.   0.  -0.6 -1.   0.  -0.8  0.   0.8  0.6 -0.2  0.   1.   0.  -1.
 -1.  -0.6 -1.  -0.6 -0.4 -0.6  1.   0.   0.2  0.8 -0.2 -1.  -1.  -1.
 -1.   0.6 -1.  -1.  -0.2  1.  -0.2 -0.2  1.   0.2 -0.4  0.   0.4  1.
  0.   0.   0.2  0.4  0.   0.  -0.6 -1.  -0.2  0.4  0.  -1.  -0.4  0.
  0.   0.2  0.2 -0.2 -0.8 -1.  -1.  -0.2  0.4  0.2 -0.2  0.6  0.   0.2
  0.8  0.8  0.  -1.  -0.2 -0.8  0.   0.6 -0.8 -0.6  0.2  0.4  0.  -0.4
 -0.6 -0.2  0.6  0.   0.  -0.8 -0.2  0.  -0.2  0.   0.  -0.4  0.  -0.8
 -0.8 -0.8  0.6 -1.   0.6 -1.  -0.8 -1.   1.  -0.6 -1.  -1.   1.   1.
  0.2  0.8  1.   0.6 -0.2  0.2 -0.8 -1.  -1.  -0.2  0.2  1.  -0.8 -0.4
 -1.  -0.8 -0.6 -1.   0.  -0.8  0.6 -1.   1.   0.8 -0.2  0.  -0.6 -1.
 -1.   0.   1.   0.2  1.  -1.   0.8  0.4 -1.   1.  -0.8 -0.2 -0.8 -0.4
 -1.   0.   0.   0.  -0.4  0.  -0.4  0.   0.  -0.8  0.  -0.2 -0.6  0.8
  0.   0.6 -0.2 -1.  -0.2 -1.   0.6 -0.6  0.   0.   0.6  1.  -0.8 -1.
  1.   0.2  1.  -1.  -0.6 -0.8 -1.   1.   0.  -1.   1.  -0.2  0.  -1.
 -1.  -0.8  0.2  0.4 -0.4  0.   1.  -0.2 -0.2 -0.2  0.2 -0.8  0.8 -1.
 -1.  -1.   0.4 -0.8 -1.  -1.   0.4  0.2  0.8  0.8 -0.6  0.8  0.8 -0.8
  0.6  0.6 -0.8 -0.2 -0.4  0.8 -0.2  0.  -0.8 -0.4  0.8  0.6 -0.6 -0.8
 -0.6  0.8  0.6  0.6 -0.2  0.   0.4 -0.6 -0.6 -0.6  0.6  0.8  0.  -1.
 -0.6  0.   0.4  0.6  0.   0.   0.8 -0.6  0.2  0.6  0.8  0.8 -0.8 -0.4
  0.   0.6 -1.   0.8 -0.6  0.6  0.8  0.8  0.2 -0.8  0.6  0.4  0.8  0.
 -0.6  0.4 -0.6  0.   0.6  0.  -0.6  0.4  0.2 -0.8  0.6 -0.2  0.  -0.8
  0.6  1.  -0.8 -1.  -0.6  0.8  0.6  0.8  0.6  0.8  0.8  0.  -0.8  0.
  0.6 -0.6  0.6 -0.6  0.8 -0.8 -0.8 -0.6  0.6 -0.2  1.   0.  -0.8  0.6
 -1.  -0.6 -0.6  0.8 -0.8  0.   0.6  0.6  0.6  0.4  0.6 -0.8 -0.6  0.8
  0.8 -0.8  0.6 -0.6 -0.8 -0.6 -0.8 -1.   0.6 -0.8  0.4 -0.4 -0.6 -0.6
 -0.2 -0.8  0.6 -0.6  0.4  0.2 -0.8  0.2  0.8  0.6  0.4  0.  -0.8 -0.6
  0.6  0.6 -0.4  0.8  0.6 -0.6  0.6  0.   0.  -0.8 -0.4 -0.6  0.  -0.8
 -0.8  0.6  0.6  0.6  0.6  0.4  0.6 -0.8  0.  -0.4  0.6  0.6  0.6 -0.2
  0.6 -0.4  0.6  0.  -0.6  0.6 -0.2 -0.6  0.8  0.6  0.6  0.   0.2  0.8
  0.  -0.4  0.2]
Predictions: [-2.37442136e-01  5.11436164e-01 -7.98730969e-01  4.64583457e-01
 -5.87911963e-01 -3.93771768e-01  6.26859844e-01  8.84300470e-02
  2.34346896e-01 -5.66203654e-01  5.11810422e-01  2.51399398e-01
 -3.47689718e-01  6.56419098e-02 -4.57254589e-01 -4.66737121e-01
  3.33224609e-03  5.68379581e-01  5.60598791e-01 -5.66404045e-01
  6.40152693e-01 -2.17325583e-01  6.53744519e-01 -8.87928605e-02
 -6.82440877e-01  3.36708635e-01 -4.31083381e-01 -1.65218741e-01
 -6.88298345e-01 -7.62649059e-01  3.99377555e-01  6.78281486e-01
 -5.78597367e-01  6.23506010e-01 -7.45419800e-01 -3.23796034e-01
  7.53954232e-01  6.82196617e-01  2.06419490e-02  5.33471584e-01
  6.36443615e-01  1.85714900e-01  1.92651451e-01 -6.40466034e-01
 -6.59729362e-01 -2.79540658e-01  6.62457883e-01  1.25336245e-01
  3.27772014e-02 -6.92183673e-01  2.31590062e-01 -6.74065053e-02
 -5.10575831e-01  6.23964190e-01  4.73454356e-01  3.62929285e-01
 -6.24708056e-01 -5.55431306e-01 -1.93843216e-01 -1.43745363e-01
  7.51278162e-01  1.01756230e-01 -4.25817817e-02  6.23820603e-01
 -2.04752013e-01 -2.94622570e-01 -7.72302628e-01 -8.88661087e-01
 -6.30313158e-01 -2.13992357e-01  8.31935048e-01 -5.57554141e-02
 -6.31454945e-01 -4.63163912e-01 -4.12103027e-01  5.00561893e-01
  5.14195740e-01 -3.27484548e-01 -6.17322028e-01 -7.15207994e-01
 -5.25949776e-01 -3.38115543e-01  1.65663853e-01 -7.95263946e-01
  8.53367746e-02 -1.39900461e-01 -8.62533376e-02  3.19402963e-01
 -7.08777905e-01 -4.59829658e-01  5.95430546e-02  8.53940696e-02
  5.79205930e-01  2.30100036e-01  4.26464617e-01  4.42157567e-01
 -6.07962430e-01  8.03893566e-01 -8.32114637e-01  1.39582783e-01
  3.28957327e-02 -6.05076730e-01 -4.66208220e-01 -7.15290308e-01
 -3.28555495e-01  2.22978681e-01 -2.08672509e-02 -4.32350457e-01
 -8.93655300e-01  6.74069345e-01 -2.88826823e-01 -4.47546154e-01
 -8.35780799e-01 -2.88959265e-01 -6.69059694e-01 -6.64989531e-01
  5.22663653e-01  4.95035470e-01 -9.74857062e-02 -4.92415339e-01
  2.81674899e-02 -2.33092457e-01 -7.96252266e-02  5.10337055e-01
  4.34205890e-01 -5.09642184e-01 -9.23109114e-01 -1.39301643e-03
  4.03459758e-01  7.64146090e-01 -1.61446691e-01 -3.14109117e-01
  2.30979085e-01 -5.98146558e-01 -1.03674367e-01  6.75606132e-01
  6.69087470e-01 -8.09619784e-01  6.73049927e-01  3.13570797e-01
 -6.85463786e-01  5.75602889e-01 -7.57282302e-02 -6.66627765e-01
 -3.80558342e-01  4.83771801e-01  7.58058578e-02 -1.48472562e-01
 -5.24854124e-01  4.76836227e-02  4.29570287e-01 -2.24856064e-01
 -2.10813046e-01 -4.36716825e-01  6.68275774e-01 -5.01858518e-02
 -8.57668579e-01 -7.67526567e-01  3.47033590e-01  4.00239825e-01
  5.34683168e-01 -1.23378113e-02  1.84943795e-01 -5.65931685e-02
  2.20171928e-01  5.69310188e-01 -7.39583433e-01 -7.43787885e-01
 -1.34217277e-01  4.93935347e-01 -3.27553898e-01 -9.28351134e-02
 -5.47665656e-02  7.02524364e-01 -8.04761410e-01 -9.39978719e-01
 -4.69673097e-01 -5.99775791e-01 -9.57212985e-01  7.38542259e-01
  1.39998525e-01 -4.31591868e-01 -4.38585192e-01  6.96916997e-01
  2.97408402e-01  7.60385931e-01 -2.87558556e-01 -2.67892033e-01
 -1.62924349e-01 -7.49939501e-01 -3.69911611e-01 -1.60777017e-01
 -1.28686413e-01 -3.75018328e-01  5.49972616e-02  7.28499413e-01
 -5.16865194e-01 -8.03282320e-01  2.24206954e-01 -4.82589960e-01
  5.17945111e-01 -2.09907308e-01 -4.12374943e-01 -3.65194194e-02
 -3.25360954e-01 -1.90765202e-01 -7.16285646e-01  1.44629329e-01
  5.48027754e-01 -3.63685906e-01 -3.82379182e-02  6.00520313e-01
 -3.62684503e-02  3.99419487e-01 -6.48110628e-01  5.06741583e-01
 -2.76831508e-01  1.92834020e-01 -4.43537146e-01 -3.38775158e-01
 -5.77857792e-01  5.01369655e-01  2.35674471e-01 -3.85622859e-01
  4.01494801e-01 -2.37135649e-01 -4.51618254e-01  4.37074453e-01
 -5.99944949e-01 -4.50395018e-01 -7.83817291e-01 -3.27201575e-01
 -4.77509797e-01 -5.50521553e-01 -1.03999496e-01 -5.34416676e-01
 -7.67704666e-01 -2.15212598e-01  3.08447808e-01  5.35001457e-01
 -2.11496279e-01 -1.78567693e-01  4.17686939e-01 -4.50972468e-01
  4.91866410e-01  5.58946311e-01  4.30022657e-01 -8.73408839e-03
 -1.68454088e-02  5.49457073e-01  3.02416086e-01 -9.10088897e-01
 -5.95093310e-01  4.35236931e-01 -1.13338105e-01 -4.27676626e-02
 -1.06062740e-02  7.29284823e-01  8.74787867e-01 -4.52376276e-01
 -5.48761249e-01 -1.03558004e-01 -3.71223867e-01 -1.74097829e-02
  7.55413324e-02  3.97195011e-01  3.12881231e-01 -1.25484884e-01
 -3.73063907e-02  9.52646881e-02 -2.45746329e-01 -5.24069667e-01
 -5.37241876e-01 -5.92243016e-01  4.40613091e-01  6.80092275e-02
 -1.22486994e-01  1.06103927e-01  6.38644814e-01  1.48767173e-01
 -1.18398622e-01  3.36985916e-01 -4.19488519e-01  1.56989172e-01
  4.47668970e-01 -2.82545507e-01 -5.51966071e-01 -6.62109792e-01
 -5.90703487e-01 -1.71748489e-01  7.08175898e-01 -5.36080599e-01
  1.40986033e-02  4.93070960e-01  1.10796049e-01  4.76416409e-01
 -4.81427878e-01  1.72629684e-01 -3.17878723e-01  1.89613387e-01
 -7.58950412e-01 -3.02324712e-01  2.77286947e-01 -2.85034776e-01
 -8.19797277e-01  5.44482648e-01 -1.49750710e-01  6.28342330e-01
  7.49733746e-01 -3.22921634e-01 -6.73114240e-01 -8.71624887e-01
  2.42321670e-01 -5.69586098e-01  6.44457877e-01  4.66821313e-01
 -1.52862385e-01 -1.66428000e-01 -1.50550842e-01  2.90524036e-01
  2.91650593e-01  1.51489913e-01 -4.62053120e-01 -2.91253209e-01
  1.58186913e-01  1.88412011e-01 -2.86223978e-01  6.49297386e-02
 -5.64952075e-01  2.17673302e-01 -1.68208286e-01 -2.35546008e-03
 -3.14865559e-01 -2.01479308e-02  4.58596647e-01  5.32193065e-01
 -4.99379545e-01 -4.98655140e-01 -5.22707462e-01 -1.81026369e-01
  4.63660479e-01 -6.80305541e-01 -8.34110320e-01  5.96202970e-01
  5.65675378e-01 -6.18633866e-01 -7.16020167e-01  4.13487367e-02
  8.40664208e-01  6.65138662e-01 -1.98002055e-01  7.09666431e-01
 -6.30038440e-01  6.18080318e-01  7.49549121e-02  3.74439918e-02
 -6.84749484e-01  8.65984708e-04 -5.87367237e-01  1.99186504e-01
  4.29723829e-01  5.99881828e-01  2.51172304e-01  1.63586736e-01
 -8.14813197e-01  4.46104050e-01 -2.04625979e-01 -6.13835871e-01
 -1.77395672e-01  7.26916134e-01  6.18929446e-01 -1.35601163e-01
 -1.24516606e-01 -1.14074692e-01 -1.51307419e-01  3.77621591e-01
 -1.55349255e-01  6.71535909e-01 -5.90218127e-01 -1.03340209e-01
  1.36233754e-02 -4.62181896e-01  8.32538903e-02 -5.24158657e-01
  6.39999032e-01 -4.69959438e-01 -8.11745465e-01 -7.71352470e-01
 -2.46672884e-01  1.17493033e-01 -4.52180505e-01 -1.70233354e-01
  1.89476073e-01  5.19458391e-02 -3.46046120e-01  5.65977752e-01
 -3.26231450e-01 -2.39628524e-01  8.72075558e-02 -6.86255544e-02
 -5.40232480e-01 -1.92444906e-01 -5.44232070e-01 -4.02282387e-01
 -2.73727149e-01  7.78438032e-01  1.32439792e-01 -5.30201018e-01
  2.09438801e-01 -5.94453990e-01 -4.13334161e-01 -1.92298844e-01
 -2.90123969e-01 -4.00608301e-01  3.80556285e-01 -2.17919141e-01
  6.99823618e-01 -7.40904629e-01 -5.86585760e-01 -8.79630327e-01
 -4.92627531e-01 -3.52362007e-01  5.07764935e-01 -2.06696570e-01
 -6.83556557e-01 -9.09864247e-01  1.97264820e-01  3.78919780e-01
 -3.98201734e-01 -6.10699713e-01  4.01567191e-01 -2.61220038e-01
 -2.92741746e-01 -8.91950071e-01 -2.68938512e-01 -4.06137198e-01
 -3.70046645e-01 -2.78194219e-01 -4.66174304e-01  3.29726011e-01
  8.07261348e-01 -1.04900092e-01  4.24615256e-02  2.33583450e-01
  3.89252216e-01 -6.85934842e-01  6.58708096e-01 -7.19676673e-01
 -6.71819031e-01 -9.08421755e-01  6.83520079e-01 -5.87969244e-01
  2.45442688e-01 -4.33413357e-01 -1.79806635e-01 -6.36980161e-02
  5.93104899e-01  8.14289570e-01  3.41422483e-03  7.26669371e-01
  5.75684965e-01 -5.34338653e-01 -1.30833238e-01  6.54474318e-01
  3.52568537e-01 -7.89860368e-01 -5.08857489e-01  6.45938218e-01
  1.15022242e-01  6.05227530e-01 -4.85845566e-01 -3.85680348e-02
 -2.03594528e-02  3.79542261e-01  3.66704501e-02 -6.94192469e-01
  4.56292816e-02  5.14951885e-01 -1.55185312e-01  4.39246655e-01
 -7.34423399e-02 -5.04028052e-03  4.87461865e-01  2.05128491e-01
 -3.23873341e-01 -4.24301714e-01  6.86123133e-01  4.54048693e-01
  2.02244133e-01 -4.36513186e-01 -7.52590001e-02  5.23944855e-01
 -4.94626641e-01  6.13692284e-01  4.95599918e-02  4.93053317e-01
  6.93920135e-01 -3.78484517e-01 -5.70221901e-01  3.84000391e-01
  5.38920879e-01  7.88558841e-01 -7.58587956e-01 -5.26043236e-01
 -2.04761133e-01  5.93770504e-01 -5.27274370e-01  3.58657718e-01
  2.80000679e-02  4.31239843e-01  2.40665704e-01  3.11434776e-01
  1.23264343e-01 -6.22496754e-03  1.96403384e-01  3.84509563e-01
  7.72595823e-01  4.34613913e-01 -1.26257315e-02  4.16912287e-01
 -4.01120901e-01  2.90794343e-01 -4.06182334e-02 -3.06588151e-02
 -6.90706015e-01 -1.62072517e-02  6.19988561e-01 -7.09505498e-01
  5.99031806e-01  1.88550055e-01  4.92730796e-01 -2.83933133e-01
  7.39954233e-01  5.68553805e-01  7.95723975e-01 -1.03027713e+00
  1.69568181e-01  8.23244989e-01  1.05615127e+00  6.72185838e-01
  5.24143338e-01  6.34904742e-01  5.84788382e-01 -1.03972793e-01
  7.19740152e-01 -5.79713657e-02  5.24370909e-01 -2.16948405e-01
  5.48903227e-01 -6.76719606e-01  5.17347217e-01 -8.47674727e-01
 -2.03305274e-01 -3.81797433e-01  5.96661925e-01 -2.09794700e-01
  6.90122962e-01 -7.12315142e-01 -6.42268777e-01  5.94835937e-01
 -5.61758280e-01 -9.22516435e-02 -6.89520776e-01  5.37866294e-01
  2.08506823e-01  5.90445817e-01  5.30392885e-01  5.84345162e-01
  3.66071820e-01  4.87387359e-01  2.13395178e-01 -5.92876434e-01
  7.04233944e-01  6.26601219e-01  6.10868692e-01 -9.68949646e-02
  5.37183523e-01  5.16279876e-01 -1.15535736e-01  2.03988522e-01
  2.03160554e-01 -8.06824088e-01  1.53811693e-01 -4.96759564e-02
  6.04079664e-01  3.51256967e-01 -3.72015804e-01  3.62497509e-01
 -5.55221200e-01  1.53790832e-01  2.43743986e-01 -6.98201001e-01
  4.29194421e-01 -2.42848054e-01 -4.26672161e-01 -4.14052814e-01
  6.54784262e-01  6.16277099e-01  3.86842936e-01  2.58465894e-02
  4.63226616e-01 -7.37866938e-01  6.27568901e-01  4.94728208e-01
  1.56774506e-01 -4.85423446e-01  2.10932016e-01 -5.00231624e-01
 -4.95641798e-01 -1.05477989e-01 -1.71210654e-02 -5.79586565e-01
 -4.86546814e-01 -5.22784531e-01 -4.99695480e-01  4.45902467e-01
 -8.72636810e-02  6.23945773e-01  7.71132529e-01  6.61958933e-01
  4.14020777e-01  2.57394850e-01  5.59938610e-01 -5.45073092e-01
  5.57561278e-01  2.77601480e-01  5.28982162e-01  6.79500282e-01
  6.11671865e-01  2.02256531e-01  4.86518323e-01  3.10034424e-01
  7.66143501e-02 -4.26853627e-01 -3.17849547e-01  5.33059895e-01
 -6.16781056e-01 -1.82787552e-01  3.68400395e-01  3.24768275e-01
  4.17720258e-01 -6.05004251e-01  5.66487014e-01  4.45261180e-01
  4.74742986e-02 -4.67567801e-01 -6.50219083e-01]
{"epoch": 24, "train_loss": 0.3590661238792331, "val_mae": 0.45079904794692993, "val_corr": 0.5542017737736054, "val_binary_acc": 0.6970633693972179, "val_binary_f1": 0.6329588014981273, "threshold": 0.0}
Labels: [-1.   0.6 -1.   1.  -1.  -0.8 -0.2 -1.   0.6  0.2 -0.6 -0.2 -1.   1.
 -1.  -1.   0.   0.6 -1.  -1.   1.  -0.8  1.   1.  -1.   1.  -1.   1.
 -1.  -1.  -1.   1.  -1.  -0.4 -0.6  0.2  1.   0.8  0.   0.2  0.8 -0.8
  1.  -1.  -1.  -1.   0.8 -1.   0.8 -1.   1.   0.2  0.   1.  -1.  -0.6
 -0.2 -1.   0.4 -1.   1.   0.8 -1.   0.2 -0.6  0.   0.2 -1.  -1.  -1.
  1.   1.  -1.  -1.  -1.  -1.  -0.2 -0.6 -1.  -1.  -0.2  0.   0.8  0.4
  0.   0.  -0.2  0.  -0.6 -1.  -1.  -0.6 -1.  -0.6  0.6 -0.2 -1.  -0.2
 -1.  -0.4 -0.4  0.2  1.  -1.  -1.   1.   0.  -0.4 -1.   1.   0.6 -1.
 -1.   0.  -0.8 -1.   0.4  0.6  0.4 -1.  -0.4 -0.6 -0.4 -0.4 -1.  -0.4
 -0.4 -1.   1.   1.  -0.8 -0.2  1.  -1.  -0.2  0.6  1.  -1.   1.   0.6
 -0.2 -1.  -1.   0.  -1.  -0.4 -1.  -0.6 -0.4 -0.2  0.6  0.4  0.6 -0.4
  1.  -0.6 -1.   0.2 -1.   0.2  0.   0.  -0.6 -0.4 -0.6  1.  -1.  -1.
 -1.   1.   0.   1.  -0.6  1.  -1.  -1.  -1.  -1.   0.6  0.   0.6 -1.
 -1.   0.6  0.8  1.  -0.6  0.  -0.2 -1.  -1.   0.  -0.2 -0.2  0.4  0.6
  1.  -1.  -0.2 -1.   0.  -0.4 -1.   0.4 -0.6 -0.4 -1.   0.2  0.   0.
  0.   0.8  1.   0.  -0.4  1.  -1.   0.   0.2 -0.4  0.   0.8  0.   0.
  0.  -1.  -1.  -1.  -1.  -1.  -1.  -0.8 -1.  -1.   0.  -1.  -1.  -0.6
  0.   0.  -0.6 -1.   0.  -0.8  0.   0.8  0.6 -0.2  0.   1.   0.  -1.
 -1.  -0.6 -1.  -0.6 -0.4 -0.6  1.   0.   0.2  0.8 -0.2 -1.  -1.  -1.
 -1.   0.6 -1.  -1.  -0.2  1.  -0.2 -0.2  1.   0.2 -0.4  0.   0.4  1.
  0.   0.   0.2  0.4  0.   0.  -0.6 -1.  -0.2  0.4  0.  -1.  -0.4  0.
  0.   0.2  0.2 -0.2 -0.8 -1.  -1.  -0.2  0.4  0.2 -0.2  0.6  0.   0.2
  0.8  0.8  0.  -1.  -0.2 -0.8  0.   0.6 -0.8 -0.6  0.2  0.4  0.  -0.4
 -0.6 -0.2  0.6  0.   0.  -0.8 -0.2  0.  -0.2  0.   0.  -0.4  0.  -0.8
 -0.8 -0.8  0.6 -1.   0.6 -1.  -0.8 -1.   1.  -0.6 -1.  -1.   1.   1.
  0.2  0.8  1.   0.6 -0.2  0.2 -0.8 -1.  -1.  -0.2  0.2  1.  -0.8 -0.4
 -1.  -0.8 -0.6 -1.   0.  -0.8  0.6 -1.   1.   0.8 -0.2  0.  -0.6 -1.
 -1.   0.   1.   0.2  1.  -1.   0.8  0.4 -1.   1.  -0.8 -0.2 -0.8 -0.4
 -1.   0.   0.   0.  -0.4  0.  -0.4  0.   0.  -0.8  0.  -0.2 -0.6  0.8
  0.   0.6 -0.2 -1.  -0.2 -1.   0.6 -0.6  0.   0.   0.6  1.  -0.8 -1.
  1.   0.2  1.  -1.  -0.6 -0.8 -1.   1.   0.  -1.   1.  -0.2  0.  -1.
 -1.  -0.8  0.2  0.4 -0.4  0.   1.  -0.2 -0.2 -0.2  0.2 -0.8  0.8 -1.
 -1.  -1.   0.4 -0.8 -1.  -1.   0.4  0.2  0.8  0.8 -0.6  0.8  0.8 -0.8
  0.6  0.6 -0.8 -0.2 -0.4  0.8 -0.2  0.  -0.8 -0.4  0.8  0.6 -0.6 -0.8
 -0.6  0.8  0.6  0.6 -0.2  0.   0.4 -0.6 -0.6 -0.6  0.6  0.8  0.  -1.
 -0.6  0.   0.4  0.6  0.   0.   0.8 -0.6  0.2  0.6  0.8  0.8 -0.8 -0.4
  0.   0.6 -1.   0.8 -0.6  0.6  0.8  0.8  0.2 -0.8  0.6  0.4  0.8  0.
 -0.6  0.4 -0.6  0.   0.6  0.  -0.6  0.4  0.2 -0.8  0.6 -0.2  0.  -0.8
  0.6  1.  -0.8 -1.  -0.6  0.8  0.6  0.8  0.6  0.8  0.8  0.  -0.8  0.
  0.6 -0.6  0.6 -0.6  0.8 -0.8 -0.8 -0.6  0.6 -0.2  1.   0.  -0.8  0.6
 -1.  -0.6 -0.6  0.8 -0.8  0.   0.6  0.6  0.6  0.4  0.6 -0.8 -0.6  0.8
  0.8 -0.8  0.6 -0.6 -0.8 -0.6 -0.8 -1.   0.6 -0.8  0.4 -0.4 -0.6 -0.6
 -0.2 -0.8  0.6 -0.6  0.4  0.2 -0.8  0.2  0.8  0.6  0.4  0.  -0.8 -0.6
  0.6  0.6 -0.4  0.8  0.6 -0.6  0.6  0.   0.  -0.8 -0.4 -0.6  0.  -0.8
 -0.8  0.6  0.6  0.6  0.6  0.4  0.6 -0.8  0.  -0.4  0.6  0.6  0.6 -0.2
  0.6 -0.4  0.6  0.  -0.6  0.6 -0.2 -0.6  0.8  0.6  0.6  0.   0.2  0.8
  0.  -0.4  0.2]
Predictions: [-0.5903816   0.40714416 -0.7933451   0.56860256 -0.7889142  -0.24253428
  0.5957895  -0.1576318   0.06226231 -0.41053113  0.49567473  0.07000784
 -0.09139091  0.13451362 -0.48011848 -0.3408171  -0.13005169  0.53272104
  0.38024044 -0.37739393  0.73922044 -0.21293777  0.4341236  -0.45419765
 -0.7764367   0.2657573  -0.5911793   0.29697534 -0.7977875  -0.682396
  0.04445228  0.7122437  -0.59227526  0.37807047 -0.6155728  -0.3816039
  0.7067637   0.6110064  -0.07967861  0.44414568  0.67311114 -0.25231043
  0.11588926 -0.48597154 -0.6408412  -0.3983381   0.5762969  -0.30570737
 -0.01878529 -0.85718536  0.6043845  -0.16114531 -0.691879    0.57756984
  0.31280237 -0.7574079  -0.5230692  -0.57378894 -0.62901616 -0.26729256
  0.6937218   0.45595527 -0.08533953  0.69383633 -0.04341668 -0.28879088
 -0.7436328  -0.88944256 -0.5385544  -0.5014829   0.49119574  0.37452286
 -0.65698147 -0.4766256  -0.5009045   0.26034525  0.4360976  -0.31842527
 -0.5282349  -0.72669697 -0.3961746   0.30695233  0.08267011 -0.7219806
 -0.10395843  0.3354617   0.13600087  0.09460766 -0.6206871  -0.04058672
 -0.1301759   0.1768564   0.3356785   0.3823759   0.5080599   0.11328413
 -0.7195077   0.69759846 -0.8397409  -0.54870313 -0.1752859  -0.4187654
 -0.34995803 -0.69576466 -0.23641798  0.24503481  0.00526066 -0.3358003
 -0.9784995   0.7218016  -0.3590327  -0.19522294 -0.92638844 -0.47955352
 -0.84566844 -0.68345714  0.47686493  0.35993165 -0.06074301 -0.5691421
 -0.18031366 -0.4999027  -0.09058637  0.29852808  0.29440984 -0.42335975
 -0.82527494 -0.29104325  0.359299    0.8186611   0.07445226 -0.35566086
  0.38388395 -0.8207179  -0.04480965  0.4260542   0.5945722  -0.8641707
  0.57437825  0.48810756 -0.44291422  0.7805108  -0.521041   -0.41043913
 -0.19892094  0.31737003 -0.05779714  0.00381644 -0.69453406 -0.0356552
  0.3480026  -0.06450476  0.00374805 -0.60934293 -0.1477846  -0.13056928
 -0.34479702 -0.4274064   0.01223085  0.45974326  0.51800805 -0.13108523
  0.07829667 -0.13356712 -0.46813872  0.6675933  -0.66520125 -0.701627
 -0.19933522  0.579246   -0.26780605  0.00135031 -0.30919087  0.70870435
 -0.61452484 -0.45361185 -0.5907882  -0.4683015  -1.0011429   0.55905706
 -0.3043364  -0.5106743  -0.63309     0.764278    0.24476674  0.6950757
 -0.48231244 -0.38292766 -0.02154442 -0.69862795 -0.06264625 -0.03960221
 -0.12491465 -0.42019728  0.07756252  0.7544826  -0.7502959  -0.8584611
  0.23940143 -0.36323303  0.5133852  -0.01024016 -0.7320132  -0.12834305
 -0.4824125  -0.2341246  -0.4452441   0.1210307   0.631222   -0.2931731
  0.17952862  0.5614695   0.51713204  0.44069666 -0.6916023   0.46033478
 -0.5226499  -0.36634743 -0.37870523 -0.48839027 -0.62827104  0.3636221
  0.34340736 -0.5210678   0.28934646 -0.34315345 -0.43359593 -0.6456677
 -0.6933005  -0.67786276 -0.81569743 -0.34796658  0.02626062 -0.30388552
 -0.1508922  -0.486245   -0.7982214  -0.4454915   0.20618862  0.5085625
 -0.1571658  -0.2820577   0.23371601 -0.6444825   0.10623949  0.47098827
  0.2227928  -0.01987316 -0.0902452   0.5636131   0.01511151 -0.9467406
 -0.6472314  -0.04518923  0.03491385 -0.28983444  0.01531238  0.7855396
  0.8526152  -0.22289547 -0.17518637  0.00336392 -0.5963393  -0.40753543
  0.01160386  0.27545622  0.18819568 -0.572833    0.06972712  0.275978
 -0.2511837   0.38167894 -0.5307164  -0.5394644   0.3497532   0.23850343
 -0.06452973  0.04810595  0.644267    0.2608641  -0.14053094  0.30180714
 -0.36134872  0.19059566  0.2778084  -0.28578424 -0.42643166 -0.66113037
 -0.72439575 -0.32031015  0.64847195 -0.72244585 -0.04009496  0.43777722
 -0.30680543  0.4734639  -0.45231795 -0.54272383 -0.16253188 -0.71295005
 -0.81879467 -0.12930742  0.4832363  -0.4960738  -0.78973156  0.35346797
 -0.17829488 -0.02994665  0.77922994 -0.5115739  -0.6088376  -0.9019181
 -0.02652551 -0.60660386  0.6282684   0.5199197   0.48715717  0.49156582
 -0.23057571  0.11937084  0.24593943 -0.1914666  -0.38795012  0.31995264
  0.09334885 -0.14200333 -0.29093248 -0.3564631  -0.43453488  0.05949418
 -0.4673673  -0.01145691 -0.09366333 -0.06493767  0.48698825  0.2560333
 -0.5353614  -0.46494293 -0.08046951 -0.28938293  0.3656838  -0.65743846
 -0.9127237   0.4446721   0.5681972  -0.6472697  -0.7869691  -0.41148686
  0.8160347   0.65410537 -0.770325    0.61389345 -0.33088645  0.41369975
 -0.06832508 -0.19704798 -0.7482541  -0.3865525  -0.7083784   0.17632017
  0.33027664  0.59809285  0.15697706  0.13925594 -0.8320049   0.44780165
 -0.2190248  -0.7642075  -0.0536699   0.20261249  0.6063286  -0.18375236
 -0.07416955 -0.5803934  -0.16269721  0.30818617 -0.04227785  0.6760216
 -0.5398111  -0.12832192 -0.00736235 -0.28651723  0.02689848 -0.55257726
  0.47769123 -0.53299433 -0.6571608  -0.9030695  -0.13737473 -0.63863647
 -0.31491843 -0.13259366  0.08403262  0.0452383  -0.30668202  0.33374158
 -0.48715696  0.00765605  0.09546786 -0.22907144 -0.50780195 -0.19327793
 -0.58382773 -0.4189032  -0.41456917  0.74454904  0.06165967 -0.52278584
  0.03841434 -0.6353726  -0.41208464 -0.427913   -0.03189953 -0.20881361
  0.10552151 -0.38940802  0.6576042  -0.77328694 -0.7112696  -0.91130286
 -0.6093908  -0.22478083  0.5113288  -0.05276354 -0.24604249 -0.82090676
  0.33530712  0.22130087 -0.15616801 -0.6514548  -0.39215714 -0.16387378
 -0.7628372  -0.9072239  -0.33968636 -0.46013886 -0.48059005 -0.31088617
  0.10515209  0.24057287  0.77410614  0.02700581 -0.12518504 -0.02183712
 -0.08644239 -0.6911119   0.57146156 -0.7844902  -0.7771914  -1.0261035
  0.70184094 -0.6959496   0.15232453 -0.48944187 -0.19898158 -0.23299038
  0.5933117   0.6911862  -0.3992265   0.61653435  0.52757174 -0.7668066
 -0.06907577  0.5749397   0.4470752  -0.7914361  -0.5012515   0.60246587
 -0.01124271  0.4684586  -0.3837352   0.04499079  0.22792032  0.2566469
 -0.41458797 -0.7647297   0.01858226  0.5280788  -0.05956507  0.5894089
 -0.16892055  0.01106004  0.3991619   0.4130191  -0.36725983 -0.2984236
  0.49185145  0.5188169  -0.49170202 -0.4369462  -0.09904142  0.45826948
 -0.65513945  0.68902755 -0.13321793  0.35459095  0.59100646 -0.3021813
  0.29261738  0.31106126  0.35822558  0.68894535 -0.7919908  -0.5561327
 -0.11112007  0.6159567  -0.6294763   0.42311865  0.583105    0.40312156
  0.29090354  0.32303208  0.19771355 -0.01754668  0.3174965   0.05542033
  0.7510844   0.3640068  -0.04083623  0.42651    -0.5662835   0.21269864
 -0.13043265 -0.6544407  -0.68707657 -0.01264798  0.61141235 -0.7121738
  0.47256112  0.18594936  0.5215357  -0.58154136  0.8202331   0.63743544
  0.793454   -0.93058264  0.3693188   0.8494898   0.88215667  0.6084744
  0.08128045  0.62473214  0.5107569  -0.6221287   0.7754812  -0.3095963
  0.16785741 -0.16391727  0.5162533  -0.80119616  0.45655417 -0.8616329
 -0.33880794 -0.33918008  0.6111328  -0.26128373  0.63935596 -0.8026069
 -0.92442995  0.5405869  -0.48733357 -0.04451903 -0.54472196  0.50746536
  0.09426754  0.6381369   0.45155823  0.58762777  0.39625594  0.07441879
  0.07195882 -0.59452814  0.4526608   0.53601944  0.5025542  -0.06353665
  0.57199293  0.647289   -0.31794602 -0.05796176 -0.16958413 -0.86988616
  0.03307144 -0.09893938  0.6225859   0.34063303 -0.25351003  0.6410243
 -0.65475136 -0.27738842  0.5905129   0.6584578   0.39128518 -0.24268812
 -0.539548   -0.58417064  0.03474472  0.53747696  0.31136492  0.02075206
  0.4419818  -0.79304093  0.62738883  0.52882195 -0.06511518 -0.556284
  0.01833504 -0.5998326  -0.72663677  0.00340679 -0.06111575 -0.6585985
 -0.44508722 -0.5436673  -0.31582752  0.23545554 -0.09074316  0.69565225
  0.78709054  0.64650667  0.22967702  0.15909386  0.3240271  -0.54068923
  0.53179157  0.21229982  0.75131005  0.70129347  0.43912154 -0.45413822
  0.3959315   0.2669652  -0.43471414 -0.3225395  -0.4632491   0.49075234
 -0.67161775  0.04468866  0.3849066   0.4020036   0.3811583  -0.5236839
  0.4457156   0.75967234  0.45764118 -0.3160174  -0.5240548 ]
{"epoch": 25, "train_loss": 0.35010368948759035, "val_mae": 0.4402027130126953, "val_corr": 0.571056212147885, "val_binary_acc": 0.7264296754250387, "val_binary_f1": 0.6563106796116503, "threshold": 0.0}
Labels: [-1.   0.6 -1.   1.  -1.  -0.8 -0.2 -1.   0.6  0.2 -0.6 -0.2 -1.   1.
 -1.  -1.   0.   0.6 -1.  -1.   1.  -0.8  1.   1.  -1.   1.  -1.   1.
 -1.  -1.  -1.   1.  -1.  -0.4 -0.6  0.2  1.   0.8  0.   0.2  0.8 -0.8
  1.  -1.  -1.  -1.   0.8 -1.   0.8 -1.   1.   0.2  0.   1.  -1.  -0.6
 -0.2 -1.   0.4 -1.   1.   0.8 -1.   0.2 -0.6  0.   0.2 -1.  -1.  -1.
  1.   1.  -1.  -1.  -1.  -1.  -0.2 -0.6 -1.  -1.  -0.2  0.   0.8  0.4
  0.   0.  -0.2  0.  -0.6 -1.  -1.  -0.6 -1.  -0.6  0.6 -0.2 -1.  -0.2
 -1.  -0.4 -0.4  0.2  1.  -1.  -1.   1.   0.  -0.4 -1.   1.   0.6 -1.
 -1.   0.  -0.8 -1.   0.4  0.6  0.4 -1.  -0.4 -0.6 -0.4 -0.4 -1.  -0.4
 -0.4 -1.   1.   1.  -0.8 -0.2  1.  -1.  -0.2  0.6  1.  -1.   1.   0.6
 -0.2 -1.  -1.   0.  -1.  -0.4 -1.  -0.6 -0.4 -0.2  0.6  0.4  0.6 -0.4
  1.  -0.6 -1.   0.2 -1.   0.2  0.   0.  -0.6 -0.4 -0.6  1.  -1.  -1.
 -1.   1.   0.   1.  -0.6  1.  -1.  -1.  -1.  -1.   0.6  0.   0.6 -1.
 -1.   0.6  0.8  1.  -0.6  0.  -0.2 -1.  -1.   0.  -0.2 -0.2  0.4  0.6
  1.  -1.  -0.2 -1.   0.  -0.4 -1.   0.4 -0.6 -0.4 -1.   0.2  0.   0.
  0.   0.8  1.   0.  -0.4  1.  -1.   0.   0.2 -0.4  0.   0.8  0.   0.
  0.  -1.  -1.  -1.  -1.  -1.  -1.  -0.8 -1.  -1.   0.  -1.  -1.  -0.6
  0.   0.  -0.6 -1.   0.  -0.8  0.   0.8  0.6 -0.2  0.   1.   0.  -1.
 -1.  -0.6 -1.  -0.6 -0.4 -0.6  1.   0.   0.2  0.8 -0.2 -1.  -1.  -1.
 -1.   0.6 -1.  -1.  -0.2  1.  -0.2 -0.2  1.   0.2 -0.4  0.   0.4  1.
  0.   0.   0.2  0.4  0.   0.  -0.6 -1.  -0.2  0.4  0.  -1.  -0.4  0.
  0.   0.2  0.2 -0.2 -0.8 -1.  -1.  -0.2  0.4  0.2 -0.2  0.6  0.   0.2
  0.8  0.8  0.  -1.  -0.2 -0.8  0.   0.6 -0.8 -0.6  0.2  0.4  0.  -0.4
 -0.6 -0.2  0.6  0.   0.  -0.8 -0.2  0.  -0.2  0.   0.  -0.4  0.  -0.8
 -0.8 -0.8  0.6 -1.   0.6 -1.  -0.8 -1.   1.  -0.6 -1.  -1.   1.   1.
  0.2  0.8  1.   0.6 -0.2  0.2 -0.8 -1.  -1.  -0.2  0.2  1.  -0.8 -0.4
 -1.  -0.8 -0.6 -1.   0.  -0.8  0.6 -1.   1.   0.8 -0.2  0.  -0.6 -1.
 -1.   0.   1.   0.2  1.  -1.   0.8  0.4 -1.   1.  -0.8 -0.2 -0.8 -0.4
 -1.   0.   0.   0.  -0.4  0.  -0.4  0.   0.  -0.8  0.  -0.2 -0.6  0.8
  0.   0.6 -0.2 -1.  -0.2 -1.   0.6 -0.6  0.   0.   0.6  1.  -0.8 -1.
  1.   0.2  1.  -1.  -0.6 -0.8 -1.   1.   0.  -1.   1.  -0.2  0.  -1.
 -1.  -0.8  0.2  0.4 -0.4  0.   1.  -0.2 -0.2 -0.2  0.2 -0.8  0.8 -1.
 -1.  -1.   0.4 -0.8 -1.  -1.   0.4  0.2  0.8  0.8 -0.6  0.8  0.8 -0.8
  0.6  0.6 -0.8 -0.2 -0.4  0.8 -0.2  0.  -0.8 -0.4  0.8  0.6 -0.6 -0.8
 -0.6  0.8  0.6  0.6 -0.2  0.   0.4 -0.6 -0.6 -0.6  0.6  0.8  0.  -1.
 -0.6  0.   0.4  0.6  0.   0.   0.8 -0.6  0.2  0.6  0.8  0.8 -0.8 -0.4
  0.   0.6 -1.   0.8 -0.6  0.6  0.8  0.8  0.2 -0.8  0.6  0.4  0.8  0.
 -0.6  0.4 -0.6  0.   0.6  0.  -0.6  0.4  0.2 -0.8  0.6 -0.2  0.  -0.8
  0.6  1.  -0.8 -1.  -0.6  0.8  0.6  0.8  0.6  0.8  0.8  0.  -0.8  0.
  0.6 -0.6  0.6 -0.6  0.8 -0.8 -0.8 -0.6  0.6 -0.2  1.   0.  -0.8  0.6
 -1.  -0.6 -0.6  0.8 -0.8  0.   0.6  0.6  0.6  0.4  0.6 -0.8 -0.6  0.8
  0.8 -0.8  0.6 -0.6 -0.8 -0.6 -0.8 -1.   0.6 -0.8  0.4 -0.4 -0.6 -0.6
 -0.2 -0.8  0.6 -0.6  0.4  0.2 -0.8  0.2  0.8  0.6  0.4  0.  -0.8 -0.6
  0.6  0.6 -0.4  0.8  0.6 -0.6  0.6  0.   0.  -0.8 -0.4 -0.6  0.  -0.8
 -0.8  0.6  0.6  0.6  0.6  0.4  0.6 -0.8  0.  -0.4  0.6  0.6  0.6 -0.2
  0.6 -0.4  0.6  0.  -0.6  0.6 -0.2 -0.6  0.8  0.6  0.6  0.   0.2  0.8
  0.  -0.4  0.2]
Predictions: [-2.08790600e-01  4.63341206e-01 -7.56036758e-01  5.08823335e-01
 -6.80387497e-01  3.34352925e-02  5.74244440e-01  1.34451181e-01
  8.81891027e-02 -1.84154317e-01  4.48077291e-01  5.19704342e-01
  2.94298470e-01 -1.44550920e-01 -2.80227929e-01 -3.77174050e-01
  6.25383332e-02  3.96596074e-01  2.14268267e-01 -2.05985844e-01
  5.40506840e-01 -1.69575751e-01  2.87257403e-01 -4.19190884e-01
 -7.44422317e-01  2.13464826e-01 -5.45017719e-01 -2.31765568e-01
 -6.36354327e-01 -8.66356134e-01  2.59735554e-01  7.77754009e-01
 -4.27211314e-01  2.50783056e-01 -7.89591491e-01 -3.05407971e-01
  5.83589315e-01  4.98464614e-01  7.37772137e-03  5.54051518e-01
  6.95756197e-01 -2.65173256e-01  2.67019033e-01 -4.86189157e-01
 -6.52591467e-01 -2.29930103e-01  4.49954063e-01  5.03843874e-02
  3.66202444e-02 -7.27787852e-01  6.57761455e-01 -1.32683933e-01
 -6.90338761e-02  5.63934565e-01  3.68453443e-01  2.05081254e-01
 -3.03834260e-01 -1.09845653e-01 -1.96239948e-01 -2.60668516e-01
  4.57168251e-01  4.10988361e-01 -3.23942482e-01  5.37832677e-01
 -2.50034258e-02 -6.95853233e-02 -5.13207495e-01 -9.24049020e-01
 -3.64289016e-01 -3.57019484e-01  6.14604890e-01  9.98487994e-02
 -5.52819967e-01  2.17152417e-01 -3.21450293e-01  2.18705922e-01
  4.92977589e-01 -2.28925973e-01 -5.35070479e-01 -6.67773962e-01
 -3.11605781e-01  1.87271759e-02  3.41133401e-02 -6.43517077e-01
 -7.44196251e-02  3.39824587e-01  4.28498507e-01  2.46223450e-01
 -3.60983878e-01  2.31397390e-01 -2.34795123e-01  1.90061897e-01
  4.76962060e-01  4.77336556e-01  4.32613313e-01 -1.16743460e-01
 -5.81105947e-01  5.15314996e-01 -8.09588850e-01 -2.60676801e-01
  7.56200403e-03 -3.36723983e-01  2.72488177e-01 -7.21421540e-01
 -1.26083344e-01  2.28426993e-01 -3.64336401e-01 -2.85576910e-01
 -8.57148707e-01  5.25821209e-01 -1.26776993e-01 -4.95215654e-02
 -8.06553364e-01  1.04704566e-01 -6.41321123e-01 -7.88220763e-02
  3.07292819e-01  5.96570313e-01 -1.02193534e-01 -3.31279576e-01
 -2.23372906e-01  4.39314321e-02 -3.46327275e-01  6.09261468e-02
 -2.79599242e-02 -4.05633628e-01 -8.27748418e-01  2.85118729e-01
  5.27804121e-02  4.93829936e-01 -6.97713569e-02 -4.02872950e-01
  2.03683406e-01 -7.68594623e-01 -7.82292634e-02  5.53434789e-01
  5.24577677e-01 -7.93627381e-01  5.54687083e-01  5.04063427e-01
 -4.69455570e-01  6.02239430e-01 -1.38304949e-01 -3.82861495e-01
 -8.28589350e-02  2.52854496e-01 -4.19271320e-01  6.08994603e-01
 -5.44207931e-01 -3.48175317e-02  2.39936739e-01 -2.86859602e-01
 -8.09370875e-02 -7.91498423e-02  3.41757089e-01 -1.15540884e-01
 -3.48922551e-01 -5.48169911e-01  2.42945880e-01  3.41808319e-01
  4.43838805e-01 -1.29007399e-01 -1.82348341e-02 -8.86559188e-02
 -1.71327740e-02  6.83380485e-01 -3.07205081e-01 -7.04543293e-01
 -2.89964452e-02  3.21462840e-01 -2.06684023e-01 -1.10966206e-01
 -3.59072447e-01  6.24347389e-01 -5.37409246e-01 -5.23731589e-01
 -6.27020776e-01 -5.70091367e-01 -9.77826536e-01  6.27681911e-01
 -2.11345166e-01 -4.98801470e-01 -6.77575946e-01  6.15878224e-01
  1.17974482e-01  5.43592572e-01 -3.65383059e-01 -2.35603780e-01
 -1.18914783e-01 -4.13838834e-01  1.12567790e-01 -2.91039556e-01
 -2.16990829e-01 -4.81416911e-01  2.32611820e-02  6.97429299e-01
 -4.00732785e-01 -8.23618531e-01  1.43212765e-01  2.30262250e-01
  4.65620488e-01  1.11366138e-02 -3.21435004e-01 -5.75406179e-02
 -2.98102260e-01 -1.70014054e-01 -4.55694765e-01  6.97215274e-02
  4.94035751e-01 -2.22945929e-01  2.51406580e-01  5.08724153e-01
  5.03945708e-01  5.04704833e-01 -7.29807138e-01  5.20978093e-01
 -2.24425375e-01 -1.71676949e-02 -2.01913230e-02 -4.77617115e-01
 -6.83504641e-01  2.63645589e-01  3.09211463e-01 -2.49680161e-01
  2.55345851e-01 -1.29938647e-01 -1.69819385e-01  3.88836503e-01
 -6.12733662e-01 -2.98716545e-01 -8.02314937e-01 -3.22908551e-01
 -3.14310938e-01 -4.20273185e-01  7.47214779e-02 -4.96798158e-01
 -6.43913448e-01 -3.14497709e-01  8.10377821e-02  4.39415306e-01
 -1.96611732e-01 -3.23959827e-01 -8.34268630e-02 -3.32968444e-01
  1.74605161e-01  4.00086224e-01  3.95485193e-01  2.71714330e-01
 -1.70436859e-01  4.98870164e-01  2.27965713e-02 -9.27672327e-01
 -5.13451517e-01  2.17012674e-01 -4.94761795e-01 -2.02195615e-01
 -3.46657410e-02  5.98394513e-01  6.40767634e-01 -2.12701261e-01
 -3.55365187e-01 -4.14189845e-01 -2.26771533e-01 -5.40345311e-01
  2.66257852e-01  2.25520819e-01 -5.18213958e-02 -5.97132206e-01
  6.19463325e-02  5.62720746e-03  5.83684623e-01  1.72968775e-01
 -4.69012588e-01 -5.35043299e-01  3.81546527e-01  8.43930021e-02
 -7.25270808e-02 -5.65268472e-03  5.18069029e-01  1.43842012e-01
 -1.72315836e-01  1.65707350e-01 -1.99219704e-01  9.10812840e-02
  2.42416590e-01 -2.57986695e-01 -4.84123737e-01 -5.78342557e-01
 -2.28978321e-03 -4.87401515e-01  6.19733393e-01 -3.45625341e-01
 -1.05630353e-01  4.64780629e-02 -1.06855303e-01  2.28144228e-01
 -2.61983931e-01 -1.56689376e-01 -1.64705694e-01 -1.94261312e-01
 -6.86173737e-01 -2.03652680e-01  4.11073208e-01 -5.74212492e-01
 -7.81546414e-01  3.87678504e-01  3.64209533e-01  2.39496753e-02
  5.02040148e-01 -4.53530326e-02 -5.32646000e-01 -7.23665714e-01
  2.18373716e-01 -5.13832331e-01  5.45774221e-01  4.14018273e-01
  4.09889638e-01  4.27088201e-01  2.59903550e-01  2.96891391e-01
  2.09449738e-01 -1.23848535e-01 -3.72592330e-01  2.10710555e-01
  1.26151890e-01 -2.96171278e-01 -3.04904372e-01 -3.53428364e-01
 -4.88519043e-01  4.28396463e-03 -3.42395633e-01 -1.26918964e-02
  1.42641440e-02 -1.02676168e-01  3.50872219e-01  2.13644534e-01
 -5.34631312e-01 -3.48402143e-01 -3.93856227e-01 -4.70386833e-01
  3.56433481e-01 -5.20645380e-01 -8.41775894e-01  4.35499489e-01
  3.83346587e-01 -5.06416202e-01 -3.71616721e-01 -6.25777841e-01
  6.45700812e-01  5.65967679e-01 -1.71817571e-01  6.02160633e-01
 -4.23277229e-01  3.21083367e-01 -1.51921630e-01  4.37296182e-01
 -2.80335009e-01 -1.32375196e-01 -5.05273223e-01  7.75927082e-02
  2.10045964e-01  4.89559382e-01  1.20597444e-01 -5.56921884e-02
 -8.49007070e-01  4.20871377e-01 -2.25606859e-01 -5.82148075e-01
 -1.92694701e-02  3.86954099e-02  5.32818496e-01 -1.34463400e-01
 -1.52112201e-01 -4.09552068e-01 -1.68120250e-01  2.60866642e-01
 -2.38304771e-02  5.01966059e-01 -5.32556653e-01 -1.14873372e-01
 -3.77671346e-02 -3.51479590e-01 -9.31514427e-03 -3.54220361e-01
  5.50030947e-01 -2.59773374e-01 -5.39822698e-01 -1.95260406e-01
 -1.06968150e-01 -6.71861887e-01 -2.75760800e-01 -9.04592425e-02
 -1.31740794e-02 -2.78495252e-03 -4.65693533e-01  2.27058619e-01
 -2.63754010e-01  1.47167236e-01  5.34861833e-02 -2.86543876e-01
 -4.56756681e-01 -2.73139864e-01 -4.72348660e-01  1.90692395e-01
 -4.08681154e-01  5.50435543e-01  6.67726621e-02 -4.60505843e-01
  9.75097194e-02 -6.32436574e-01 -2.78288215e-01 -2.16448307e-01
 -9.07497853e-02 -3.63902748e-01  1.37771279e-01 -3.18615995e-02
  6.13223255e-01 -7.82815576e-01 -4.92384791e-01 -8.85210156e-01
 -3.05437744e-01 -2.95372397e-01  4.50747758e-01  2.85556555e-01
 -9.33481008e-02 -8.55867684e-01  3.75174075e-01  4.48067561e-02
 -7.48571381e-02 -5.39173722e-01 -6.81120008e-02 -2.68475085e-01
 -6.04652822e-01 -9.05458987e-01 -2.52514392e-01 -4.34109718e-01
 -3.41741085e-01 -2.55504817e-01  6.74370155e-02  5.28039992e-01
  7.58522809e-01  3.09814140e-02 -1.45002723e-01  2.61266589e-01
 -9.84690860e-02 -6.83195114e-01  4.95942146e-01 -8.15286338e-01
 -6.86823249e-01 -8.94878745e-01  5.42928696e-01 -5.51064432e-01
  5.38592160e-01 -3.00067186e-01 -7.90560916e-02  3.70761663e-01
  5.15999913e-01  6.93936765e-01 -7.74395049e-01  6.92725241e-01
  4.69155341e-01 -6.98807240e-01  1.11259453e-01  3.49702418e-01
  4.43888813e-01 -8.26143086e-01 -4.26373303e-01  5.21366894e-01
  7.18296394e-02  1.33196294e-01 -1.55525804e-02 -1.46054059e-01
  2.61720747e-01  2.51021653e-01 -3.22500676e-01 -5.94794869e-01
  2.15545967e-02  2.13381052e-01 -9.81330946e-02  5.37770271e-01
 -1.49924219e-01 -3.97651456e-02  3.29054832e-01 -3.34706098e-01
 -5.05372807e-02 -3.20040017e-01  3.87044579e-01  3.93475801e-01
 -4.84674960e-01 -2.71413803e-01 -1.46596685e-01  3.46066773e-01
 -2.05293357e-01  5.08967757e-01  1.14103474e-01  2.99726218e-01
  5.19903421e-01 -1.27089709e-01 -4.78756726e-01  2.75861591e-01
  5.11499763e-01  6.96719348e-01 -6.18000329e-01 -2.99712002e-01
 -7.76209831e-02  5.58152854e-01 -5.37445068e-01  3.30882430e-01
  4.44161743e-01  2.85824090e-01  2.38809884e-01  2.95208454e-01
  1.26010299e-01 -4.92371581e-02  1.39804184e-01 -2.15121955e-02
  5.76616347e-01  2.58533388e-01 -3.54192182e-02  3.98187816e-01
 -6.61919951e-01  1.13518186e-01 -1.67773321e-01 -4.45445888e-02
 -6.31218433e-01 -9.21700448e-02  4.88460451e-01 -7.74827242e-01
  4.76247638e-01  1.35463268e-01  4.18758124e-01 -8.05649519e-01
  6.24357939e-01  5.25960922e-01  7.75749028e-01 -2.40894049e-01
  3.37729245e-01  7.14498878e-01  7.26786911e-01  5.39750576e-01
  2.94666365e-02  5.26102185e-01  4.52573329e-01 -5.27310133e-01
  4.54596430e-01 -9.14700404e-02  3.02723289e-01 -8.89788568e-02
  3.95721793e-01 -4.97007996e-01  3.43511015e-01 -1.91815257e-01
 -1.21223643e-01 -2.01120853e-01  4.82590705e-01 -2.42968976e-01
  5.59908748e-01 -6.56478107e-01 -4.98283774e-01  3.01900864e-01
 -5.17587900e-01 -2.61623077e-02 -6.95728779e-01  4.14721966e-01
  1.07265510e-01  4.71993476e-01  2.72641718e-01  1.79649770e-01
  2.48227477e-01  2.89263427e-01  4.64848846e-01 -5.57090282e-01
 -1.33485682e-02  4.38513190e-01  4.73861545e-01 -7.67261907e-02
  3.02242160e-01  3.93798649e-01 -6.29108176e-02  4.68087122e-02
 -1.55547366e-01 -7.15784967e-01 -7.92458653e-04  1.38401031e-01
  4.92181450e-01  3.48798424e-01 -1.86960459e-01  2.19374985e-01
 -3.14068854e-01  1.44018739e-01  5.12663901e-01 -7.58538768e-02
  3.74089867e-01 -1.37000263e-01 -6.53689563e-01 -4.10620302e-01
  4.52828914e-01  5.29775977e-01  1.49668962e-01  8.31038728e-02
  2.84595877e-01 -7.48693824e-01  5.67927003e-01  3.68176848e-01
 -4.09077369e-02 -2.22936779e-01 -4.09646213e-01 -4.56579536e-01
 -5.69110036e-01 -1.82460807e-02 -2.44389139e-02 -6.61588669e-01
 -4.70387965e-01 -5.04195631e-01 -9.05542821e-02  7.29389563e-02
 -5.89631163e-02  5.29537022e-01  5.94440877e-01  4.78734940e-01
  3.87869537e-01  2.21963435e-01  2.41691917e-01 -4.52174067e-01
  4.99456018e-01  1.89712018e-01  6.12257183e-01  6.19020998e-01
  3.63625288e-01 -2.59719998e-01  5.07482290e-01  3.32392633e-01
 -2.49004185e-01 -1.71325728e-01 -1.32496119e-01  3.84131640e-01
 -4.31612432e-01  8.69082436e-02  4.10017192e-01  3.61383438e-01
  1.43858612e-01 -2.39304125e-01  4.33895409e-01  6.07441068e-01
  2.80603290e-01  2.70428210e-02 -3.95281196e-01]
{"epoch": 26, "train_loss": 0.3539217752079631, "val_mae": 0.45913565158843994, "val_corr": 0.5454225525029185, "val_binary_acc": 0.7032457496136012, "val_binary_f1": 0.634980988593156, "threshold": 0.0}
Labels: [-1.   0.6 -1.   1.  -1.  -0.8 -0.2 -1.   0.6  0.2 -0.6 -0.2 -1.   1.
 -1.  -1.   0.   0.6 -1.  -1.   1.  -0.8  1.   1.  -1.   1.  -1.   1.
 -1.  -1.  -1.   1.  -1.  -0.4 -0.6  0.2  1.   0.8  0.   0.2  0.8 -0.8
  1.  -1.  -1.  -1.   0.8 -1.   0.8 -1.   1.   0.2  0.   1.  -1.  -0.6
 -0.2 -1.   0.4 -1.   1.   0.8 -1.   0.2 -0.6  0.   0.2 -1.  -1.  -1.
  1.   1.  -1.  -1.  -1.  -1.  -0.2 -0.6 -1.  -1.  -0.2  0.   0.8  0.4
  0.   0.  -0.2  0.  -0.6 -1.  -1.  -0.6 -1.  -0.6  0.6 -0.2 -1.  -0.2
 -1.  -0.4 -0.4  0.2  1.  -1.  -1.   1.   0.  -0.4 -1.   1.   0.6 -1.
 -1.   0.  -0.8 -1.   0.4  0.6  0.4 -1.  -0.4 -0.6 -0.4 -0.4 -1.  -0.4
 -0.4 -1.   1.   1.  -0.8 -0.2  1.  -1.  -0.2  0.6  1.  -1.   1.   0.6
 -0.2 -1.  -1.   0.  -1.  -0.4 -1.  -0.6 -0.4 -0.2  0.6  0.4  0.6 -0.4
  1.  -0.6 -1.   0.2 -1.   0.2  0.   0.  -0.6 -0.4 -0.6  1.  -1.  -1.
 -1.   1.   0.   1.  -0.6  1.  -1.  -1.  -1.  -1.   0.6  0.   0.6 -1.
 -1.   0.6  0.8  1.  -0.6  0.  -0.2 -1.  -1.   0.  -0.2 -0.2  0.4  0.6
  1.  -1.  -0.2 -1.   0.  -0.4 -1.   0.4 -0.6 -0.4 -1.   0.2  0.   0.
  0.   0.8  1.   0.  -0.4  1.  -1.   0.   0.2 -0.4  0.   0.8  0.   0.
  0.  -1.  -1.  -1.  -1.  -1.  -1.  -0.8 -1.  -1.   0.  -1.  -1.  -0.6
  0.   0.  -0.6 -1.   0.  -0.8  0.   0.8  0.6 -0.2  0.   1.   0.  -1.
 -1.  -0.6 -1.  -0.6 -0.4 -0.6  1.   0.   0.2  0.8 -0.2 -1.  -1.  -1.
 -1.   0.6 -1.  -1.  -0.2  1.  -0.2 -0.2  1.   0.2 -0.4  0.   0.4  1.
  0.   0.   0.2  0.4  0.   0.  -0.6 -1.  -0.2  0.4  0.  -1.  -0.4  0.
  0.   0.2  0.2 -0.2 -0.8 -1.  -1.  -0.2  0.4  0.2 -0.2  0.6  0.   0.2
  0.8  0.8  0.  -1.  -0.2 -0.8  0.   0.6 -0.8 -0.6  0.2  0.4  0.  -0.4
 -0.6 -0.2  0.6  0.   0.  -0.8 -0.2  0.  -0.2  0.   0.  -0.4  0.  -0.8
 -0.8 -0.8  0.6 -1.   0.6 -1.  -0.8 -1.   1.  -0.6 -1.  -1.   1.   1.
  0.2  0.8  1.   0.6 -0.2  0.2 -0.8 -1.  -1.  -0.2  0.2  1.  -0.8 -0.4
 -1.  -0.8 -0.6 -1.   0.  -0.8  0.6 -1.   1.   0.8 -0.2  0.  -0.6 -1.
 -1.   0.   1.   0.2  1.  -1.   0.8  0.4 -1.   1.  -0.8 -0.2 -0.8 -0.4
 -1.   0.   0.   0.  -0.4  0.  -0.4  0.   0.  -0.8  0.  -0.2 -0.6  0.8
  0.   0.6 -0.2 -1.  -0.2 -1.   0.6 -0.6  0.   0.   0.6  1.  -0.8 -1.
  1.   0.2  1.  -1.  -0.6 -0.8 -1.   1.   0.  -1.   1.  -0.2  0.  -1.
 -1.  -0.8  0.2  0.4 -0.4  0.   1.  -0.2 -0.2 -0.2  0.2 -0.8  0.8 -1.
 -1.  -1.   0.4 -0.8 -1.  -1.   0.4  0.2  0.8  0.8 -0.6  0.8  0.8 -0.8
  0.6  0.6 -0.8 -0.2 -0.4  0.8 -0.2  0.  -0.8 -0.4  0.8  0.6 -0.6 -0.8
 -0.6  0.8  0.6  0.6 -0.2  0.   0.4 -0.6 -0.6 -0.6  0.6  0.8  0.  -1.
 -0.6  0.   0.4  0.6  0.   0.   0.8 -0.6  0.2  0.6  0.8  0.8 -0.8 -0.4
  0.   0.6 -1.   0.8 -0.6  0.6  0.8  0.8  0.2 -0.8  0.6  0.4  0.8  0.
 -0.6  0.4 -0.6  0.   0.6  0.  -0.6  0.4  0.2 -0.8  0.6 -0.2  0.  -0.8
  0.6  1.  -0.8 -1.  -0.6  0.8  0.6  0.8  0.6  0.8  0.8  0.  -0.8  0.
  0.6 -0.6  0.6 -0.6  0.8 -0.8 -0.8 -0.6  0.6 -0.2  1.   0.  -0.8  0.6
 -1.  -0.6 -0.6  0.8 -0.8  0.   0.6  0.6  0.6  0.4  0.6 -0.8 -0.6  0.8
  0.8 -0.8  0.6 -0.6 -0.8 -0.6 -0.8 -1.   0.6 -0.8  0.4 -0.4 -0.6 -0.6
 -0.2 -0.8  0.6 -0.6  0.4  0.2 -0.8  0.2  0.8  0.6  0.4  0.  -0.8 -0.6
  0.6  0.6 -0.4  0.8  0.6 -0.6  0.6  0.   0.  -0.8 -0.4 -0.6  0.  -0.8
 -0.8  0.6  0.6  0.6  0.6  0.4  0.6 -0.8  0.  -0.4  0.6  0.6  0.6 -0.2
  0.6 -0.4  0.6  0.  -0.6  0.6 -0.2 -0.6  0.8  0.6  0.6  0.   0.2  0.8
  0.  -0.4  0.2]
Predictions: [-6.35408878e-01  4.58595574e-01 -9.52833176e-01  5.66054046e-01
 -7.12016165e-01 -2.14473680e-02  5.48024356e-01 -2.95076557e-02
  5.94155490e-02 -5.79551995e-01  3.84753704e-01 -5.96874118e-01
 -1.88721910e-01 -1.79761052e-01 -6.16333187e-01 -3.74917388e-01
 -1.68370426e-01  4.19261366e-01  3.82865876e-01 -3.88530135e-01
  5.67619622e-01 -3.10635656e-01  3.21209550e-01 -6.69150591e-01
 -8.30528319e-01  1.80189088e-01 -6.81410253e-01 -3.76317859e-01
 -5.16956091e-01 -8.67247999e-01  1.44191206e-01 -6.33969784e-01
 -5.53045511e-01  1.97384655e-01 -8.30274761e-01 -5.91829181e-01
  6.00716829e-01  5.22209585e-01 -1.82520077e-02  3.86293560e-01
  5.79808593e-01 -3.01166385e-01  9.14100558e-03 -6.92322552e-01
 -6.76234066e-01 -3.11613351e-01  5.01634717e-01  3.28940868e-01
 -5.26508540e-02 -8.47897947e-01  4.86663163e-01 -5.73419631e-02
 -7.84963846e-01  4.94556487e-01  3.91181380e-01 -7.95455337e-01
 -6.34578407e-01 -5.99781454e-01 -2.91858196e-01 -2.65866935e-01
  4.34243351e-01  2.65668333e-02 -2.30101690e-01  6.14445090e-01
 -3.94647568e-01 -5.13850570e-01 -6.99414015e-01 -1.02872825e+00
 -6.64982617e-01 -6.45465493e-01  5.86229980e-01  3.81144673e-01
 -8.26138258e-01 -4.89700943e-01 -6.22515678e-01 -1.36608779e-02
  3.78764212e-01 -3.76093447e-01 -6.53578579e-01 -7.76823938e-01
 -5.65181077e-01 -3.73762965e-01  2.00763315e-01 -8.58354688e-01
 -1.34057969e-01  2.90886492e-01  4.67917264e-01  1.27679542e-01
 -6.70628488e-01 -1.39151551e-02  7.91741610e-02  3.75165045e-02
  4.06360567e-01  3.62216324e-01  3.28842759e-01  1.88680813e-02
  5.89694858e-01  5.79396546e-01 -9.27544177e-01 -7.07286656e-01
 -9.82477963e-02 -5.84214807e-01  6.70349419e-01 -8.72565210e-01
 -1.14806905e-01  2.59918153e-01 -2.84458458e-01 -5.66214204e-01
 -1.00229216e+00  4.60379243e-01 -1.81297138e-01 -9.03861046e-01
 -9.59263802e-01 -2.05962300e-01 -6.97296858e-01 -7.79010773e-01
  1.89954907e-01  4.08652067e-01 -7.72151202e-02 -5.85267007e-01
 -1.96712822e-01 -4.39330786e-01 -2.06108660e-01  4.25571352e-02
  9.91716981e-02 -3.35954756e-01 -8.51342559e-01 -5.65040827e-01
  4.13076222e-01  4.86484647e-01 -7.13698044e-02 -3.08113545e-03
  1.24775082e-01 -8.46481621e-01 -9.57192630e-02  5.50391793e-01
  4.96295691e-01 -9.14292037e-01  4.98250306e-01  2.38071471e-01
 -4.46016639e-01  6.31327152e-01 -5.27063847e-01 -5.45938492e-01
 -1.35615140e-01 -1.80680349e-01 -4.68418002e-05  6.53012335e-01
 -5.95860362e-01 -4.76620309e-02  4.43258137e-02 -1.17725521e-01
 -1.07728422e-01 -6.91435218e-01  5.17372429e-01 -1.50086865e-01
 -5.90702593e-01 -5.43470860e-01 -4.86446768e-02  2.68673837e-01
  4.18530971e-01 -7.04886019e-02  8.05168897e-02  8.67432058e-02
 -4.26764607e-01  5.37151992e-01 -7.56444693e-01 -8.51031780e-01
 -8.53675380e-02  3.61355722e-01 -2.58644849e-01 -1.89137667e-01
 -4.85836834e-01  7.55536199e-01 -6.75786436e-01 -5.47807693e-01
 -6.23358905e-01 -6.13309264e-01 -1.13412023e+00  5.78370571e-01
 -5.55450201e-01 -3.72940540e-01 -7.88472414e-01  5.77016354e-01
  1.31529674e-01  7.85958171e-01 -4.99022961e-01 -7.94643223e-01
 -1.93390667e-01 -7.87683487e-01 -1.08290687e-01 -1.50509387e-01
 -1.80521205e-01 -5.01125097e-01 -7.97049776e-02  6.03789568e-01
 -6.72079861e-01 -9.92911100e-01  1.53513625e-02 -3.88175458e-01
  3.69013041e-01 -1.20756917e-01 -8.28321815e-01 -6.52249530e-02
 -1.88172042e-01 -1.19192675e-01 -4.67796534e-01  6.25644326e-02
  5.65575063e-01 -2.51807809e-01  3.61634940e-02  4.38145101e-01
  6.08000040e-01  3.87011647e-01 -8.44254971e-01  6.18987739e-01
 -4.81807411e-01 -3.17982227e-01 -2.96375096e-01 -4.80982095e-01
 -7.94275105e-01  2.52201736e-01  2.81445414e-01 -4.24936026e-01
  2.17427760e-01 -8.16926658e-01 -5.96663594e-01  3.36563662e-02
 -7.55928338e-01 -5.17093420e-01 -9.59632337e-01 -4.19216454e-01
 -4.44159135e-02 -4.09598261e-01  1.27910942e-01 -6.49925053e-01
 -8.80940318e-01 -5.07658243e-01  1.89122975e-01  4.81279910e-01
 -3.54724675e-01 -4.49269474e-01 -2.85701007e-02 -4.97830778e-01
  1.99969441e-01  4.18849587e-01  2.21455395e-01 -8.31567273e-02
  2.10383534e-02  4.54731703e-01 -1.31058663e-01 -1.02536178e+00
 -7.17809796e-01  1.05414793e-01 -1.82802051e-01 -1.94506988e-01
  6.12043589e-03  5.74669600e-01  7.26058424e-01 -3.63736898e-01
 -3.19569081e-01 -1.42090842e-01 -4.65077281e-01 -6.17002070e-01
  1.35870606e-01  5.60486138e-01  3.55501249e-02 -7.14054704e-01
 -2.81257480e-01  1.79377615e-01 -5.03709555e-01  1.34391427e-01
 -6.71679914e-01 -6.57540560e-01  3.22131217e-01  5.64760417e-02
 -8.38979110e-02 -3.27877700e-02  4.66936111e-01  7.74272978e-02
 -1.86944157e-01  1.01975620e-01 -4.44581658e-01  6.68620765e-02
  2.69813418e-01 -3.71077150e-01 -5.72352648e-01 -7.40540683e-01
 -6.24365628e-01  2.65142649e-01  5.91579616e-01 -6.55158579e-01
 -1.70258835e-01  2.25282088e-02  4.10942733e-03  2.56113887e-01
 -7.14727938e-01 -5.69676578e-01 -3.43213737e-01 -5.11834741e-01
 -8.56940031e-01 -4.36107814e-01  4.40096080e-01 -7.38039196e-01
 -9.15584087e-01 -9.98335034e-02 -1.60299659e-01  4.01154846e-01
  5.68335533e-01 -5.03027618e-01 -1.11556515e-01 -9.17338490e-01
 -3.90129298e-01 -7.08566427e-01  4.34200436e-01  2.85461605e-01
 -2.97486842e-01 -3.51903677e-01  5.63805282e-01  1.12532750e-01
  2.38229305e-01 -1.85987204e-01 -3.65736336e-01 -3.95536721e-01
  6.66422397e-02 -4.83144760e-01 -2.29291841e-01 -1.49072349e-01
 -5.94650209e-01 -3.88365239e-03 -5.43364882e-01 -3.05078439e-02
 -2.13292152e-01 -1.04039595e-01  3.45415592e-01  3.55726093e-01
 -6.85973823e-01 -5.68472087e-01 -4.86710429e-01 -4.82279599e-01
  3.89190882e-01 -6.69714630e-01 -1.02184176e+00  1.87548995e-01
  4.09808844e-01 -7.05462515e-01 -7.91452169e-01 -9.23900306e-01
  6.44445956e-01  5.19180179e-01 -4.97286141e-01  5.09192109e-01
 -7.53704667e-01  3.91422540e-01  3.95138025e-01 -1.07887655e-01
 -6.93556011e-01 -4.33618188e-01 -6.45640910e-01  2.04479069e-01
  1.45699188e-01  5.02449751e-01  5.28726876e-02  6.13148659e-02
 -9.21368480e-01  3.36852163e-01 -4.16044533e-01 -8.48731041e-01
 -1.07291028e-01  5.13368487e-01  4.45011675e-01 -2.71464437e-01
 -1.52031034e-01 -1.80565089e-01 -3.09672534e-01  2.76521593e-01
 -2.13067502e-01  6.63171887e-01 -7.64298737e-01 -2.84746468e-01
 -6.42871931e-02 -5.62694252e-01 -2.64714323e-02 -7.27022290e-01
  4.78766084e-01 -5.65146446e-01 -4.79738623e-01 -9.26804841e-01
 -1.43258393e-01 -7.67367125e-01 -3.17898363e-01 -1.35457397e-01
  1.03687301e-01  2.02479213e-03 -5.80873251e-01  3.00866902e-01
 -5.36056638e-01  1.37069955e-01  1.05607659e-01  8.28953087e-02
 -5.56337237e-01 -2.77708292e-01 -6.39608145e-01 -5.82885802e-01
 -5.24662197e-01  6.72663569e-01  6.68615252e-02 -7.35130429e-01
 -5.24960458e-02 -8.15478861e-01 -1.25139058e-01 -3.10082853e-01
 -1.40895069e-01 -3.94038707e-01  1.91091448e-02 -4.29745853e-01
  5.21610141e-01 -8.96840334e-01 -6.73856020e-01 -1.00031400e+00
 -5.62329650e-01 -2.22911909e-01  4.29335147e-01  2.44427547e-02
 -6.01329207e-01 -9.57433403e-01  2.52804071e-01 -9.80569497e-02
 -7.57577270e-03 -7.29422271e-01 -4.66079503e-01 -3.08608502e-01
 -8.70309830e-01 -1.01299810e+00 -4.34087336e-01 -5.79784155e-01
 -4.45793152e-01 -4.92901146e-01  4.14769426e-02  3.34234238e-01
  6.57134652e-01  2.11773068e-03 -2.12652177e-01 -1.61909848e-01
 -6.86810553e-01 -7.54418910e-01  3.18867058e-01 -8.88213694e-01
 -9.12099719e-01 -1.09954977e+00  6.06625259e-01 -7.74026096e-01
  1.65575683e-01 -5.08701205e-01 -4.71228063e-01 -1.14642106e-01
  6.04558110e-01  6.15854740e-01 -7.81192601e-01  5.84118128e-01
  5.34842670e-01 -7.90241539e-01  6.34198338e-02  3.96021903e-01
  2.67144382e-01 -8.86593580e-01 -5.68940401e-01  5.90406299e-01
 -3.04701924e-03  4.66543436e-02 -3.24751318e-01 -2.64856339e-01
 -3.81541282e-01  3.26059371e-01 -5.18234551e-01 -6.49103820e-01
 -1.24534592e-02  2.89686769e-01 -4.27893922e-02  5.26679873e-01
 -1.57879293e-01 -2.30550170e-02  3.75666410e-01  8.85028541e-02
 -3.54584336e-01 -4.20941293e-01  4.15448397e-01  3.10180038e-01
 -5.80388665e-01 -4.79560256e-01 -1.23754136e-01  4.53722417e-01
 -6.18336976e-01  5.60893357e-01  1.65958092e-01  4.84644294e-01
  5.28246462e-01 -3.17118287e-01  2.78037071e-01  1.67441770e-01
  3.61257374e-01  5.55606008e-01 -7.97044873e-01 -4.39104974e-01
 -1.08509205e-01  6.24539912e-01 -7.57651448e-01  4.19011742e-01
  4.87442672e-01  2.61888266e-01  1.56446010e-01  2.26802528e-01
  3.73387709e-02 -1.83586888e-02  1.91832364e-01 -7.79636577e-03
  6.51101291e-01  2.36111790e-01 -1.02130234e-01  3.58501792e-01
 -8.28853965e-01  1.50747776e-01 -3.56856704e-01 -1.25694901e-01
 -8.14753473e-01 -6.74112439e-02  5.57463050e-01 -8.82401645e-01
  4.57293391e-01  9.43070203e-02  4.21234757e-01 -8.83717120e-01
  5.68341374e-01  4.23320413e-01  6.91092372e-01 -3.20420146e-01
  2.10119486e-01  7.16105521e-01  8.41395736e-01  3.50939572e-01
 -4.27889824e-03  4.99786556e-01  4.68489647e-01 -5.96216440e-01
  5.28350115e-01 -4.85864222e-01 -5.21091744e-03 -7.17029795e-02
  4.38145459e-01 -8.62657607e-01  3.10492307e-01 -8.00325394e-01
 -2.56595850e-01 -3.64271551e-01  3.90417665e-01 -4.35280353e-01
  7.09150136e-01 -8.28632772e-01 -9.12996531e-01  3.64271998e-01
 -6.36919796e-01 -1.56097025e-01 -7.85217047e-01  4.78229403e-01
  4.69068438e-02  4.69307601e-01  3.38204652e-01  6.23162806e-01
  2.95357704e-01  2.72385687e-01  2.47607678e-01 -7.56912708e-01
  1.71538919e-01  5.13048530e-01 -2.22402230e-01 -8.75196680e-02
  4.37460065e-01  4.67724860e-01 -1.84591115e-01  1.52501762e-02
 -4.54306036e-01 -8.93903255e-01  3.11331153e-02 -4.39708740e-01
  5.00722468e-01  2.67118752e-01 -3.75893980e-01  5.32673895e-01
 -7.48016536e-01 -5.57246730e-02  1.79128155e-01 -6.26532733e-01
  3.01394850e-01 -2.11344391e-01 -6.72132790e-01 -5.52479863e-01
  1.04261175e-01  5.54278314e-01  3.37228149e-01 -1.37389228e-02
  3.75411987e-01 -8.77668202e-01  4.40872908e-01  3.86912674e-01
 -9.30553228e-02  7.58048892e-02 -3.09195995e-01 -7.15029418e-01
 -4.26813364e-01 -2.08540745e-02 -4.35998738e-02 -8.73079479e-01
 -6.33245885e-01 -6.66927397e-01 -5.72861731e-01 -1.02447972e-01
 -1.27705902e-01  5.80185175e-01  5.73210895e-01  4.90618467e-01
  1.72776461e-01  1.16865829e-01  3.59326810e-01 -5.80189407e-01
  4.31843042e-01  2.44407982e-01  3.16741675e-01  5.28822482e-01
  3.65710855e-01 -2.80405045e-01  3.56158316e-01 -1.29172727e-02
 -4.78792310e-01 -4.41530824e-01 -1.50643647e-01  4.56869841e-01
 -6.67154491e-01  5.90147823e-03  2.45467633e-01  2.93563187e-01
  1.01214007e-01 -5.55716753e-01  5.27793050e-01  6.34801626e-01
  3.15554172e-01 -4.05042589e-01 -5.98086834e-01]
{"epoch": 27, "train_loss": 0.3546913245389628, "val_mae": 0.444684237241745, "val_corr": 0.5479464043196265, "val_binary_acc": 0.7310664605873262, "val_binary_f1": 0.6477732793522267, "threshold": 0.0}
Labels: [-1.   0.6 -1.   1.  -1.  -0.8 -0.2 -1.   0.6  0.2 -0.6 -0.2 -1.   1.
 -1.  -1.   0.   0.6 -1.  -1.   1.  -0.8  1.   1.  -1.   1.  -1.   1.
 -1.  -1.  -1.   1.  -1.  -0.4 -0.6  0.2  1.   0.8  0.   0.2  0.8 -0.8
  1.  -1.  -1.  -1.   0.8 -1.   0.8 -1.   1.   0.2  0.   1.  -1.  -0.6
 -0.2 -1.   0.4 -1.   1.   0.8 -1.   0.2 -0.6  0.   0.2 -1.  -1.  -1.
  1.   1.  -1.  -1.  -1.  -1.  -0.2 -0.6 -1.  -1.  -0.2  0.   0.8  0.4
  0.   0.  -0.2  0.  -0.6 -1.  -1.  -0.6 -1.  -0.6  0.6 -0.2 -1.  -0.2
 -1.  -0.4 -0.4  0.2  1.  -1.  -1.   1.   0.  -0.4 -1.   1.   0.6 -1.
 -1.   0.  -0.8 -1.   0.4  0.6  0.4 -1.  -0.4 -0.6 -0.4 -0.4 -1.  -0.4
 -0.4 -1.   1.   1.  -0.8 -0.2  1.  -1.  -0.2  0.6  1.  -1.   1.   0.6
 -0.2 -1.  -1.   0.  -1.  -0.4 -1.  -0.6 -0.4 -0.2  0.6  0.4  0.6 -0.4
  1.  -0.6 -1.   0.2 -1.   0.2  0.   0.  -0.6 -0.4 -0.6  1.  -1.  -1.
 -1.   1.   0.   1.  -0.6  1.  -1.  -1.  -1.  -1.   0.6  0.   0.6 -1.
 -1.   0.6  0.8  1.  -0.6  0.  -0.2 -1.  -1.   0.  -0.2 -0.2  0.4  0.6
  1.  -1.  -0.2 -1.   0.  -0.4 -1.   0.4 -0.6 -0.4 -1.   0.2  0.   0.
  0.   0.8  1.   0.  -0.4  1.  -1.   0.   0.2 -0.4  0.   0.8  0.   0.
  0.  -1.  -1.  -1.  -1.  -1.  -1.  -0.8 -1.  -1.   0.  -1.  -1.  -0.6
  0.   0.  -0.6 -1.   0.  -0.8  0.   0.8  0.6 -0.2  0.   1.   0.  -1.
 -1.  -0.6 -1.  -0.6 -0.4 -0.6  1.   0.   0.2  0.8 -0.2 -1.  -1.  -1.
 -1.   0.6 -1.  -1.  -0.2  1.  -0.2 -0.2  1.   0.2 -0.4  0.   0.4  1.
  0.   0.   0.2  0.4  0.   0.  -0.6 -1.  -0.2  0.4  0.  -1.  -0.4  0.
  0.   0.2  0.2 -0.2 -0.8 -1.  -1.  -0.2  0.4  0.2 -0.2  0.6  0.   0.2
  0.8  0.8  0.  -1.  -0.2 -0.8  0.   0.6 -0.8 -0.6  0.2  0.4  0.  -0.4
 -0.6 -0.2  0.6  0.   0.  -0.8 -0.2  0.  -0.2  0.   0.  -0.4  0.  -0.8
 -0.8 -0.8  0.6 -1.   0.6 -1.  -0.8 -1.   1.  -0.6 -1.  -1.   1.   1.
  0.2  0.8  1.   0.6 -0.2  0.2 -0.8 -1.  -1.  -0.2  0.2  1.  -0.8 -0.4
 -1.  -0.8 -0.6 -1.   0.  -0.8  0.6 -1.   1.   0.8 -0.2  0.  -0.6 -1.
 -1.   0.   1.   0.2  1.  -1.   0.8  0.4 -1.   1.  -0.8 -0.2 -0.8 -0.4
 -1.   0.   0.   0.  -0.4  0.  -0.4  0.   0.  -0.8  0.  -0.2 -0.6  0.8
  0.   0.6 -0.2 -1.  -0.2 -1.   0.6 -0.6  0.   0.   0.6  1.  -0.8 -1.
  1.   0.2  1.  -1.  -0.6 -0.8 -1.   1.   0.  -1.   1.  -0.2  0.  -1.
 -1.  -0.8  0.2  0.4 -0.4  0.   1.  -0.2 -0.2 -0.2  0.2 -0.8  0.8 -1.
 -1.  -1.   0.4 -0.8 -1.  -1.   0.4  0.2  0.8  0.8 -0.6  0.8  0.8 -0.8
  0.6  0.6 -0.8 -0.2 -0.4  0.8 -0.2  0.  -0.8 -0.4  0.8  0.6 -0.6 -0.8
 -0.6  0.8  0.6  0.6 -0.2  0.   0.4 -0.6 -0.6 -0.6  0.6  0.8  0.  -1.
 -0.6  0.   0.4  0.6  0.   0.   0.8 -0.6  0.2  0.6  0.8  0.8 -0.8 -0.4
  0.   0.6 -1.   0.8 -0.6  0.6  0.8  0.8  0.2 -0.8  0.6  0.4  0.8  0.
 -0.6  0.4 -0.6  0.   0.6  0.  -0.6  0.4  0.2 -0.8  0.6 -0.2  0.  -0.8
  0.6  1.  -0.8 -1.  -0.6  0.8  0.6  0.8  0.6  0.8  0.8  0.  -0.8  0.
  0.6 -0.6  0.6 -0.6  0.8 -0.8 -0.8 -0.6  0.6 -0.2  1.   0.  -0.8  0.6
 -1.  -0.6 -0.6  0.8 -0.8  0.   0.6  0.6  0.6  0.4  0.6 -0.8 -0.6  0.8
  0.8 -0.8  0.6 -0.6 -0.8 -0.6 -0.8 -1.   0.6 -0.8  0.4 -0.4 -0.6 -0.6
 -0.2 -0.8  0.6 -0.6  0.4  0.2 -0.8  0.2  0.8  0.6  0.4  0.  -0.8 -0.6
  0.6  0.6 -0.4  0.8  0.6 -0.6  0.6  0.   0.  -0.8 -0.4 -0.6  0.  -0.8
 -0.8  0.6  0.6  0.6  0.6  0.4  0.6 -0.8  0.  -0.4  0.6  0.6  0.6 -0.2
  0.6 -0.4  0.6  0.  -0.6  0.6 -0.2 -0.6  0.8  0.6  0.6  0.   0.2  0.8
  0.  -0.4  0.2]
Predictions: [-0.5033328   0.5154624  -0.7800025   0.5726376  -0.8096692  -0.00255188
  0.6922584  -0.25810036  0.01528508 -0.36398333  0.5616617   0.3253971
  0.1840879   0.08031713 -0.6161308  -0.3487677  -0.27093574  0.49470392
  0.17986926 -0.11335498  0.6330365  -0.13161851  0.40167165 -0.6287034
 -0.75159544  0.27054888 -0.6051949  -0.4745025  -0.8652555  -0.81284845
 -0.08266699  0.7024303  -0.56824803  0.12071557 -0.6856302  -0.6196727
  0.6534427   0.5618151  -0.02308156  0.4549605   0.694674   -0.35806563
  0.3733407  -0.6853209  -0.5869488  -0.27308998  0.5599667  -0.6340359
  0.06625486 -0.84728026  0.6337224  -0.10254999 -0.6275357   0.54195756
  0.2692987  -0.7212194  -0.35751846 -0.5225072  -0.34828493 -0.536434
  0.6489592   0.40340254 -0.45525873  0.7627199  -0.25303724 -0.42494357
 -0.6395687  -1.0217626  -0.6605205  -0.59405625 -0.3104253   0.22947314
 -0.7762756  -0.17281213 -0.61520135  0.34535828  0.46773317 -0.30301365
 -0.52097756 -0.77689785 -0.59410316 -0.5252392  -0.15940642 -0.64550513
 -0.14381088  0.53149104  0.43488327  0.34980932 -0.5927424  -0.07605384
 -0.13560441  0.26067275  0.22634026  0.57186687  0.5663866  -0.11386441
  0.53496236  0.54361475 -0.9221028  -0.5917035  -0.0879212  -0.25517818
  0.35904494 -0.77927464 -0.07333132  0.4838738  -0.2815299  -0.13389222
 -0.89592737  0.34298024 -0.20584506 -0.14105228 -0.8922113  -0.18762079
 -0.6689117  -0.4847447   0.58620614  0.6062877   0.07379795 -0.6093778
 -0.2384567  -0.6815222  -0.10608461 -0.05360338 -0.17287935 -0.42545524
 -0.5940186  -0.3976397   0.56535673  0.96230596  0.127877    0.2509369
  0.4848155  -0.85110515  0.02458518  0.6346844   0.53496784 -0.88886064
  0.5569005  -0.14082584 -0.06394363  0.6411819  -0.81494963 -0.22189069
 -0.30437922 -0.26017523 -0.02338698  0.64626473 -0.64143044 -0.07768422
  0.14308411 -0.14686303  0.16160414 -0.64741266  0.48468855 -0.07887454
 -0.58406705 -0.08232702 -0.1924648   0.44290236  0.53461957 -0.05226916
  0.19213542 -0.19863847 -0.33489004  0.6105898  -0.5514296  -0.76874095
 -0.28435853  0.5171458  -0.16475315  0.0575747  -0.74458855  0.53767246
 -0.6381182  -0.5330513  -0.3267071  -0.49443272 -1.0415959   0.5834474
 -0.28523493 -0.30437163 -0.68805146  0.6269829   0.32141298  0.73581856
 -0.05273892 -0.5382972   0.00773539 -0.660889   -0.02353425 -0.16130598
 -0.3453262  -0.3231207   0.03383198  0.7149475  -0.34156448 -0.85718393
  0.3279956  -0.49746966  0.5730189   0.31033915 -0.8628484   0.00328437
 -0.20295417 -0.128979   -0.25238815  0.2927213   0.55897725 -0.21113163
  0.49793968  0.63219666  0.4895998   0.55967575 -0.6780599   0.6553576
 -0.51873446 -0.26996502  0.18888372 -0.3854926  -0.6891955  -0.17650253
  0.45133504 -0.821487    0.22645095 -0.7176893  -0.29732475 -0.277656
 -0.8453025  -0.6862456  -0.8488661  -0.47060212 -0.09937605 -0.18420318
  0.36457837 -0.6447011  -0.7309663  -0.73661804  0.20013526  0.54549366
 -0.09896329 -0.22052795  0.03037271 -0.3990497   0.15640065  0.47978827
  0.20315892  0.23770484  0.14871421  0.51685184 -0.09896316 -1.0280945
 -0.7598099   0.00231934 -0.80412066 -0.1417776   0.08350431  0.14882407
  0.71796906 -0.42402518 -0.10343651  0.07367297 -0.70142084 -0.5148087
  0.10956041  0.6951355   0.30057105 -0.7201872  -0.5997301  -0.5662568
 -0.30657387  0.06088936 -0.6262158  -0.6743091   0.4625896   0.4505125
  0.01773307  0.13829541  0.62080455  0.337072   -0.04049397  0.46357116
 -0.7130633   0.25494745  0.37058568 -0.45668966 -0.5691786  -0.7475473
 -0.42965817  0.3840462   0.64651453 -0.6362238  -0.11915495  0.4642183
 -0.0214273   0.46937075 -0.55732125  0.07353445 -0.5133199  -0.60840625
 -0.858148   -0.25413293  0.40326497 -0.57487106 -0.8953369   0.02263343
 -0.20196861  0.4769219   0.70422995 -0.56482345 -0.22576058 -0.9314437
 -0.5469247  -0.76148015  0.4994019   0.49591962  0.3462339   0.30034772
  0.51048666  0.26857552  0.56164867 -0.35274446 -0.42690343 -0.6343626
  0.22979563 -0.48541728 -0.2292791  -0.41614038 -0.67999023  0.10716019
 -0.5906897  -0.02335678 -0.18402836 -0.16276602  0.39055312  0.11169449
 -0.59961414 -0.7242856  -0.36945733 -0.06743667  0.55278164 -0.77206284
 -0.9447567   0.07488471  0.49466142 -0.7185474  -0.83184147 -0.7186532
  0.5983539   0.525546   -0.69409806  0.5582133  -0.7722257   0.58180594
  0.54872286 -0.05305818 -0.673501   -0.43555936 -0.6422765   0.23283479
  0.3666446   0.5586769   0.18933171  0.22296304 -0.8661311   0.49386355
 -0.35806194 -0.81944853  0.1345877   0.49534944  0.6197139  -0.3636174
 -0.15576383 -0.26799557 -0.3131002   0.38351074 -0.24161422  0.5919202
 -0.71499735 -0.51814127 -0.05634243 -0.35799956  0.04910755 -0.54362667
  0.59812    -0.71346945 -0.85464495 -0.9270776  -0.00261052 -0.6412898
 -0.36645627 -0.03098563 -0.20265868  0.07119951 -0.37163308  0.3890997
 -0.44278726 -0.01523388  0.14556497  0.3489864  -0.00591125 -0.27941346
 -0.65751266  0.03507185 -0.5679534   0.5405477   0.08877703 -0.56277704
  0.03226987 -0.653447   -0.66514665 -0.46556163  0.03082088 -0.36543992
  0.07845151 -0.6596095   0.57627255 -0.8347641  -0.75616705 -0.81757665
  0.18941861 -0.34113503  0.52974224 -0.30781204 -0.35546163 -0.63385534
  0.4991834  -0.08301622  0.15768567 -0.80187076 -0.6072274  -0.07891493
 -0.7083201  -0.8509741  -0.12290573 -0.64541394 -0.542347    0.7259522
  0.2354261   0.5697308   0.4566814  -0.03615412 -0.24861664 -0.44397268
 -0.6605653  -0.75680214  0.51380235 -0.81555253 -0.74202585 -1.1112117
  0.6094808  -0.77671957 -0.02058431 -0.61533433 -0.6403067   0.09514607
  0.5509656   0.65011346 -0.7150966   0.68717164  0.5176037  -0.70682687
  0.03534265  0.55052567  0.43842104 -0.77454984 -0.47821507  0.62435186
 -0.12117536  0.4050801  -0.4266254  -0.3660819  -0.40585622  0.238392
 -0.4853591  -0.8157075   0.05359351  0.5741195  -0.22969037  0.5385456
 -0.22061467  0.02625088  0.50401485  0.29893637 -0.30827084 -0.46861088
  0.54345024  0.64978915 -0.7225816  -0.5234862   0.35786083  0.43202916
 -0.49985     0.6945663   0.11382814  0.45271572  0.60626686 -0.25469178
 -0.40925282  0.48342058  0.4333366   0.48198238 -0.8541292  -0.18459933
 -0.24485588  0.69358206 -0.65248317  0.5298989   0.33636004  0.5001327
 -0.12722456  0.36736828  0.2178264   0.00938343  0.26039064  0.26775646
  0.69167525  0.31870767 -0.04979485  0.4887652  -0.5291986   0.42181993
 -0.3814575  -0.26522663 -0.82782084  0.07132558  0.60112816 -0.8268703
  0.3498792   0.11944879  0.5378308  -0.8078293   0.7430049   0.61012566
  0.74624234 -0.3806944   0.41383833  0.73717517  0.7968167   0.6457846
  0.23709908  0.62719256  0.5506579  -0.59443676  0.6917002  -0.6399768
  0.0935609  -0.13267098  0.506587   -0.76119024  0.52236646 -0.7764851
 -0.32128668 -0.57653564  0.5581173  -0.45549357  0.38476658 -0.8093531
 -0.9214796   0.4795536  -0.59925437 -0.24164581 -0.73927873  0.6121032
  0.14515153  0.6087343   0.48962274 -0.2727646   0.486227    0.40925297
  0.2200158  -0.6410258   0.10193402  0.50652635  0.58420265 -0.0258135
  0.5750734   0.68022424 -0.33251733  0.05788108 -0.4373652  -0.8182201
  0.03181189 -0.59367037  0.5805043   0.47310516 -0.41252652  0.50049424
 -0.7133365  -0.36495233  0.49778578 -0.36840147  0.48368683 -0.41865528
 -0.7949427  -0.5157727   0.20777705  0.48126647  0.4776722   0.2374003
  0.49993023 -0.8652948   0.5325273   0.40612966 -0.16573405 -0.42125914
  0.1994341  -0.5767088  -0.657327   -0.02212536 -0.14613768 -0.81465155
 -0.45129865 -0.7711166  -0.6675235   0.09813639 -0.26016134  0.6942301
  0.7185777   0.5888139   0.11605804  0.39119035  0.6035036  -0.6677803
  0.5992249   0.4682491   0.41880426  0.6645984   0.36617184 -0.27015758
  0.50369203 -0.42277533 -0.2901171  -0.23028114 -0.1924361   0.5377614
 -0.7626781  -0.29477435  0.4783663   0.48949417  0.5537979  -0.6514641
  0.42902663  0.61432254  0.16782019 -0.32263368 -0.6352499 ]
{"epoch": 28, "train_loss": 0.3479671027771262, "val_mae": 0.4373837411403656, "val_corr": 0.5740095618221875, "val_binary_acc": 0.7372488408037094, "val_binary_f1": 0.6718146718146718, "threshold": 0.0}
Labels: [-1.   0.6 -1.   1.  -1.  -0.8 -0.2 -1.   0.6  0.2 -0.6 -0.2 -1.   1.
 -1.  -1.   0.   0.6 -1.  -1.   1.  -0.8  1.   1.  -1.   1.  -1.   1.
 -1.  -1.  -1.   1.  -1.  -0.4 -0.6  0.2  1.   0.8  0.   0.2  0.8 -0.8
  1.  -1.  -1.  -1.   0.8 -1.   0.8 -1.   1.   0.2  0.   1.  -1.  -0.6
 -0.2 -1.   0.4 -1.   1.   0.8 -1.   0.2 -0.6  0.   0.2 -1.  -1.  -1.
  1.   1.  -1.  -1.  -1.  -1.  -0.2 -0.6 -1.  -1.  -0.2  0.   0.8  0.4
  0.   0.  -0.2  0.  -0.6 -1.  -1.  -0.6 -1.  -0.6  0.6 -0.2 -1.  -0.2
 -1.  -0.4 -0.4  0.2  1.  -1.  -1.   1.   0.  -0.4 -1.   1.   0.6 -1.
 -1.   0.  -0.8 -1.   0.4  0.6  0.4 -1.  -0.4 -0.6 -0.4 -0.4 -1.  -0.4
 -0.4 -1.   1.   1.  -0.8 -0.2  1.  -1.  -0.2  0.6  1.  -1.   1.   0.6
 -0.2 -1.  -1.   0.  -1.  -0.4 -1.  -0.6 -0.4 -0.2  0.6  0.4  0.6 -0.4
  1.  -0.6 -1.   0.2 -1.   0.2  0.   0.  -0.6 -0.4 -0.6  1.  -1.  -1.
 -1.   1.   0.   1.  -0.6  1.  -1.  -1.  -1.  -1.   0.6  0.   0.6 -1.
 -1.   0.6  0.8  1.  -0.6  0.  -0.2 -1.  -1.   0.  -0.2 -0.2  0.4  0.6
  1.  -1.  -0.2 -1.   0.  -0.4 -1.   0.4 -0.6 -0.4 -1.   0.2  0.   0.
  0.   0.8  1.   0.  -0.4  1.  -1.   0.   0.2 -0.4  0.   0.8  0.   0.
  0.  -1.  -1.  -1.  -1.  -1.  -1.  -0.8 -1.  -1.   0.  -1.  -1.  -0.6
  0.   0.  -0.6 -1.   0.  -0.8  0.   0.8  0.6 -0.2  0.   1.   0.  -1.
 -1.  -0.6 -1.  -0.6 -0.4 -0.6  1.   0.   0.2  0.8 -0.2 -1.  -1.  -1.
 -1.   0.6 -1.  -1.  -0.2  1.  -0.2 -0.2  1.   0.2 -0.4  0.   0.4  1.
  0.   0.   0.2  0.4  0.   0.  -0.6 -1.  -0.2  0.4  0.  -1.  -0.4  0.
  0.   0.2  0.2 -0.2 -0.8 -1.  -1.  -0.2  0.4  0.2 -0.2  0.6  0.   0.2
  0.8  0.8  0.  -1.  -0.2 -0.8  0.   0.6 -0.8 -0.6  0.2  0.4  0.  -0.4
 -0.6 -0.2  0.6  0.   0.  -0.8 -0.2  0.  -0.2  0.   0.  -0.4  0.  -0.8
 -0.8 -0.8  0.6 -1.   0.6 -1.  -0.8 -1.   1.  -0.6 -1.  -1.   1.   1.
  0.2  0.8  1.   0.6 -0.2  0.2 -0.8 -1.  -1.  -0.2  0.2  1.  -0.8 -0.4
 -1.  -0.8 -0.6 -1.   0.  -0.8  0.6 -1.   1.   0.8 -0.2  0.  -0.6 -1.
 -1.   0.   1.   0.2  1.  -1.   0.8  0.4 -1.   1.  -0.8 -0.2 -0.8 -0.4
 -1.   0.   0.   0.  -0.4  0.  -0.4  0.   0.  -0.8  0.  -0.2 -0.6  0.8
  0.   0.6 -0.2 -1.  -0.2 -1.   0.6 -0.6  0.   0.   0.6  1.  -0.8 -1.
  1.   0.2  1.  -1.  -0.6 -0.8 -1.   1.   0.  -1.   1.  -0.2  0.  -1.
 -1.  -0.8  0.2  0.4 -0.4  0.   1.  -0.2 -0.2 -0.2  0.2 -0.8  0.8 -1.
 -1.  -1.   0.4 -0.8 -1.  -1.   0.4  0.2  0.8  0.8 -0.6  0.8  0.8 -0.8
  0.6  0.6 -0.8 -0.2 -0.4  0.8 -0.2  0.  -0.8 -0.4  0.8  0.6 -0.6 -0.8
 -0.6  0.8  0.6  0.6 -0.2  0.   0.4 -0.6 -0.6 -0.6  0.6  0.8  0.  -1.
 -0.6  0.   0.4  0.6  0.   0.   0.8 -0.6  0.2  0.6  0.8  0.8 -0.8 -0.4
  0.   0.6 -1.   0.8 -0.6  0.6  0.8  0.8  0.2 -0.8  0.6  0.4  0.8  0.
 -0.6  0.4 -0.6  0.   0.6  0.  -0.6  0.4  0.2 -0.8  0.6 -0.2  0.  -0.8
  0.6  1.  -0.8 -1.  -0.6  0.8  0.6  0.8  0.6  0.8  0.8  0.  -0.8  0.
  0.6 -0.6  0.6 -0.6  0.8 -0.8 -0.8 -0.6  0.6 -0.2  1.   0.  -0.8  0.6
 -1.  -0.6 -0.6  0.8 -0.8  0.   0.6  0.6  0.6  0.4  0.6 -0.8 -0.6  0.8
  0.8 -0.8  0.6 -0.6 -0.8 -0.6 -0.8 -1.   0.6 -0.8  0.4 -0.4 -0.6 -0.6
 -0.2 -0.8  0.6 -0.6  0.4  0.2 -0.8  0.2  0.8  0.6  0.4  0.  -0.8 -0.6
  0.6  0.6 -0.4  0.8  0.6 -0.6  0.6  0.   0.  -0.8 -0.4 -0.6  0.  -0.8
 -0.8  0.6  0.6  0.6  0.6  0.4  0.6 -0.8  0.  -0.4  0.6  0.6  0.6 -0.2
  0.6 -0.4  0.6  0.  -0.6  0.6 -0.2 -0.6  0.8  0.6  0.6  0.   0.2  0.8
  0.  -0.4  0.2]
Predictions: [-5.84986448e-01  2.91033775e-01 -7.84297466e-01  4.53427702e-01
 -7.26566494e-01 -2.08198614e-02  5.18095195e-01 -1.17503732e-01
 -6.25946343e-01 -2.06122398e-01  2.50605851e-01  3.55003446e-01
 -3.35104436e-01  3.01741064e-02 -3.13050807e-01 -2.25352257e-01
 -3.27836543e-01  3.77332836e-01  1.89997107e-01 -2.51361400e-01
  6.18016660e-01 -2.86967635e-01  2.90575475e-01 -6.74770415e-01
 -7.37042308e-01  2.16498822e-01 -5.67227662e-01 -1.96364433e-01
 -6.84581876e-01 -6.54361546e-01 -8.39157403e-02  6.02460623e-01
 -4.67850864e-01  2.29921564e-02 -4.66822803e-01  4.91757467e-02
  5.76973379e-01  5.18872619e-01 -8.75521824e-02  3.24551970e-01
  5.52368999e-01 -2.88673162e-01  3.17017287e-02 -6.47161841e-01
 -5.06670833e-01 -2.27516919e-01  5.44526458e-01 -4.73086506e-01
  5.69650903e-02 -7.61062622e-01  5.49681187e-01 -6.94525242e-02
 -6.69091582e-01  4.45380837e-01  4.13122654e-01  1.57650173e-01
 -4.35829520e-01 -5.92001855e-01 -1.37315959e-01 -5.02374053e-01
  6.53247476e-01  7.60902837e-02 -1.69467628e-01  5.18854439e-01
 -2.55220324e-01 -4.38887775e-01  1.64793313e-01 -6.55862272e-01
 -5.35301507e-01 -5.52247524e-01  5.37622690e-01  5.19413233e-01
 -7.05953598e-01 -3.74505579e-01 -4.68297809e-01  5.18862188e-01
  3.07471931e-01 -2.18935400e-01 -5.03173351e-01 -6.30575538e-01
 -4.00789231e-01 -4.80534464e-01 -6.18184432e-02 -6.33659065e-01
 -9.67288464e-02  2.43836015e-01  3.26140165e-01  2.54925311e-01
 -4.66641873e-01 -1.28094837e-01 -9.12624076e-02 -9.45925862e-02
  3.30978185e-01  4.10349667e-01  3.27585638e-01 -3.70500743e-01
  5.84347546e-01  5.16194999e-01 -7.41904855e-01 -5.25769770e-01
 -2.16008514e-01 -3.81972909e-01  6.56413317e-01 -7.62634456e-01
 -7.57836625e-02  2.03896612e-01 -4.40286070e-01 -4.59463090e-01
 -8.82471025e-01 -1.52030550e-02 -2.65628546e-01 -1.76469862e-01
 -7.43021369e-01 -1.81747600e-01 -6.82803035e-01 -7.30720341e-01
  4.39207941e-01  2.00462043e-01 -1.26288176e-01 -4.65448081e-01
 -1.60448760e-01 -3.30937088e-01 -1.63187519e-01  3.77314121e-01
 -1.27770171e-01 -2.24163502e-01 -6.20100260e-01 -5.42305648e-01
  3.42201501e-01  8.01417232e-01 -4.49626967e-02 -7.27777183e-02
  2.75032014e-01 -8.26506436e-01 -8.61585736e-02  4.31133211e-01
  4.78270143e-01 -9.34859216e-01  4.40604717e-01  1.02309220e-01
 -2.56382376e-01  5.56633949e-01 -4.43091989e-01 -3.70912939e-01
 -2.55565107e-01 -2.81789958e-01  1.77300811e-01  5.56097567e-01
 -3.73623103e-01 -1.21546611e-01  4.51347381e-02 -1.84888378e-01
  3.24850008e-02 -6.23024464e-01  3.87584686e-01 -7.37639815e-02
 -5.51558137e-01 -4.67840284e-01 -4.19784784e-01  3.39453101e-01
  3.64216894e-01 -7.31556490e-02  1.03734516e-01 -7.36303180e-02
 -5.35383523e-01  4.66714174e-01 -7.72086263e-01 -7.62303650e-01
 -2.11065948e-01  4.05331075e-01 -2.41086185e-01 -1.02316573e-01
 -6.01073265e-01  5.91277897e-01 -6.22081280e-01 -6.01276040e-01
 -3.63457292e-01 -5.12974560e-01 -7.88171470e-01  3.00960630e-01
  6.14091083e-02 -3.73284757e-01 -5.99659860e-01  3.36226583e-01
  1.54882163e-01  5.41473806e-01 -5.33407986e-01 -2.85265952e-01
 -3.58000919e-02 -7.65599072e-01 -1.81281388e-01 -1.76009312e-01
 -1.64908230e-01 -4.46992457e-01 -8.79886225e-02  6.50108397e-01
 -5.30508220e-01 -9.08602297e-01 -1.30930766e-02 -7.98971534e-01
  4.29402173e-01 -1.18641108e-01 -6.39248908e-01 -1.03367552e-01
 -1.52027532e-01 -1.82141453e-01 -3.47516984e-01  1.44545615e-01
  4.59212333e-01 -1.38730496e-01 -8.87265950e-02  4.60606307e-01
  5.46354175e-01  4.33766723e-01 -7.55462527e-01  5.48791051e-01
 -4.04680789e-01 -2.65846223e-01 -2.00396627e-01 -4.01438653e-01
 -5.65348208e-01 -6.14713430e-02  3.12419713e-01 -5.87396622e-01
  7.23978803e-02 -4.85441208e-01 -1.89001560e-01  2.41007656e-03
 -5.86307168e-01 -4.07973915e-01 -7.95988262e-01 -1.70301214e-01
 -4.67061810e-02 -3.80753458e-01  8.33031908e-02 -5.23297787e-01
 -7.06250668e-01 -4.72496271e-01  9.63922963e-02  5.42642772e-01
 -2.49671102e-01 -2.90234685e-01  1.18455596e-01 -2.03682303e-01
  1.42301917e-01  3.34647447e-01 -2.53583565e-02  3.15053836e-02
 -4.28149477e-02  4.00798380e-01 -1.37781337e-01 -8.60198796e-01
 -6.97995305e-01  3.29129755e-01 -2.90805608e-01 -1.00228339e-01
  3.13852206e-02  8.95393565e-02  6.18993163e-01 -2.15632528e-01
 -2.10846245e-01 -4.19125736e-01 -4.23575222e-01 -5.50454021e-01
  7.24496692e-03  5.57299376e-01 -2.40643024e-01 -6.38319016e-01
 -5.70621967e-01 -1.34567693e-02 -5.23325801e-01  1.09422646e-01
 -6.22059762e-01 -5.77056348e-01  3.04293722e-01  8.57606307e-02
 -5.57200424e-02 -3.00012305e-02  4.68398780e-01  1.36416227e-01
 -1.55345246e-01  2.54016966e-01 -6.71358645e-01  1.33040816e-01
  1.67540193e-01 -3.85581046e-01 -4.89479989e-01 -5.96973181e-01
 -4.61933970e-01  3.26699853e-01  5.45949340e-01 -4.79328424e-01
 -1.54846802e-01  3.09763134e-01 -2.09528059e-02  3.90691549e-01
 -5.24731934e-01  2.37499148e-01 -2.29084015e-01  9.34904590e-02
 -7.17599332e-01 -1.28598243e-01  3.81503910e-01 -4.78935838e-01
 -7.42554784e-01  2.32274204e-01 -1.41640320e-01  3.69526684e-01
  6.97706878e-01 -4.98597473e-01 -2.07380831e-01 -7.19843328e-01
 -4.08546180e-01 -6.01096749e-01  5.11358321e-01  4.98468727e-01
  2.41341293e-01  2.25377142e-01  5.17045975e-01  1.69491351e-01
  3.28539371e-01 -1.35879040e-01 -1.35388121e-01 -3.36823612e-01
  5.38648516e-02 -4.09644097e-01 -2.16658562e-01 -4.19689149e-01
 -4.14769053e-01  4.17317003e-02 -2.38256007e-01 -2.95616835e-02
 -1.01139873e-01 -1.43032312e-01  3.55308622e-01 -1.49559021e-01
 -5.29796124e-01 -5.29207468e-01 -2.93551147e-01 -7.34132454e-02
  3.79974693e-01 -5.77638865e-01 -9.04984772e-01 -7.65140280e-02
  5.70069015e-01 -5.77039957e-01 -7.48449087e-01 -6.88860953e-01
  6.92451358e-01  5.06165147e-01 -5.22169948e-01  4.74721640e-01
 -1.03101522e-01  4.23299223e-01  3.24786842e-01 -3.75929207e-01
 -7.39235401e-01 -4.20573413e-01 -4.93643492e-01 -4.25969362e-02
  1.74788833e-01  5.06984472e-01 -5.39670140e-03  5.10118976e-02
 -7.66937137e-01 -7.23313838e-02 -3.16400230e-01 -7.08786249e-01
 -4.79369089e-02  5.02022743e-01  4.51081425e-01 -2.50715643e-01
 -1.58343688e-01 -2.15346694e-01 -2.80201077e-01  1.84090674e-01
 -1.59277648e-01  4.62956756e-01 -6.42053008e-01  9.69666988e-03
 -8.01896974e-02 -4.45197046e-01 -1.45619586e-02 -4.09953684e-01
  5.09682298e-01 -5.40860474e-01 -1.49722487e-01 -8.42086554e-01
 -6.23435900e-02 -5.54978013e-01 -1.85222536e-01 -6.94639534e-02
 -1.60082698e-01 -1.61715709e-02 -3.93556565e-01  1.62924916e-01
 -3.67230922e-01 -1.05377086e-01  4.82812077e-02  1.25898749e-01
 -4.19114739e-01 -3.75501275e-01 -4.55053121e-01 -5.12745440e-01
 -2.52609015e-01  4.96965438e-01  5.34000322e-02 -5.17160714e-01
 -2.38749743e-01 -6.77485466e-01 -2.56941795e-01 -2.54451603e-01
 -1.15961775e-01 -1.71080709e-01 -2.85248965e-01 -2.20743358e-01
  5.28209209e-01 -8.17202568e-01 -6.02198303e-01 -7.91878700e-01
  1.89101070e-01 -2.21065670e-01  2.58760124e-01 -1.47394761e-01
 -4.25313354e-01 -7.92152405e-01  8.97757709e-04 -9.52329934e-02
 -1.76193088e-01 -6.30850196e-01 -4.71150219e-01 -8.33347738e-02
 -7.01101243e-01 -9.00220633e-01 -9.41983387e-02 -5.13344169e-01
 -2.14626610e-01  3.55850607e-01 -1.81169175e-02  3.16937268e-01
  3.38033557e-01 -7.25871548e-02 -1.02178112e-01 -2.30396241e-01
  2.48845816e-01 -6.89728856e-01  3.92275512e-01 -8.14711571e-01
 -7.48677552e-01 -9.92114127e-01  5.37236691e-01 -6.13367200e-01
 -2.52743155e-01 -4.67901558e-01 -4.96321291e-01  1.10937007e-01
  5.20346701e-01  6.10662341e-01 -6.01374805e-01  6.48827910e-01
  1.18038543e-01 -6.36511683e-01  2.84702152e-01  3.59325260e-01
  1.65903419e-01 -6.84186339e-01 -2.66942382e-01  5.22529960e-01
  6.90315142e-02  5.17134666e-01 -2.91412830e-01 -2.99227148e-01
  3.06334272e-02 -6.66402578e-02 -5.43663025e-01 -6.81040406e-01
 -2.47904174e-02  4.90263075e-01 -2.35267013e-01  3.08449805e-01
 -1.85945660e-01 -9.47728381e-03  4.04950261e-01  3.48200679e-01
 -5.20059347e-01 -3.47519666e-01  2.99191058e-01  4.86589044e-01
 -4.58923668e-01 -4.50028926e-01 -6.04107976e-03  2.78808683e-01
 -4.37406003e-01  6.23723328e-01  1.60967410e-01  3.55865777e-01
  5.26058793e-01 -2.44713098e-01 -1.90171689e-01  3.25780869e-01
  5.09758830e-01  5.11682987e-01 -7.33384728e-01 -3.12137991e-01
 -1.88125834e-01  5.09211838e-01 -7.25893795e-01  4.32750106e-01
 -4.29828092e-02  3.06121409e-01 -3.09865624e-02  3.14018041e-01
  4.05077487e-02 -3.06659974e-02  2.17489272e-01 -1.88235976e-02
  6.77737951e-01  2.59457797e-01 -4.42648381e-02  2.83438683e-01
 -5.73773801e-01  1.84220672e-01 -2.97773629e-01 -1.87605381e-01
  2.77840942e-01 -1.00136697e-02  4.69709903e-01 -7.67034292e-01
  3.26305538e-01 -1.77305356e-01  4.27436799e-01 -8.15275371e-01
  5.45464993e-01  4.53206331e-01  6.38631880e-01  2.51132324e-02
  1.38879657e-01  7.32631505e-01  7.26197600e-01  5.16978562e-01
  3.81140858e-01  4.20773566e-01  4.17495370e-01 -9.80053693e-02
  6.59063637e-01 -3.74776393e-01  7.89063051e-02 -9.45924819e-02
  3.76295596e-01 -6.66541576e-01  4.05781090e-01 -6.68998182e-01
 -4.95049536e-01 -3.36988598e-01  4.55656260e-01 -5.22726893e-01
  5.67443311e-01 -6.92177773e-01 -8.18353891e-01  2.83652157e-01
 -6.72637582e-01 -2.06361383e-01 -6.55633807e-01  4.22861367e-01
  3.60368565e-02  4.97108549e-01  2.25529850e-01  4.25757676e-01
  2.47013777e-01  2.59259373e-01  1.67325944e-01 -5.40121973e-01
  3.85016948e-03  4.56058294e-01  4.70510930e-01 -4.76907715e-02
  4.01471227e-01  5.81963718e-01 -2.57140338e-01 -2.63251901e-01
 -3.46819401e-01 -7.58094490e-01 -2.98339389e-02 -6.91367447e-01
  5.41028142e-01  3.49822849e-01 -3.00619334e-01  4.70814258e-01
 -6.90671742e-01 -1.29726201e-01  1.17261656e-01 -6.08737648e-01
  2.84790635e-01 -2.32060343e-01 -6.69811666e-01 -4.58303779e-01
  6.40134439e-02  2.85284966e-01  4.62541550e-01  3.75026837e-02
 -4.62568074e-01 -6.99160576e-01  4.61048335e-01  3.38021368e-01
 -1.52759016e-01 -4.20492172e-01  7.61303082e-02 -5.66169798e-01
 -7.51045167e-01 -6.16074353e-02 -9.40047875e-02 -6.99250340e-01
 -4.68302101e-01 -6.26198649e-01 -2.98252106e-01  2.31973946e-01
 -5.80845118e-01  5.58717370e-01  5.60948551e-01  4.75481421e-01
  2.36241698e-01  1.73200935e-01  3.58995527e-01 -4.10392523e-01
  4.57686752e-01  1.61418200e-01  5.58983505e-01  5.21382987e-01
  2.65201479e-01 -4.55603659e-01  4.17657018e-01 -5.48776090e-01
 -5.15397191e-01 -2.92786926e-01 -1.01206318e-01  4.36238199e-01
 -4.53361779e-01 -1.10780910e-01  2.67215222e-01  4.82555836e-01
  3.19384515e-01 -6.99388981e-01  3.50793421e-01  6.06466472e-01
 -1.03989542e-01 -3.58135194e-01 -4.67090547e-01]
{"epoch": 29, "train_loss": 0.3386866353278936, "val_mae": 0.4339793026447296, "val_corr": 0.5877743269630329, "val_binary_acc": 0.7650695517774343, "val_binary_f1": 0.6872427983539094, "threshold": 0.0}
Labels: [-1.   0.6 -1.   1.  -1.  -0.8 -0.2 -1.   0.6  0.2 -0.6 -0.2 -1.   1.
 -1.  -1.   0.   0.6 -1.  -1.   1.  -0.8  1.   1.  -1.   1.  -1.   1.
 -1.  -1.  -1.   1.  -1.  -0.4 -0.6  0.2  1.   0.8  0.   0.2  0.8 -0.8
  1.  -1.  -1.  -1.   0.8 -1.   0.8 -1.   1.   0.2  0.   1.  -1.  -0.6
 -0.2 -1.   0.4 -1.   1.   0.8 -1.   0.2 -0.6  0.   0.2 -1.  -1.  -1.
  1.   1.  -1.  -1.  -1.  -1.  -0.2 -0.6 -1.  -1.  -0.2  0.   0.8  0.4
  0.   0.  -0.2  0.  -0.6 -1.  -1.  -0.6 -1.  -0.6  0.6 -0.2 -1.  -0.2
 -1.  -0.4 -0.4  0.2  1.  -1.  -1.   1.   0.  -0.4 -1.   1.   0.6 -1.
 -1.   0.  -0.8 -1.   0.4  0.6  0.4 -1.  -0.4 -0.6 -0.4 -0.4 -1.  -0.4
 -0.4 -1.   1.   1.  -0.8 -0.2  1.  -1.  -0.2  0.6  1.  -1.   1.   0.6
 -0.2 -1.  -1.   0.  -1.  -0.4 -1.  -0.6 -0.4 -0.2  0.6  0.4  0.6 -0.4
  1.  -0.6 -1.   0.2 -1.   0.2  0.   0.  -0.6 -0.4 -0.6  1.  -1.  -1.
 -1.   1.   0.   1.  -0.6  1.  -1.  -1.  -1.  -1.   0.6  0.   0.6 -1.
 -1.   0.6  0.8  1.  -0.6  0.  -0.2 -1.  -1.   0.  -0.2 -0.2  0.4  0.6
  1.  -1.  -0.2 -1.   0.  -0.4 -1.   0.4 -0.6 -0.4 -1.   0.2  0.   0.
  0.   0.8  1.   0.  -0.4  1.  -1.   0.   0.2 -0.4  0.   0.8  0.   0.
  0.  -1.  -1.  -1.  -1.  -1.  -1.  -0.8 -1.  -1.   0.  -1.  -1.  -0.6
  0.   0.  -0.6 -1.   0.  -0.8  0.   0.8  0.6 -0.2  0.   1.   0.  -1.
 -1.  -0.6 -1.  -0.6 -0.4 -0.6  1.   0.   0.2  0.8 -0.2 -1.  -1.  -1.
 -1.   0.6 -1.  -1.  -0.2  1.  -0.2 -0.2  1.   0.2 -0.4  0.   0.4  1.
  0.   0.   0.2  0.4  0.   0.  -0.6 -1.  -0.2  0.4  0.  -1.  -0.4  0.
  0.   0.2  0.2 -0.2 -0.8 -1.  -1.  -0.2  0.4  0.2 -0.2  0.6  0.   0.2
  0.8  0.8  0.  -1.  -0.2 -0.8  0.   0.6 -0.8 -0.6  0.2  0.4  0.  -0.4
 -0.6 -0.2  0.6  0.   0.  -0.8 -0.2  0.  -0.2  0.   0.  -0.4  0.  -0.8
 -0.8 -0.8  0.6 -1.   0.6 -1.  -0.8 -1.   1.  -0.6 -1.  -1.   1.   1.
  0.2  0.8  1.   0.6 -0.2  0.2 -0.8 -1.  -1.  -0.2  0.2  1.  -0.8 -0.4
 -1.  -0.8 -0.6 -1.   0.  -0.8  0.6 -1.   1.   0.8 -0.2  0.  -0.6 -1.
 -1.   0.   1.   0.2  1.  -1.   0.8  0.4 -1.   1.  -0.8 -0.2 -0.8 -0.4
 -1.   0.   0.   0.  -0.4  0.  -0.4  0.   0.  -0.8  0.  -0.2 -0.6  0.8
  0.   0.6 -0.2 -1.  -0.2 -1.   0.6 -0.6  0.   0.   0.6  1.  -0.8 -1.
  1.   0.2  1.  -1.  -0.6 -0.8 -1.   1.   0.  -1.   1.  -0.2  0.  -1.
 -1.  -0.8  0.2  0.4 -0.4  0.   1.  -0.2 -0.2 -0.2  0.2 -0.8  0.8 -1.
 -1.  -1.   0.4 -0.8 -1.  -1.   0.4  0.2  0.8  0.8 -0.6  0.8  0.8 -0.8
  0.6  0.6 -0.8 -0.2 -0.4  0.8 -0.2  0.  -0.8 -0.4  0.8  0.6 -0.6 -0.8
 -0.6  0.8  0.6  0.6 -0.2  0.   0.4 -0.6 -0.6 -0.6  0.6  0.8  0.  -1.
 -0.6  0.   0.4  0.6  0.   0.   0.8 -0.6  0.2  0.6  0.8  0.8 -0.8 -0.4
  0.   0.6 -1.   0.8 -0.6  0.6  0.8  0.8  0.2 -0.8  0.6  0.4  0.8  0.
 -0.6  0.4 -0.6  0.   0.6  0.  -0.6  0.4  0.2 -0.8  0.6 -0.2  0.  -0.8
  0.6  1.  -0.8 -1.  -0.6  0.8  0.6  0.8  0.6  0.8  0.8  0.  -0.8  0.
  0.6 -0.6  0.6 -0.6  0.8 -0.8 -0.8 -0.6  0.6 -0.2  1.   0.  -0.8  0.6
 -1.  -0.6 -0.6  0.8 -0.8  0.   0.6  0.6  0.6  0.4  0.6 -0.8 -0.6  0.8
  0.8 -0.8  0.6 -0.6 -0.8 -0.6 -0.8 -1.   0.6 -0.8  0.4 -0.4 -0.6 -0.6
 -0.2 -0.8  0.6 -0.6  0.4  0.2 -0.8  0.2  0.8  0.6  0.4  0.  -0.8 -0.6
  0.6  0.6 -0.4  0.8  0.6 -0.6  0.6  0.   0.  -0.8 -0.4 -0.6  0.  -0.8
 -0.8  0.6  0.6  0.6  0.6  0.4  0.6 -0.8  0.  -0.4  0.6  0.6  0.6 -0.2
  0.6 -0.4  0.6  0.  -0.6  0.6 -0.2 -0.6  0.8  0.6  0.6  0.   0.2  0.8
  0.  -0.4  0.2]
Predictions: [ 0.03734377  0.16909856 -0.84426844  0.6848119  -0.9104087  -0.04062788
  0.7519353  -0.18933767 -0.6708728  -0.2765636   0.49486864  0.01249411
 -0.5838497   0.33184347 -0.40514907 -0.42592615 -0.42535648  0.41483048
  0.40728453 -0.4817194   0.7871377  -0.253466    0.44228882  0.04976921
 -0.80787826  0.11042456 -0.6001938  -0.45822966 -0.82852465 -0.72465795
 -0.08623387  0.7562237  -0.7239793   0.25196642 -0.73990285  0.00206526
  0.8435009   0.7034336  -0.03759566  0.44734     0.7298428  -0.4298618
 -0.02664729 -0.6349025  -0.5837133  -0.30364105  0.73287237 -0.56052834
  0.03485511 -0.7883876   0.39477655 -0.19246334 -0.7466087   0.5824808
  0.5204864   0.1789552  -0.57208395 -0.25916526 -0.27754155 -0.15911506
  0.8331975  -0.21237645 -0.37756863  0.80248225 -0.44034436 -0.5949401
 -0.78592134 -0.8440163  -0.70835286 -0.52034086  0.695792    0.59083647
 -0.7658467  -0.681424   -0.53748447  0.81894743  0.2946197  -0.25539798
 -0.6278835  -0.74727654 -0.59409875 -0.62692684 -0.17602752 -0.81087255
 -0.0828916   0.27937904  0.64451253  0.21129233 -0.38165408  0.20671311
  0.21201909 -0.16700754  0.44705552  0.48798972  0.56021506 -0.3602386
  0.73020333  0.76947373 -0.8681423   0.3242087  -0.08603349 -0.39568225
  0.87290823 -0.8094539  -0.25769192  0.32580775 -0.4052214  -0.52063084
 -0.9638539   0.1187169  -0.36612648 -0.8372448  -0.80799687 -0.22289741
 -0.8927819  -0.76358324  0.34673733  0.311847   -0.10344058 -0.61502904
 -0.29302302 -0.521018   -0.11251519  0.35219067  0.56169826 -0.37312818
 -0.5896337  -0.5066831   0.5134516   1.0630882  -0.17314678  0.02708651
  0.31568938 -0.83487445 -0.13504688  0.6974906   0.65363884 -0.832785
  0.62118953 -0.31969985 -0.29009208  0.8134309  -0.17981204 -0.5471026
 -0.12705836 -0.3564678   0.1297209   0.6876385  -0.58486754  0.00656618
  0.18429661 -0.2421037   0.00271111 -0.6593444   0.50028265 -0.1160778
 -0.6129339  -0.59868956 -0.42514154  0.48529547  0.35967413 -0.30468494
  0.09654845 -0.14102271  0.09239437  0.62578785 -0.79425967 -0.86503834
 -0.34082302  0.5845804  -0.29089895 -0.07515439 -0.7143586   0.7046726
 -0.6934272  -0.65575665 -0.37360075 -0.6679904  -1.0930051   0.41553953
  0.5174948  -0.54947513 -0.55233455  0.24234226  0.18975383  0.7563536
 -0.16172546 -0.652474   -0.23197085 -0.61870736 -0.23085144 -0.29543844
 -0.3484223  -0.39952418 -0.09324777  0.8995743  -0.7831071  -0.864386
  0.00295776 -0.9017331   0.54722875 -0.42295685 -0.7640957  -0.15866336
 -0.26758042 -0.3738002  -0.51268244  0.05923047  0.62288606 -0.29472727
  0.08521266  0.7355399   0.6679243   0.6092034  -0.6564107   0.15205708
 -0.5312507   0.1562781  -0.3460845  -0.58328915 -0.75729966 -0.33425018
  0.50430685 -0.7491214   0.08164375 -0.48583913 -0.02150662 -0.06019841
 -0.98873144 -0.5461729  -0.8063041  -0.26654494  0.32308146 -0.61095124
  0.2559577  -0.66010004 -0.8580524  -0.6268967   0.1181496   0.5830062
 -0.0801449  -0.35012752  0.54312515 -0.42245808  0.35655442  0.51300764
  0.14799637  0.04481467 -0.11525996  0.56710124  0.22253829 -1.0252482
 -0.7404554   0.5472278  -0.25865284 -0.19229782 -0.00969362  0.34510928
  0.87250876 -0.03121186 -0.29953757 -0.46984237 -0.5730511  -0.10017047
  0.1538482   0.7328889   0.2896861  -0.20978016 -0.48975885 -0.3416223
 -0.31752717  0.42167708 -0.5496032  -0.39768142  0.4843359   0.06309409
 -0.12452663 -0.0556535   0.71300036  0.17258161 -0.18660504  0.27285346
 -0.73485714  0.10462614  0.19548467 -0.34531584 -0.49055386 -0.59360486
 -0.74561924  0.45205843  0.6721863  -0.59191954 -0.1213379   0.4694631
 -0.06430151  0.49481678 -0.56570834  0.4702633  -0.35761398  0.06339026
 -0.78743416 -0.1811567   0.5913152  -0.6264247  -0.9271429   0.41626707
 -0.4724212   0.18447182  0.93819636 -0.8081193  -0.59925497 -0.8799239
 -0.6474447  -0.7119543   0.7371325   0.6996463   0.16699311  0.13267761
  0.68093145  0.10957343  0.52756166 -0.35205773 -0.3249743  -0.4365767
 -0.01890362 -0.3124159  -0.37442777 -0.55927694 -0.64877623  0.01840375
 -0.25363734 -0.06552724 -0.3435175  -0.20601451  0.48942816  0.4607374
 -0.71546304 -0.5318956  -0.37306967 -0.10075776  0.48544174 -0.6787468
 -0.93576264  0.13701835  0.81226647 -0.7020632  -0.81256986 -0.07374599
  0.86873424  0.6725763  -0.63698345  0.6173628  -0.3125148   0.50708246
  0.43056083 -0.2236928  -0.69315904 -0.25824928 -0.6125539  -0.23421928
  0.3228259   0.6653315  -0.02093148  0.03127517 -0.8236226  -0.23130646
 -0.36161098 -0.71165305 -0.09691067  0.6546994   0.6170097  -0.24939993
 -0.27742442 -0.2957403  -0.16444683  0.33445713 -0.29737246  0.6815659
 -0.60278845  0.00420886 -0.14540422 -0.29675496  0.04490009 -0.48576987
  0.53561324 -0.6220451   0.36834654 -0.8049605  -0.1685426  -0.00909201
 -0.3544994  -0.10549548 -0.131987   -0.02640497 -0.42949206  0.2242223
 -0.541431    0.14393231  0.25234306  0.21828747 -0.22133994 -0.36065426
 -0.54624176 -0.5073356  -0.12670602  0.6567789   0.05293071 -0.62017965
 -0.19323644 -0.63448507 -0.34655753 -0.41900945 -0.15738787 -0.4611595
  0.64479464 -0.21611986  0.71525806 -0.8019332  -0.744916   -0.8911852
  0.29568562 -0.28984365  0.3928845   0.22872818 -0.6455275  -0.7972924
 -0.02746828  0.46141845 -0.34888816 -0.64793086  0.1919767  -0.2748283
 -0.7892783  -0.9166574  -0.11339766 -0.63929194 -0.55569506  0.515364
  0.05715554  0.08384641  0.7943776   0.3728837  -0.15598965 -0.14743981
 -0.33925277 -0.6366283   0.60116076 -0.6562788  -0.8457343  -0.88476735
  0.72139084 -0.62392914 -0.22772312 -0.43857494 -0.31190473 -0.74270475
  0.6390663   0.9286618  -0.53297013  0.74950606  0.66823864 -0.78670585
 -0.20197228  0.7108904   0.15740177 -0.8753504   0.00605413  0.74300003
 -0.05596416  0.6743796  -0.5454612  -0.49945503  0.0727016   0.06955593
 -0.3614812  -0.78899854 -0.03970264  0.48020178 -0.43315253  0.8317838
 -0.3799707  -0.05724537  0.554332    0.5014165  -0.4770041  -0.39018774
  0.3301045   0.3310018  -0.42156005 -0.567738   -0.06784672  0.47646976
 -0.5983882   0.8482587   0.1927962   0.48283845  0.66925454 -0.4195006
 -0.38668218  0.45166284  0.61865026  0.60087585 -0.7717722  -0.6051766
 -0.24837613  0.76328826 -0.5786471   0.36868966  0.621689    0.35726845
 -0.13737643  0.3982284   0.03459615 -0.07848785  0.04531577 -0.03499018
  0.8769141   0.3159915  -0.19292814  0.41843164 -0.6164816   0.17227378
 -0.20964879 -0.30936906 -0.6250425  -0.00460607  0.5213702  -0.7477892
  0.44333392 -0.32754382  0.5824017  -0.81239516  0.8418349   0.71882135
  0.8605459  -0.04435811  0.0168593   0.87222546  1.0355487   0.7521408
  0.6686083   0.7072533   0.0953329  -0.7010265   0.8880298  -0.24470264
 -0.12833539 -0.1947734   0.50367856 -0.76325595  0.5537253  -0.78732425
 -0.44849995 -0.466474    0.67934936 -0.42532408  0.765038   -0.84130174
 -0.95079595  0.20800823 -0.66202086 -0.19732377 -0.65873367  0.5607365
  0.08536292  0.6641909   0.35136506  0.6570648   0.3869456   0.2807887
 -0.06357454 -0.5934538   0.6749349   0.5789173   0.65115833 -0.10221493
  0.45514637  0.6926174  -0.34848216 -0.4232417  -0.15108939 -0.8323485
 -0.0719093  -0.5459015   0.74912775  0.44903278 -0.502168    0.6052804
 -0.6900041  -0.11130367  0.08766634  0.68778336  0.40136495  0.36679047
 -0.8151764  -0.43973675  0.282711    0.42545247  0.48539656 -0.03193811
  0.3401256  -0.8231557   0.6430872   0.42074838 -0.30475456 -0.6204716
  0.06008437 -0.50474465 -0.8103551  -0.00933884 -0.08232623 -0.67756563
 -0.47313908 -0.6692612  -0.2499412   0.3185883  -0.6013741   0.7312049
  0.8024966   0.67379653  0.16042152  0.15908158  0.5784322  -0.71827996
  0.57697463  0.04002079  0.8001917   0.82194734  0.3926605  -0.45792583
  0.43329436 -0.5058392  -0.63701254 -0.31685823 -0.22543773  0.6074043
 -0.5411257  -0.12244812  0.25151482  0.4486302   0.17857906 -0.7047778
  0.37883666  0.8178582   0.30133384 -0.07132277 -0.6164533 ]
{"epoch": 30, "train_loss": 0.33839925395887954, "val_mae": 0.44874057173728943, "val_corr": 0.5469513217230376, "val_binary_acc": 0.7310664605873262, "val_binary_f1": 0.6547619047619048, "threshold": 0.0}
Labels: [-1.  -1.   0.4 ... -0.4 -0.2 -0.4]
Predictions: [ 0.31346446 -0.43646085  0.33893466 ... -0.40582168 -0.11365961
 -0.24721895]
{"split": "test", "best_epoch": 17, "best_val_mae": 0.42526867985725403, "test_mae": 0.3909516930580139, "test_corr": 0.5929398013516598, "test_binary_acc": 0.7495164410058027, "test_binary_f1": 0.6666666666666667, "threshold": 0.0}
Predictions saved at: /hpctmp/scratch/e0968015/chsims/FusionRuns/audio_guided_attn_run3/preds_test.json
{"done": true, "best_ckpt": "/hpctmp/scratch/e0968015/chsims/FusionRuns/audio_guided_attn_run3/best_audio_guided_attn.pt", "test": {"mae": 0.3909516930580139, "corr": 0.5929398013516598, "binary_acc": 0.7495164410058027, "binary_f1": 0.6666666666666667}}
