Loading anaconda3
  Loading requirement: /app1/modules/root/NUSREC gcc-4.8.2
[info] python: /home/svu/e0968015/.conda/envs/msa-fet/bin/python
Python 3.9.13
[1] OK: /hpctmp/scratch/e0968015/chsims/wav/video_0001/0001.wav
[2] OK: /hpctmp/scratch/e0968015/chsims/wav/video_0001/0002.wav
[3] OK: /hpctmp/scratch/e0968015/chsims/wav/video_0001/0003.wav
[4] OK: /hpctmp/scratch/e0968015/chsims/wav/video_0001/0004.wav
[5] OK: /hpctmp/scratch/e0968015/chsims/wav/video_0001/0005.wav
[6] OK: /hpctmp/scratch/e0968015/chsims/wav/video_0001/0006.wav
[7] OK: /hpctmp/scratch/e0968015/chsims/wav/video_0001/0007.wav
[8] OK: /hpctmp/scratch/e0968015/chsims/wav/video_0001/0008.wav
[9] OK: /hpctmp/scratch/e0968015/chsims/wav/video_0001/0009.wav
[10] OK: /hpctmp/scratch/e0968015/chsims/wav/video_0001/0010.wav
[11] OK: /hpctmp/scratch/e0968015/chsims/wav/video_0001/0011.wav
[12] OK: /hpctmp/scratch/e0968015/chsims/wav/video_0001/0012.wav
[13] OK: /hpctmp/scratch/e0968015/chsims/wav/video_0001/0013.wav
[14] OK: /hpctmp/scratch/e0968015/chsims/wav/video_0001/0014.wav
[15] OK: /hpctmp/scratch/e0968015/chsims/wav/video_0001/0015.wav
[16] OK: /hpctmp/scratch/e0968015/chsims/wav/video_0001/0016.wav
[17] OK: /hpctmp/scratch/e0968015/chsims/wav/video_0001/0017.wav
[18] OK: /hpctmp/scratch/e0968015/chsims/wav/video_0001/0018.wav
[19] OK: /hpctmp/scratch/e0968015/chsims/wav/video_0001/0019.wav
[20] OK: /hpctmp/scratch/e0968015/chsims/wav/video_0001/0020.wav
[21] OK: /hpctmp/scratch/e0968015/chsims/wav/video_0001/0021.wav
[22] OK: /hpctmp/scratch/e0968015/chsims/wav/video_0001/0022.wav
[23] OK: /hpctmp/scratch/e0968015/chsims/wav/video_0001/0023.wav
[24] OK: /hpctmp/scratch/e0968015/chsims/wav/video_0001/0024.wav
[25] OK: /hpctmp/scratch/e0968015/chsims/wav/video_0001/0025.wav
[26] OK: /hpctmp/scratch/e0968015/chsims/wav/video_0001/0026.wav
[27] OK: /hpctmp/scratch/e0968015/chsims/wav/video_0001/0027.wav
[28] OK: /hpctmp/scratch/e0968015/chsims/wav/video_0001/0028.wav
[29] OK: /hpctmp/scratch/e0968015/chsims/wav/video_0001/0029.wav
[30] OK: /hpctmp/scratch/e0968015/chsims/wav/video_0001/0030.wav
[31] OK: /hpctmp/scratch/e0968015/chsims/wav/video_0001/0031.wav
[32] OK: /hpctmp/scratch/e0968015/chsims/wav/video_0001/0032.wav
[33] OK: /hpctmp/scratch/e0968015/chsims/wav/video_0001/0033.wav
[34] OK: /hpctmp/scratch/e0968015/chsims/wav/video_0001/0034.wav
[35] OK: /hpctmp/scratch/e0968015/chsims/wav/video_0001/0035.wav
[36] OK: /hpctmp/scratch/e0968015/chsims/wav/video_0002/0001.wav
[37] OK: /hpctmp/scratch/e0968015/chsims/wav/video_0002/0002.wav
[38] OK: /hpctmp/scratch/e0968015/chsims/wav/video_0002/0003.wav
[39] OK: /hpctmp/scratch/e0968015/chsims/wav/video_0002/0004.wav
[40] OK: /hpctmp/scratch/e0968015/chsims/wav/video_0002/0005.wav
[41] OK: /hpctmp/scratch/e0968015/chsims/wav/video_0002/0006.wav
[42] OK: /hpctmp/scratch/e0968015/chsims/wav/video_0002/0007.wav
[43] OK: /hpctmp/scratch/e0968015/chsims/wav/video_0002/0008.wav
[44] OK: /hpctmp/scratch/e0968015/chsims/wav/video_0002/0009.wav
[45] OK: /hpctmp/scratch/e0968015/chsims/wav/video_0002/0010.wav
[46] OK: /hpctmp/scratch/e0968015/chsims/wav/video_0002/0011.wav
[47] OK: /hpctmp/scratch/e0968015/chsims/wav/video_0002/0012.wav
[48] OK: /hpctmp/scratch/e0968015/chsims/wav/video_0002/0013.wav
[49] OK: /hpctmp/scratch/e0968015/chsims/wav/video_0002/0014.wav
[50] OK: /hpctmp/scratch/e0968015/chsims/wav/video_0002/0015.wav
[51] OK: /hpctmp/scratch/e0968015/chsims/wav/video_0002/0016.wav
[52] OK: /hpctmp/scratch/e0968015/chsims/wav/video_0002/0017.wav
[53] OK: /hpctmp/scratch/e0968015/chsims/wav/video_0002/0018.wav
[54] OK: /hpctmp/scratch/e0968015/chsims/wav/video_0002/0019.wav
[55] OK: /hpctmp/scratch/e0968015/chsims/wav/video_0002/0020.wav
[56] OK: /hpctmp/scratch/e0968015/chsims/wav/video_0002/0021.wav
[57] OK: /hpctmp/scratch/e0968015/chsims/wav/video_0002/0022.wav
[58] OK: /hpctmp/scratch/e0968015/chsims/wav/video_0002/0023.wav
[59] OK: /hpctmp/scratch/e0968015/chsims/wav/video_0002/0024.wav
[60] OK: /hpctmp/scratch/e0968015/chsims/wav/video_0002/0025.wav
[61] OK: /hpctmp/scratch/e0968015/chsims/wav/video_0002/0026.wav
[62] OK: /hpctmp/scratch/e0968015/chsims/wav/video_0002/0027.wav
[63] OK: /hpctmp/scratch/e0968015/chsims/wav/video_0002/0028.wav
[64] OK: /hpctmp/scratch/e0968015/chsims/wav/video_0002/0029.wav
[65] OK: /hpctmp/scratch/e0968015/chsims/wav/video_0002/0030.wav
[66] OK: /hpctmp/scratch/e0968015/chsims/wav/video_0002/0031.wav
[67] OK: /hpctmp/scratch/e0968015/chsims/wav/video_0002/0032.wav
[68] OK: /hpctmp/scratch/e0968015/chsims/wav/video_0002/0033.wav
[69] OK: /hpctmp/scratch/e0968015/chsims/wav/video_0002/0034.wav
[70] OK: /hpctmp/scratch/e0968015/chsims/wav/video_0002/0035.wav
[71] OK: /hpctmp/scratch/e0968015/chsims/wav/video_0002/0036.wav
[72] OK: /hpctmp/scratch/e0968015/chsims/wav/video_0002/0037.wav
[73] OK: /hpctmp/scratch/e0968015/chsims/wav/video_0002/0038.wav
[74] OK: /hpctmp/scratch/e0968015/chsims/wav/video_0003/0001.wav
[75] OK: /hpctmp/scratch/e0968015/chsims/wav/video_0003/0002.wav
[76] OK: /hpctmp/scratch/e0968015/chsims/wav/video_0003/0003.wav
[77] OK: /hpctmp/scratch/e0968015/chsims/wav/video_0003/0004.wav
[78] OK: /hpctmp/scratch/e0968015/chsims/wav/video_0003/0005.wav
[79] OK: /hpctmp/scratch/e0968015/chsims/wav/video_0003/0006.wav
[80] OK: /hpctmp/scratch/e0968015/chsims/wav/video_0004/0001.wav
[81] OK: /hpctmp/scratch/e0968015/chsims/wav/video_0004/0002.wav
[82] OK: /hpctmp/scratch/e0968015/chsims/wav/video_0004/0003.wav
[83] OK: /hpctmp/scratch/e0968015/chsims/wav/video_0005/0001.wav
[84] OK: /hpctmp/scratch/e0968015/chsims/wav/video_0005/0002.wav
[85] OK: /hpctmp/scratch/e0968015/chsims/wav/video_0005/0003.wav
[86] OK: /hpctmp/scratch/e0968015/chsims/wav/video_0005/0004.wav
[87] OK: /hpctmp/scratch/e0968015/chsims/wav/video_0005/0005.wav
[88] OK: /hpctmp/scratch/e0968015/chsims/wav/video_0005/0006.wav
[89] OK: /hpctmp/scratch/e0968015/chsims/wav/video_0005/0007.wav
[90] OK: /hpctmp/scratch/e0968015/chsims/wav/video_0005/0008.wav
[91] OK: /hpctmp/scratch/e0968015/chsims/wav/video_0005/0009.wav
[92] OK: /hpctmp/scratch/e0968015/chsims/wav/video_0005/0010.wav
[93] OK: /hpctmp/scratch/e0968015/chsims/wav/video_0005/0011.wav
[94] OK: /hpctmp/scratch/e0968015/chsims/wav/video_0005/0012.wav
[95] OK: /hpctmp/scratch/e0968015/chsims/wav/video_0005/0013.wav
[96] OK: /hpctmp/scratch/e0968015/chsims/wav/video_0005/0014.wav
[97] OK: /hpctmp/scratch/e0968015/chsims/wav/video_0005/0015.wav
[98] OK: /hpctmp/scratch/e0968015/chsims/wav/video_0005/0016.wav
[99] OK: /hpctmp/scratch/e0968015/chsims/wav/video_0005/0017.wav
[100] OK: /hpctmp/scratch/e0968015/chsims/wav/video_0006/0001.wav
[101] OK: /hpctmp/scratch/e0968015/chsims/wav/video_0006/0002.wav
[102] OK: /hpctmp/scratch/e0968015/chsims/wav/video_0006/0003.wav
[103] OK: /hpctmp/scratch/e0968015/chsims/wav/video_0006/0004.wav
[104] OK: /hpctmp/scratch/e0968015/chsims/wav/video_0006/0005.wav
[105] OK: /hpctmp/scratch/e0968015/chsims/wav/video_0006/0006.wav
[106] OK: /hpctmp/scratch/e0968015/chsims/wav/video_0006/0007.wav
[107] OK: /hpctmp/scratch/e0968015/chsims/wav/video_0006/0008.wav
[108] OK: /hpctmp/scratch/e0968015/chsims/wav/video_0006/0009.wav
[109] OK: /hpctmp/scratch/e0968015/chsims/wav/video_0006/0010.wav
[110] OK: /hpctmp/scratch/e0968015/chsims/wav/video_0006/0011.wav
[111] OK: /hpctmp/scratch/e0968015/chsims/wav/video_0006/0012.wav
[112] OK: /hpctmp/scratch/e0968015/chsims/wav/video_0006/0013.wav
[113] OK: /hpctmp/scratch/e0968015/chsims/wav/video_0006/0014.wav
[114] OK: /hpctmp/scratch/e0968015/chsims/wav/video_0006/0015.wav
[115] OK: /hpctmp/scratch/e0968015/chsims/wav/video_0006/0016.wav
[116] OK: /hpctmp/scratch/e0968015/chsims/wav/video_0006/0017.wav
[117] OK: /hpctmp/scratch/e0968015/chsims/wav/video_0006/0018.wav
[118] OK: /hpctmp/scratch/e0968015/chsims/wav/video_0006/0019.wav
[119] OK: /hpctmp/scratch/e0968015/chsims/wav/video_0006/0020.wav
[120] OK: /hpctmp/scratch/e0968015/chsims/wav/video_0006/0021.wav
[121] OK: /hpctmp/scratch/e0968015/chsims/wav/video_0006/0022.wav
[122] OK: /hpctmp/scratch/e0968015/chsims/wav/video_0007/0001.wav
[123] OK: /hpctmp/scratch/e0968015/chsims/wav/video_0007/0002.wav
[124] OK: /hpctmp/scratch/e0968015/chsims/wav/video_0007/0003.wav
[125] OK: /hpctmp/scratch/e0968015/chsims/wav/video_0007/0004.wav
[126] OK: /hpctmp/scratch/e0968015/chsims/wav/video_0007/0005.wav
[127] OK: /hpctmp/scratch/e0968015/chsims/wav/video_0007/0006.wav
[128] OK: /hpctmp/scratch/e0968015/chsims/wav/video_0007/0007.wav
[129] OK: /hpctmp/scratch/e0968015/chsims/wav/video_0007/0008.wav
[130] OK: /hpctmp/scratch/e0968015/chsims/wav/video_0007/0009.wav
[131] OK: /hpctmp/scratch/e0968015/chsims/wav/video_0007/0010.wav
[132] OK: /hpctmp/scratch/e0968015/chsims/wav/video_0007/0011.wav
[133] OK: /hpctmp/scratch/e0968015/chsims/wav/video_0007/0012.wav
[134] OK: /hpctmp/scratch/e0968015/chsims/wav/video_0008/0001.wav
[135] OK: /hpctmp/scratch/e0968015/chsims/wav/video_0008/0002.wav
[136] OK: /hpctmp/scratch/e0968015/chsims/wav/video_0008/0003.wav
[137] OK: /hpctmp/scratch/e0968015/chsims/wav/video_0008/0004.wav
[138] OK: /hpctmp/scratch/e0968015/chsims/wav/video_0008/0005.wav
[139] OK: /hpctmp/scratch/e0968015/chsims/wav/video_0008/0006.wav
[140] OK: /hpctmp/scratch/e0968015/chsims/wav/video_0008/0007.wav
[141] OK: /hpctmp/scratch/e0968015/chsims/wav/video_0008/0008.wav
[142] OK: /hpctmp/scratch/e0968015/chsims/wav/video_0008/0009.wav
[143] OK: /hpctmp/scratch/e0968015/chsims/wav/video_0008/0010.wav
[144] OK: /hpctmp/scratch/e0968015/chsims/wav/video_0008/0011.wav
[145] OK: /hpctmp/scratch/e0968015/chsims/wav/video_0008/0012.wav
[146] OK: /hpctmp/scratch/e0968015/chsims/wav/video_0009/0001.wav
[147] OK: /hpctmp/scratch/e0968015/chsims/wav/video_0009/0002.wav
[148] OK: /hpctmp/scratch/e0968015/chsims/wav/video_0009/0003.wav
[149] OK: /hpctmp/scratch/e0968015/chsims/wav/video_0009/0004.wav
[150] OK: /hpctmp/scratch/e0968015/chsims/wav/video_0009/0005.wav
[151] OK: /hpctmp/scratch/e0968015/chsims/wav/video_0009/0006.wav
[152] OK: /hpctmp/scratch/e0968015/chsims/wav/video_0009/0007.wav
[153] OK: /hpctmp/scratch/e0968015/chsims/wav/video_0009/0008.wav
[154] OK: /hpctmp/scratch/e0968015/chsims/wav/video_0009/0009.wav
[155] OK: /hpctmp/scratch/e0968015/chsims/wav/video_0009/0010.wav
[156] OK: /hpctmp/scratch/e0968015/chsims/wav/video_0009/0011.wav
[157] OK: /hpctmp/scratch/e0968015/chsims/wav/video_0009/0012.wav
[158] OK: /hpctmp/scratch/e0968015/chsims/wav/video_0009/0013.wav
[159] OK: /hpctmp/scratch/e0968015/chsims/wav/video_0009/0014.wav
[160] OK: /hpctmp/scratch/e0968015/chsims/wav/video_0009/0015.wav
[161] OK: /hpctmp/scratch/e0968015/chsims/wav/video_0009/0016.wav
[162] OK: /hpctmp/scratch/e0968015/chsims/wav/video_0009/0017.wav
[163] OK: /hpctmp/scratch/e0968015/chsims/wav/video_0009/0018.wav
[164] OK: /hpctmp/scratch/e0968015/chsims/wav/video_0009/0019.wav
[165] OK: /hpctmp/scratch/e0968015/chsims/wav/video_0009/0020.wav
[166] OK: /hpctmp/scratch/e0968015/chsims/wav/video_0009/0021.wav
[167] OK: /hpctmp/scratch/e0968015/chsims/wav/video_0009/0022.wav
[168] OK: /hpctmp/scratch/e0968015/chsims/wav/video_0009/0023.wav
[169] OK: /hpctmp/scratch/e0968015/chsims/wav/video_0009/0024.wav
[170] OK: /hpctmp/scratch/e0968015/chsims/wav/video_0009/0025.wav
[171] OK: /hpctmp/scratch/e0968015/chsims/wav/video_0009/0026.wav
[172] OK: /hpctmp/scratch/e0968015/chsims/wav/video_0009/0027.wav
[173] OK: /hpctmp/scratch/e0968015/chsims/wav/video_0009/0028.wav
[174] OK: /hpctmp/scratch/e0968015/chsims/wav/video_0009/0029.wav
[175] OK: /hpctmp/scratch/e0968015/chsims/wav/video_0009/0030.wav
[176] OK: /hpctmp/scratch/e0968015/chsims/wav/video_0009/0031.wav
[177] OK: /hpctmp/scratch/e0968015/chsims/wav/video_0009/0032.wav
[178] OK: /hpctmp/scratch/e0968015/chsims/wav/video_0009/0033.wav
[179] OK: /hpctmp/scratch/e0968015/chsims/wav/video_0009/0034.wav
[180] OK: /hpctmp/scratch/e0968015/chsims/wav/video_0009/0035.wav
[181] OK: /hpctmp/scratch/e0968015/chsims/wav/video_0009/0036.wav
[182] OK: /hpctmp/scratch/e0968015/chsims/wav/video_0009/0037.wav
[183] OK: /hpctmp/scratch/e0968015/chsims/wav/video_0009/0038.wav
[184] OK: /hpctmp/scratch/e0968015/chsims/wav/video_0009/0039.wav
[185] OK: /hpctmp/scratch/e0968015/chsims/wav/video_0009/0040.wav
[186] OK: /hpctmp/scratch/e0968015/chsims/wav/video_0009/0041.wav
[187] OK: /hpctmp/scratch/e0968015/chsims/wav/video_0009/0042.wav
[188] OK: /hpctmp/scratch/e0968015/chsims/wav/video_0010/0001.wav
[189] OK: /hpctmp/scratch/e0968015/chsims/wav/video_0010/0002.wav
[190] OK: /hpctmp/scratch/e0968015/chsims/wav/video_0010/0003.wav
[191] OK: /hpctmp/scratch/e0968015/chsims/wav/video_0010/0004.wav
[192] OK: /hpctmp/scratch/e0968015/chsims/wav/video_0010/0005.wav
[193] OK: /hpctmp/scratch/e0968015/chsims/wav/video_0010/0006.wav
[194] OK: /hpctmp/scratch/e0968015/chsims/wav/video_0010/0007.wav
[195] OK: /hpctmp/scratch/e0968015/chsims/wav/video_0010/0008.wav
[196] OK: /hpctmp/scratch/e0968015/chsims/wav/video_0010/0009.wav
[197] OK: /hpctmp/scratch/e0968015/chsims/wav/video_0010/0010.wav
[198] OK: /hpctmp/scratch/e0968015/chsims/wav/video_0010/0011.wav
[199] OK: /hpctmp/scratch/e0968015/chsims/wav/video_0010/0012.wav
[200] OK: /hpctmp/scratch/e0968015/chsims/wav/video_0010/0013.wav
[201] OK: /hpctmp/scratch/e0968015/chsims/wav/video_0010/0014.wav
[202] OK: /hpctmp/scratch/e0968015/chsims/wav/video_0010/0015.wav
[203] OK: /hpctmp/scratch/e0968015/chsims/wav/video_0010/0016.wav
[204] OK: /hpctmp/scratch/e0968015/chsims/wav/video_0010/0017.wav
[205] OK: /hpctmp/scratch/e0968015/chsims/wav/video_0010/0018.wav
[206] OK: /hpctmp/scratch/e0968015/chsims/wav/video_0010/0019.wav
[207] OK: /hpctmp/scratch/e0968015/chsims/wav/video_0010/0020.wav
[208] OK: /hpctmp/scratch/e0968015/chsims/wav/video_0010/0021.wav
[209] OK: /hpctmp/scratch/e0968015/chsims/wav/video_0010/0022.wav
[210] OK: /hpctmp/scratch/e0968015/chsims/wav/video_0010/0023.wav
[211] OK: /hpctmp/scratch/e0968015/chsims/wav/video_0010/0024.wav
[212] OK: /hpctmp/scratch/e0968015/chsims/wav/video_0010/0025.wav
[213] OK: /hpctmp/scratch/e0968015/chsims/wav/video_0010/0026.wav
[214] OK: /hpctmp/scratch/e0968015/chsims/wav/video_0010/0027.wav
[215] OK: /hpctmp/scratch/e0968015/chsims/wav/video_0010/0028.wav
[216] OK: /hpctmp/scratch/e0968015/chsims/wav/video_0010/0029.wav
[217] OK: /hpctmp/scratch/e0968015/chsims/wav/video_0010/0030.wav
[218] OK: /hpctmp/scratch/e0968015/chsims/wav/video_0010/0031.wav
[219] OK: /hpctmp/scratch/e0968015/chsims/wav/video_0010/0032.wav
[220] OK: /hpctmp/scratch/e0968015/chsims/wav/video_0010/0033.wav
[221] OK: /hpctmp/scratch/e0968015/chsims/wav/video_0010/0034.wav
[222] OK: /hpctmp/scratch/e0968015/chsims/wav/video_0010/0035.wav
[223] OK: /hpctmp/scratch/e0968015/chsims/wav/video_0010/0036.wav
[224] OK: /hpctmp/scratch/e0968015/chsims/wav/video_0010/0037.wav
[225] OK: /hpctmp/scratch/e0968015/chsims/wav/video_0010/0038.wav
[226] OK: /hpctmp/scratch/e0968015/chsims/wav/video_0011/0001.wav
[227] OK: /hpctmp/scratch/e0968015/chsims/wav/video_0011/0002.wav
[228] OK: /hpctmp/scratch/e0968015/chsims/wav/video_0011/0003.wav
[229] OK: /hpctmp/scratch/e0968015/chsims/wav/video_0011/0004.wav
[230] OK: /hpctmp/scratch/e0968015/chsims/wav/video_0011/0005.wav
[231] OK: /hpctmp/scratch/e0968015/chsims/wav/video_0011/0006.wav
[232] OK: /hpctmp/scratch/e0968015/chsims/wav/video_0011/0007.wav
[233] OK: /hpctmp/scratch/e0968015/chsims/wav/video_0011/0008.wav
[234] OK: /hpctmp/scratch/e0968015/chsims/wav/video_0011/0009.wav
[235] OK: /hpctmp/scratch/e0968015/chsims/wav/video_0011/0010.wav
[236] OK: /hpctmp/scratch/e0968015/chsims/wav/video_0011/0011.wav
[237] OK: /hpctmp/scratch/e0968015/chsims/wav/video_0011/0012.wav
[238] OK: /hpctmp/scratch/e0968015/chsims/wav/video_0011/0013.wav
[239] OK: /hpctmp/scratch/e0968015/chsims/wav/video_0011/0014.wav
[240] OK: /hpctmp/scratch/e0968015/chsims/wav/video_0011/0015.wav
[241] OK: /hpctmp/scratch/e0968015/chsims/wav/video_0011/0016.wav
[242] OK: /hpctmp/scratch/e0968015/chsims/wav/video_0011/0017.wav
[243] OK: /hpctmp/scratch/e0968015/chsims/wav/video_0011/0018.wav
[244] OK: /hpctmp/scratch/e0968015/chsims/wav/video_0011/0019.wav
[245] OK: /hpctmp/scratch/e0968015/chsims/wav/video_0011/0020.wav
[246] OK: /hpctmp/scratch/e0968015/chsims/wav/video_0011/0021.wav
[247] OK: /hpctmp/scratch/e0968015/chsims/wav/video_0011/0022.wav
[248] OK: /hpctmp/scratch/e0968015/chsims/wav/video_0011/0023.wav
[249] OK: /hpctmp/scratch/e0968015/chsims/wav/video_0011/0024.wav
[250] OK: /hpctmp/scratch/e0968015/chsims/wav/video_0011/0025.wav
[251] OK: /hpctmp/scratch/e0968015/chsims/wav/video_0011/0026.wav
[252] OK: /hpctmp/scratch/e0968015/chsims/wav/video_0011/0027.wav
[253] OK: /hpctmp/scratch/e0968015/chsims/wav/video_0011/0028.wav
[254] OK: /hpctmp/scratch/e0968015/chsims/wav/video_0011/0029.wav
[255] OK: /hpctmp/scratch/e0968015/chsims/wav/video_0011/0030.wav
[256] OK: /hpctmp/scratch/e0968015/chsims/wav/video_0011/0031.wav
[257] OK: /hpctmp/scratch/e0968015/chsims/wav/video_0011/0032.wav
[258] OK: /hpctmp/scratch/e0968015/chsims/wav/video_0011/0033.wav
[259] OK: /hpctmp/scratch/e0968015/chsims/wav/video_0011/0034.wav
[260] OK: /hpctmp/scratch/e0968015/chsims/wav/video_0011/0035.wav
[261] OK: /hpctmp/scratch/e0968015/chsims/wav/video_0012/0001.wav
[262] OK: /hpctmp/scratch/e0968015/chsims/wav/video_0012/0002.wav
[263] OK: /hpctmp/scratch/e0968015/chsims/wav/video_0012/0003.wav
[264] OK: /hpctmp/scratch/e0968015/chsims/wav/video_0012/0004.wav
[265] OK: /hpctmp/scratch/e0968015/chsims/wav/video_0012/0005.wav
[266] OK: /hpctmp/scratch/e0968015/chsims/wav/video_0012/0006.wav
[267] OK: /hpctmp/scratch/e0968015/chsims/wav/video_0012/0007.wav
[268] OK: /hpctmp/scratch/e0968015/chsims/wav/video_0012/0008.wav
[269] OK: /hpctmp/scratch/e0968015/chsims/wav/video_0012/0009.wav
[270] OK: /hpctmp/scratch/e0968015/chsims/wav/video_0012/0010.wav
[271] OK: /hpctmp/scratch/e0968015/chsims/wav/video_0012/0011.wav
[272] OK: /hpctmp/scratch/e0968015/chsims/wav/video_0012/0012.wav
[273] OK: /hpctmp/scratch/e0968015/chsims/wav/video_0012/0013.wav
[274] OK: /hpctmp/scratch/e0968015/chsims/wav/video_0012/0014.wav
[275] OK: /hpctmp/scratch/e0968015/chsims/wav/video_0012/0015.wav
[276] OK: /hpctmp/scratch/e0968015/chsims/wav/video_0012/0016.wav
[277] OK: /hpctmp/scratch/e0968015/chsims/wav/video_0012/0017.wav
[278] OK: /hpctmp/scratch/e0968015/chsims/wav/video_0012/0018.wav
[279] OK: /hpctmp/scratch/e0968015/chsims/wav/video_0012/0019.wav
[280] OK: /hpctmp/scratch/e0968015/chsims/wav/video_0012/0020.wav
[281] OK: /hpctmp/scratch/e0968015/chsims/wav/video_0012/0021.wav
[282] OK: /hpctmp/scratch/e0968015/chsims/wav/video_0012/0022.wav
[283] OK: /hpctmp/scratch/e0968015/chsims/wav/video_0012/0023.wav
[284] OK: /hpctmp/scratch/e0968015/chsims/wav/video_0012/0024.wav
[285] OK: /hpctmp/scratch/e0968015/chsims/wav/video_0012/0025.wav
[286] OK: /hpctmp/scratch/e0968015/chsims/wav/video_0012/0026.wav
[287] OK: /hpctmp/scratch/e0968015/chsims/wav/video_0012/0027.wav
[288] OK: /hpctmp/scratch/e0968015/chsims/wav/video_0012/0028.wav
[289] OK: /hpctmp/scratch/e0968015/chsims/wav/video_0012/0029.wav
[290] OK: /hpctmp/scratch/e0968015/chsims/wav/video_0012/0030.wav
[291] OK: /hpctmp/scratch/e0968015/chsims/wav/video_0012/0031.wav
[292] OK: /hpctmp/scratch/e0968015/chsims/wav/video_0012/0032.wav
[293] OK: /hpctmp/scratch/e0968015/chsims/wav/video_0012/0033.wav
[294] OK: /hpctmp/scratch/e0968015/chsims/wav/video_0012/0034.wav
[295] OK: /hpctmp/scratch/e0968015/chsims/wav/video_0012/0035.wav
[296] OK: /hpctmp/scratch/e0968015/chsims/wav/video_0012/0036.wav
[297] OK: /hpctmp/scratch/e0968015/chsims/wav/video_0012/0037.wav
[298] OK: /hpctmp/scratch/e0968015/chsims/wav/video_0012/0038.wav
[299] OK: /hpctmp/scratch/e0968015/chsims/wav/video_0012/0039.wav
[300] OK: /hpctmp/scratch/e0968015/chsims/wav/video_0012/0040.wav
[301] OK: /hpctmp/scratch/e0968015/chsims/wav/video_0012/0041.wav
[302] OK: /hpctmp/scratch/e0968015/chsims/wav/video_0012/0042.wav
[303] OK: /hpctmp/scratch/e0968015/chsims/wav/video_0012/0043.wav
[304] OK: /hpctmp/scratch/e0968015/chsims/wav/video_0012/0044.wav
[305] OK: /hpctmp/scratch/e0968015/chsims/wav/video_0012/0045.wav
[306] OK: /hpctmp/scratch/e0968015/chsims/wav/video_0012/0046.wav
[307] OK: /hpctmp/scratch/e0968015/chsims/wav/video_0012/0047.wav
[308] OK: /hpctmp/scratch/e0968015/chsims/wav/video_0013/0001.wav
[309] OK: /hpctmp/scratch/e0968015/chsims/wav/video_0013/0002.wav
[310] OK: /hpctmp/scratch/e0968015/chsims/wav/video_0013/0003.wav
[311] OK: /hpctmp/scratch/e0968015/chsims/wav/video_0013/0004.wav
[312] OK: /hpctmp/scratch/e0968015/chsims/wav/video_0013/0005.wav
[313] OK: /hpctmp/scratch/e0968015/chsims/wav/video_0013/0006.wav
[314] OK: /hpctmp/scratch/e0968015/chsims/wav/video_0013/0007.wav
[315] OK: /hpctmp/scratch/e0968015/chsims/wav/video_0013/0008.wav
[316] OK: /hpctmp/scratch/e0968015/chsims/wav/video_0013/0009.wav
[317] OK: /hpctmp/scratch/e0968015/chsims/wav/video_0013/0010.wav
[318] OK: /hpctmp/scratch/e0968015/chsims/wav/video_0013/0011.wav
[319] OK: /hpctmp/scratch/e0968015/chsims/wav/video_0013/0012.wav
[320] OK: /hpctmp/scratch/e0968015/chsims/wav/video_0013/0013.wav
[321] OK: /hpctmp/scratch/e0968015/chsims/wav/video_0013/0014.wav
[322] OK: /hpctmp/scratch/e0968015/chsims/wav/video_0013/0015.wav
[323] OK: /hpctmp/scratch/e0968015/chsims/wav/video_0013/0016.wav
[324] OK: /hpctmp/scratch/e0968015/chsims/wav/video_0013/0017.wav
[325] OK: /hpctmp/scratch/e0968015/chsims/wav/video_0013/0018.wav
[326] OK: /hpctmp/scratch/e0968015/chsims/wav/video_0013/0019.wav
[327] OK: /hpctmp/scratch/e0968015/chsims/wav/video_0013/0020.wav
[328] OK: /hpctmp/scratch/e0968015/chsims/wav/video_0013/0021.wav
[329] OK: /hpctmp/scratch/e0968015/chsims/wav/video_0013/0022.wav
[330] OK: /hpctmp/scratch/e0968015/chsims/wav/video_0013/0023.wav
[331] OK: /hpctmp/scratch/e0968015/chsims/wav/video_0013/0024.wav
[332] OK: /hpctmp/scratch/e0968015/chsims/wav/video_0013/0025.wav
[333] OK: /hpctmp/scratch/e0968015/chsims/wav/video_0013/0026.wav
[334] OK: /hpctmp/scratch/e0968015/chsims/wav/video_0013/0027.wav
[335] OK: /hpctmp/scratch/e0968015/chsims/wav/video_0013/0028.wav
[336] OK: /hpctmp/scratch/e0968015/chsims/wav/video_0013/0029.wav
[337] OK: /hpctmp/scratch/e0968015/chsims/wav/video_0013/0030.wav
[338] OK: /hpctmp/scratch/e0968015/chsims/wav/video_0013/0031.wav
[339] OK: /hpctmp/scratch/e0968015/chsims/wav/video_0013/0032.wav
[340] OK: /hpctmp/scratch/e0968015/chsims/wav/video_0013/0033.wav
[341] OK: /hpctmp/scratch/e0968015/chsims/wav/video_0013/0034.wav
[342] OK: /hpctmp/scratch/e0968015/chsims/wav/video_0013/0035.wav
[343] OK: /hpctmp/scratch/e0968015/chsims/wav/video_0014/0001.wav
[344] OK: /hpctmp/scratch/e0968015/chsims/wav/video_0014/0002.wav
[345] OK: /hpctmp/scratch/e0968015/chsims/wav/video_0014/0003.wav
[346] OK: /hpctmp/scratch/e0968015/chsims/wav/video_0014/0004.wav
[347] OK: /hpctmp/scratch/e0968015/chsims/wav/video_0014/0005.wav
[348] OK: /hpctmp/scratch/e0968015/chsims/wav/video_0014/0006.wav
[349] OK: /hpctmp/scratch/e0968015/chsims/wav/video_0014/0007.wav
[350] OK: /hpctmp/scratch/e0968015/chsims/wav/video_0014/0008.wav
[351] OK: /hpctmp/scratch/e0968015/chsims/wav/video_0014/0009.wav
[352] OK: /hpctmp/scratch/e0968015/chsims/wav/video_0014/0010.wav
[353] OK: /hpctmp/scratch/e0968015/chsims/wav/video_0014/0011.wav
[354] OK: /hpctmp/scratch/e0968015/chsims/wav/video_0014/0012.wav
[355] OK: /hpctmp/scratch/e0968015/chsims/wav/video_0014/0013.wav
[356] OK: /hpctmp/scratch/e0968015/chsims/wav/video_0014/0014.wav
[357] OK: /hpctmp/scratch/e0968015/chsims/wav/video_0014/0015.wav
[358] OK: /hpctmp/scratch/e0968015/chsims/wav/video_0014/0016.wav
[359] OK: /hpctmp/scratch/e0968015/chsims/wav/video_0014/0017.wav
[360] OK: /hpctmp/scratch/e0968015/chsims/wav/video_0014/0018.wav
[361] OK: /hpctmp/scratch/e0968015/chsims/wav/video_0014/0019.wav
[362] OK: /hpctmp/scratch/e0968015/chsims/wav/video_0014/0020.wav
[363] OK: /hpctmp/scratch/e0968015/chsims/wav/video_0014/0021.wav
[364] OK: /hpctmp/scratch/e0968015/chsims/wav/video_0014/0022.wav
[365] OK: /hpctmp/scratch/e0968015/chsims/wav/video_0014/0023.wav
[366] OK: /hpctmp/scratch/e0968015/chsims/wav/video_0014/0024.wav
[367] OK: /hpctmp/scratch/e0968015/chsims/wav/video_0014/0025.wav
[368] OK: /hpctmp/scratch/e0968015/chsims/wav/video_0014/0026.wav
[369] OK: /hpctmp/scratch/e0968015/chsims/wav/video_0014/0027.wav
[370] OK: /hpctmp/scratch/e0968015/chsims/wav/video_0014/0028.wav
[371] OK: /hpctmp/scratch/e0968015/chsims/wav/video_0014/0029.wav
[372] OK: /hpctmp/scratch/e0968015/chsims/wav/video_0014/0030.wav
[373] OK: /hpctmp/scratch/e0968015/chsims/wav/video_0014/0031.wav
[374] OK: /hpctmp/scratch/e0968015/chsims/wav/video_0014/0032.wav
[375] OK: /hpctmp/scratch/e0968015/chsims/wav/video_0014/0033.wav
[376] OK: /hpctmp/scratch/e0968015/chsims/wav/video_0015/0001.wav
[377] OK: /hpctmp/scratch/e0968015/chsims/wav/video_0015/0002.wav
[378] OK: /hpctmp/scratch/e0968015/chsims/wav/video_0015/0003.wav
[379] OK: /hpctmp/scratch/e0968015/chsims/wav/video_0015/0004.wav
[380] OK: /hpctmp/scratch/e0968015/chsims/wav/video_0015/0005.wav
[381] OK: /hpctmp/scratch/e0968015/chsims/wav/video_0015/0006.wav
[382] OK: /hpctmp/scratch/e0968015/chsims/wav/video_0015/0007.wav
[383] OK: /hpctmp/scratch/e0968015/chsims/wav/video_0015/0008.wav
[384] OK: /hpctmp/scratch/e0968015/chsims/wav/video_0015/0009.wav
[385] OK: /hpctmp/scratch/e0968015/chsims/wav/video_0015/0010.wav
[386] OK: /hpctmp/scratch/e0968015/chsims/wav/video_0015/0011.wav
[387] OK: /hpctmp/scratch/e0968015/chsims/wav/video_0015/0012.wav
[388] OK: /hpctmp/scratch/e0968015/chsims/wav/video_0015/0013.wav
[389] OK: /hpctmp/scratch/e0968015/chsims/wav/video_0015/0014.wav
[390] OK: /hpctmp/scratch/e0968015/chsims/wav/video_0015/0015.wav
[391] OK: /hpctmp/scratch/e0968015/chsims/wav/video_0015/0016.wav
[392] OK: /hpctmp/scratch/e0968015/chsims/wav/video_0015/0017.wav
[393] OK: /hpctmp/scratch/e0968015/chsims/wav/video_0015/0018.wav
[394] OK: /hpctmp/scratch/e0968015/chsims/wav/video_0015/0019.wav
[395] OK: /hpctmp/scratch/e0968015/chsims/wav/video_0015/0020.wav
[396] OK: /hpctmp/scratch/e0968015/chsims/wav/video_0015/0021.wav
[397] OK: /hpctmp/scratch/e0968015/chsims/wav/video_0015/0022.wav
[398] OK: /hpctmp/scratch/e0968015/chsims/wav/video_0015/0023.wav
[399] OK: /hpctmp/scratch/e0968015/chsims/wav/video_0015/0024.wav
[400] OK: /hpctmp/scratch/e0968015/chsims/wav/video_0015/0025.wav
[401] OK: /hpctmp/scratch/e0968015/chsims/wav/video_0015/0026.wav
[402] OK: /hpctmp/scratch/e0968015/chsims/wav/video_0015/0027.wav
[403] OK: /hpctmp/scratch/e0968015/chsims/wav/video_0015/0028.wav
[404] OK: /hpctmp/scratch/e0968015/chsims/wav/video_0015/0029.wav
[405] OK: /hpctmp/scratch/e0968015/chsims/wav/video_0015/0030.wav
[406] OK: /hpctmp/scratch/e0968015/chsims/wav/video_0015/0031.wav
[407] OK: /hpctmp/scratch/e0968015/chsims/wav/video_0015/0032.wav
[408] OK: /hpctmp/scratch/e0968015/chsims/wav/video_0015/0033.wav
[409] OK: /hpctmp/scratch/e0968015/chsims/wav/video_0015/0034.wav
[410] OK: /hpctmp/scratch/e0968015/chsims/wav/video_0015/0035.wav
[411] OK: /hpctmp/scratch/e0968015/chsims/wav/video_0015/0036.wav
[412] OK: /hpctmp/scratch/e0968015/chsims/wav/video_0015/0037.wav
[413] OK: /hpctmp/scratch/e0968015/chsims/wav/video_0015/0038.wav
[414] OK: /hpctmp/scratch/e0968015/chsims/wav/video_0015/0039.wav
[415] OK: /hpctmp/scratch/e0968015/chsims/wav/video_0015/0040.wav
[416] OK: /hpctmp/scratch/e0968015/chsims/wav/video_0015/0041.wav
[417] OK: /hpctmp/scratch/e0968015/chsims/wav/video_0016/0001.wav
[418] OK: /hpctmp/scratch/e0968015/chsims/wav/video_0016/0002.wav
[419] OK: /hpctmp/scratch/e0968015/chsims/wav/video_0016/0003.wav
[420] OK: /hpctmp/scratch/e0968015/chsims/wav/video_0016/0004.wav
[421] OK: /hpctmp/scratch/e0968015/chsims/wav/video_0016/0005.wav
[422] OK: /hpctmp/scratch/e0968015/chsims/wav/video_0016/0006.wav
[423] OK: /hpctmp/scratch/e0968015/chsims/wav/video_0016/0007.wav
[424] OK: /hpctmp/scratch/e0968015/chsims/wav/video_0016/0008.wav
[425] OK: /hpctmp/scratch/e0968015/chsims/wav/video_0016/0009.wav
[426] OK: /hpctmp/scratch/e0968015/chsims/wav/video_0016/0010.wav
[427] OK: /hpctmp/scratch/e0968015/chsims/wav/video_0016/0011.wav
[428] OK: /hpctmp/scratch/e0968015/chsims/wav/video_0016/0012.wav
[429] OK: /hpctmp/scratch/e0968015/chsims/wav/video_0016/0013.wav
[430] OK: /hpctmp/scratch/e0968015/chsims/wav/video_0016/0014.wav
[431] OK: /hpctmp/scratch/e0968015/chsims/wav/video_0016/0015.wav
[432] OK: /hpctmp/scratch/e0968015/chsims/wav/video_0016/0016.wav
[433] OK: /hpctmp/scratch/e0968015/chsims/wav/video_0016/0017.wav
[434] OK: /hpctmp/scratch/e0968015/chsims/wav/video_0016/0018.wav
[435] OK: /hpctmp/scratch/e0968015/chsims/wav/video_0016/0019.wav
[436] OK: /hpctmp/scratch/e0968015/chsims/wav/video_0016/0020.wav
[437] OK: /hpctmp/scratch/e0968015/chsims/wav/video_0016/0021.wav
[438] OK: /hpctmp/scratch/e0968015/chsims/wav/video_0016/0022.wav
[439] OK: /hpctmp/scratch/e0968015/chsims/wav/video_0016/0023.wav
[440] OK: /hpctmp/scratch/e0968015/chsims/wav/video_0016/0024.wav
[441] OK: /hpctmp/scratch/e0968015/chsims/wav/video_0016/0025.wav
[442] OK: /hpctmp/scratch/e0968015/chsims/wav/video_0016/0026.wav
[443] OK: /hpctmp/scratch/e0968015/chsims/wav/video_0016/0027.wav
[444] OK: /hpctmp/scratch/e0968015/chsims/wav/video_0016/0028.wav
[445] OK: /hpctmp/scratch/e0968015/chsims/wav/video_0016/0029.wav
[446] OK: /hpctmp/scratch/e0968015/chsims/wav/video_0016/0030.wav
[447] OK: /hpctmp/scratch/e0968015/chsims/wav/video_0016/0031.wav
[448] OK: /hpctmp/scratch/e0968015/chsims/wav/video_0016/0032.wav
[449] OK: /hpctmp/scratch/e0968015/chsims/wav/video_0016/0033.wav
[450] OK: /hpctmp/scratch/e0968015/chsims/wav/video_0016/0034.wav
[451] OK: /hpctmp/scratch/e0968015/chsims/wav/video_0016/0035.wav
[452] OK: /hpctmp/scratch/e0968015/chsims/wav/video_0016/0036.wav
[453] OK: /hpctmp/scratch/e0968015/chsims/wav/video_0016/0037.wav
[454] OK: /hpctmp/scratch/e0968015/chsims/wav/video_0016/0038.wav
[455] OK: /hpctmp/scratch/e0968015/chsims/wav/video_0016/0039.wav
[456] OK: /hpctmp/scratch/e0968015/chsims/wav/video_0016/0040.wav
[457] OK: /hpctmp/scratch/e0968015/chsims/wav/video_0016/0041.wav
[458] OK: /hpctmp/scratch/e0968015/chsims/wav/video_0016/0042.wav
[459] OK: /hpctmp/scratch/e0968015/chsims/wav/video_0016/0043.wav
[460] OK: /hpctmp/scratch/e0968015/chsims/wav/video_0016/0044.wav
[461] OK: /hpctmp/scratch/e0968015/chsims/wav/video_0016/0045.wav
[462] OK: /hpctmp/scratch/e0968015/chsims/wav/video_0016/0046.wav
[463] OK: /hpctmp/scratch/e0968015/chsims/wav/video_0016/0047.wav
[464] OK: /hpctmp/scratch/e0968015/chsims/wav/video_0017/0001.wav
[465] OK: /hpctmp/scratch/e0968015/chsims/wav/video_0017/0002.wav
[466] OK: /hpctmp/scratch/e0968015/chsims/wav/video_0017/0003.wav
[467] OK: /hpctmp/scratch/e0968015/chsims/wav/video_0017/0004.wav
[468] OK: /hpctmp/scratch/e0968015/chsims/wav/video_0017/0005.wav
[469] OK: /hpctmp/scratch/e0968015/chsims/wav/video_0017/0006.wav
[470] OK: /hpctmp/scratch/e0968015/chsims/wav/video_0017/0007.wav
[471] OK: /hpctmp/scratch/e0968015/chsims/wav/video_0017/0008.wav
[472] OK: /hpctmp/scratch/e0968015/chsims/wav/video_0017/0009.wav
[473] OK: /hpctmp/scratch/e0968015/chsims/wav/video_0017/0010.wav
[474] OK: /hpctmp/scratch/e0968015/chsims/wav/video_0017/0011.wav
[475] OK: /hpctmp/scratch/e0968015/chsims/wav/video_0017/0012.wav
[476] OK: /hpctmp/scratch/e0968015/chsims/wav/video_0017/0013.wav
[477] OK: /hpctmp/scratch/e0968015/chsims/wav/video_0017/0014.wav
[478] OK: /hpctmp/scratch/e0968015/chsims/wav/video_0017/0015.wav
[479] OK: /hpctmp/scratch/e0968015/chsims/wav/video_0017/0016.wav
[480] OK: /hpctmp/scratch/e0968015/chsims/wav/video_0017/0017.wav
[481] OK: /hpctmp/scratch/e0968015/chsims/wav/video_0017/0018.wav
[482] OK: /hpctmp/scratch/e0968015/chsims/wav/video_0017/0019.wav
[483] OK: /hpctmp/scratch/e0968015/chsims/wav/video_0018/0001.wav
[484] OK: /hpctmp/scratch/e0968015/chsims/wav/video_0018/0002.wav
[485] OK: /hpctmp/scratch/e0968015/chsims/wav/video_0018/0003.wav
[486] OK: /hpctmp/scratch/e0968015/chsims/wav/video_0018/0004.wav
[487] OK: /hpctmp/scratch/e0968015/chsims/wav/video_0018/0005.wav
[488] OK: /hpctmp/scratch/e0968015/chsims/wav/video_0018/0006.wav
[489] OK: /hpctmp/scratch/e0968015/chsims/wav/video_0018/0007.wav
[490] OK: /hpctmp/scratch/e0968015/chsims/wav/video_0018/0008.wav
[491] OK: /hpctmp/scratch/e0968015/chsims/wav/video_0018/0009.wav
[492] OK: /hpctmp/scratch/e0968015/chsims/wav/video_0018/0010.wav
[493] OK: /hpctmp/scratch/e0968015/chsims/wav/video_0018/0011.wav
[494] OK: /hpctmp/scratch/e0968015/chsims/wav/video_0018/0012.wav
[495] OK: /hpctmp/scratch/e0968015/chsims/wav/video_0019/0001.wav
[496] OK: /hpctmp/scratch/e0968015/chsims/wav/video_0019/0002.wav
[497] OK: /hpctmp/scratch/e0968015/chsims/wav/video_0019/0003.wav
[498] OK: /hpctmp/scratch/e0968015/chsims/wav/video_0019/0004.wav
[499] OK: /hpctmp/scratch/e0968015/chsims/wav/video_0019/0005.wav
[500] OK: /hpctmp/scratch/e0968015/chsims/wav/video_0019/0006.wav
[501] OK: /hpctmp/scratch/e0968015/chsims/wav/video_0019/0007.wav
[502] OK: /hpctmp/scratch/e0968015/chsims/wav/video_0019/0008.wav
[503] OK: /hpctmp/scratch/e0968015/chsims/wav/video_0019/0009.wav
[504] OK: /hpctmp/scratch/e0968015/chsims/wav/video_0019/0010.wav
[505] OK: /hpctmp/scratch/e0968015/chsims/wav/video_0019/0011.wav
[506] OK: /hpctmp/scratch/e0968015/chsims/wav/video_0019/0012.wav
[507] OK: /hpctmp/scratch/e0968015/chsims/wav/video_0019/0013.wav
[508] OK: /hpctmp/scratch/e0968015/chsims/wav/video_0019/0014.wav
[509] OK: /hpctmp/scratch/e0968015/chsims/wav/video_0019/0015.wav
[510] OK: /hpctmp/scratch/e0968015/chsims/wav/video_0019/0016.wav
[511] OK: /hpctmp/scratch/e0968015/chsims/wav/video_0020/0001.wav
[512] OK: /hpctmp/scratch/e0968015/chsims/wav/video_0020/0002.wav
[513] OK: /hpctmp/scratch/e0968015/chsims/wav/video_0020/0003.wav
[514] OK: /hpctmp/scratch/e0968015/chsims/wav/video_0020/0004.wav
[515] OK: /hpctmp/scratch/e0968015/chsims/wav/video_0020/0005.wav
[516] OK: /hpctmp/scratch/e0968015/chsims/wav/video_0020/0006.wav
[517] OK: /hpctmp/scratch/e0968015/chsims/wav/video_0020/0007.wav
[518] OK: /hpctmp/scratch/e0968015/chsims/wav/video_0020/0008.wav
[519] OK: /hpctmp/scratch/e0968015/chsims/wav/video_0020/0009.wav
[520] OK: /hpctmp/scratch/e0968015/chsims/wav/video_0020/0010.wav
[521] OK: /hpctmp/scratch/e0968015/chsims/wav/video_0020/0011.wav
[522] OK: /hpctmp/scratch/e0968015/chsims/wav/video_0020/0012.wav
[523] OK: /hpctmp/scratch/e0968015/chsims/wav/video_0020/0013.wav
[524] OK: /hpctmp/scratch/e0968015/chsims/wav/video_0021/0001.wav
[525] OK: /hpctmp/scratch/e0968015/chsims/wav/video_0021/0002.wav
[526] OK: /hpctmp/scratch/e0968015/chsims/wav/video_0021/0003.wav
[527] OK: /hpctmp/scratch/e0968015/chsims/wav/video_0021/0004.wav
[528] OK: /hpctmp/scratch/e0968015/chsims/wav/video_0021/0005.wav
[529] OK: /hpctmp/scratch/e0968015/chsims/wav/video_0021/0006.wav
[530] OK: /hpctmp/scratch/e0968015/chsims/wav/video_0021/0007.wav
[531] OK: /hpctmp/scratch/e0968015/chsims/wav/video_0021/0008.wav
[532] OK: /hpctmp/scratch/e0968015/chsims/wav/video_0021/0009.wav
[533] OK: /hpctmp/scratch/e0968015/chsims/wav/video_0021/0010.wav
[534] OK: /hpctmp/scratch/e0968015/chsims/wav/video_0021/0011.wav
[535] OK: /hpctmp/scratch/e0968015/chsims/wav/video_0022/0001.wav
[536] OK: /hpctmp/scratch/e0968015/chsims/wav/video_0022/0002.wav
[537] OK: /hpctmp/scratch/e0968015/chsims/wav/video_0022/0003.wav
[538] OK: /hpctmp/scratch/e0968015/chsims/wav/video_0022/0004.wav
[539] OK: /hpctmp/scratch/e0968015/chsims/wav/video_0022/0005.wav
[540] OK: /hpctmp/scratch/e0968015/chsims/wav/video_0022/0006.wav
[541] OK: /hpctmp/scratch/e0968015/chsims/wav/video_0022/0007.wav
[542] OK: /hpctmp/scratch/e0968015/chsims/wav/video_0022/0008.wav
[543] OK: /hpctmp/scratch/e0968015/chsims/wav/video_0022/0009.wav
[544] OK: /hpctmp/scratch/e0968015/chsims/wav/video_0022/0010.wav
[545] OK: /hpctmp/scratch/e0968015/chsims/wav/video_0022/0011.wav
[546] OK: /hpctmp/scratch/e0968015/chsims/wav/video_0022/0012.wav
[547] OK: /hpctmp/scratch/e0968015/chsims/wav/video_0022/0013.wav
[548] OK: /hpctmp/scratch/e0968015/chsims/wav/video_0022/0014.wav
[549] OK: /hpctmp/scratch/e0968015/chsims/wav/video_0022/0015.wav
[550] OK: /hpctmp/scratch/e0968015/chsims/wav/video_0022/0016.wav
[551] OK: /hpctmp/scratch/e0968015/chsims/wav/video_0022/0017.wav
[552] OK: /hpctmp/scratch/e0968015/chsims/wav/video_0022/0018.wav
[553] OK: /hpctmp/scratch/e0968015/chsims/wav/video_0022/0019.wav
[554] OK: /hpctmp/scratch/e0968015/chsims/wav/video_0022/0020.wav
[555] OK: /hpctmp/scratch/e0968015/chsims/wav/video_0022/0021.wav
[556] OK: /hpctmp/scratch/e0968015/chsims/wav/video_0022/0022.wav
[557] OK: /hpctmp/scratch/e0968015/chsims/wav/video_0023/0001.wav
[558] OK: /hpctmp/scratch/e0968015/chsims/wav/video_0023/0002.wav
[559] OK: /hpctmp/scratch/e0968015/chsims/wav/video_0023/0003.wav
[560] OK: /hpctmp/scratch/e0968015/chsims/wav/video_0023/0004.wav
[561] OK: /hpctmp/scratch/e0968015/chsims/wav/video_0023/0005.wav
[562] OK: /hpctmp/scratch/e0968015/chsims/wav/video_0023/0006.wav
[563] OK: /hpctmp/scratch/e0968015/chsims/wav/video_0023/0007.wav
[564] OK: /hpctmp/scratch/e0968015/chsims/wav/video_0023/0008.wav
[565] OK: /hpctmp/scratch/e0968015/chsims/wav/video_0023/0009.wav
[566] OK: /hpctmp/scratch/e0968015/chsims/wav/video_0023/0010.wav
[567] OK: /hpctmp/scratch/e0968015/chsims/wav/video_0023/0011.wav
[568] OK: /hpctmp/scratch/e0968015/chsims/wav/video_0023/0012.wav
[569] OK: /hpctmp/scratch/e0968015/chsims/wav/video_0023/0013.wav
[570] OK: /hpctmp/scratch/e0968015/chsims/wav/video_0023/0014.wav
[571] OK: /hpctmp/scratch/e0968015/chsims/wav/video_0023/0015.wav
[572] OK: /hpctmp/scratch/e0968015/chsims/wav/video_0023/0016.wav
[573] OK: /hpctmp/scratch/e0968015/chsims/wav/video_0023/0017.wav
[574] OK: /hpctmp/scratch/e0968015/chsims/wav/video_0023/0018.wav
[575] OK: /hpctmp/scratch/e0968015/chsims/wav/video_0023/0019.wav
[576] OK: /hpctmp/scratch/e0968015/chsims/wav/video_0023/0020.wav
[577] OK: /hpctmp/scratch/e0968015/chsims/wav/video_0023/0021.wav
[578] OK: /hpctmp/scratch/e0968015/chsims/wav/video_0023/0022.wav
[579] OK: /hpctmp/scratch/e0968015/chsims/wav/video_0023/0023.wav
[580] OK: /hpctmp/scratch/e0968015/chsims/wav/video_0023/0024.wav
[581] OK: /hpctmp/scratch/e0968015/chsims/wav/video_0023/0025.wav
[582] OK: /hpctmp/scratch/e0968015/chsims/wav/video_0023/0026.wav
[583] OK: /hpctmp/scratch/e0968015/chsims/wav/video_0023/0027.wav
[584] OK: /hpctmp/scratch/e0968015/chsims/wav/video_0023/0028.wav
[585] OK: /hpctmp/scratch/e0968015/chsims/wav/video_0023/0029.wav
[586] OK: /hpctmp/scratch/e0968015/chsims/wav/video_0023/0030.wav
[587] OK: /hpctmp/scratch/e0968015/chsims/wav/video_0023/0031.wav
[588] OK: /hpctmp/scratch/e0968015/chsims/wav/video_0023/0032.wav
[589] OK: /hpctmp/scratch/e0968015/chsims/wav/video_0023/0033.wav
[590] OK: /hpctmp/scratch/e0968015/chsims/wav/video_0023/0034.wav
[591] OK: /hpctmp/scratch/e0968015/chsims/wav/video_0023/0035.wav
[592] OK: /hpctmp/scratch/e0968015/chsims/wav/video_0023/0036.wav
[593] OK: /hpctmp/scratch/e0968015/chsims/wav/video_0023/0037.wav
[594] OK: /hpctmp/scratch/e0968015/chsims/wav/video_0023/0038.wav
[595] OK: /hpctmp/scratch/e0968015/chsims/wav/video_0023/0039.wav
[596] OK: /hpctmp/scratch/e0968015/chsims/wav/video_0023/0040.wav
[597] OK: /hpctmp/scratch/e0968015/chsims/wav/video_0023/0041.wav
[598] OK: /hpctmp/scratch/e0968015/chsims/wav/video_0023/0042.wav
[599] OK: /hpctmp/scratch/e0968015/chsims/wav/video_0023/0043.wav
[600] OK: /hpctmp/scratch/e0968015/chsims/wav/video_0023/0044.wav
[601] OK: /hpctmp/scratch/e0968015/chsims/wav/video_0023/0045.wav
[602] OK: /hpctmp/scratch/e0968015/chsims/wav/video_0023/0046.wav
[603] OK: /hpctmp/scratch/e0968015/chsims/wav/video_0023/0047.wav
[604] OK: /hpctmp/scratch/e0968015/chsims/wav/video_0023/0048.wav
[605] OK: /hpctmp/scratch/e0968015/chsims/wav/video_0023/0049.wav
[606] OK: /hpctmp/scratch/e0968015/chsims/wav/video_0023/0050.wav
[607] OK: /hpctmp/scratch/e0968015/chsims/wav/video_0023/0051.wav
[608] OK: /hpctmp/scratch/e0968015/chsims/wav/video_0023/0052.wav
[609] OK: /hpctmp/scratch/e0968015/chsims/wav/video_0023/0053.wav
[610] OK: /hpctmp/scratch/e0968015/chsims/wav/video_0023/0054.wav
[611] OK: /hpctmp/scratch/e0968015/chsims/wav/video_0023/0055.wav
[612] OK: /hpctmp/scratch/e0968015/chsims/wav/video_0023/0056.wav
[613] OK: /hpctmp/scratch/e0968015/chsims/wav/video_0023/0057.wav
[614] OK: /hpctmp/scratch/e0968015/chsims/wav/video_0023/0058.wav
[615] OK: /hpctmp/scratch/e0968015/chsims/wav/video_0023/0059.wav
[616] OK: /hpctmp/scratch/e0968015/chsims/wav/video_0023/0060.wav
[617] OK: /hpctmp/scratch/e0968015/chsims/wav/video_0023/0061.wav
[618] OK: /hpctmp/scratch/e0968015/chsims/wav/video_0023/0062.wav
[619] OK: /hpctmp/scratch/e0968015/chsims/wav/video_0023/0063.wav
[620] OK: /hpctmp/scratch/e0968015/chsims/wav/video_0023/0064.wav
[621] OK: /hpctmp/scratch/e0968015/chsims/wav/video_0024/0001.wav
[622] OK: /hpctmp/scratch/e0968015/chsims/wav/video_0024/0002.wav
[623] OK: /hpctmp/scratch/e0968015/chsims/wav/video_0024/0003.wav
[624] OK: /hpctmp/scratch/e0968015/chsims/wav/video_0024/0004.wav
[625] OK: /hpctmp/scratch/e0968015/chsims/wav/video_0024/0005.wav
[626] OK: /hpctmp/scratch/e0968015/chsims/wav/video_0024/0006.wav
[627] OK: /hpctmp/scratch/e0968015/chsims/wav/video_0024/0007.wav
[628] OK: /hpctmp/scratch/e0968015/chsims/wav/video_0024/0008.wav
[629] OK: /hpctmp/scratch/e0968015/chsims/wav/video_0024/0009.wav
[630] OK: /hpctmp/scratch/e0968015/chsims/wav/video_0024/0010.wav
[631] OK: /hpctmp/scratch/e0968015/chsims/wav/video_0024/0011.wav
[632] OK: /hpctmp/scratch/e0968015/chsims/wav/video_0024/0012.wav
[633] OK: /hpctmp/scratch/e0968015/chsims/wav/video_0024/0013.wav
[634] OK: /hpctmp/scratch/e0968015/chsims/wav/video_0024/0014.wav
[635] OK: /hpctmp/scratch/e0968015/chsims/wav/video_0024/0015.wav
[636] OK: /hpctmp/scratch/e0968015/chsims/wav/video_0024/0016.wav
[637] OK: /hpctmp/scratch/e0968015/chsims/wav/video_0024/0017.wav
[638] OK: /hpctmp/scratch/e0968015/chsims/wav/video_0024/0018.wav
[639] OK: /hpctmp/scratch/e0968015/chsims/wav/video_0024/0019.wav
[640] OK: /hpctmp/scratch/e0968015/chsims/wav/video_0024/0020.wav
[641] OK: /hpctmp/scratch/e0968015/chsims/wav/video_0024/0021.wav
[642] OK: /hpctmp/scratch/e0968015/chsims/wav/video_0024/0022.wav
[643] OK: /hpctmp/scratch/e0968015/chsims/wav/video_0024/0023.wav
[644] OK: /hpctmp/scratch/e0968015/chsims/wav/video_0024/0024.wav
[645] OK: /hpctmp/scratch/e0968015/chsims/wav/video_0024/0025.wav
[646] OK: /hpctmp/scratch/e0968015/chsims/wav/video_0024/0026.wav
[647] OK: /hpctmp/scratch/e0968015/chsims/wav/video_0024/0027.wav
[648] OK: /hpctmp/scratch/e0968015/chsims/wav/video_0024/0028.wav
[649] OK: /hpctmp/scratch/e0968015/chsims/wav/video_0024/0029.wav
[650] OK: /hpctmp/scratch/e0968015/chsims/wav/video_0024/0030.wav
[651] OK: /hpctmp/scratch/e0968015/chsims/wav/video_0024/0031.wav
[652] OK: /hpctmp/scratch/e0968015/chsims/wav/video_0024/0032.wav
[653] OK: /hpctmp/scratch/e0968015/chsims/wav/video_0024/0033.wav
[654] OK: /hpctmp/scratch/e0968015/chsims/wav/video_0024/0034.wav
[655] OK: /hpctmp/scratch/e0968015/chsims/wav/video_0024/0035.wav
[656] OK: /hpctmp/scratch/e0968015/chsims/wav/video_0024/0036.wav
[657] OK: /hpctmp/scratch/e0968015/chsims/wav/video_0024/0037.wav
[658] OK: /hpctmp/scratch/e0968015/chsims/wav/video_0024/0038.wav
[659] OK: /hpctmp/scratch/e0968015/chsims/wav/video_0024/0039.wav
[660] OK: /hpctmp/scratch/e0968015/chsims/wav/video_0024/0040.wav
[661] OK: /hpctmp/scratch/e0968015/chsims/wav/video_0024/0041.wav
[662] OK: /hpctmp/scratch/e0968015/chsims/wav/video_0024/0042.wav
[663] OK: /hpctmp/scratch/e0968015/chsims/wav/video_0024/0043.wav
[664] OK: /hpctmp/scratch/e0968015/chsims/wav/video_0024/0044.wav
[665] OK: /hpctmp/scratch/e0968015/chsims/wav/video_0024/0045.wav
[666] OK: /hpctmp/scratch/e0968015/chsims/wav/video_0024/0046.wav
[667] OK: /hpctmp/scratch/e0968015/chsims/wav/video_0024/0047.wav
[668] OK: /hpctmp/scratch/e0968015/chsims/wav/video_0024/0048.wav
[669] OK: /hpctmp/scratch/e0968015/chsims/wav/video_0024/0049.wav
[670] OK: /hpctmp/scratch/e0968015/chsims/wav/video_0024/0050.wav
[671] OK: /hpctmp/scratch/e0968015/chsims/wav/video_0024/0051.wav
[672] OK: /hpctmp/scratch/e0968015/chsims/wav/video_0024/0052.wav
[673] OK: /hpctmp/scratch/e0968015/chsims/wav/video_0024/0053.wav
[674] OK: /hpctmp/scratch/e0968015/chsims/wav/video_0024/0054.wav
[675] OK: /hpctmp/scratch/e0968015/chsims/wav/video_0024/0055.wav
[676] OK: /hpctmp/scratch/e0968015/chsims/wav/video_0024/0056.wav
[677] OK: /hpctmp/scratch/e0968015/chsims/wav/video_0024/0057.wav
[678] OK: /hpctmp/scratch/e0968015/chsims/wav/video_0024/0058.wav
[679] OK: /hpctmp/scratch/e0968015/chsims/wav/video_0024/0059.wav
[680] OK: /hpctmp/scratch/e0968015/chsims/wav/video_0024/0060.wav
[681] OK: /hpctmp/scratch/e0968015/chsims/wav/video_0024/0061.wav
[682] OK: /hpctmp/scratch/e0968015/chsims/wav/video_0024/0062.wav
[683] OK: /hpctmp/scratch/e0968015/chsims/wav/video_0024/0063.wav
[684] OK: /hpctmp/scratch/e0968015/chsims/wav/video_0024/0064.wav
[685] OK: /hpctmp/scratch/e0968015/chsims/wav/video_0024/0065.wav
[686] OK: /hpctmp/scratch/e0968015/chsims/wav/video_0024/0066.wav
[687] OK: /hpctmp/scratch/e0968015/chsims/wav/video_0024/0067.wav
[688] OK: /hpctmp/scratch/e0968015/chsims/wav/video_0024/0068.wav
[689] OK: /hpctmp/scratch/e0968015/chsims/wav/video_0024/0069.wav
[690] OK: /hpctmp/scratch/e0968015/chsims/wav/video_0024/0070.wav
[691] OK: /hpctmp/scratch/e0968015/chsims/wav/video_0024/0071.wav
[692] OK: /hpctmp/scratch/e0968015/chsims/wav/video_0024/0072.wav
[693] OK: /hpctmp/scratch/e0968015/chsims/wav/video_0024/0073.wav
[694] OK: /hpctmp/scratch/e0968015/chsims/wav/video_0024/0074.wav
[695] OK: /hpctmp/scratch/e0968015/chsims/wav/video_0024/0075.wav
[696] OK: /hpctmp/scratch/e0968015/chsims/wav/video_0024/0076.wav
[697] OK: /hpctmp/scratch/e0968015/chsims/wav/video_0024/0077.wav
[698] OK: /hpctmp/scratch/e0968015/chsims/wav/video_0024/0078.wav
[699] OK: /hpctmp/scratch/e0968015/chsims/wav/video_0024/0079.wav
[700] OK: /hpctmp/scratch/e0968015/chsims/wav/video_0024/0080.wav
[701] OK: /hpctmp/scratch/e0968015/chsims/wav/video_0024/0081.wav
[702] OK: /hpctmp/scratch/e0968015/chsims/wav/video_0024/0082.wav
[703] OK: /hpctmp/scratch/e0968015/chsims/wav/video_0024/0083.wav
[704] OK: /hpctmp/scratch/e0968015/chsims/wav/video_0024/0084.wav
[705] OK: /hpctmp/scratch/e0968015/chsims/wav/video_0024/0085.wav
[706] OK: /hpctmp/scratch/e0968015/chsims/wav/video_0024/0086.wav
[707] OK: /hpctmp/scratch/e0968015/chsims/wav/video_0024/0087.wav
[708] OK: /hpctmp/scratch/e0968015/chsims/wav/video_0024/0088.wav
[709] OK: /hpctmp/scratch/e0968015/chsims/wav/video_0024/0089.wav
[710] OK: /hpctmp/scratch/e0968015/chsims/wav/video_0024/0090.wav
[711] OK: /hpctmp/scratch/e0968015/chsims/wav/video_0024/0091.wav
[712] OK: /hpctmp/scratch/e0968015/chsims/wav/video_0024/0092.wav
[713] OK: /hpctmp/scratch/e0968015/chsims/wav/video_0024/0093.wav
[714] OK: /hpctmp/scratch/e0968015/chsims/wav/video_0024/0094.wav
[715] OK: /hpctmp/scratch/e0968015/chsims/wav/video_0024/0095.wav
[716] OK: /hpctmp/scratch/e0968015/chsims/wav/video_0024/0096.wav
[717] OK: /hpctmp/scratch/e0968015/chsims/wav/video_0024/0097.wav
[718] OK: /hpctmp/scratch/e0968015/chsims/wav/video_0024/0098.wav
[719] OK: /hpctmp/scratch/e0968015/chsims/wav/video_0024/0099.wav
[720] OK: /hpctmp/scratch/e0968015/chsims/wav/video_0024/0100.wav
[721] OK: /hpctmp/scratch/e0968015/chsims/wav/video_0024/0101.wav
[722] OK: /hpctmp/scratch/e0968015/chsims/wav/video_0024/0102.wav
[723] OK: /hpctmp/scratch/e0968015/chsims/wav/video_0024/0103.wav
[724] OK: /hpctmp/scratch/e0968015/chsims/wav/video_0024/0104.wav
[725] OK: /hpctmp/scratch/e0968015/chsims/wav/video_0024/0105.wav
[726] OK: /hpctmp/scratch/e0968015/chsims/wav/video_0024/0106.wav
[727] OK: /hpctmp/scratch/e0968015/chsims/wav/video_0024/0107.wav
[728] OK: /hpctmp/scratch/e0968015/chsims/wav/video_0024/0108.wav
[729] OK: /hpctmp/scratch/e0968015/chsims/wav/video_0024/0109.wav
[730] OK: /hpctmp/scratch/e0968015/chsims/wav/video_0024/0110.wav
[731] OK: /hpctmp/scratch/e0968015/chsims/wav/video_0024/0111.wav
[732] OK: /hpctmp/scratch/e0968015/chsims/wav/video_0024/0112.wav
[733] OK: /hpctmp/scratch/e0968015/chsims/wav/video_0024/0113.wav
[734] OK: /hpctmp/scratch/e0968015/chsims/wav/video_0024/0114.wav
[735] OK: /hpctmp/scratch/e0968015/chsims/wav/video_0024/0115.wav
[736] OK: /hpctmp/scratch/e0968015/chsims/wav/video_0024/0116.wav
[737] OK: /hpctmp/scratch/e0968015/chsims/wav/video_0025/0001.wav
[738] OK: /hpctmp/scratch/e0968015/chsims/wav/video_0025/0002.wav
[739] OK: /hpctmp/scratch/e0968015/chsims/wav/video_0025/0003.wav
[740] OK: /hpctmp/scratch/e0968015/chsims/wav/video_0025/0004.wav
[741] OK: /hpctmp/scratch/e0968015/chsims/wav/video_0025/0005.wav
[742] OK: /hpctmp/scratch/e0968015/chsims/wav/video_0025/0006.wav
[743] OK: /hpctmp/scratch/e0968015/chsims/wav/video_0025/0007.wav
[744] OK: /hpctmp/scratch/e0968015/chsims/wav/video_0025/0008.wav
[745] OK: /hpctmp/scratch/e0968015/chsims/wav/video_0025/0009.wav
[746] OK: /hpctmp/scratch/e0968015/chsims/wav/video_0025/0010.wav
[747] OK: /hpctmp/scratch/e0968015/chsims/wav/video_0025/0011.wav
[748] OK: /hpctmp/scratch/e0968015/chsims/wav/video_0025/0012.wav
[749] OK: /hpctmp/scratch/e0968015/chsims/wav/video_0025/0013.wav
[750] OK: /hpctmp/scratch/e0968015/chsims/wav/video_0025/0014.wav
[751] OK: /hpctmp/scratch/e0968015/chsims/wav/video_0025/0015.wav
[752] OK: /hpctmp/scratch/e0968015/chsims/wav/video_0025/0016.wav
[753] OK: /hpctmp/scratch/e0968015/chsims/wav/video_0025/0017.wav
[754] OK: /hpctmp/scratch/e0968015/chsims/wav/video_0025/0018.wav
[755] OK: /hpctmp/scratch/e0968015/chsims/wav/video_0025/0019.wav
[756] OK: /hpctmp/scratch/e0968015/chsims/wav/video_0025/0020.wav
[757] OK: /hpctmp/scratch/e0968015/chsims/wav/video_0025/0021.wav
[758] OK: /hpctmp/scratch/e0968015/chsims/wav/video_0025/0022.wav
[759] OK: /hpctmp/scratch/e0968015/chsims/wav/video_0025/0023.wav
[760] OK: /hpctmp/scratch/e0968015/chsims/wav/video_0025/0024.wav
[761] OK: /hpctmp/scratch/e0968015/chsims/wav/video_0025/0025.wav
[762] OK: /hpctmp/scratch/e0968015/chsims/wav/video_0025/0026.wav
[763] OK: /hpctmp/scratch/e0968015/chsims/wav/video_0025/0027.wav
[764] OK: /hpctmp/scratch/e0968015/chsims/wav/video_0025/0028.wav
[765] OK: /hpctmp/scratch/e0968015/chsims/wav/video_0025/0029.wav
[766] OK: /hpctmp/scratch/e0968015/chsims/wav/video_0025/0030.wav
[767] OK: /hpctmp/scratch/e0968015/chsims/wav/video_0025/0031.wav
[768] OK: /hpctmp/scratch/e0968015/chsims/wav/video_0025/0032.wav
[769] OK: /hpctmp/scratch/e0968015/chsims/wav/video_0025/0033.wav
[770] OK: /hpctmp/scratch/e0968015/chsims/wav/video_0025/0034.wav
[771] OK: /hpctmp/scratch/e0968015/chsims/wav/video_0025/0035.wav
[772] OK: /hpctmp/scratch/e0968015/chsims/wav/video_0025/0036.wav
[773] OK: /hpctmp/scratch/e0968015/chsims/wav/video_0025/0037.wav
[774] OK: /hpctmp/scratch/e0968015/chsims/wav/video_0025/0038.wav
[775] OK: /hpctmp/scratch/e0968015/chsims/wav/video_0025/0039.wav
[776] OK: /hpctmp/scratch/e0968015/chsims/wav/video_0025/0040.wav
[777] OK: /hpctmp/scratch/e0968015/chsims/wav/video_0025/0041.wav
[778] OK: /hpctmp/scratch/e0968015/chsims/wav/video_0025/0042.wav
[779] OK: /hpctmp/scratch/e0968015/chsims/wav/video_0025/0043.wav
[780] OK: /hpctmp/scratch/e0968015/chsims/wav/video_0025/0044.wav
[781] OK: /hpctmp/scratch/e0968015/chsims/wav/video_0025/0045.wav
[782] OK: /hpctmp/scratch/e0968015/chsims/wav/video_0025/0046.wav
[783] OK: /hpctmp/scratch/e0968015/chsims/wav/video_0025/0047.wav
[784] OK: /hpctmp/scratch/e0968015/chsims/wav/video_0025/0048.wav
[785] OK: /hpctmp/scratch/e0968015/chsims/wav/video_0025/0049.wav
[786] OK: /hpctmp/scratch/e0968015/chsims/wav/video_0025/0050.wav
[787] OK: /hpctmp/scratch/e0968015/chsims/wav/video_0025/0051.wav
[788] OK: /hpctmp/scratch/e0968015/chsims/wav/video_0025/0052.wav
[789] OK: /hpctmp/scratch/e0968015/chsims/wav/video_0025/0053.wav
[790] OK: /hpctmp/scratch/e0968015/chsims/wav/video_0025/0054.wav
[791] OK: /hpctmp/scratch/e0968015/chsims/wav/video_0025/0055.wav
[792] OK: /hpctmp/scratch/e0968015/chsims/wav/video_0026/0001.wav
[793] OK: /hpctmp/scratch/e0968015/chsims/wav/video_0026/0002.wav
[794] OK: /hpctmp/scratch/e0968015/chsims/wav/video_0026/0003.wav
[795] OK: /hpctmp/scratch/e0968015/chsims/wav/video_0026/0004.wav
[796] OK: /hpctmp/scratch/e0968015/chsims/wav/video_0026/0005.wav
[797] OK: /hpctmp/scratch/e0968015/chsims/wav/video_0026/0006.wav
[798] OK: /hpctmp/scratch/e0968015/chsims/wav/video_0026/0007.wav
[799] OK: /hpctmp/scratch/e0968015/chsims/wav/video_0026/0008.wav
[800] OK: /hpctmp/scratch/e0968015/chsims/wav/video_0026/0009.wav
[801] OK: /hpctmp/scratch/e0968015/chsims/wav/video_0026/0010.wav
[802] OK: /hpctmp/scratch/e0968015/chsims/wav/video_0026/0011.wav
[803] OK: /hpctmp/scratch/e0968015/chsims/wav/video_0026/0012.wav
[804] OK: /hpctmp/scratch/e0968015/chsims/wav/video_0026/0013.wav
[805] OK: /hpctmp/scratch/e0968015/chsims/wav/video_0026/0014.wav
[806] OK: /hpctmp/scratch/e0968015/chsims/wav/video_0026/0015.wav
[807] OK: /hpctmp/scratch/e0968015/chsims/wav/video_0026/0016.wav
[808] OK: /hpctmp/scratch/e0968015/chsims/wav/video_0026/0017.wav
[809] OK: /hpctmp/scratch/e0968015/chsims/wav/video_0026/0018.wav
[810] OK: /hpctmp/scratch/e0968015/chsims/wav/video_0026/0019.wav
[811] OK: /hpctmp/scratch/e0968015/chsims/wav/video_0026/0020.wav
[812] OK: /hpctmp/scratch/e0968015/chsims/wav/video_0026/0021.wav
[813] OK: /hpctmp/scratch/e0968015/chsims/wav/video_0026/0022.wav
[814] OK: /hpctmp/scratch/e0968015/chsims/wav/video_0026/0023.wav
[815] OK: /hpctmp/scratch/e0968015/chsims/wav/video_0026/0024.wav
[816] OK: /hpctmp/scratch/e0968015/chsims/wav/video_0026/0025.wav
[817] OK: /hpctmp/scratch/e0968015/chsims/wav/video_0027/0001.wav
[818] OK: /hpctmp/scratch/e0968015/chsims/wav/video_0027/0002.wav
[819] OK: /hpctmp/scratch/e0968015/chsims/wav/video_0027/0003.wav
[820] OK: /hpctmp/scratch/e0968015/chsims/wav/video_0027/0004.wav
[821] OK: /hpctmp/scratch/e0968015/chsims/wav/video_0027/0005.wav
[822] OK: /hpctmp/scratch/e0968015/chsims/wav/video_0027/0006.wav
[823] OK: /hpctmp/scratch/e0968015/chsims/wav/video_0027/0007.wav
[824] OK: /hpctmp/scratch/e0968015/chsims/wav/video_0027/0008.wav
[825] OK: /hpctmp/scratch/e0968015/chsims/wav/video_0027/0009.wav
[826] OK: /hpctmp/scratch/e0968015/chsims/wav/video_0027/0010.wav
[827] OK: /hpctmp/scratch/e0968015/chsims/wav/video_0027/0011.wav
[828] OK: /hpctmp/scratch/e0968015/chsims/wav/video_0027/0012.wav
[829] OK: /hpctmp/scratch/e0968015/chsims/wav/video_0027/0013.wav
[830] OK: /hpctmp/scratch/e0968015/chsims/wav/video_0027/0014.wav
[831] OK: /hpctmp/scratch/e0968015/chsims/wav/video_0027/0015.wav
[832] OK: /hpctmp/scratch/e0968015/chsims/wav/video_0027/0016.wav
[833] OK: /hpctmp/scratch/e0968015/chsims/wav/video_0027/0017.wav
[834] OK: /hpctmp/scratch/e0968015/chsims/wav/video_0027/0018.wav
[835] OK: /hpctmp/scratch/e0968015/chsims/wav/video_0027/0019.wav
[836] OK: /hpctmp/scratch/e0968015/chsims/wav/video_0027/0020.wav
[837] OK: /hpctmp/scratch/e0968015/chsims/wav/video_0027/0021.wav
[838] OK: /hpctmp/scratch/e0968015/chsims/wav/video_0027/0022.wav
[839] OK: /hpctmp/scratch/e0968015/chsims/wav/video_0027/0023.wav
[840] OK: /hpctmp/scratch/e0968015/chsims/wav/video_0027/0024.wav
[841] OK: /hpctmp/scratch/e0968015/chsims/wav/video_0027/0025.wav
[842] OK: /hpctmp/scratch/e0968015/chsims/wav/video_0027/0026.wav
[843] OK: /hpctmp/scratch/e0968015/chsims/wav/video_0027/0027.wav
[844] OK: /hpctmp/scratch/e0968015/chsims/wav/video_0027/0028.wav
[845] OK: /hpctmp/scratch/e0968015/chsims/wav/video_0027/0029.wav
[846] OK: /hpctmp/scratch/e0968015/chsims/wav/video_0027/0030.wav
[847] OK: /hpctmp/scratch/e0968015/chsims/wav/video_0027/0031.wav
[848] OK: /hpctmp/scratch/e0968015/chsims/wav/video_0027/0032.wav
[849] OK: /hpctmp/scratch/e0968015/chsims/wav/video_0027/0033.wav
[850] OK: /hpctmp/scratch/e0968015/chsims/wav/video_0027/0034.wav
[851] OK: /hpctmp/scratch/e0968015/chsims/wav/video_0027/0035.wav
[852] OK: /hpctmp/scratch/e0968015/chsims/wav/video_0027/0036.wav
[853] OK: /hpctmp/scratch/e0968015/chsims/wav/video_0027/0037.wav
[854] OK: /hpctmp/scratch/e0968015/chsims/wav/video_0027/0038.wav
[855] OK: /hpctmp/scratch/e0968015/chsims/wav/video_0027/0039.wav
[856] OK: /hpctmp/scratch/e0968015/chsims/wav/video_0027/0040.wav
[857] OK: /hpctmp/scratch/e0968015/chsims/wav/video_0027/0041.wav
[858] OK: /hpctmp/scratch/e0968015/chsims/wav/video_0027/0042.wav
[859] OK: /hpctmp/scratch/e0968015/chsims/wav/video_0027/0043.wav
[860] OK: /hpctmp/scratch/e0968015/chsims/wav/video_0027/0044.wav
[861] OK: /hpctmp/scratch/e0968015/chsims/wav/video_0027/0045.wav
[862] OK: /hpctmp/scratch/e0968015/chsims/wav/video_0027/0046.wav
[863] OK: /hpctmp/scratch/e0968015/chsims/wav/video_0027/0047.wav
[864] OK: /hpctmp/scratch/e0968015/chsims/wav/video_0027/0048.wav
[865] OK: /hpctmp/scratch/e0968015/chsims/wav/video_0027/0049.wav
[866] OK: /hpctmp/scratch/e0968015/chsims/wav/video_0028/0001.wav
[867] OK: /hpctmp/scratch/e0968015/chsims/wav/video_0028/0002.wav
[868] OK: /hpctmp/scratch/e0968015/chsims/wav/video_0028/0003.wav
[869] OK: /hpctmp/scratch/e0968015/chsims/wav/video_0028/0004.wav
[870] OK: /hpctmp/scratch/e0968015/chsims/wav/video_0028/0005.wav
[871] OK: /hpctmp/scratch/e0968015/chsims/wav/video_0028/0006.wav
[872] OK: /hpctmp/scratch/e0968015/chsims/wav/video_0028/0007.wav
[873] OK: /hpctmp/scratch/e0968015/chsims/wav/video_0028/0008.wav
[874] OK: /hpctmp/scratch/e0968015/chsims/wav/video_0028/0009.wav
[875] OK: /hpctmp/scratch/e0968015/chsims/wav/video_0028/0010.wav
[876] OK: /hpctmp/scratch/e0968015/chsims/wav/video_0028/0011.wav
[877] OK: /hpctmp/scratch/e0968015/chsims/wav/video_0028/0012.wav
[878] OK: /hpctmp/scratch/e0968015/chsims/wav/video_0028/0013.wav
[879] OK: /hpctmp/scratch/e0968015/chsims/wav/video_0028/0014.wav
[880] OK: /hpctmp/scratch/e0968015/chsims/wav/video_0028/0015.wav
[881] OK: /hpctmp/scratch/e0968015/chsims/wav/video_0028/0016.wav
[882] OK: /hpctmp/scratch/e0968015/chsims/wav/video_0028/0017.wav
[883] OK: /hpctmp/scratch/e0968015/chsims/wav/video_0028/0018.wav
[884] OK: /hpctmp/scratch/e0968015/chsims/wav/video_0028/0019.wav
[885] OK: /hpctmp/scratch/e0968015/chsims/wav/video_0028/0020.wav
[886] OK: /hpctmp/scratch/e0968015/chsims/wav/video_0028/0021.wav
[887] OK: /hpctmp/scratch/e0968015/chsims/wav/video_0028/0022.wav
[888] OK: /hpctmp/scratch/e0968015/chsims/wav/video_0028/0023.wav
[889] OK: /hpctmp/scratch/e0968015/chsims/wav/video_0029/0001.wav
[890] OK: /hpctmp/scratch/e0968015/chsims/wav/video_0029/0002.wav
[891] OK: /hpctmp/scratch/e0968015/chsims/wav/video_0029/0003.wav
[892] OK: /hpctmp/scratch/e0968015/chsims/wav/video_0029/0004.wav
[893] OK: /hpctmp/scratch/e0968015/chsims/wav/video_0029/0005.wav
[894] OK: /hpctmp/scratch/e0968015/chsims/wav/video_0029/0006.wav
[895] OK: /hpctmp/scratch/e0968015/chsims/wav/video_0029/0007.wav
[896] OK: /hpctmp/scratch/e0968015/chsims/wav/video_0029/0008.wav
[897] OK: /hpctmp/scratch/e0968015/chsims/wav/video_0029/0009.wav
[898] OK: /hpctmp/scratch/e0968015/chsims/wav/video_0029/0010.wav
[899] OK: /hpctmp/scratch/e0968015/chsims/wav/video_0029/0011.wav
[900] OK: /hpctmp/scratch/e0968015/chsims/wav/video_0029/0012.wav
[901] OK: /hpctmp/scratch/e0968015/chsims/wav/video_0029/0013.wav
[902] OK: /hpctmp/scratch/e0968015/chsims/wav/video_0029/0014.wav
[903] OK: /hpctmp/scratch/e0968015/chsims/wav/video_0029/0015.wav
[904] OK: /hpctmp/scratch/e0968015/chsims/wav/video_0029/0016.wav
[905] OK: /hpctmp/scratch/e0968015/chsims/wav/video_0029/0017.wav
[906] OK: /hpctmp/scratch/e0968015/chsims/wav/video_0029/0018.wav
[907] OK: /hpctmp/scratch/e0968015/chsims/wav/video_0029/0019.wav
[908] OK: /hpctmp/scratch/e0968015/chsims/wav/video_0029/0020.wav
[909] OK: /hpctmp/scratch/e0968015/chsims/wav/video_0029/0021.wav
[910] OK: /hpctmp/scratch/e0968015/chsims/wav/video_0029/0022.wav
[911] OK: /hpctmp/scratch/e0968015/chsims/wav/video_0029/0023.wav
[912] OK: /hpctmp/scratch/e0968015/chsims/wav/video_0029/0024.wav
[913] OK: /hpctmp/scratch/e0968015/chsims/wav/video_0029/0025.wav
[914] OK: /hpctmp/scratch/e0968015/chsims/wav/video_0029/0026.wav
[915] OK: /hpctmp/scratch/e0968015/chsims/wav/video_0030/0001.wav
[916] OK: /hpctmp/scratch/e0968015/chsims/wav/video_0030/0002.wav
[917] OK: /hpctmp/scratch/e0968015/chsims/wav/video_0030/0003.wav
[918] OK: /hpctmp/scratch/e0968015/chsims/wav/video_0030/0004.wav
[919] OK: /hpctmp/scratch/e0968015/chsims/wav/video_0030/0005.wav
[920] OK: /hpctmp/scratch/e0968015/chsims/wav/video_0030/0006.wav
[921] OK: /hpctmp/scratch/e0968015/chsims/wav/video_0030/0007.wav
[922] OK: /hpctmp/scratch/e0968015/chsims/wav/video_0030/0008.wav
[923] OK: /hpctmp/scratch/e0968015/chsims/wav/video_0030/0009.wav
[924] OK: /hpctmp/scratch/e0968015/chsims/wav/video_0030/0010.wav
[925] OK: /hpctmp/scratch/e0968015/chsims/wav/video_0030/0011.wav
[926] OK: /hpctmp/scratch/e0968015/chsims/wav/video_0030/0012.wav
[927] OK: /hpctmp/scratch/e0968015/chsims/wav/video_0030/0013.wav
[928] OK: /hpctmp/scratch/e0968015/chsims/wav/video_0030/0014.wav
[929] OK: /hpctmp/scratch/e0968015/chsims/wav/video_0030/0015.wav
[930] OK: /hpctmp/scratch/e0968015/chsims/wav/video_0030/0016.wav
[931] OK: /hpctmp/scratch/e0968015/chsims/wav/video_0030/0017.wav
[932] OK: /hpctmp/scratch/e0968015/chsims/wav/video_0030/0018.wav
[933] OK: /hpctmp/scratch/e0968015/chsims/wav/video_0030/0019.wav
[934] OK: /hpctmp/scratch/e0968015/chsims/wav/video_0030/0020.wav
[935] OK: /hpctmp/scratch/e0968015/chsims/wav/video_0030/0021.wav
[936] OK: /hpctmp/scratch/e0968015/chsims/wav/video_0030/0022.wav
[937] OK: /hpctmp/scratch/e0968015/chsims/wav/video_0030/0023.wav
[938] OK: /hpctmp/scratch/e0968015/chsims/wav/video_0030/0024.wav
[939] OK: /hpctmp/scratch/e0968015/chsims/wav/video_0030/0025.wav
[940] OK: /hpctmp/scratch/e0968015/chsims/wav/video_0030/0026.wav
[941] OK: /hpctmp/scratch/e0968015/chsims/wav/video_0030/0027.wav
[942] OK: /hpctmp/scratch/e0968015/chsims/wav/video_0030/0028.wav
[943] OK: /hpctmp/scratch/e0968015/chsims/wav/video_0030/0029.wav
[944] OK: /hpctmp/scratch/e0968015/chsims/wav/video_0030/0030.wav
[945] OK: /hpctmp/scratch/e0968015/chsims/wav/video_0030/0031.wav
[946] OK: /hpctmp/scratch/e0968015/chsims/wav/video_0030/0032.wav
[947] OK: /hpctmp/scratch/e0968015/chsims/wav/video_0030/0033.wav
[948] OK: /hpctmp/scratch/e0968015/chsims/wav/video_0030/0034.wav
[949] OK: /hpctmp/scratch/e0968015/chsims/wav/video_0030/0035.wav
[950] OK: /hpctmp/scratch/e0968015/chsims/wav/video_0030/0036.wav
[951] OK: /hpctmp/scratch/e0968015/chsims/wav/video_0030/0037.wav
[952] OK: /hpctmp/scratch/e0968015/chsims/wav/video_0030/0038.wav
[953] OK: /hpctmp/scratch/e0968015/chsims/wav/video_0030/0039.wav
[954] OK: /hpctmp/scratch/e0968015/chsims/wav/video_0030/0040.wav
[955] OK: /hpctmp/scratch/e0968015/chsims/wav/video_0030/0041.wav
[956] OK: /hpctmp/scratch/e0968015/chsims/wav/video_0030/0042.wav
[957] OK: /hpctmp/scratch/e0968015/chsims/wav/video_0031/0001.wav
[958] OK: /hpctmp/scratch/e0968015/chsims/wav/video_0031/0002.wav
[959] OK: /hpctmp/scratch/e0968015/chsims/wav/video_0031/0003.wav
[960] OK: /hpctmp/scratch/e0968015/chsims/wav/video_0031/0004.wav
[961] OK: /hpctmp/scratch/e0968015/chsims/wav/video_0031/0005.wav
[962] OK: /hpctmp/scratch/e0968015/chsims/wav/video_0031/0006.wav
[963] OK: /hpctmp/scratch/e0968015/chsims/wav/video_0031/0007.wav
[964] OK: /hpctmp/scratch/e0968015/chsims/wav/video_0031/0008.wav
[965] OK: /hpctmp/scratch/e0968015/chsims/wav/video_0031/0009.wav
[966] OK: /hpctmp/scratch/e0968015/chsims/wav/video_0031/0010.wav
[967] OK: /hpctmp/scratch/e0968015/chsims/wav/video_0031/0011.wav
[968] OK: /hpctmp/scratch/e0968015/chsims/wav/video_0031/0012.wav
[969] OK: /hpctmp/scratch/e0968015/chsims/wav/video_0031/0013.wav
[970] OK: /hpctmp/scratch/e0968015/chsims/wav/video_0031/0014.wav
[971] OK: /hpctmp/scratch/e0968015/chsims/wav/video_0031/0015.wav
[972] OK: /hpctmp/scratch/e0968015/chsims/wav/video_0031/0016.wav
[973] OK: /hpctmp/scratch/e0968015/chsims/wav/video_0031/0017.wav
[974] OK: /hpctmp/scratch/e0968015/chsims/wav/video_0031/0018.wav
[975] OK: /hpctmp/scratch/e0968015/chsims/wav/video_0031/0019.wav
[976] OK: /hpctmp/scratch/e0968015/chsims/wav/video_0031/0020.wav
[977] OK: /hpctmp/scratch/e0968015/chsims/wav/video_0031/0021.wav
[978] OK: /hpctmp/scratch/e0968015/chsims/wav/video_0031/0022.wav
[979] OK: /hpctmp/scratch/e0968015/chsims/wav/video_0031/0023.wav
[980] OK: /hpctmp/scratch/e0968015/chsims/wav/video_0031/0024.wav
[981] OK: /hpctmp/scratch/e0968015/chsims/wav/video_0031/0025.wav
[982] OK: /hpctmp/scratch/e0968015/chsims/wav/video_0031/0026.wav
[983] OK: /hpctmp/scratch/e0968015/chsims/wav/video_0031/0027.wav
[984] OK: /hpctmp/scratch/e0968015/chsims/wav/video_0031/0028.wav
[985] OK: /hpctmp/scratch/e0968015/chsims/wav/video_0031/0029.wav
[986] OK: /hpctmp/scratch/e0968015/chsims/wav/video_0031/0030.wav
[987] OK: /hpctmp/scratch/e0968015/chsims/wav/video_0031/0031.wav
[988] OK: /hpctmp/scratch/e0968015/chsims/wav/video_0031/0032.wav
[989] OK: /hpctmp/scratch/e0968015/chsims/wav/video_0031/0033.wav
[990] OK: /hpctmp/scratch/e0968015/chsims/wav/video_0031/0034.wav
[991] OK: /hpctmp/scratch/e0968015/chsims/wav/video_0031/0035.wav
[992] OK: /hpctmp/scratch/e0968015/chsims/wav/video_0032/0001.wav
[993] OK: /hpctmp/scratch/e0968015/chsims/wav/video_0032/0002.wav
[994] OK: /hpctmp/scratch/e0968015/chsims/wav/video_0032/0003.wav
[995] OK: /hpctmp/scratch/e0968015/chsims/wav/video_0032/0004.wav
[996] OK: /hpctmp/scratch/e0968015/chsims/wav/video_0032/0005.wav
[997] OK: /hpctmp/scratch/e0968015/chsims/wav/video_0032/0006.wav
[998] OK: /hpctmp/scratch/e0968015/chsims/wav/video_0032/0007.wav
[999] OK: /hpctmp/scratch/e0968015/chsims/wav/video_0032/0008.wav
[1000] OK: /hpctmp/scratch/e0968015/chsims/wav/video_0032/0009.wav
[1001] OK: /hpctmp/scratch/e0968015/chsims/wav/video_0032/0010.wav
[1002] OK: /hpctmp/scratch/e0968015/chsims/wav/video_0032/0011.wav
[1003] OK: /hpctmp/scratch/e0968015/chsims/wav/video_0032/0012.wav
[1004] OK: /hpctmp/scratch/e0968015/chsims/wav/video_0032/0013.wav
[1005] OK: /hpctmp/scratch/e0968015/chsims/wav/video_0032/0014.wav
[1006] OK: /hpctmp/scratch/e0968015/chsims/wav/video_0032/0015.wav
[1007] OK: /hpctmp/scratch/e0968015/chsims/wav/video_0032/0016.wav
[1008] OK: /hpctmp/scratch/e0968015/chsims/wav/video_0032/0017.wav
[1009] OK: /hpctmp/scratch/e0968015/chsims/wav/video_0032/0018.wav
[1010] OK: /hpctmp/scratch/e0968015/chsims/wav/video_0032/0019.wav
[1011] OK: /hpctmp/scratch/e0968015/chsims/wav/video_0032/0020.wav
[1012] OK: /hpctmp/scratch/e0968015/chsims/wav/video_0032/0021.wav
[1013] OK: /hpctmp/scratch/e0968015/chsims/wav/video_0032/0022.wav
[1014] OK: /hpctmp/scratch/e0968015/chsims/wav/video_0032/0023.wav
[1015] OK: /hpctmp/scratch/e0968015/chsims/wav/video_0033/0001.wav
[1016] OK: /hpctmp/scratch/e0968015/chsims/wav/video_0033/0002.wav
[1017] OK: /hpctmp/scratch/e0968015/chsims/wav/video_0033/0003.wav
[1018] OK: /hpctmp/scratch/e0968015/chsims/wav/video_0033/0004.wav
[1019] OK: /hpctmp/scratch/e0968015/chsims/wav/video_0033/0005.wav
[1020] OK: /hpctmp/scratch/e0968015/chsims/wav/video_0033/0006.wav
[1021] OK: /hpctmp/scratch/e0968015/chsims/wav/video_0033/0007.wav
[1022] OK: /hpctmp/scratch/e0968015/chsims/wav/video_0033/0008.wav
[1023] OK: /hpctmp/scratch/e0968015/chsims/wav/video_0033/0009.wav
[1024] OK: /hpctmp/scratch/e0968015/chsims/wav/video_0033/0010.wav
[1025] OK: /hpctmp/scratch/e0968015/chsims/wav/video_0033/0011.wav
[1026] OK: /hpctmp/scratch/e0968015/chsims/wav/video_0033/0012.wav
[1027] OK: /hpctmp/scratch/e0968015/chsims/wav/video_0033/0013.wav
[1028] OK: /hpctmp/scratch/e0968015/chsims/wav/video_0034/0001.wav
[1029] OK: /hpctmp/scratch/e0968015/chsims/wav/video_0034/0002.wav
[1030] OK: /hpctmp/scratch/e0968015/chsims/wav/video_0034/0003.wav
[1031] OK: /hpctmp/scratch/e0968015/chsims/wav/video_0034/0004.wav
[1032] OK: /hpctmp/scratch/e0968015/chsims/wav/video_0034/0005.wav
[1033] OK: /hpctmp/scratch/e0968015/chsims/wav/video_0034/0006.wav
[1034] OK: /hpctmp/scratch/e0968015/chsims/wav/video_0034/0007.wav
[1035] OK: /hpctmp/scratch/e0968015/chsims/wav/video_0034/0008.wav
[1036] OK: /hpctmp/scratch/e0968015/chsims/wav/video_0034/0009.wav
[1037] OK: /hpctmp/scratch/e0968015/chsims/wav/video_0034/0010.wav
[1038] OK: /hpctmp/scratch/e0968015/chsims/wav/video_0034/0011.wav
[1039] OK: /hpctmp/scratch/e0968015/chsims/wav/video_0034/0012.wav
[1040] OK: /hpctmp/scratch/e0968015/chsims/wav/video_0034/0013.wav
[1041] OK: /hpctmp/scratch/e0968015/chsims/wav/video_0034/0014.wav
[1042] OK: /hpctmp/scratch/e0968015/chsims/wav/video_0034/0015.wav
[1043] OK: /hpctmp/scratch/e0968015/chsims/wav/video_0034/0016.wav
[1044] OK: /hpctmp/scratch/e0968015/chsims/wav/video_0034/0017.wav
[1045] OK: /hpctmp/scratch/e0968015/chsims/wav/video_0034/0018.wav
[1046] OK: /hpctmp/scratch/e0968015/chsims/wav/video_0034/0019.wav
[1047] OK: /hpctmp/scratch/e0968015/chsims/wav/video_0034/0020.wav
[1048] OK: /hpctmp/scratch/e0968015/chsims/wav/video_0034/0021.wav
[1049] OK: /hpctmp/scratch/e0968015/chsims/wav/video_0034/0022.wav
[1050] OK: /hpctmp/scratch/e0968015/chsims/wav/video_0034/0023.wav
[1051] OK: /hpctmp/scratch/e0968015/chsims/wav/video_0034/0024.wav
[1052] OK: /hpctmp/scratch/e0968015/chsims/wav/video_0035/0001.wav
[1053] OK: /hpctmp/scratch/e0968015/chsims/wav/video_0035/0002.wav
[1054] OK: /hpctmp/scratch/e0968015/chsims/wav/video_0035/0003.wav
[1055] OK: /hpctmp/scratch/e0968015/chsims/wav/video_0035/0004.wav
[1056] OK: /hpctmp/scratch/e0968015/chsims/wav/video_0035/0005.wav
[1057] OK: /hpctmp/scratch/e0968015/chsims/wav/video_0035/0006.wav
[1058] OK: /hpctmp/scratch/e0968015/chsims/wav/video_0035/0007.wav
[1059] OK: /hpctmp/scratch/e0968015/chsims/wav/video_0035/0008.wav
[1060] OK: /hpctmp/scratch/e0968015/chsims/wav/video_0035/0009.wav
[1061] OK: /hpctmp/scratch/e0968015/chsims/wav/video_0035/0010.wav
[1062] OK: /hpctmp/scratch/e0968015/chsims/wav/video_0035/0011.wav
[1063] OK: /hpctmp/scratch/e0968015/chsims/wav/video_0035/0012.wav
[1064] OK: /hpctmp/scratch/e0968015/chsims/wav/video_0035/0013.wav
[1065] OK: /hpctmp/scratch/e0968015/chsims/wav/video_0035/0014.wav
[1066] OK: /hpctmp/scratch/e0968015/chsims/wav/video_0035/0015.wav
[1067] OK: /hpctmp/scratch/e0968015/chsims/wav/video_0035/0016.wav
[1068] OK: /hpctmp/scratch/e0968015/chsims/wav/video_0035/0017.wav
[1069] OK: /hpctmp/scratch/e0968015/chsims/wav/video_0035/0018.wav
[1070] OK: /hpctmp/scratch/e0968015/chsims/wav/video_0035/0019.wav
[1071] OK: /hpctmp/scratch/e0968015/chsims/wav/video_0035/0020.wav
[1072] OK: /hpctmp/scratch/e0968015/chsims/wav/video_0035/0021.wav
[1073] OK: /hpctmp/scratch/e0968015/chsims/wav/video_0035/0022.wav
[1074] OK: /hpctmp/scratch/e0968015/chsims/wav/video_0035/0023.wav
[1075] OK: /hpctmp/scratch/e0968015/chsims/wav/video_0035/0024.wav
[1076] OK: /hpctmp/scratch/e0968015/chsims/wav/video_0035/0025.wav
[1077] OK: /hpctmp/scratch/e0968015/chsims/wav/video_0035/0026.wav
[1078] OK: /hpctmp/scratch/e0968015/chsims/wav/video_0035/0027.wav
[1079] OK: /hpctmp/scratch/e0968015/chsims/wav/video_0035/0028.wav
[1080] OK: /hpctmp/scratch/e0968015/chsims/wav/video_0035/0029.wav
[1081] OK: /hpctmp/scratch/e0968015/chsims/wav/video_0035/0030.wav
[1082] OK: /hpctmp/scratch/e0968015/chsims/wav/video_0035/0031.wav
[1083] OK: /hpctmp/scratch/e0968015/chsims/wav/video_0035/0032.wav
[1084] OK: /hpctmp/scratch/e0968015/chsims/wav/video_0035/0033.wav
[1085] OK: /hpctmp/scratch/e0968015/chsims/wav/video_0035/0034.wav
[1086] OK: /hpctmp/scratch/e0968015/chsims/wav/video_0035/0035.wav
[1087] OK: /hpctmp/scratch/e0968015/chsims/wav/video_0036/0001.wav
[1088] OK: /hpctmp/scratch/e0968015/chsims/wav/video_0036/0002.wav
[1089] OK: /hpctmp/scratch/e0968015/chsims/wav/video_0036/0003.wav
[1090] OK: /hpctmp/scratch/e0968015/chsims/wav/video_0036/0004.wav
[1091] OK: /hpctmp/scratch/e0968015/chsims/wav/video_0036/0005.wav
[1092] OK: /hpctmp/scratch/e0968015/chsims/wav/video_0036/0006.wav
[1093] OK: /hpctmp/scratch/e0968015/chsims/wav/video_0036/0007.wav
[1094] OK: /hpctmp/scratch/e0968015/chsims/wav/video_0036/0008.wav
[1095] OK: /hpctmp/scratch/e0968015/chsims/wav/video_0036/0009.wav
[1096] OK: /hpctmp/scratch/e0968015/chsims/wav/video_0036/0010.wav
[1097] OK: /hpctmp/scratch/e0968015/chsims/wav/video_0036/0011.wav
[1098] OK: /hpctmp/scratch/e0968015/chsims/wav/video_0036/0012.wav
[1099] OK: /hpctmp/scratch/e0968015/chsims/wav/video_0036/0013.wav
[1100] OK: /hpctmp/scratch/e0968015/chsims/wav/video_0036/0014.wav
[1101] OK: /hpctmp/scratch/e0968015/chsims/wav/video_0036/0015.wav
[1102] OK: /hpctmp/scratch/e0968015/chsims/wav/video_0036/0016.wav
[1103] OK: /hpctmp/scratch/e0968015/chsims/wav/video_0036/0017.wav
[1104] OK: /hpctmp/scratch/e0968015/chsims/wav/video_0036/0018.wav
[1105] OK: /hpctmp/scratch/e0968015/chsims/wav/video_0036/0019.wav
[1106] OK: /hpctmp/scratch/e0968015/chsims/wav/video_0036/0020.wav
[1107] OK: /hpctmp/scratch/e0968015/chsims/wav/video_0036/0021.wav
[1108] OK: /hpctmp/scratch/e0968015/chsims/wav/video_0036/0022.wav
[1109] OK: /hpctmp/scratch/e0968015/chsims/wav/video_0036/0023.wav
[1110] OK: /hpctmp/scratch/e0968015/chsims/wav/video_0036/0024.wav
[1111] OK: /hpctmp/scratch/e0968015/chsims/wav/video_0036/0025.wav
[1112] OK: /hpctmp/scratch/e0968015/chsims/wav/video_0036/0026.wav
[1113] OK: /hpctmp/scratch/e0968015/chsims/wav/video_0036/0027.wav
[1114] OK: /hpctmp/scratch/e0968015/chsims/wav/video_0036/0028.wav
[1115] OK: /hpctmp/scratch/e0968015/chsims/wav/video_0036/0029.wav
[1116] OK: /hpctmp/scratch/e0968015/chsims/wav/video_0036/0030.wav
[1117] OK: /hpctmp/scratch/e0968015/chsims/wav/video_0036/0031.wav
[1118] OK: /hpctmp/scratch/e0968015/chsims/wav/video_0036/0032.wav
[1119] OK: /hpctmp/scratch/e0968015/chsims/wav/video_0037/0001.wav
[1120] OK: /hpctmp/scratch/e0968015/chsims/wav/video_0037/0002.wav
[1121] OK: /hpctmp/scratch/e0968015/chsims/wav/video_0037/0003.wav
[1122] OK: /hpctmp/scratch/e0968015/chsims/wav/video_0037/0004.wav
[1123] OK: /hpctmp/scratch/e0968015/chsims/wav/video_0037/0005.wav
[1124] OK: /hpctmp/scratch/e0968015/chsims/wav/video_0037/0006.wav
[1125] OK: /hpctmp/scratch/e0968015/chsims/wav/video_0037/0007.wav
[1126] OK: /hpctmp/scratch/e0968015/chsims/wav/video_0037/0008.wav
[1127] OK: /hpctmp/scratch/e0968015/chsims/wav/video_0037/0009.wav
[1128] OK: /hpctmp/scratch/e0968015/chsims/wav/video_0037/0010.wav
[1129] OK: /hpctmp/scratch/e0968015/chsims/wav/video_0037/0011.wav
[1130] OK: /hpctmp/scratch/e0968015/chsims/wav/video_0037/0012.wav
[1131] OK: /hpctmp/scratch/e0968015/chsims/wav/video_0037/0013.wav
[1132] OK: /hpctmp/scratch/e0968015/chsims/wav/video_0037/0014.wav
[1133] OK: /hpctmp/scratch/e0968015/chsims/wav/video_0037/0015.wav
[1134] OK: /hpctmp/scratch/e0968015/chsims/wav/video_0037/0016.wav
[1135] OK: /hpctmp/scratch/e0968015/chsims/wav/video_0037/0017.wav
[1136] OK: /hpctmp/scratch/e0968015/chsims/wav/video_0037/0018.wav
[1137] OK: /hpctmp/scratch/e0968015/chsims/wav/video_0037/0019.wav
[1138] OK: /hpctmp/scratch/e0968015/chsims/wav/video_0037/0020.wav
[1139] OK: /hpctmp/scratch/e0968015/chsims/wav/video_0037/0021.wav
[1140] OK: /hpctmp/scratch/e0968015/chsims/wav/video_0037/0022.wav
[1141] OK: /hpctmp/scratch/e0968015/chsims/wav/video_0037/0023.wav
[1142] OK: /hpctmp/scratch/e0968015/chsims/wav/video_0037/0024.wav
[1143] OK: /hpctmp/scratch/e0968015/chsims/wav/video_0037/0025.wav
[1144] OK: /hpctmp/scratch/e0968015/chsims/wav/video_0038/0001.wav
[1145] OK: /hpctmp/scratch/e0968015/chsims/wav/video_0038/0002.wav
[1146] OK: /hpctmp/scratch/e0968015/chsims/wav/video_0038/0003.wav
[1147] OK: /hpctmp/scratch/e0968015/chsims/wav/video_0038/0004.wav
[1148] OK: /hpctmp/scratch/e0968015/chsims/wav/video_0038/0005.wav
[1149] OK: /hpctmp/scratch/e0968015/chsims/wav/video_0038/0006.wav
[1150] OK: /hpctmp/scratch/e0968015/chsims/wav/video_0038/0007.wav
[1151] OK: /hpctmp/scratch/e0968015/chsims/wav/video_0038/0008.wav
[1152] OK: /hpctmp/scratch/e0968015/chsims/wav/video_0038/0009.wav
[1153] OK: /hpctmp/scratch/e0968015/chsims/wav/video_0038/0010.wav
[1154] OK: /hpctmp/scratch/e0968015/chsims/wav/video_0038/0011.wav
[1155] OK: /hpctmp/scratch/e0968015/chsims/wav/video_0038/0012.wav
[1156] OK: /hpctmp/scratch/e0968015/chsims/wav/video_0038/0013.wav
[1157] OK: /hpctmp/scratch/e0968015/chsims/wav/video_0038/0014.wav
[1158] OK: /hpctmp/scratch/e0968015/chsims/wav/video_0038/0015.wav
[1159] OK: /hpctmp/scratch/e0968015/chsims/wav/video_0038/0016.wav
[1160] OK: /hpctmp/scratch/e0968015/chsims/wav/video_0038/0017.wav
[1161] OK: /hpctmp/scratch/e0968015/chsims/wav/video_0038/0018.wav
[1162] OK: /hpctmp/scratch/e0968015/chsims/wav/video_0038/0019.wav
[1163] OK: /hpctmp/scratch/e0968015/chsims/wav/video_0038/0020.wav
[1164] OK: /hpctmp/scratch/e0968015/chsims/wav/video_0038/0021.wav
[1165] OK: /hpctmp/scratch/e0968015/chsims/wav/video_0038/0022.wav
[1166] OK: /hpctmp/scratch/e0968015/chsims/wav/video_0038/0023.wav
[1167] OK: /hpctmp/scratch/e0968015/chsims/wav/video_0038/0024.wav
[1168] OK: /hpctmp/scratch/e0968015/chsims/wav/video_0038/0025.wav
[1169] OK: /hpctmp/scratch/e0968015/chsims/wav/video_0038/0026.wav
[1170] OK: /hpctmp/scratch/e0968015/chsims/wav/video_0038/0027.wav
[1171] OK: /hpctmp/scratch/e0968015/chsims/wav/video_0038/0028.wav
[1172] OK: /hpctmp/scratch/e0968015/chsims/wav/video_0038/0029.wav
[1173] OK: /hpctmp/scratch/e0968015/chsims/wav/video_0038/0030.wav
[1174] OK: /hpctmp/scratch/e0968015/chsims/wav/video_0038/0031.wav
[1175] OK: /hpctmp/scratch/e0968015/chsims/wav/video_0038/0032.wav
[1176] OK: /hpctmp/scratch/e0968015/chsims/wav/video_0038/0033.wav
[1177] OK: /hpctmp/scratch/e0968015/chsims/wav/video_0038/0034.wav
[1178] OK: /hpctmp/scratch/e0968015/chsims/wav/video_0038/0035.wav
[1179] OK: /hpctmp/scratch/e0968015/chsims/wav/video_0038/0036.wav
[1180] OK: /hpctmp/scratch/e0968015/chsims/wav/video_0038/0037.wav
[1181] OK: /hpctmp/scratch/e0968015/chsims/wav/video_0038/0038.wav
[1182] OK: /hpctmp/scratch/e0968015/chsims/wav/video_0038/0039.wav
[1183] OK: /hpctmp/scratch/e0968015/chsims/wav/video_0038/0040.wav
[1184] OK: /hpctmp/scratch/e0968015/chsims/wav/video_0038/0041.wav
[1185] OK: /hpctmp/scratch/e0968015/chsims/wav/video_0038/0042.wav
[1186] OK: /hpctmp/scratch/e0968015/chsims/wav/video_0038/0043.wav
[1187] OK: /hpctmp/scratch/e0968015/chsims/wav/video_0038/0044.wav
[1188] OK: /hpctmp/scratch/e0968015/chsims/wav/video_0038/0045.wav
[1189] OK: /hpctmp/scratch/e0968015/chsims/wav/video_0038/0046.wav
[1190] OK: /hpctmp/scratch/e0968015/chsims/wav/video_0038/0047.wav
[1191] OK: /hpctmp/scratch/e0968015/chsims/wav/video_0038/0048.wav
[1192] OK: /hpctmp/scratch/e0968015/chsims/wav/video_0039/0001.wav
[1193] OK: /hpctmp/scratch/e0968015/chsims/wav/video_0039/0002.wav
[1194] OK: /hpctmp/scratch/e0968015/chsims/wav/video_0039/0003.wav
[1195] OK: /hpctmp/scratch/e0968015/chsims/wav/video_0039/0004.wav
[1196] OK: /hpctmp/scratch/e0968015/chsims/wav/video_0039/0005.wav
[1197] OK: /hpctmp/scratch/e0968015/chsims/wav/video_0039/0006.wav
[1198] OK: /hpctmp/scratch/e0968015/chsims/wav/video_0039/0007.wav
[1199] OK: /hpctmp/scratch/e0968015/chsims/wav/video_0039/0008.wav
[1200] OK: /hpctmp/scratch/e0968015/chsims/wav/video_0040/0001.wav
[1201] OK: /hpctmp/scratch/e0968015/chsims/wav/video_0040/0002.wav
[1202] OK: /hpctmp/scratch/e0968015/chsims/wav/video_0040/0003.wav
[1203] OK: /hpctmp/scratch/e0968015/chsims/wav/video_0040/0004.wav
[1204] OK: /hpctmp/scratch/e0968015/chsims/wav/video_0040/0005.wav
[1205] OK: /hpctmp/scratch/e0968015/chsims/wav/video_0040/0006.wav
[1206] OK: /hpctmp/scratch/e0968015/chsims/wav/video_0040/0007.wav
[1207] OK: /hpctmp/scratch/e0968015/chsims/wav/video_0040/0008.wav
[1208] OK: /hpctmp/scratch/e0968015/chsims/wav/video_0040/0009.wav
[1209] OK: /hpctmp/scratch/e0968015/chsims/wav/video_0040/0010.wav
[1210] OK: /hpctmp/scratch/e0968015/chsims/wav/video_0040/0011.wav
[1211] OK: /hpctmp/scratch/e0968015/chsims/wav/video_0040/0012.wav
[1212] OK: /hpctmp/scratch/e0968015/chsims/wav/video_0040/0013.wav
[1213] OK: /hpctmp/scratch/e0968015/chsims/wav/video_0040/0014.wav
[1214] OK: /hpctmp/scratch/e0968015/chsims/wav/video_0040/0015.wav
[1215] OK: /hpctmp/scratch/e0968015/chsims/wav/video_0040/0016.wav
[1216] OK: /hpctmp/scratch/e0968015/chsims/wav/video_0040/0017.wav
[1217] OK: /hpctmp/scratch/e0968015/chsims/wav/video_0040/0018.wav
[1218] OK: /hpctmp/scratch/e0968015/chsims/wav/video_0040/0019.wav
[1219] OK: /hpctmp/scratch/e0968015/chsims/wav/video_0040/0020.wav
[1220] OK: /hpctmp/scratch/e0968015/chsims/wav/video_0040/0021.wav
[1221] OK: /hpctmp/scratch/e0968015/chsims/wav/video_0040/0022.wav
[1222] OK: /hpctmp/scratch/e0968015/chsims/wav/video_0040/0023.wav
[1223] OK: /hpctmp/scratch/e0968015/chsims/wav/video_0040/0024.wav
[1224] OK: /hpctmp/scratch/e0968015/chsims/wav/video_0040/0025.wav
[1225] OK: /hpctmp/scratch/e0968015/chsims/wav/video_0040/0026.wav
[1226] OK: /hpctmp/scratch/e0968015/chsims/wav/video_0040/0027.wav
[1227] OK: /hpctmp/scratch/e0968015/chsims/wav/video_0040/0028.wav
[1228] OK: /hpctmp/scratch/e0968015/chsims/wav/video_0040/0029.wav
[1229] OK: /hpctmp/scratch/e0968015/chsims/wav/video_0040/0030.wav
[1230] OK: /hpctmp/scratch/e0968015/chsims/wav/video_0040/0031.wav
[1231] OK: /hpctmp/scratch/e0968015/chsims/wav/video_0040/0032.wav
[1232] OK: /hpctmp/scratch/e0968015/chsims/wav/video_0040/0033.wav
[1233] OK: /hpctmp/scratch/e0968015/chsims/wav/video_0040/0034.wav
[1234] OK: /hpctmp/scratch/e0968015/chsims/wav/video_0040/0035.wav
[1235] OK: /hpctmp/scratch/e0968015/chsims/wav/video_0040/0036.wav
[1236] OK: /hpctmp/scratch/e0968015/chsims/wav/video_0040/0037.wav
[1237] OK: /hpctmp/scratch/e0968015/chsims/wav/video_0040/0038.wav
[1238] OK: /hpctmp/scratch/e0968015/chsims/wav/video_0040/0039.wav
[1239] OK: /hpctmp/scratch/e0968015/chsims/wav/video_0040/0040.wav
[1240] OK: /hpctmp/scratch/e0968015/chsims/wav/video_0040/0041.wav
[1241] OK: /hpctmp/scratch/e0968015/chsims/wav/video_0040/0042.wav
[1242] OK: /hpctmp/scratch/e0968015/chsims/wav/video_0040/0043.wav
[1243] OK: /hpctmp/scratch/e0968015/chsims/wav/video_0040/0044.wav
[1244] OK: /hpctmp/scratch/e0968015/chsims/wav/video_0040/0045.wav
[1245] OK: /hpctmp/scratch/e0968015/chsims/wav/video_0040/0046.wav
[1246] OK: /hpctmp/scratch/e0968015/chsims/wav/video_0040/0047.wav
[1247] OK: /hpctmp/scratch/e0968015/chsims/wav/video_0040/0048.wav
[1248] OK: /hpctmp/scratch/e0968015/chsims/wav/video_0040/0049.wav
[1249] OK: /hpctmp/scratch/e0968015/chsims/wav/video_0040/0050.wav
[1250] OK: /hpctmp/scratch/e0968015/chsims/wav/video_0040/0051.wav
[1251] OK: /hpctmp/scratch/e0968015/chsims/wav/video_0040/0052.wav
[1252] OK: /hpctmp/scratch/e0968015/chsims/wav/video_0040/0053.wav
[1253] OK: /hpctmp/scratch/e0968015/chsims/wav/video_0040/0054.wav
[1254] OK: /hpctmp/scratch/e0968015/chsims/wav/video_0041/0001.wav
[1255] OK: /hpctmp/scratch/e0968015/chsims/wav/video_0041/0002.wav
[1256] OK: /hpctmp/scratch/e0968015/chsims/wav/video_0041/0003.wav
[1257] OK: /hpctmp/scratch/e0968015/chsims/wav/video_0041/0004.wav
[1258] OK: /hpctmp/scratch/e0968015/chsims/wav/video_0041/0005.wav
[1259] OK: /hpctmp/scratch/e0968015/chsims/wav/video_0041/0006.wav
[1260] OK: /hpctmp/scratch/e0968015/chsims/wav/video_0041/0007.wav
[1261] OK: /hpctmp/scratch/e0968015/chsims/wav/video_0041/0008.wav
[1262] OK: /hpctmp/scratch/e0968015/chsims/wav/video_0041/0009.wav
[1263] OK: /hpctmp/scratch/e0968015/chsims/wav/video_0041/0010.wav
[1264] OK: /hpctmp/scratch/e0968015/chsims/wav/video_0041/0011.wav
[1265] OK: /hpctmp/scratch/e0968015/chsims/wav/video_0041/0012.wav
[1266] OK: /hpctmp/scratch/e0968015/chsims/wav/video_0041/0013.wav
[1267] OK: /hpctmp/scratch/e0968015/chsims/wav/video_0041/0014.wav
[1268] OK: /hpctmp/scratch/e0968015/chsims/wav/video_0041/0015.wav
[1269] OK: /hpctmp/scratch/e0968015/chsims/wav/video_0041/0016.wav
[1270] OK: /hpctmp/scratch/e0968015/chsims/wav/video_0041/0017.wav
[1271] OK: /hpctmp/scratch/e0968015/chsims/wav/video_0041/0018.wav
[1272] OK: /hpctmp/scratch/e0968015/chsims/wav/video_0041/0019.wav
[1273] OK: /hpctmp/scratch/e0968015/chsims/wav/video_0041/0020.wav
[1274] OK: /hpctmp/scratch/e0968015/chsims/wav/video_0041/0021.wav
[1275] OK: /hpctmp/scratch/e0968015/chsims/wav/video_0041/0022.wav
[1276] OK: /hpctmp/scratch/e0968015/chsims/wav/video_0041/0023.wav
[1277] OK: /hpctmp/scratch/e0968015/chsims/wav/video_0041/0024.wav
[1278] OK: /hpctmp/scratch/e0968015/chsims/wav/video_0041/0025.wav
[1279] OK: /hpctmp/scratch/e0968015/chsims/wav/video_0041/0026.wav
[1280] OK: /hpctmp/scratch/e0968015/chsims/wav/video_0041/0027.wav
[1281] OK: /hpctmp/scratch/e0968015/chsims/wav/video_0041/0028.wav
[1282] OK: /hpctmp/scratch/e0968015/chsims/wav/video_0041/0029.wav
[1283] OK: /hpctmp/scratch/e0968015/chsims/wav/video_0041/0030.wav
[1284] OK: /hpctmp/scratch/e0968015/chsims/wav/video_0041/0031.wav
[1285] OK: /hpctmp/scratch/e0968015/chsims/wav/video_0041/0032.wav
[1286] OK: /hpctmp/scratch/e0968015/chsims/wav/video_0042/0001.wav
[1287] OK: /hpctmp/scratch/e0968015/chsims/wav/video_0042/0002.wav
[1288] OK: /hpctmp/scratch/e0968015/chsims/wav/video_0042/0003.wav
[1289] OK: /hpctmp/scratch/e0968015/chsims/wav/video_0042/0004.wav
[1290] OK: /hpctmp/scratch/e0968015/chsims/wav/video_0042/0005.wav
[1291] OK: /hpctmp/scratch/e0968015/chsims/wav/video_0042/0006.wav
[1292] OK: /hpctmp/scratch/e0968015/chsims/wav/video_0042/0007.wav
[1293] OK: /hpctmp/scratch/e0968015/chsims/wav/video_0042/0008.wav
[1294] OK: /hpctmp/scratch/e0968015/chsims/wav/video_0042/0009.wav
[1295] OK: /hpctmp/scratch/e0968015/chsims/wav/video_0042/0010.wav
[1296] OK: /hpctmp/scratch/e0968015/chsims/wav/video_0042/0011.wav
[1297] OK: /hpctmp/scratch/e0968015/chsims/wav/video_0042/0012.wav
[1298] OK: /hpctmp/scratch/e0968015/chsims/wav/video_0042/0013.wav
[1299] OK: /hpctmp/scratch/e0968015/chsims/wav/video_0042/0014.wav
[1300] OK: /hpctmp/scratch/e0968015/chsims/wav/video_0042/0015.wav
[1301] OK: /hpctmp/scratch/e0968015/chsims/wav/video_0042/0016.wav
[1302] OK: /hpctmp/scratch/e0968015/chsims/wav/video_0042/0017.wav
[1303] OK: /hpctmp/scratch/e0968015/chsims/wav/video_0042/0018.wav
[1304] OK: /hpctmp/scratch/e0968015/chsims/wav/video_0042/0019.wav
[1305] OK: /hpctmp/scratch/e0968015/chsims/wav/video_0042/0020.wav
[1306] OK: /hpctmp/scratch/e0968015/chsims/wav/video_0043/0001.wav
[1307] OK: /hpctmp/scratch/e0968015/chsims/wav/video_0043/0002.wav
[1308] OK: /hpctmp/scratch/e0968015/chsims/wav/video_0043/0003.wav
[1309] OK: /hpctmp/scratch/e0968015/chsims/wav/video_0043/0004.wav
[1310] OK: /hpctmp/scratch/e0968015/chsims/wav/video_0043/0005.wav
[1311] OK: /hpctmp/scratch/e0968015/chsims/wav/video_0043/0006.wav
[1312] OK: /hpctmp/scratch/e0968015/chsims/wav/video_0043/0007.wav
[1313] OK: /hpctmp/scratch/e0968015/chsims/wav/video_0043/0008.wav
[1314] OK: /hpctmp/scratch/e0968015/chsims/wav/video_0043/0009.wav
[1315] OK: /hpctmp/scratch/e0968015/chsims/wav/video_0043/0010.wav
[1316] OK: /hpctmp/scratch/e0968015/chsims/wav/video_0043/0011.wav
[1317] OK: /hpctmp/scratch/e0968015/chsims/wav/video_0043/0012.wav
[1318] OK: /hpctmp/scratch/e0968015/chsims/wav/video_0043/0013.wav
[1319] OK: /hpctmp/scratch/e0968015/chsims/wav/video_0043/0014.wav
[1320] OK: /hpctmp/scratch/e0968015/chsims/wav/video_0043/0015.wav
[1321] OK: /hpctmp/scratch/e0968015/chsims/wav/video_0043/0016.wav
[1322] OK: /hpctmp/scratch/e0968015/chsims/wav/video_0043/0017.wav
[1323] OK: /hpctmp/scratch/e0968015/chsims/wav/video_0043/0018.wav
[1324] OK: /hpctmp/scratch/e0968015/chsims/wav/video_0043/0019.wav
[1325] OK: /hpctmp/scratch/e0968015/chsims/wav/video_0043/0020.wav
[1326] OK: /hpctmp/scratch/e0968015/chsims/wav/video_0043/0021.wav
[1327] OK: /hpctmp/scratch/e0968015/chsims/wav/video_0043/0022.wav
[1328] OK: /hpctmp/scratch/e0968015/chsims/wav/video_0043/0023.wav
[1329] OK: /hpctmp/scratch/e0968015/chsims/wav/video_0043/0024.wav
[1330] OK: /hpctmp/scratch/e0968015/chsims/wav/video_0043/0025.wav
[1331] OK: /hpctmp/scratch/e0968015/chsims/wav/video_0043/0026.wav
[1332] OK: /hpctmp/scratch/e0968015/chsims/wav/video_0043/0027.wav
[1333] OK: /hpctmp/scratch/e0968015/chsims/wav/video_0043/0028.wav
[1334] OK: /hpctmp/scratch/e0968015/chsims/wav/video_0043/0029.wav
[1335] OK: /hpctmp/scratch/e0968015/chsims/wav/video_0043/0030.wav
[1336] OK: /hpctmp/scratch/e0968015/chsims/wav/video_0043/0031.wav
[1337] OK: /hpctmp/scratch/e0968015/chsims/wav/video_0043/0032.wav
[1338] OK: /hpctmp/scratch/e0968015/chsims/wav/video_0043/0033.wav
[1339] OK: /hpctmp/scratch/e0968015/chsims/wav/video_0043/0034.wav
[1340] OK: /hpctmp/scratch/e0968015/chsims/wav/video_0043/0035.wav
[1341] OK: /hpctmp/scratch/e0968015/chsims/wav/video_0043/0036.wav
[1342] OK: /hpctmp/scratch/e0968015/chsims/wav/video_0043/0037.wav
[1343] OK: /hpctmp/scratch/e0968015/chsims/wav/video_0043/0038.wav
[1344] OK: /hpctmp/scratch/e0968015/chsims/wav/video_0043/0039.wav
[1345] OK: /hpctmp/scratch/e0968015/chsims/wav/video_0043/0040.wav
[1346] OK: /hpctmp/scratch/e0968015/chsims/wav/video_0043/0041.wav
[1347] OK: /hpctmp/scratch/e0968015/chsims/wav/video_0043/0042.wav
[1348] OK: /hpctmp/scratch/e0968015/chsims/wav/video_0043/0043.wav
[1349] OK: /hpctmp/scratch/e0968015/chsims/wav/video_0043/0044.wav
[1350] OK: /hpctmp/scratch/e0968015/chsims/wav/video_0043/0045.wav
[1351] OK: /hpctmp/scratch/e0968015/chsims/wav/video_0043/0046.wav
[1352] OK: /hpctmp/scratch/e0968015/chsims/wav/video_0043/0047.wav
[1353] OK: /hpctmp/scratch/e0968015/chsims/wav/video_0043/0048.wav
[1354] OK: /hpctmp/scratch/e0968015/chsims/wav/video_0043/0049.wav
[1355] OK: /hpctmp/scratch/e0968015/chsims/wav/video_0043/0050.wav
[1356] OK: /hpctmp/scratch/e0968015/chsims/wav/video_0043/0051.wav
[1357] OK: /hpctmp/scratch/e0968015/chsims/wav/video_0043/0052.wav
[1358] OK: /hpctmp/scratch/e0968015/chsims/wav/video_0043/0053.wav
[1359] OK: /hpctmp/scratch/e0968015/chsims/wav/video_0043/0054.wav
[1360] OK: /hpctmp/scratch/e0968015/chsims/wav/video_0043/0055.wav
[1361] OK: /hpctmp/scratch/e0968015/chsims/wav/video_0043/0056.wav
[1362] OK: /hpctmp/scratch/e0968015/chsims/wav/video_0043/0057.wav
[1363] OK: /hpctmp/scratch/e0968015/chsims/wav/video_0043/0058.wav
[1364] OK: /hpctmp/scratch/e0968015/chsims/wav/video_0043/0059.wav
[1365] OK: /hpctmp/scratch/e0968015/chsims/wav/video_0043/0060.wav
[1366] OK: /hpctmp/scratch/e0968015/chsims/wav/video_0043/0061.wav
[1367] OK: /hpctmp/scratch/e0968015/chsims/wav/video_0043/0062.wav
[1368] OK: /hpctmp/scratch/e0968015/chsims/wav/video_0043/0063.wav
[1369] OK: /hpctmp/scratch/e0968015/chsims/wav/video_0043/0064.wav
[1370] OK: /hpctmp/scratch/e0968015/chsims/wav/video_0044/0001.wav
[1371] OK: /hpctmp/scratch/e0968015/chsims/wav/video_0044/0002.wav
[1372] OK: /hpctmp/scratch/e0968015/chsims/wav/video_0044/0003.wav
[1373] OK: /hpctmp/scratch/e0968015/chsims/wav/video_0044/0004.wav
[1374] OK: /hpctmp/scratch/e0968015/chsims/wav/video_0044/0005.wav
[1375] OK: /hpctmp/scratch/e0968015/chsims/wav/video_0044/0006.wav
[1376] OK: /hpctmp/scratch/e0968015/chsims/wav/video_0044/0007.wav
[1377] OK: /hpctmp/scratch/e0968015/chsims/wav/video_0044/0008.wav
[1378] OK: /hpctmp/scratch/e0968015/chsims/wav/video_0044/0009.wav
[1379] OK: /hpctmp/scratch/e0968015/chsims/wav/video_0044/0010.wav
[1380] OK: /hpctmp/scratch/e0968015/chsims/wav/video_0045/0001.wav
[1381] OK: /hpctmp/scratch/e0968015/chsims/wav/video_0045/0002.wav
[1382] OK: /hpctmp/scratch/e0968015/chsims/wav/video_0045/0003.wav
[1383] OK: /hpctmp/scratch/e0968015/chsims/wav/video_0045/0004.wav
[1384] OK: /hpctmp/scratch/e0968015/chsims/wav/video_0045/0005.wav
[1385] OK: /hpctmp/scratch/e0968015/chsims/wav/video_0045/0006.wav
[1386] OK: /hpctmp/scratch/e0968015/chsims/wav/video_0045/0007.wav
[1387] OK: /hpctmp/scratch/e0968015/chsims/wav/video_0045/0008.wav
[1388] OK: /hpctmp/scratch/e0968015/chsims/wav/video_0045/0009.wav
[1389] OK: /hpctmp/scratch/e0968015/chsims/wav/video_0045/0010.wav
[1390] OK: /hpctmp/scratch/e0968015/chsims/wav/video_0045/0011.wav
[1391] OK: /hpctmp/scratch/e0968015/chsims/wav/video_0045/0012.wav
[1392] OK: /hpctmp/scratch/e0968015/chsims/wav/video_0045/0013.wav
[1393] OK: /hpctmp/scratch/e0968015/chsims/wav/video_0045/0014.wav
[1394] OK: /hpctmp/scratch/e0968015/chsims/wav/video_0045/0015.wav
[1395] OK: /hpctmp/scratch/e0968015/chsims/wav/video_0045/0016.wav
[1396] OK: /hpctmp/scratch/e0968015/chsims/wav/video_0045/0017.wav
[1397] OK: /hpctmp/scratch/e0968015/chsims/wav/video_0045/0018.wav
[1398] OK: /hpctmp/scratch/e0968015/chsims/wav/video_0045/0019.wav
[1399] OK: /hpctmp/scratch/e0968015/chsims/wav/video_0045/0020.wav
[1400] OK: /hpctmp/scratch/e0968015/chsims/wav/video_0045/0021.wav
[1401] OK: /hpctmp/scratch/e0968015/chsims/wav/video_0045/0022.wav
[1402] OK: /hpctmp/scratch/e0968015/chsims/wav/video_0045/0023.wav
[1403] OK: /hpctmp/scratch/e0968015/chsims/wav/video_0045/0024.wav
[1404] OK: /hpctmp/scratch/e0968015/chsims/wav/video_0045/0025.wav
[1405] OK: /hpctmp/scratch/e0968015/chsims/wav/video_0045/0026.wav
[1406] OK: /hpctmp/scratch/e0968015/chsims/wav/video_0045/0027.wav
[1407] OK: /hpctmp/scratch/e0968015/chsims/wav/video_0045/0028.wav
[1408] OK: /hpctmp/scratch/e0968015/chsims/wav/video_0045/0029.wav
[1409] OK: /hpctmp/scratch/e0968015/chsims/wav/video_0045/0030.wav
[1410] OK: /hpctmp/scratch/e0968015/chsims/wav/video_0045/0031.wav
[1411] OK: /hpctmp/scratch/e0968015/chsims/wav/video_0045/0032.wav
[1412] OK: /hpctmp/scratch/e0968015/chsims/wav/video_0045/0033.wav
[1413] OK: /hpctmp/scratch/e0968015/chsims/wav/video_0045/0034.wav
[1414] OK: /hpctmp/scratch/e0968015/chsims/wav/video_0045/0035.wav
[1415] OK: /hpctmp/scratch/e0968015/chsims/wav/video_0045/0036.wav
[1416] OK: /hpctmp/scratch/e0968015/chsims/wav/video_0045/0037.wav
[1417] OK: /hpctmp/scratch/e0968015/chsims/wav/video_0045/0038.wav
[1418] OK: /hpctmp/scratch/e0968015/chsims/wav/video_0045/0039.wav
[1419] OK: /hpctmp/scratch/e0968015/chsims/wav/video_0045/0040.wav
[1420] OK: /hpctmp/scratch/e0968015/chsims/wav/video_0045/0041.wav
[1421] OK: /hpctmp/scratch/e0968015/chsims/wav/video_0045/0042.wav
[1422] OK: /hpctmp/scratch/e0968015/chsims/wav/video_0045/0043.wav
[1423] OK: /hpctmp/scratch/e0968015/chsims/wav/video_0045/0044.wav
[1424] OK: /hpctmp/scratch/e0968015/chsims/wav/video_0045/0045.wav
[1425] OK: /hpctmp/scratch/e0968015/chsims/wav/video_0045/0046.wav
[1426] OK: /hpctmp/scratch/e0968015/chsims/wav/video_0045/0047.wav
[1427] OK: /hpctmp/scratch/e0968015/chsims/wav/video_0045/0048.wav
[1428] OK: /hpctmp/scratch/e0968015/chsims/wav/video_0045/0049.wav
[1429] OK: /hpctmp/scratch/e0968015/chsims/wav/video_0045/0050.wav
[1430] OK: /hpctmp/scratch/e0968015/chsims/wav/video_0045/0051.wav
[1431] OK: /hpctmp/scratch/e0968015/chsims/wav/video_0045/0052.wav
[1432] OK: /hpctmp/scratch/e0968015/chsims/wav/video_0045/0053.wav
[1433] OK: /hpctmp/scratch/e0968015/chsims/wav/video_0045/0054.wav
[1434] OK: /hpctmp/scratch/e0968015/chsims/wav/video_0045/0055.wav
[1435] OK: /hpctmp/scratch/e0968015/chsims/wav/video_0045/0056.wav
[1436] OK: /hpctmp/scratch/e0968015/chsims/wav/video_0045/0057.wav
[1437] OK: /hpctmp/scratch/e0968015/chsims/wav/video_0045/0058.wav
[1438] OK: /hpctmp/scratch/e0968015/chsims/wav/video_0045/0059.wav
[1439] OK: /hpctmp/scratch/e0968015/chsims/wav/video_0045/0060.wav
[1440] OK: /hpctmp/scratch/e0968015/chsims/wav/video_0045/0061.wav
[1441] OK: /hpctmp/scratch/e0968015/chsims/wav/video_0045/0062.wav
[1442] OK: /hpctmp/scratch/e0968015/chsims/wav/video_0045/0063.wav
[1443] OK: /hpctmp/scratch/e0968015/chsims/wav/video_0045/0064.wav
[1444] OK: /hpctmp/scratch/e0968015/chsims/wav/video_0045/0065.wav
[1445] OK: /hpctmp/scratch/e0968015/chsims/wav/video_0045/0066.wav
[1446] OK: /hpctmp/scratch/e0968015/chsims/wav/video_0045/0067.wav
[1447] OK: /hpctmp/scratch/e0968015/chsims/wav/video_0045/0068.wav
[1448] OK: /hpctmp/scratch/e0968015/chsims/wav/video_0045/0069.wav
[1449] OK: /hpctmp/scratch/e0968015/chsims/wav/video_0045/0070.wav
[1450] OK: /hpctmp/scratch/e0968015/chsims/wav/video_0045/0071.wav
[1451] OK: /hpctmp/scratch/e0968015/chsims/wav/video_0045/0072.wav
[1452] OK: /hpctmp/scratch/e0968015/chsims/wav/video_0045/0073.wav
[1453] OK: /hpctmp/scratch/e0968015/chsims/wav/video_0045/0074.wav
[1454] OK: /hpctmp/scratch/e0968015/chsims/wav/video_0045/0075.wav
[1455] OK: /hpctmp/scratch/e0968015/chsims/wav/video_0045/0076.wav
[1456] OK: /hpctmp/scratch/e0968015/chsims/wav/video_0045/0077.wav
[1457] OK: /hpctmp/scratch/e0968015/chsims/wav/video_0045/0078.wav
[1458] OK: /hpctmp/scratch/e0968015/chsims/wav/video_0045/0079.wav
[1459] OK: /hpctmp/scratch/e0968015/chsims/wav/video_0045/0080.wav
[1460] OK: /hpctmp/scratch/e0968015/chsims/wav/video_0045/0081.wav
[1461] OK: /hpctmp/scratch/e0968015/chsims/wav/video_0045/0082.wav
[1462] OK: /hpctmp/scratch/e0968015/chsims/wav/video_0045/0083.wav
[1463] OK: /hpctmp/scratch/e0968015/chsims/wav/video_0045/0084.wav
[1464] OK: /hpctmp/scratch/e0968015/chsims/wav/video_0045/0085.wav
[1465] OK: /hpctmp/scratch/e0968015/chsims/wav/video_0045/0086.wav
[1466] OK: /hpctmp/scratch/e0968015/chsims/wav/video_0045/0087.wav
[1467] OK: /hpctmp/scratch/e0968015/chsims/wav/video_0045/0088.wav
[1468] OK: /hpctmp/scratch/e0968015/chsims/wav/video_0045/0089.wav
[1469] OK: /hpctmp/scratch/e0968015/chsims/wav/video_0045/0090.wav
[1470] OK: /hpctmp/scratch/e0968015/chsims/wav/video_0045/0091.wav
[1471] OK: /hpctmp/scratch/e0968015/chsims/wav/video_0045/0092.wav
[1472] OK: /hpctmp/scratch/e0968015/chsims/wav/video_0045/0093.wav
[1473] OK: /hpctmp/scratch/e0968015/chsims/wav/video_0045/0094.wav
[1474] OK: /hpctmp/scratch/e0968015/chsims/wav/video_0045/0095.wav
[1475] OK: /hpctmp/scratch/e0968015/chsims/wav/video_0045/0096.wav
[1476] OK: /hpctmp/scratch/e0968015/chsims/wav/video_0045/0097.wav
[1477] OK: /hpctmp/scratch/e0968015/chsims/wav/video_0045/0098.wav
[1478] OK: /hpctmp/scratch/e0968015/chsims/wav/video_0045/0099.wav
[1479] OK: /hpctmp/scratch/e0968015/chsims/wav/video_0045/0100.wav
[1480] OK: /hpctmp/scratch/e0968015/chsims/wav/video_0045/0101.wav
[1481] OK: /hpctmp/scratch/e0968015/chsims/wav/video_0045/0102.wav
[1482] OK: /hpctmp/scratch/e0968015/chsims/wav/video_0045/0103.wav
[1483] OK: /hpctmp/scratch/e0968015/chsims/wav/video_0045/0104.wav
[1484] OK: /hpctmp/scratch/e0968015/chsims/wav/video_0045/0105.wav
[1485] OK: /hpctmp/scratch/e0968015/chsims/wav/video_0046/0001.wav
[1486] OK: /hpctmp/scratch/e0968015/chsims/wav/video_0046/0002.wav
[1487] OK: /hpctmp/scratch/e0968015/chsims/wav/video_0046/0003.wav
[1488] OK: /hpctmp/scratch/e0968015/chsims/wav/video_0046/0004.wav
[1489] OK: /hpctmp/scratch/e0968015/chsims/wav/video_0046/0005.wav
[1490] OK: /hpctmp/scratch/e0968015/chsims/wav/video_0046/0006.wav
[1491] OK: /hpctmp/scratch/e0968015/chsims/wav/video_0046/0007.wav
[1492] OK: /hpctmp/scratch/e0968015/chsims/wav/video_0046/0008.wav
[1493] OK: /hpctmp/scratch/e0968015/chsims/wav/video_0046/0009.wav
[1494] OK: /hpctmp/scratch/e0968015/chsims/wav/video_0046/0010.wav
[1495] OK: /hpctmp/scratch/e0968015/chsims/wav/video_0046/0011.wav
[1496] OK: /hpctmp/scratch/e0968015/chsims/wav/video_0046/0012.wav
[1497] OK: /hpctmp/scratch/e0968015/chsims/wav/video_0046/0013.wav
[1498] OK: /hpctmp/scratch/e0968015/chsims/wav/video_0046/0014.wav
[1499] OK: /hpctmp/scratch/e0968015/chsims/wav/video_0046/0015.wav
[1500] OK: /hpctmp/scratch/e0968015/chsims/wav/video_0046/0016.wav
[1501] OK: /hpctmp/scratch/e0968015/chsims/wav/video_0046/0017.wav
[1502] OK: /hpctmp/scratch/e0968015/chsims/wav/video_0046/0018.wav
[1503] OK: /hpctmp/scratch/e0968015/chsims/wav/video_0046/0019.wav
[1504] OK: /hpctmp/scratch/e0968015/chsims/wav/video_0046/0020.wav
[1505] OK: /hpctmp/scratch/e0968015/chsims/wav/video_0046/0021.wav
[1506] OK: /hpctmp/scratch/e0968015/chsims/wav/video_0046/0022.wav
[1507] OK: /hpctmp/scratch/e0968015/chsims/wav/video_0046/0023.wav
[1508] OK: /hpctmp/scratch/e0968015/chsims/wav/video_0046/0024.wav
[1509] OK: /hpctmp/scratch/e0968015/chsims/wav/video_0046/0025.wav
[1510] OK: /hpctmp/scratch/e0968015/chsims/wav/video_0046/0026.wav
[1511] OK: /hpctmp/scratch/e0968015/chsims/wav/video_0046/0027.wav
[1512] OK: /hpctmp/scratch/e0968015/chsims/wav/video_0046/0028.wav
[1513] OK: /hpctmp/scratch/e0968015/chsims/wav/video_0046/0029.wav
[1514] OK: /hpctmp/scratch/e0968015/chsims/wav/video_0046/0030.wav
[1515] OK: /hpctmp/scratch/e0968015/chsims/wav/video_0046/0031.wav
[1516] OK: /hpctmp/scratch/e0968015/chsims/wav/video_0046/0032.wav
[1517] OK: /hpctmp/scratch/e0968015/chsims/wav/video_0046/0033.wav
[1518] OK: /hpctmp/scratch/e0968015/chsims/wav/video_0046/0034.wav
[1519] OK: /hpctmp/scratch/e0968015/chsims/wav/video_0046/0035.wav
[1520] OK: /hpctmp/scratch/e0968015/chsims/wav/video_0046/0036.wav
[1521] OK: /hpctmp/scratch/e0968015/chsims/wav/video_0046/0037.wav
[1522] OK: /hpctmp/scratch/e0968015/chsims/wav/video_0046/0038.wav
[1523] OK: /hpctmp/scratch/e0968015/chsims/wav/video_0046/0039.wav
[1524] OK: /hpctmp/scratch/e0968015/chsims/wav/video_0046/0040.wav
[1525] OK: /hpctmp/scratch/e0968015/chsims/wav/video_0046/0041.wav
[1526] OK: /hpctmp/scratch/e0968015/chsims/wav/video_0046/0042.wav
[1527] OK: /hpctmp/scratch/e0968015/chsims/wav/video_0046/0043.wav
[1528] OK: /hpctmp/scratch/e0968015/chsims/wav/video_0046/0044.wav
[1529] OK: /hpctmp/scratch/e0968015/chsims/wav/video_0046/0045.wav
[1530] OK: /hpctmp/scratch/e0968015/chsims/wav/video_0046/0046.wav
[1531] OK: /hpctmp/scratch/e0968015/chsims/wav/video_0046/0047.wav
[1532] OK: /hpctmp/scratch/e0968015/chsims/wav/video_0046/0048.wav
[1533] OK: /hpctmp/scratch/e0968015/chsims/wav/video_0046/0049.wav
[1534] OK: /hpctmp/scratch/e0968015/chsims/wav/video_0046/0050.wav
[1535] OK: /hpctmp/scratch/e0968015/chsims/wav/video_0046/0051.wav
[1536] OK: /hpctmp/scratch/e0968015/chsims/wav/video_0046/0052.wav
[1537] OK: /hpctmp/scratch/e0968015/chsims/wav/video_0046/0053.wav
[1538] OK: /hpctmp/scratch/e0968015/chsims/wav/video_0046/0054.wav
[1539] OK: /hpctmp/scratch/e0968015/chsims/wav/video_0046/0055.wav
[1540] OK: /hpctmp/scratch/e0968015/chsims/wav/video_0046/0056.wav
[1541] OK: /hpctmp/scratch/e0968015/chsims/wav/video_0046/0057.wav
[1542] OK: /hpctmp/scratch/e0968015/chsims/wav/video_0046/0058.wav
[1543] OK: /hpctmp/scratch/e0968015/chsims/wav/video_0046/0059.wav
[1544] OK: /hpctmp/scratch/e0968015/chsims/wav/video_0046/0060.wav
[1545] OK: /hpctmp/scratch/e0968015/chsims/wav/video_0046/0061.wav
[1546] OK: /hpctmp/scratch/e0968015/chsims/wav/video_0046/0062.wav
[1547] OK: /hpctmp/scratch/e0968015/chsims/wav/video_0046/0063.wav
[1548] OK: /hpctmp/scratch/e0968015/chsims/wav/video_0046/0064.wav
[1549] OK: /hpctmp/scratch/e0968015/chsims/wav/video_0046/0065.wav
[1550] OK: /hpctmp/scratch/e0968015/chsims/wav/video_0047/0001.wav
[1551] OK: /hpctmp/scratch/e0968015/chsims/wav/video_0047/0002.wav
[1552] OK: /hpctmp/scratch/e0968015/chsims/wav/video_0047/0003.wav
[1553] OK: /hpctmp/scratch/e0968015/chsims/wav/video_0047/0004.wav
[1554] OK: /hpctmp/scratch/e0968015/chsims/wav/video_0047/0005.wav
[1555] OK: /hpctmp/scratch/e0968015/chsims/wav/video_0047/0006.wav
[1556] OK: /hpctmp/scratch/e0968015/chsims/wav/video_0047/0007.wav
[1557] OK: /hpctmp/scratch/e0968015/chsims/wav/video_0047/0008.wav
[1558] OK: /hpctmp/scratch/e0968015/chsims/wav/video_0047/0009.wav
[1559] OK: /hpctmp/scratch/e0968015/chsims/wav/video_0047/0010.wav
[1560] OK: /hpctmp/scratch/e0968015/chsims/wav/video_0047/0011.wav
[1561] OK: /hpctmp/scratch/e0968015/chsims/wav/video_0047/0012.wav
[1562] OK: /hpctmp/scratch/e0968015/chsims/wav/video_0047/0013.wav
[1563] OK: /hpctmp/scratch/e0968015/chsims/wav/video_0047/0014.wav
[1564] OK: /hpctmp/scratch/e0968015/chsims/wav/video_0047/0015.wav
[1565] OK: /hpctmp/scratch/e0968015/chsims/wav/video_0047/0016.wav
[1566] OK: /hpctmp/scratch/e0968015/chsims/wav/video_0047/0017.wav
[1567] OK: /hpctmp/scratch/e0968015/chsims/wav/video_0047/0018.wav
[1568] OK: /hpctmp/scratch/e0968015/chsims/wav/video_0047/0019.wav
[1569] OK: /hpctmp/scratch/e0968015/chsims/wav/video_0047/0020.wav
[1570] OK: /hpctmp/scratch/e0968015/chsims/wav/video_0047/0021.wav
[1571] OK: /hpctmp/scratch/e0968015/chsims/wav/video_0047/0022.wav
[1572] OK: /hpctmp/scratch/e0968015/chsims/wav/video_0047/0023.wav
[1573] OK: /hpctmp/scratch/e0968015/chsims/wav/video_0047/0024.wav
[1574] OK: /hpctmp/scratch/e0968015/chsims/wav/video_0047/0025.wav
[1575] OK: /hpctmp/scratch/e0968015/chsims/wav/video_0047/0026.wav
[1576] OK: /hpctmp/scratch/e0968015/chsims/wav/video_0047/0027.wav
[1577] OK: /hpctmp/scratch/e0968015/chsims/wav/video_0047/0028.wav
[1578] OK: /hpctmp/scratch/e0968015/chsims/wav/video_0047/0029.wav
[1579] OK: /hpctmp/scratch/e0968015/chsims/wav/video_0047/0030.wav
[1580] OK: /hpctmp/scratch/e0968015/chsims/wav/video_0047/0031.wav
[1581] OK: /hpctmp/scratch/e0968015/chsims/wav/video_0047/0032.wav
[1582] OK: /hpctmp/scratch/e0968015/chsims/wav/video_0047/0033.wav
[1583] OK: /hpctmp/scratch/e0968015/chsims/wav/video_0047/0034.wav
[1584] OK: /hpctmp/scratch/e0968015/chsims/wav/video_0047/0035.wav
[1585] OK: /hpctmp/scratch/e0968015/chsims/wav/video_0047/0036.wav
[1586] OK: /hpctmp/scratch/e0968015/chsims/wav/video_0047/0037.wav
[1587] OK: /hpctmp/scratch/e0968015/chsims/wav/video_0047/0038.wav
[1588] OK: /hpctmp/scratch/e0968015/chsims/wav/video_0047/0039.wav
[1589] OK: /hpctmp/scratch/e0968015/chsims/wav/video_0047/0040.wav
[1590] OK: /hpctmp/scratch/e0968015/chsims/wav/video_0047/0041.wav
[1591] OK: /hpctmp/scratch/e0968015/chsims/wav/video_0047/0042.wav
[1592] OK: /hpctmp/scratch/e0968015/chsims/wav/video_0047/0043.wav
[1593] OK: /hpctmp/scratch/e0968015/chsims/wav/video_0047/0044.wav
[1594] OK: /hpctmp/scratch/e0968015/chsims/wav/video_0047/0045.wav
[1595] OK: /hpctmp/scratch/e0968015/chsims/wav/video_0047/0046.wav
[1596] OK: /hpctmp/scratch/e0968015/chsims/wav/video_0047/0047.wav
[1597] OK: /hpctmp/scratch/e0968015/chsims/wav/video_0047/0048.wav
[1598] OK: /hpctmp/scratch/e0968015/chsims/wav/video_0047/0049.wav
[1599] OK: /hpctmp/scratch/e0968015/chsims/wav/video_0047/0050.wav
[1600] OK: /hpctmp/scratch/e0968015/chsims/wav/video_0047/0051.wav
[1601] OK: /hpctmp/scratch/e0968015/chsims/wav/video_0047/0052.wav
[1602] OK: /hpctmp/scratch/e0968015/chsims/wav/video_0047/0053.wav
[1603] OK: /hpctmp/scratch/e0968015/chsims/wav/video_0047/0054.wav
[1604] OK: /hpctmp/scratch/e0968015/chsims/wav/video_0047/0055.wav
[1605] OK: /hpctmp/scratch/e0968015/chsims/wav/video_0047/0056.wav
[1606] OK: /hpctmp/scratch/e0968015/chsims/wav/video_0047/0057.wav
[1607] OK: /hpctmp/scratch/e0968015/chsims/wav/video_0047/0058.wav
[1608] OK: /hpctmp/scratch/e0968015/chsims/wav/video_0047/0059.wav
[1609] OK: /hpctmp/scratch/e0968015/chsims/wav/video_0047/0060.wav
[1610] OK: /hpctmp/scratch/e0968015/chsims/wav/video_0047/0061.wav
[1611] OK: /hpctmp/scratch/e0968015/chsims/wav/video_0047/0062.wav
[1612] OK: /hpctmp/scratch/e0968015/chsims/wav/video_0047/0063.wav
[1613] OK: /hpctmp/scratch/e0968015/chsims/wav/video_0047/0064.wav
[1614] OK: /hpctmp/scratch/e0968015/chsims/wav/video_0047/0065.wav
[1615] OK: /hpctmp/scratch/e0968015/chsims/wav/video_0047/0066.wav
[1616] OK: /hpctmp/scratch/e0968015/chsims/wav/video_0047/0067.wav
[1617] OK: /hpctmp/scratch/e0968015/chsims/wav/video_0047/0068.wav
[1618] OK: /hpctmp/scratch/e0968015/chsims/wav/video_0047/0069.wav
[1619] OK: /hpctmp/scratch/e0968015/chsims/wav/video_0047/0070.wav
[1620] OK: /hpctmp/scratch/e0968015/chsims/wav/video_0047/0071.wav
[1621] OK: /hpctmp/scratch/e0968015/chsims/wav/video_0047/0072.wav
[1622] OK: /hpctmp/scratch/e0968015/chsims/wav/video_0047/0073.wav
[1623] OK: /hpctmp/scratch/e0968015/chsims/wav/video_0047/0074.wav
[1624] OK: /hpctmp/scratch/e0968015/chsims/wav/video_0047/0075.wav
[1625] OK: /hpctmp/scratch/e0968015/chsims/wav/video_0047/0076.wav
[1626] OK: /hpctmp/scratch/e0968015/chsims/wav/video_0047/0077.wav
[1627] OK: /hpctmp/scratch/e0968015/chsims/wav/video_0047/0078.wav
[1628] OK: /hpctmp/scratch/e0968015/chsims/wav/video_0047/0079.wav
[1629] OK: /hpctmp/scratch/e0968015/chsims/wav/video_0047/0080.wav
[1630] OK: /hpctmp/scratch/e0968015/chsims/wav/video_0047/0081.wav
[1631] OK: /hpctmp/scratch/e0968015/chsims/wav/video_0047/0082.wav
[1632] OK: /hpctmp/scratch/e0968015/chsims/wav/video_0047/0083.wav
[1633] OK: /hpctmp/scratch/e0968015/chsims/wav/video_0047/0084.wav
[1634] OK: /hpctmp/scratch/e0968015/chsims/wav/video_0047/0085.wav
[1635] OK: /hpctmp/scratch/e0968015/chsims/wav/video_0047/0086.wav
[1636] OK: /hpctmp/scratch/e0968015/chsims/wav/video_0047/0087.wav
[1637] OK: /hpctmp/scratch/e0968015/chsims/wav/video_0047/0088.wav
[1638] OK: /hpctmp/scratch/e0968015/chsims/wav/video_0047/0089.wav
[1639] OK: /hpctmp/scratch/e0968015/chsims/wav/video_0048/0001.wav
[1640] OK: /hpctmp/scratch/e0968015/chsims/wav/video_0048/0002.wav
[1641] OK: /hpctmp/scratch/e0968015/chsims/wav/video_0048/0003.wav
[1642] OK: /hpctmp/scratch/e0968015/chsims/wav/video_0048/0004.wav
[1643] OK: /hpctmp/scratch/e0968015/chsims/wav/video_0048/0005.wav
[1644] OK: /hpctmp/scratch/e0968015/chsims/wav/video_0048/0006.wav
[1645] OK: /hpctmp/scratch/e0968015/chsims/wav/video_0048/0007.wav
[1646] OK: /hpctmp/scratch/e0968015/chsims/wav/video_0048/0008.wav
[1647] OK: /hpctmp/scratch/e0968015/chsims/wav/video_0048/0009.wav
[1648] OK: /hpctmp/scratch/e0968015/chsims/wav/video_0048/0010.wav
[1649] OK: /hpctmp/scratch/e0968015/chsims/wav/video_0048/0011.wav
[1650] OK: /hpctmp/scratch/e0968015/chsims/wav/video_0048/0012.wav
[1651] OK: /hpctmp/scratch/e0968015/chsims/wav/video_0048/0013.wav
[1652] OK: /hpctmp/scratch/e0968015/chsims/wav/video_0048/0014.wav
[1653] OK: /hpctmp/scratch/e0968015/chsims/wav/video_0048/0015.wav
[1654] OK: /hpctmp/scratch/e0968015/chsims/wav/video_0048/0016.wav
[1655] OK: /hpctmp/scratch/e0968015/chsims/wav/video_0048/0017.wav
[1656] OK: /hpctmp/scratch/e0968015/chsims/wav/video_0048/0018.wav
[1657] OK: /hpctmp/scratch/e0968015/chsims/wav/video_0048/0019.wav
[1658] OK: /hpctmp/scratch/e0968015/chsims/wav/video_0048/0020.wav
[1659] OK: /hpctmp/scratch/e0968015/chsims/wav/video_0048/0021.wav
[1660] OK: /hpctmp/scratch/e0968015/chsims/wav/video_0048/0022.wav
[1661] OK: /hpctmp/scratch/e0968015/chsims/wav/video_0048/0023.wav
[1662] OK: /hpctmp/scratch/e0968015/chsims/wav/video_0048/0024.wav
[1663] OK: /hpctmp/scratch/e0968015/chsims/wav/video_0048/0025.wav
[1664] OK: /hpctmp/scratch/e0968015/chsims/wav/video_0048/0026.wav
[1665] OK: /hpctmp/scratch/e0968015/chsims/wav/video_0048/0027.wav
[1666] OK: /hpctmp/scratch/e0968015/chsims/wav/video_0048/0028.wav
[1667] OK: /hpctmp/scratch/e0968015/chsims/wav/video_0048/0029.wav
[1668] OK: /hpctmp/scratch/e0968015/chsims/wav/video_0048/0030.wav
[1669] OK: /hpctmp/scratch/e0968015/chsims/wav/video_0048/0031.wav
[1670] OK: /hpctmp/scratch/e0968015/chsims/wav/video_0048/0032.wav
[1671] OK: /hpctmp/scratch/e0968015/chsims/wav/video_0049/0001.wav
[1672] OK: /hpctmp/scratch/e0968015/chsims/wav/video_0049/0002.wav
[1673] OK: /hpctmp/scratch/e0968015/chsims/wav/video_0049/0003.wav
[1674] OK: /hpctmp/scratch/e0968015/chsims/wav/video_0049/0004.wav
[1675] OK: /hpctmp/scratch/e0968015/chsims/wav/video_0049/0005.wav
[1676] OK: /hpctmp/scratch/e0968015/chsims/wav/video_0049/0006.wav
[1677] OK: /hpctmp/scratch/e0968015/chsims/wav/video_0049/0007.wav
[1678] OK: /hpctmp/scratch/e0968015/chsims/wav/video_0049/0008.wav
[1679] OK: /hpctmp/scratch/e0968015/chsims/wav/video_0049/0009.wav
[1680] OK: /hpctmp/scratch/e0968015/chsims/wav/video_0049/0010.wav
[1681] OK: /hpctmp/scratch/e0968015/chsims/wav/video_0049/0011.wav
[1682] OK: /hpctmp/scratch/e0968015/chsims/wav/video_0049/0012.wav
[1683] OK: /hpctmp/scratch/e0968015/chsims/wav/video_0049/0013.wav
[1684] OK: /hpctmp/scratch/e0968015/chsims/wav/video_0049/0014.wav
[1685] OK: /hpctmp/scratch/e0968015/chsims/wav/video_0049/0015.wav
[1686] OK: /hpctmp/scratch/e0968015/chsims/wav/video_0049/0016.wav
[1687] OK: /hpctmp/scratch/e0968015/chsims/wav/video_0049/0017.wav
[1688] OK: /hpctmp/scratch/e0968015/chsims/wav/video_0049/0018.wav
[1689] OK: /hpctmp/scratch/e0968015/chsims/wav/video_0049/0019.wav
[1690] OK: /hpctmp/scratch/e0968015/chsims/wav/video_0049/0020.wav
[1691] OK: /hpctmp/scratch/e0968015/chsims/wav/video_0049/0021.wav
[1692] OK: /hpctmp/scratch/e0968015/chsims/wav/video_0049/0022.wav
[1693] OK: /hpctmp/scratch/e0968015/chsims/wav/video_0050/0001.wav
[1694] OK: /hpctmp/scratch/e0968015/chsims/wav/video_0050/0002.wav
[1695] OK: /hpctmp/scratch/e0968015/chsims/wav/video_0050/0003.wav
[1696] OK: /hpctmp/scratch/e0968015/chsims/wav/video_0050/0004.wav
[1697] OK: /hpctmp/scratch/e0968015/chsims/wav/video_0050/0005.wav
[1698] OK: /hpctmp/scratch/e0968015/chsims/wav/video_0050/0006.wav
[1699] OK: /hpctmp/scratch/e0968015/chsims/wav/video_0050/0007.wav
[1700] OK: /hpctmp/scratch/e0968015/chsims/wav/video_0050/0008.wav
[1701] OK: /hpctmp/scratch/e0968015/chsims/wav/video_0050/0009.wav
[1702] OK: /hpctmp/scratch/e0968015/chsims/wav/video_0050/0010.wav
[1703] OK: /hpctmp/scratch/e0968015/chsims/wav/video_0050/0011.wav
[1704] OK: /hpctmp/scratch/e0968015/chsims/wav/video_0050/0012.wav
[1705] OK: /hpctmp/scratch/e0968015/chsims/wav/video_0050/0013.wav
[1706] OK: /hpctmp/scratch/e0968015/chsims/wav/video_0051/0001.wav
[1707] OK: /hpctmp/scratch/e0968015/chsims/wav/video_0051/0002.wav
[1708] OK: /hpctmp/scratch/e0968015/chsims/wav/video_0051/0003.wav
[1709] OK: /hpctmp/scratch/e0968015/chsims/wav/video_0051/0004.wav
[1710] OK: /hpctmp/scratch/e0968015/chsims/wav/video_0051/0005.wav
[1711] OK: /hpctmp/scratch/e0968015/chsims/wav/video_0051/0006.wav
[1712] OK: /hpctmp/scratch/e0968015/chsims/wav/video_0051/0007.wav
[1713] OK: /hpctmp/scratch/e0968015/chsims/wav/video_0051/0008.wav
[1714] OK: /hpctmp/scratch/e0968015/chsims/wav/video_0051/0009.wav
[1715] OK: /hpctmp/scratch/e0968015/chsims/wav/video_0051/0010.wav
[1716] OK: /hpctmp/scratch/e0968015/chsims/wav/video_0051/0011.wav
[1717] OK: /hpctmp/scratch/e0968015/chsims/wav/video_0051/0012.wav
[1718] OK: /hpctmp/scratch/e0968015/chsims/wav/video_0051/0013.wav
[1719] OK: /hpctmp/scratch/e0968015/chsims/wav/video_0051/0014.wav
[1720] OK: /hpctmp/scratch/e0968015/chsims/wav/video_0051/0015.wav
[1721] OK: /hpctmp/scratch/e0968015/chsims/wav/video_0051/0016.wav
[1722] OK: /hpctmp/scratch/e0968015/chsims/wav/video_0051/0017.wav
[1723] OK: /hpctmp/scratch/e0968015/chsims/wav/video_0051/0018.wav
[1724] OK: /hpctmp/scratch/e0968015/chsims/wav/video_0051/0019.wav
[1725] OK: /hpctmp/scratch/e0968015/chsims/wav/video_0051/0020.wav
[1726] OK: /hpctmp/scratch/e0968015/chsims/wav/video_0051/0021.wav
[1727] OK: /hpctmp/scratch/e0968015/chsims/wav/video_0051/0022.wav
[1728] OK: /hpctmp/scratch/e0968015/chsims/wav/video_0051/0023.wav
[1729] OK: /hpctmp/scratch/e0968015/chsims/wav/video_0051/0024.wav
[1730] OK: /hpctmp/scratch/e0968015/chsims/wav/video_0051/0025.wav
[1731] OK: /hpctmp/scratch/e0968015/chsims/wav/video_0051/0026.wav
[1732] OK: /hpctmp/scratch/e0968015/chsims/wav/video_0051/0027.wav
[1733] OK: /hpctmp/scratch/e0968015/chsims/wav/video_0051/0028.wav
[1734] OK: /hpctmp/scratch/e0968015/chsims/wav/video_0051/0029.wav
[1735] OK: /hpctmp/scratch/e0968015/chsims/wav/video_0051/0030.wav
[1736] OK: /hpctmp/scratch/e0968015/chsims/wav/video_0051/0031.wav
[1737] OK: /hpctmp/scratch/e0968015/chsims/wav/video_0051/0032.wav
[1738] OK: /hpctmp/scratch/e0968015/chsims/wav/video_0051/0033.wav
[1739] OK: /hpctmp/scratch/e0968015/chsims/wav/video_0051/0034.wav
[1740] OK: /hpctmp/scratch/e0968015/chsims/wav/video_0051/0035.wav
[1741] OK: /hpctmp/scratch/e0968015/chsims/wav/video_0051/0036.wav
[1742] OK: /hpctmp/scratch/e0968015/chsims/wav/video_0051/0037.wav
[1743] OK: /hpctmp/scratch/e0968015/chsims/wav/video_0051/0038.wav
[1744] OK: /hpctmp/scratch/e0968015/chsims/wav/video_0051/0039.wav
[1745] OK: /hpctmp/scratch/e0968015/chsims/wav/video_0051/0040.wav
[1746] OK: /hpctmp/scratch/e0968015/chsims/wav/video_0051/0041.wav
[1747] OK: /hpctmp/scratch/e0968015/chsims/wav/video_0051/0042.wav
[1748] OK: /hpctmp/scratch/e0968015/chsims/wav/video_0051/0043.wav
[1749] OK: /hpctmp/scratch/e0968015/chsims/wav/video_0051/0044.wav
[1750] OK: /hpctmp/scratch/e0968015/chsims/wav/video_0051/0045.wav
[1751] OK: /hpctmp/scratch/e0968015/chsims/wav/video_0051/0046.wav
[1752] OK: /hpctmp/scratch/e0968015/chsims/wav/video_0051/0047.wav
[1753] OK: /hpctmp/scratch/e0968015/chsims/wav/video_0051/0048.wav
[1754] OK: /hpctmp/scratch/e0968015/chsims/wav/video_0051/0049.wav
[1755] OK: /hpctmp/scratch/e0968015/chsims/wav/video_0051/0050.wav
[1756] OK: /hpctmp/scratch/e0968015/chsims/wav/video_0051/0051.wav
[1757] OK: /hpctmp/scratch/e0968015/chsims/wav/video_0051/0052.wav
[1758] OK: /hpctmp/scratch/e0968015/chsims/wav/video_0051/0053.wav
[1759] OK: /hpctmp/scratch/e0968015/chsims/wav/video_0051/0054.wav
[1760] OK: /hpctmp/scratch/e0968015/chsims/wav/video_0051/0055.wav
[1761] OK: /hpctmp/scratch/e0968015/chsims/wav/video_0051/0056.wav
[1762] OK: /hpctmp/scratch/e0968015/chsims/wav/video_0051/0057.wav
[1763] OK: /hpctmp/scratch/e0968015/chsims/wav/video_0051/0058.wav
[1764] OK: /hpctmp/scratch/e0968015/chsims/wav/video_0051/0059.wav
[1765] OK: /hpctmp/scratch/e0968015/chsims/wav/video_0051/0060.wav
[1766] OK: /hpctmp/scratch/e0968015/chsims/wav/video_0051/0061.wav
[1767] OK: /hpctmp/scratch/e0968015/chsims/wav/video_0051/0062.wav
[1768] OK: /hpctmp/scratch/e0968015/chsims/wav/video_0051/0063.wav
[1769] OK: /hpctmp/scratch/e0968015/chsims/wav/video_0051/0064.wav
[1770] OK: /hpctmp/scratch/e0968015/chsims/wav/video_0051/0065.wav
[1771] OK: /hpctmp/scratch/e0968015/chsims/wav/video_0051/0066.wav
[1772] OK: /hpctmp/scratch/e0968015/chsims/wav/video_0051/0067.wav
[1773] OK: /hpctmp/scratch/e0968015/chsims/wav/video_0051/0068.wav
[1774] OK: /hpctmp/scratch/e0968015/chsims/wav/video_0051/0069.wav
[1775] OK: /hpctmp/scratch/e0968015/chsims/wav/video_0051/0070.wav
[1776] OK: /hpctmp/scratch/e0968015/chsims/wav/video_0051/0071.wav
[1777] OK: /hpctmp/scratch/e0968015/chsims/wav/video_0052/0001.wav
[1778] OK: /hpctmp/scratch/e0968015/chsims/wav/video_0052/0002.wav
[1779] OK: /hpctmp/scratch/e0968015/chsims/wav/video_0052/0003.wav
[1780] OK: /hpctmp/scratch/e0968015/chsims/wav/video_0052/0004.wav
[1781] OK: /hpctmp/scratch/e0968015/chsims/wav/video_0052/0005.wav
[1782] OK: /hpctmp/scratch/e0968015/chsims/wav/video_0052/0006.wav
[1783] OK: /hpctmp/scratch/e0968015/chsims/wav/video_0052/0007.wav
[1784] OK: /hpctmp/scratch/e0968015/chsims/wav/video_0052/0008.wav
[1785] OK: /hpctmp/scratch/e0968015/chsims/wav/video_0052/0009.wav
[1786] OK: /hpctmp/scratch/e0968015/chsims/wav/video_0052/0010.wav
[1787] OK: /hpctmp/scratch/e0968015/chsims/wav/video_0052/0011.wav
[1788] OK: /hpctmp/scratch/e0968015/chsims/wav/video_0052/0012.wav
[1789] OK: /hpctmp/scratch/e0968015/chsims/wav/video_0052/0013.wav
[1790] OK: /hpctmp/scratch/e0968015/chsims/wav/video_0052/0014.wav
[1791] OK: /hpctmp/scratch/e0968015/chsims/wav/video_0052/0015.wav
[1792] OK: /hpctmp/scratch/e0968015/chsims/wav/video_0052/0016.wav
[1793] OK: /hpctmp/scratch/e0968015/chsims/wav/video_0052/0017.wav
[1794] OK: /hpctmp/scratch/e0968015/chsims/wav/video_0052/0018.wav
[1795] OK: /hpctmp/scratch/e0968015/chsims/wav/video_0052/0019.wav
[1796] OK: /hpctmp/scratch/e0968015/chsims/wav/video_0052/0020.wav
[1797] OK: /hpctmp/scratch/e0968015/chsims/wav/video_0052/0021.wav
[1798] OK: /hpctmp/scratch/e0968015/chsims/wav/video_0052/0022.wav
[1799] OK: /hpctmp/scratch/e0968015/chsims/wav/video_0052/0023.wav
[1800] OK: /hpctmp/scratch/e0968015/chsims/wav/video_0052/0024.wav
[1801] OK: /hpctmp/scratch/e0968015/chsims/wav/video_0052/0025.wav
[1802] OK: /hpctmp/scratch/e0968015/chsims/wav/video_0052/0026.wav
[1803] OK: /hpctmp/scratch/e0968015/chsims/wav/video_0052/0027.wav
[1804] OK: /hpctmp/scratch/e0968015/chsims/wav/video_0052/0028.wav
[1805] OK: /hpctmp/scratch/e0968015/chsims/wav/video_0052/0029.wav
[1806] OK: /hpctmp/scratch/e0968015/chsims/wav/video_0052/0030.wav
[1807] OK: /hpctmp/scratch/e0968015/chsims/wav/video_0052/0031.wav
[1808] OK: /hpctmp/scratch/e0968015/chsims/wav/video_0053/0001.wav
[1809] OK: /hpctmp/scratch/e0968015/chsims/wav/video_0053/0002.wav
[1810] OK: /hpctmp/scratch/e0968015/chsims/wav/video_0053/0003.wav
[1811] OK: /hpctmp/scratch/e0968015/chsims/wav/video_0053/0004.wav
[1812] OK: /hpctmp/scratch/e0968015/chsims/wav/video_0053/0005.wav
[1813] OK: /hpctmp/scratch/e0968015/chsims/wav/video_0053/0006.wav
[1814] OK: /hpctmp/scratch/e0968015/chsims/wav/video_0053/0007.wav
[1815] OK: /hpctmp/scratch/e0968015/chsims/wav/video_0053/0008.wav
[1816] OK: /hpctmp/scratch/e0968015/chsims/wav/video_0053/0009.wav
[1817] OK: /hpctmp/scratch/e0968015/chsims/wav/video_0053/0010.wav
[1818] OK: /hpctmp/scratch/e0968015/chsims/wav/video_0053/0011.wav
[1819] OK: /hpctmp/scratch/e0968015/chsims/wav/video_0053/0012.wav
[1820] OK: /hpctmp/scratch/e0968015/chsims/wav/video_0053/0013.wav
[1821] OK: /hpctmp/scratch/e0968015/chsims/wav/video_0053/0014.wav
[1822] OK: /hpctmp/scratch/e0968015/chsims/wav/video_0053/0015.wav
[1823] OK: /hpctmp/scratch/e0968015/chsims/wav/video_0053/0016.wav
[1824] OK: /hpctmp/scratch/e0968015/chsims/wav/video_0053/0017.wav
[1825] OK: /hpctmp/scratch/e0968015/chsims/wav/video_0053/0018.wav
[1826] OK: /hpctmp/scratch/e0968015/chsims/wav/video_0053/0019.wav
[1827] OK: /hpctmp/scratch/e0968015/chsims/wav/video_0053/0020.wav
[1828] OK: /hpctmp/scratch/e0968015/chsims/wav/video_0053/0021.wav
[1829] OK: /hpctmp/scratch/e0968015/chsims/wav/video_0053/0022.wav
[1830] OK: /hpctmp/scratch/e0968015/chsims/wav/video_0053/0023.wav
[1831] OK: /hpctmp/scratch/e0968015/chsims/wav/video_0053/0024.wav
[1832] OK: /hpctmp/scratch/e0968015/chsims/wav/video_0053/0025.wav
[1833] OK: /hpctmp/scratch/e0968015/chsims/wav/video_0053/0026.wav
[1834] OK: /hpctmp/scratch/e0968015/chsims/wav/video_0053/0027.wav
[1835] OK: /hpctmp/scratch/e0968015/chsims/wav/video_0053/0028.wav
[1836] OK: /hpctmp/scratch/e0968015/chsims/wav/video_0053/0029.wav
[1837] OK: /hpctmp/scratch/e0968015/chsims/wav/video_0053/0030.wav
[1838] OK: /hpctmp/scratch/e0968015/chsims/wav/video_0053/0031.wav
[1839] OK: /hpctmp/scratch/e0968015/chsims/wav/video_0053/0032.wav
[1840] OK: /hpctmp/scratch/e0968015/chsims/wav/video_0053/0033.wav
[1841] OK: /hpctmp/scratch/e0968015/chsims/wav/video_0053/0034.wav
[1842] OK: /hpctmp/scratch/e0968015/chsims/wav/video_0053/0035.wav
[1843] OK: /hpctmp/scratch/e0968015/chsims/wav/video_0053/0036.wav
[1844] OK: /hpctmp/scratch/e0968015/chsims/wav/video_0053/0037.wav
[1845] OK: /hpctmp/scratch/e0968015/chsims/wav/video_0053/0038.wav
[1846] OK: /hpctmp/scratch/e0968015/chsims/wav/video_0053/0039.wav
[1847] OK: /hpctmp/scratch/e0968015/chsims/wav/video_0053/0040.wav
[1848] OK: /hpctmp/scratch/e0968015/chsims/wav/video_0053/0041.wav
[1849] OK: /hpctmp/scratch/e0968015/chsims/wav/video_0053/0042.wav
[1850] OK: /hpctmp/scratch/e0968015/chsims/wav/video_0053/0043.wav
[1851] OK: /hpctmp/scratch/e0968015/chsims/wav/video_0053/0044.wav
[1852] OK: /hpctmp/scratch/e0968015/chsims/wav/video_0053/0045.wav
[1853] OK: /hpctmp/scratch/e0968015/chsims/wav/video_0053/0046.wav
[1854] OK: /hpctmp/scratch/e0968015/chsims/wav/video_0053/0047.wav
[1855] OK: /hpctmp/scratch/e0968015/chsims/wav/video_0053/0048.wav
[1856] OK: /hpctmp/scratch/e0968015/chsims/wav/video_0053/0049.wav
[1857] OK: /hpctmp/scratch/e0968015/chsims/wav/video_0053/0050.wav
[1858] OK: /hpctmp/scratch/e0968015/chsims/wav/video_0053/0051.wav
[1859] OK: /hpctmp/scratch/e0968015/chsims/wav/video_0053/0052.wav
[1860] OK: /hpctmp/scratch/e0968015/chsims/wav/video_0053/0053.wav
[1861] OK: /hpctmp/scratch/e0968015/chsims/wav/video_0053/0054.wav
[1862] OK: /hpctmp/scratch/e0968015/chsims/wav/video_0053/0055.wav
[1863] OK: /hpctmp/scratch/e0968015/chsims/wav/video_0053/0056.wav
[1864] OK: /hpctmp/scratch/e0968015/chsims/wav/video_0053/0057.wav
[1865] OK: /hpctmp/scratch/e0968015/chsims/wav/video_0053/0058.wav
[1866] OK: /hpctmp/scratch/e0968015/chsims/wav/video_0053/0059.wav
[1867] OK: /hpctmp/scratch/e0968015/chsims/wav/video_0053/0060.wav
[1868] OK: /hpctmp/scratch/e0968015/chsims/wav/video_0053/0061.wav
[1869] OK: /hpctmp/scratch/e0968015/chsims/wav/video_0054/0001.wav
[1870] OK: /hpctmp/scratch/e0968015/chsims/wav/video_0054/0002.wav
[1871] OK: /hpctmp/scratch/e0968015/chsims/wav/video_0054/0003.wav
[1872] OK: /hpctmp/scratch/e0968015/chsims/wav/video_0054/0004.wav
[1873] OK: /hpctmp/scratch/e0968015/chsims/wav/video_0054/0005.wav
[1874] OK: /hpctmp/scratch/e0968015/chsims/wav/video_0054/0006.wav
[1875] OK: /hpctmp/scratch/e0968015/chsims/wav/video_0054/0007.wav
[1876] OK: /hpctmp/scratch/e0968015/chsims/wav/video_0054/0008.wav
[1877] OK: /hpctmp/scratch/e0968015/chsims/wav/video_0054/0009.wav
[1878] OK: /hpctmp/scratch/e0968015/chsims/wav/video_0054/0010.wav
[1879] OK: /hpctmp/scratch/e0968015/chsims/wav/video_0054/0011.wav
[1880] OK: /hpctmp/scratch/e0968015/chsims/wav/video_0054/0012.wav
[1881] OK: /hpctmp/scratch/e0968015/chsims/wav/video_0054/0013.wav
[1882] OK: /hpctmp/scratch/e0968015/chsims/wav/video_0054/0014.wav
[1883] OK: /hpctmp/scratch/e0968015/chsims/wav/video_0054/0015.wav
[1884] OK: /hpctmp/scratch/e0968015/chsims/wav/video_0054/0016.wav
[1885] OK: /hpctmp/scratch/e0968015/chsims/wav/video_0054/0017.wav
[1886] OK: /hpctmp/scratch/e0968015/chsims/wav/video_0054/0018.wav
[1887] OK: /hpctmp/scratch/e0968015/chsims/wav/video_0054/0019.wav
[1888] OK: /hpctmp/scratch/e0968015/chsims/wav/video_0054/0020.wav
[1889] OK: /hpctmp/scratch/e0968015/chsims/wav/video_0054/0021.wav
[1890] OK: /hpctmp/scratch/e0968015/chsims/wav/video_0054/0022.wav
[1891] OK: /hpctmp/scratch/e0968015/chsims/wav/video_0054/0023.wav
[1892] OK: /hpctmp/scratch/e0968015/chsims/wav/video_0054/0024.wav
[1893] OK: /hpctmp/scratch/e0968015/chsims/wav/video_0054/0025.wav
[1894] OK: /hpctmp/scratch/e0968015/chsims/wav/video_0054/0026.wav
[1895] OK: /hpctmp/scratch/e0968015/chsims/wav/video_0054/0027.wav
[1896] OK: /hpctmp/scratch/e0968015/chsims/wav/video_0054/0028.wav
[1897] OK: /hpctmp/scratch/e0968015/chsims/wav/video_0054/0029.wav
[1898] OK: /hpctmp/scratch/e0968015/chsims/wav/video_0054/0030.wav
[1899] OK: /hpctmp/scratch/e0968015/chsims/wav/video_0054/0031.wav
[1900] OK: /hpctmp/scratch/e0968015/chsims/wav/video_0054/0032.wav
[1901] OK: /hpctmp/scratch/e0968015/chsims/wav/video_0054/0033.wav
[1902] OK: /hpctmp/scratch/e0968015/chsims/wav/video_0054/0034.wav
[1903] OK: /hpctmp/scratch/e0968015/chsims/wav/video_0054/0035.wav
[1904] OK: /hpctmp/scratch/e0968015/chsims/wav/video_0054/0036.wav
[1905] OK: /hpctmp/scratch/e0968015/chsims/wav/video_0054/0037.wav
[1906] OK: /hpctmp/scratch/e0968015/chsims/wav/video_0054/0038.wav
[1907] OK: /hpctmp/scratch/e0968015/chsims/wav/video_0054/0039.wav
[1908] OK: /hpctmp/scratch/e0968015/chsims/wav/video_0054/0040.wav
[1909] OK: /hpctmp/scratch/e0968015/chsims/wav/video_0054/0041.wav
[1910] OK: /hpctmp/scratch/e0968015/chsims/wav/video_0054/0042.wav
[1911] OK: /hpctmp/scratch/e0968015/chsims/wav/video_0054/0043.wav
[1912] OK: /hpctmp/scratch/e0968015/chsims/wav/video_0054/0044.wav
[1913] OK: /hpctmp/scratch/e0968015/chsims/wav/video_0054/0045.wav
[1914] OK: /hpctmp/scratch/e0968015/chsims/wav/video_0054/0046.wav
[1915] OK: /hpctmp/scratch/e0968015/chsims/wav/video_0054/0047.wav
[1916] OK: /hpctmp/scratch/e0968015/chsims/wav/video_0054/0048.wav
[1917] OK: /hpctmp/scratch/e0968015/chsims/wav/video_0054/0049.wav
[1918] OK: /hpctmp/scratch/e0968015/chsims/wav/video_0054/0050.wav
[1919] OK: /hpctmp/scratch/e0968015/chsims/wav/video_0054/0051.wav
[1920] OK: /hpctmp/scratch/e0968015/chsims/wav/video_0054/0052.wav
[1921] OK: /hpctmp/scratch/e0968015/chsims/wav/video_0054/0053.wav
[1922] OK: /hpctmp/scratch/e0968015/chsims/wav/video_0054/0054.wav
[1923] OK: /hpctmp/scratch/e0968015/chsims/wav/video_0054/0055.wav
[1924] OK: /hpctmp/scratch/e0968015/chsims/wav/video_0054/0056.wav
[1925] OK: /hpctmp/scratch/e0968015/chsims/wav/video_0054/0057.wav
[1926] OK: /hpctmp/scratch/e0968015/chsims/wav/video_0054/0058.wav
[1927] OK: /hpctmp/scratch/e0968015/chsims/wav/video_0054/0059.wav
[1928] OK: /hpctmp/scratch/e0968015/chsims/wav/video_0054/0060.wav
[1929] OK: /hpctmp/scratch/e0968015/chsims/wav/video_0054/0061.wav
[1930] OK: /hpctmp/scratch/e0968015/chsims/wav/video_0054/0062.wav
[1931] OK: /hpctmp/scratch/e0968015/chsims/wav/video_0054/0063.wav
[1932] OK: /hpctmp/scratch/e0968015/chsims/wav/video_0054/0064.wav
[1933] OK: /hpctmp/scratch/e0968015/chsims/wav/video_0054/0065.wav
[1934] OK: /hpctmp/scratch/e0968015/chsims/wav/video_0054/0066.wav
[1935] OK: /hpctmp/scratch/e0968015/chsims/wav/video_0054/0067.wav
[1936] OK: /hpctmp/scratch/e0968015/chsims/wav/video_0054/0068.wav
[1937] OK: /hpctmp/scratch/e0968015/chsims/wav/video_0054/0069.wav
[1938] OK: /hpctmp/scratch/e0968015/chsims/wav/video_0054/0070.wav
[1939] OK: /hpctmp/scratch/e0968015/chsims/wav/video_0054/0071.wav
[1940] OK: /hpctmp/scratch/e0968015/chsims/wav/video_0054/0072.wav
[1941] OK: /hpctmp/scratch/e0968015/chsims/wav/video_0054/0073.wav
[1942] OK: /hpctmp/scratch/e0968015/chsims/wav/video_0054/0074.wav
[1943] OK: /hpctmp/scratch/e0968015/chsims/wav/video_0054/0075.wav
[1944] OK: /hpctmp/scratch/e0968015/chsims/wav/video_0054/0076.wav
[1945] OK: /hpctmp/scratch/e0968015/chsims/wav/video_0054/0077.wav
[1946] OK: /hpctmp/scratch/e0968015/chsims/wav/video_0054/0078.wav
[1947] OK: /hpctmp/scratch/e0968015/chsims/wav/video_0054/0079.wav
[1948] OK: /hpctmp/scratch/e0968015/chsims/wav/video_0054/0080.wav
[1949] OK: /hpctmp/scratch/e0968015/chsims/wav/video_0054/0081.wav
[1950] OK: /hpctmp/scratch/e0968015/chsims/wav/video_0054/0082.wav
[1951] OK: /hpctmp/scratch/e0968015/chsims/wav/video_0054/0083.wav
[1952] OK: /hpctmp/scratch/e0968015/chsims/wav/video_0054/0084.wav
[1953] OK: /hpctmp/scratch/e0968015/chsims/wav/video_0054/0085.wav
[1954] OK: /hpctmp/scratch/e0968015/chsims/wav/video_0054/0086.wav
[1955] OK: /hpctmp/scratch/e0968015/chsims/wav/video_0054/0087.wav
[1956] OK: /hpctmp/scratch/e0968015/chsims/wav/video_0054/0088.wav
[1957] OK: /hpctmp/scratch/e0968015/chsims/wav/video_0054/0089.wav
[1958] OK: /hpctmp/scratch/e0968015/chsims/wav/video_0054/0090.wav
[1959] OK: /hpctmp/scratch/e0968015/chsims/wav/video_0054/0091.wav
[1960] OK: /hpctmp/scratch/e0968015/chsims/wav/video_0054/0092.wav
[1961] OK: /hpctmp/scratch/e0968015/chsims/wav/video_0054/0093.wav
[1962] OK: /hpctmp/scratch/e0968015/chsims/wav/video_0054/0094.wav
[1963] OK: /hpctmp/scratch/e0968015/chsims/wav/video_0054/0095.wav
[1964] OK: /hpctmp/scratch/e0968015/chsims/wav/video_0054/0096.wav
[1965] OK: /hpctmp/scratch/e0968015/chsims/wav/video_0054/0097.wav
[1966] OK: /hpctmp/scratch/e0968015/chsims/wav/video_0054/0098.wav
[1967] OK: /hpctmp/scratch/e0968015/chsims/wav/video_0054/0099.wav
[1968] OK: /hpctmp/scratch/e0968015/chsims/wav/video_0054/0100.wav
[1969] OK: /hpctmp/scratch/e0968015/chsims/wav/video_0054/0101.wav
[1970] OK: /hpctmp/scratch/e0968015/chsims/wav/video_0054/0102.wav
[1971] OK: /hpctmp/scratch/e0968015/chsims/wav/video_0054/0103.wav
[1972] OK: /hpctmp/scratch/e0968015/chsims/wav/video_0054/0104.wav
[1973] OK: /hpctmp/scratch/e0968015/chsims/wav/video_0054/0105.wav
[1974] OK: /hpctmp/scratch/e0968015/chsims/wav/video_0054/0106.wav
[1975] OK: /hpctmp/scratch/e0968015/chsims/wav/video_0054/0107.wav
[1976] OK: /hpctmp/scratch/e0968015/chsims/wav/video_0054/0108.wav
[1977] OK: /hpctmp/scratch/e0968015/chsims/wav/video_0054/0109.wav
[1978] OK: /hpctmp/scratch/e0968015/chsims/wav/video_0054/0110.wav
[1979] OK: /hpctmp/scratch/e0968015/chsims/wav/video_0054/0111.wav
[1980] OK: /hpctmp/scratch/e0968015/chsims/wav/video_0054/0112.wav
[1981] OK: /hpctmp/scratch/e0968015/chsims/wav/video_0054/0113.wav
[1982] OK: /hpctmp/scratch/e0968015/chsims/wav/video_0054/0114.wav
[1983] OK: /hpctmp/scratch/e0968015/chsims/wav/video_0054/0115.wav
[1984] OK: /hpctmp/scratch/e0968015/chsims/wav/video_0054/0116.wav
[1985] OK: /hpctmp/scratch/e0968015/chsims/wav/video_0054/0117.wav
[1986] OK: /hpctmp/scratch/e0968015/chsims/wav/video_0054/0118.wav
[1987] OK: /hpctmp/scratch/e0968015/chsims/wav/video_0054/0119.wav
[1988] OK: /hpctmp/scratch/e0968015/chsims/wav/video_0054/0120.wav
[1989] OK: /hpctmp/scratch/e0968015/chsims/wav/video_0054/0121.wav
[1990] OK: /hpctmp/scratch/e0968015/chsims/wav/video_0054/0122.wav
[1991] OK: /hpctmp/scratch/e0968015/chsims/wav/video_0054/0123.wav
[1992] OK: /hpctmp/scratch/e0968015/chsims/wav/video_0054/0124.wav
[1993] OK: /hpctmp/scratch/e0968015/chsims/wav/video_0054/0125.wav
[1994] OK: /hpctmp/scratch/e0968015/chsims/wav/video_0054/0126.wav
[1995] OK: /hpctmp/scratch/e0968015/chsims/wav/video_0054/0127.wav
[1996] OK: /hpctmp/scratch/e0968015/chsims/wav/video_0054/0128.wav
[1997] OK: /hpctmp/scratch/e0968015/chsims/wav/video_0054/0129.wav
[1998] OK: /hpctmp/scratch/e0968015/chsims/wav/video_0054/0130.wav
[1999] OK: /hpctmp/scratch/e0968015/chsims/wav/video_0054/0131.wav
[2000] OK: /hpctmp/scratch/e0968015/chsims/wav/video_0054/0132.wav
[2001] OK: /hpctmp/scratch/e0968015/chsims/wav/video_0054/0133.wav
[2002] OK: /hpctmp/scratch/e0968015/chsims/wav/video_0054/0134.wav
[2003] OK: /hpctmp/scratch/e0968015/chsims/wav/video_0054/0135.wav
[2004] OK: /hpctmp/scratch/e0968015/chsims/wav/video_0054/0136.wav
[2005] OK: /hpctmp/scratch/e0968015/chsims/wav/video_0054/0137.wav
[2006] OK: /hpctmp/scratch/e0968015/chsims/wav/video_0054/0138.wav
[2007] OK: /hpctmp/scratch/e0968015/chsims/wav/video_0054/0139.wav
[2008] OK: /hpctmp/scratch/e0968015/chsims/wav/video_0054/0140.wav
[2009] OK: /hpctmp/scratch/e0968015/chsims/wav/video_0054/0141.wav
[2010] OK: /hpctmp/scratch/e0968015/chsims/wav/video_0054/0142.wav
[2011] OK: /hpctmp/scratch/e0968015/chsims/wav/video_0054/0143.wav
[2012] OK: /hpctmp/scratch/e0968015/chsims/wav/video_0054/0144.wav
[2013] OK: /hpctmp/scratch/e0968015/chsims/wav/video_0054/0145.wav
[2014] OK: /hpctmp/scratch/e0968015/chsims/wav/video_0054/0146.wav
[2015] OK: /hpctmp/scratch/e0968015/chsims/wav/video_0054/0147.wav
[2016] OK: /hpctmp/scratch/e0968015/chsims/wav/video_0054/0148.wav
[2017] OK: /hpctmp/scratch/e0968015/chsims/wav/video_0054/0149.wav
[2018] OK: /hpctmp/scratch/e0968015/chsims/wav/video_0054/0150.wav
[2019] OK: /hpctmp/scratch/e0968015/chsims/wav/video_0054/0151.wav
[2020] OK: /hpctmp/scratch/e0968015/chsims/wav/video_0054/0152.wav
[2021] OK: /hpctmp/scratch/e0968015/chsims/wav/video_0054/0153.wav
[2022] OK: /hpctmp/scratch/e0968015/chsims/wav/video_0054/0154.wav
[2023] OK: /hpctmp/scratch/e0968015/chsims/wav/video_0054/0155.wav
[2024] OK: /hpctmp/scratch/e0968015/chsims/wav/video_0054/0156.wav
[2025] OK: /hpctmp/scratch/e0968015/chsims/wav/video_0054/0157.wav
[2026] OK: /hpctmp/scratch/e0968015/chsims/wav/video_0054/0158.wav
[2027] OK: /hpctmp/scratch/e0968015/chsims/wav/video_0054/0159.wav
[2028] OK: /hpctmp/scratch/e0968015/chsims/wav/video_0054/0160.wav
[2029] OK: /hpctmp/scratch/e0968015/chsims/wav/video_0054/0161.wav
[2030] OK: /hpctmp/scratch/e0968015/chsims/wav/video_0054/0162.wav
[2031] OK: /hpctmp/scratch/e0968015/chsims/wav/video_0054/0163.wav
[2032] OK: /hpctmp/scratch/e0968015/chsims/wav/video_0054/0164.wav
[2033] OK: /hpctmp/scratch/e0968015/chsims/wav/video_0054/0165.wav
[2034] OK: /hpctmp/scratch/e0968015/chsims/wav/video_0054/0166.wav
[2035] OK: /hpctmp/scratch/e0968015/chsims/wav/video_0054/0167.wav
[2036] OK: /hpctmp/scratch/e0968015/chsims/wav/video_0054/0168.wav
[2037] OK: /hpctmp/scratch/e0968015/chsims/wav/video_0054/0169.wav
[2038] OK: /hpctmp/scratch/e0968015/chsims/wav/video_0054/0170.wav
[2039] OK: /hpctmp/scratch/e0968015/chsims/wav/video_0054/0171.wav
[2040] OK: /hpctmp/scratch/e0968015/chsims/wav/video_0054/0172.wav
[2041] OK: /hpctmp/scratch/e0968015/chsims/wav/video_0054/0173.wav
[2042] OK: /hpctmp/scratch/e0968015/chsims/wav/video_0054/0174.wav
[2043] OK: /hpctmp/scratch/e0968015/chsims/wav/video_0054/0175.wav
[2044] OK: /hpctmp/scratch/e0968015/chsims/wav/video_0054/0176.wav
[2045] OK: /hpctmp/scratch/e0968015/chsims/wav/video_0054/0177.wav
[2046] OK: /hpctmp/scratch/e0968015/chsims/wav/video_0054/0178.wav
[2047] OK: /hpctmp/scratch/e0968015/chsims/wav/video_0054/0179.wav
[2048] OK: /hpctmp/scratch/e0968015/chsims/wav/video_0054/0180.wav
[2049] OK: /hpctmp/scratch/e0968015/chsims/wav/video_0054/0181.wav
[2050] OK: /hpctmp/scratch/e0968015/chsims/wav/video_0054/0182.wav
[2051] OK: /hpctmp/scratch/e0968015/chsims/wav/video_0054/0183.wav
[2052] OK: /hpctmp/scratch/e0968015/chsims/wav/video_0054/0184.wav
[2053] OK: /hpctmp/scratch/e0968015/chsims/wav/video_0054/0185.wav
[2054] OK: /hpctmp/scratch/e0968015/chsims/wav/video_0054/0186.wav
[2055] OK: /hpctmp/scratch/e0968015/chsims/wav/video_0054/0187.wav
[2056] OK: /hpctmp/scratch/e0968015/chsims/wav/video_0054/0188.wav
[2057] OK: /hpctmp/scratch/e0968015/chsims/wav/video_0055/0001.wav
[2058] OK: /hpctmp/scratch/e0968015/chsims/wav/video_0055/0002.wav
[2059] OK: /hpctmp/scratch/e0968015/chsims/wav/video_0055/0003.wav
[2060] OK: /hpctmp/scratch/e0968015/chsims/wav/video_0055/0004.wav
[2061] OK: /hpctmp/scratch/e0968015/chsims/wav/video_0055/0005.wav
[2062] OK: /hpctmp/scratch/e0968015/chsims/wav/video_0055/0006.wav
[2063] OK: /hpctmp/scratch/e0968015/chsims/wav/video_0055/0007.wav
[2064] OK: /hpctmp/scratch/e0968015/chsims/wav/video_0055/0008.wav
[2065] OK: /hpctmp/scratch/e0968015/chsims/wav/video_0055/0009.wav
[2066] OK: /hpctmp/scratch/e0968015/chsims/wav/video_0055/0010.wav
[2067] OK: /hpctmp/scratch/e0968015/chsims/wav/video_0055/0011.wav
[2068] OK: /hpctmp/scratch/e0968015/chsims/wav/video_0055/0012.wav
[2069] OK: /hpctmp/scratch/e0968015/chsims/wav/video_0055/0013.wav
[2070] OK: /hpctmp/scratch/e0968015/chsims/wav/video_0055/0014.wav
[2071] OK: /hpctmp/scratch/e0968015/chsims/wav/video_0055/0015.wav
[2072] OK: /hpctmp/scratch/e0968015/chsims/wav/video_0055/0016.wav
[2073] OK: /hpctmp/scratch/e0968015/chsims/wav/video_0055/0017.wav
[2074] OK: /hpctmp/scratch/e0968015/chsims/wav/video_0055/0018.wav
[2075] OK: /hpctmp/scratch/e0968015/chsims/wav/video_0055/0019.wav
[2076] OK: /hpctmp/scratch/e0968015/chsims/wav/video_0055/0020.wav
[2077] OK: /hpctmp/scratch/e0968015/chsims/wav/video_0055/0021.wav
[2078] OK: /hpctmp/scratch/e0968015/chsims/wav/video_0055/0022.wav
[2079] OK: /hpctmp/scratch/e0968015/chsims/wav/video_0055/0023.wav
[2080] OK: /hpctmp/scratch/e0968015/chsims/wav/video_0055/0024.wav
[2081] OK: /hpctmp/scratch/e0968015/chsims/wav/video_0055/0025.wav
[2082] OK: /hpctmp/scratch/e0968015/chsims/wav/video_0055/0026.wav
[2083] OK: /hpctmp/scratch/e0968015/chsims/wav/video_0055/0027.wav
[2084] OK: /hpctmp/scratch/e0968015/chsims/wav/video_0055/0028.wav
[2085] OK: /hpctmp/scratch/e0968015/chsims/wav/video_0055/0029.wav
[2086] OK: /hpctmp/scratch/e0968015/chsims/wav/video_0055/0030.wav
[2087] OK: /hpctmp/scratch/e0968015/chsims/wav/video_0055/0031.wav
[2088] OK: /hpctmp/scratch/e0968015/chsims/wav/video_0055/0032.wav
[2089] OK: /hpctmp/scratch/e0968015/chsims/wav/video_0055/0033.wav
[2090] OK: /hpctmp/scratch/e0968015/chsims/wav/video_0055/0034.wav
[2091] OK: /hpctmp/scratch/e0968015/chsims/wav/video_0055/0035.wav
[2092] OK: /hpctmp/scratch/e0968015/chsims/wav/video_0056/0001.wav
[2093] OK: /hpctmp/scratch/e0968015/chsims/wav/video_0056/0002.wav
[2094] OK: /hpctmp/scratch/e0968015/chsims/wav/video_0056/0003.wav
[2095] OK: /hpctmp/scratch/e0968015/chsims/wav/video_0056/0004.wav
[2096] OK: /hpctmp/scratch/e0968015/chsims/wav/video_0056/0005.wav
[2097] OK: /hpctmp/scratch/e0968015/chsims/wav/video_0056/0006.wav
[2098] OK: /hpctmp/scratch/e0968015/chsims/wav/video_0056/0007.wav
[2099] OK: /hpctmp/scratch/e0968015/chsims/wav/video_0056/0008.wav
[2100] OK: /hpctmp/scratch/e0968015/chsims/wav/video_0056/0009.wav
[2101] OK: /hpctmp/scratch/e0968015/chsims/wav/video_0056/0010.wav
[2102] OK: /hpctmp/scratch/e0968015/chsims/wav/video_0056/0011.wav
[2103] OK: /hpctmp/scratch/e0968015/chsims/wav/video_0056/0012.wav
[2104] OK: /hpctmp/scratch/e0968015/chsims/wav/video_0056/0013.wav
[2105] OK: /hpctmp/scratch/e0968015/chsims/wav/video_0056/0014.wav
[2106] OK: /hpctmp/scratch/e0968015/chsims/wav/video_0056/0015.wav
[2107] OK: /hpctmp/scratch/e0968015/chsims/wav/video_0056/0016.wav
[2108] OK: /hpctmp/scratch/e0968015/chsims/wav/video_0056/0017.wav
[2109] OK: /hpctmp/scratch/e0968015/chsims/wav/video_0056/0018.wav
[2110] OK: /hpctmp/scratch/e0968015/chsims/wav/video_0056/0019.wav
[2111] OK: /hpctmp/scratch/e0968015/chsims/wav/video_0056/0020.wav
[2112] OK: /hpctmp/scratch/e0968015/chsims/wav/video_0056/0021.wav
[2113] OK: /hpctmp/scratch/e0968015/chsims/wav/video_0056/0022.wav
[2114] OK: /hpctmp/scratch/e0968015/chsims/wav/video_0056/0023.wav
[2115] OK: /hpctmp/scratch/e0968015/chsims/wav/video_0056/0024.wav
[2116] OK: /hpctmp/scratch/e0968015/chsims/wav/video_0056/0025.wav
[2117] OK: /hpctmp/scratch/e0968015/chsims/wav/video_0056/0026.wav
[2118] OK: /hpctmp/scratch/e0968015/chsims/wav/video_0056/0027.wav
[2119] OK: /hpctmp/scratch/e0968015/chsims/wav/video_0056/0028.wav
[2120] OK: /hpctmp/scratch/e0968015/chsims/wav/video_0056/0029.wav
[2121] OK: /hpctmp/scratch/e0968015/chsims/wav/video_0056/0030.wav
[2122] OK: /hpctmp/scratch/e0968015/chsims/wav/video_0056/0031.wav
[2123] OK: /hpctmp/scratch/e0968015/chsims/wav/video_0056/0032.wav
[2124] OK: /hpctmp/scratch/e0968015/chsims/wav/video_0056/0033.wav
[2125] OK: /hpctmp/scratch/e0968015/chsims/wav/video_0056/0034.wav
[2126] OK: /hpctmp/scratch/e0968015/chsims/wav/video_0056/0035.wav
[2127] OK: /hpctmp/scratch/e0968015/chsims/wav/video_0056/0036.wav
[2128] OK: /hpctmp/scratch/e0968015/chsims/wav/video_0056/0037.wav
[2129] OK: /hpctmp/scratch/e0968015/chsims/wav/video_0056/0038.wav
[2130] OK: /hpctmp/scratch/e0968015/chsims/wav/video_0056/0039.wav
[2131] OK: /hpctmp/scratch/e0968015/chsims/wav/video_0056/0040.wav
[2132] OK: /hpctmp/scratch/e0968015/chsims/wav/video_0056/0041.wav
[2133] OK: /hpctmp/scratch/e0968015/chsims/wav/video_0056/0042.wav
[2134] OK: /hpctmp/scratch/e0968015/chsims/wav/video_0056/0043.wav
[2135] OK: /hpctmp/scratch/e0968015/chsims/wav/video_0056/0044.wav
[2136] OK: /hpctmp/scratch/e0968015/chsims/wav/video_0056/0045.wav
[2137] OK: /hpctmp/scratch/e0968015/chsims/wav/video_0056/0046.wav
[2138] OK: /hpctmp/scratch/e0968015/chsims/wav/video_0056/0047.wav
[2139] OK: /hpctmp/scratch/e0968015/chsims/wav/video_0056/0048.wav
[2140] OK: /hpctmp/scratch/e0968015/chsims/wav/video_0056/0049.wav
[2141] OK: /hpctmp/scratch/e0968015/chsims/wav/video_0056/0050.wav
[2142] OK: /hpctmp/scratch/e0968015/chsims/wav/video_0056/0051.wav
[2143] OK: /hpctmp/scratch/e0968015/chsims/wav/video_0056/0052.wav
[2144] OK: /hpctmp/scratch/e0968015/chsims/wav/video_0056/0053.wav
[2145] OK: /hpctmp/scratch/e0968015/chsims/wav/video_0056/0054.wav
[2146] OK: /hpctmp/scratch/e0968015/chsims/wav/video_0056/0055.wav
[2147] OK: /hpctmp/scratch/e0968015/chsims/wav/video_0056/0056.wav
[2148] OK: /hpctmp/scratch/e0968015/chsims/wav/video_0056/0057.wav
[2149] OK: /hpctmp/scratch/e0968015/chsims/wav/video_0056/0058.wav
[2150] OK: /hpctmp/scratch/e0968015/chsims/wav/video_0056/0059.wav
[2151] OK: /hpctmp/scratch/e0968015/chsims/wav/video_0056/0060.wav
[2152] OK: /hpctmp/scratch/e0968015/chsims/wav/video_0056/0061.wav
[2153] OK: /hpctmp/scratch/e0968015/chsims/wav/video_0056/0062.wav
[2154] OK: /hpctmp/scratch/e0968015/chsims/wav/video_0056/0063.wav
[2155] OK: /hpctmp/scratch/e0968015/chsims/wav/video_0056/0064.wav
[2156] OK: /hpctmp/scratch/e0968015/chsims/wav/video_0056/0065.wav
[2157] OK: /hpctmp/scratch/e0968015/chsims/wav/video_0056/0066.wav
[2158] OK: /hpctmp/scratch/e0968015/chsims/wav/video_0056/0067.wav
[2159] OK: /hpctmp/scratch/e0968015/chsims/wav/video_0056/0068.wav
[2160] OK: /hpctmp/scratch/e0968015/chsims/wav/video_0056/0069.wav
[2161] OK: /hpctmp/scratch/e0968015/chsims/wav/video_0056/0070.wav
[2162] OK: /hpctmp/scratch/e0968015/chsims/wav/video_0056/0071.wav
[2163] OK: /hpctmp/scratch/e0968015/chsims/wav/video_0056/0072.wav
[2164] OK: /hpctmp/scratch/e0968015/chsims/wav/video_0056/0073.wav
[2165] OK: /hpctmp/scratch/e0968015/chsims/wav/video_0056/0074.wav
[2166] OK: /hpctmp/scratch/e0968015/chsims/wav/video_0056/0075.wav
[2167] OK: /hpctmp/scratch/e0968015/chsims/wav/video_0056/0076.wav
[2168] OK: /hpctmp/scratch/e0968015/chsims/wav/video_0056/0077.wav
[2169] OK: /hpctmp/scratch/e0968015/chsims/wav/video_0056/0078.wav
[2170] OK: /hpctmp/scratch/e0968015/chsims/wav/video_0056/0079.wav
[2171] OK: /hpctmp/scratch/e0968015/chsims/wav/video_0056/0080.wav
[2172] OK: /hpctmp/scratch/e0968015/chsims/wav/video_0056/0081.wav
[2173] OK: /hpctmp/scratch/e0968015/chsims/wav/video_0056/0082.wav
[2174] OK: /hpctmp/scratch/e0968015/chsims/wav/video_0056/0083.wav
[2175] OK: /hpctmp/scratch/e0968015/chsims/wav/video_0056/0084.wav
[2176] OK: /hpctmp/scratch/e0968015/chsims/wav/video_0056/0085.wav
[2177] OK: /hpctmp/scratch/e0968015/chsims/wav/video_0056/0086.wav
[2178] OK: /hpctmp/scratch/e0968015/chsims/wav/video_0056/0087.wav
[2179] OK: /hpctmp/scratch/e0968015/chsims/wav/video_0056/0088.wav
[2180] OK: /hpctmp/scratch/e0968015/chsims/wav/video_0056/0089.wav
[2181] OK: /hpctmp/scratch/e0968015/chsims/wav/video_0056/0090.wav
[2182] OK: /hpctmp/scratch/e0968015/chsims/wav/video_0056/0091.wav
[2183] OK: /hpctmp/scratch/e0968015/chsims/wav/video_0057/0001.wav
[2184] OK: /hpctmp/scratch/e0968015/chsims/wav/video_0057/0002.wav
[2185] OK: /hpctmp/scratch/e0968015/chsims/wav/video_0057/0003.wav
[2186] OK: /hpctmp/scratch/e0968015/chsims/wav/video_0057/0004.wav
[2187] OK: /hpctmp/scratch/e0968015/chsims/wav/video_0057/0005.wav
[2188] OK: /hpctmp/scratch/e0968015/chsims/wav/video_0057/0006.wav
[2189] OK: /hpctmp/scratch/e0968015/chsims/wav/video_0057/0007.wav
[2190] OK: /hpctmp/scratch/e0968015/chsims/wav/video_0057/0008.wav
[2191] OK: /hpctmp/scratch/e0968015/chsims/wav/video_0057/0009.wav
[2192] OK: /hpctmp/scratch/e0968015/chsims/wav/video_0057/0010.wav
[2193] OK: /hpctmp/scratch/e0968015/chsims/wav/video_0057/0011.wav
[2194] OK: /hpctmp/scratch/e0968015/chsims/wav/video_0057/0012.wav
[2195] OK: /hpctmp/scratch/e0968015/chsims/wav/video_0057/0013.wav
[2196] OK: /hpctmp/scratch/e0968015/chsims/wav/video_0057/0014.wav
[2197] OK: /hpctmp/scratch/e0968015/chsims/wav/video_0057/0015.wav
[2198] OK: /hpctmp/scratch/e0968015/chsims/wav/video_0057/0016.wav
[2199] OK: /hpctmp/scratch/e0968015/chsims/wav/video_0057/0017.wav
[2200] OK: /hpctmp/scratch/e0968015/chsims/wav/video_0057/0018.wav
[2201] OK: /hpctmp/scratch/e0968015/chsims/wav/video_0057/0019.wav
[2202] OK: /hpctmp/scratch/e0968015/chsims/wav/video_0057/0020.wav
[2203] OK: /hpctmp/scratch/e0968015/chsims/wav/video_0057/0021.wav
[2204] OK: /hpctmp/scratch/e0968015/chsims/wav/video_0057/0022.wav
[2205] OK: /hpctmp/scratch/e0968015/chsims/wav/video_0057/0023.wav
[2206] OK: /hpctmp/scratch/e0968015/chsims/wav/video_0057/0024.wav
[2207] OK: /hpctmp/scratch/e0968015/chsims/wav/video_0057/0025.wav
[2208] OK: /hpctmp/scratch/e0968015/chsims/wav/video_0058/0001.wav
[2209] OK: /hpctmp/scratch/e0968015/chsims/wav/video_0058/0002.wav
[2210] OK: /hpctmp/scratch/e0968015/chsims/wav/video_0058/0003.wav
[2211] OK: /hpctmp/scratch/e0968015/chsims/wav/video_0058/0004.wav
[2212] OK: /hpctmp/scratch/e0968015/chsims/wav/video_0058/0005.wav
[2213] OK: /hpctmp/scratch/e0968015/chsims/wav/video_0058/0006.wav
[2214] OK: /hpctmp/scratch/e0968015/chsims/wav/video_0058/0007.wav
[2215] OK: /hpctmp/scratch/e0968015/chsims/wav/video_0058/0008.wav
[2216] OK: /hpctmp/scratch/e0968015/chsims/wav/video_0058/0009.wav
[2217] OK: /hpctmp/scratch/e0968015/chsims/wav/video_0058/0010.wav
[2218] OK: /hpctmp/scratch/e0968015/chsims/wav/video_0058/0011.wav
[2219] OK: /hpctmp/scratch/e0968015/chsims/wav/video_0058/0012.wav
[2220] OK: /hpctmp/scratch/e0968015/chsims/wav/video_0058/0013.wav
[2221] OK: /hpctmp/scratch/e0968015/chsims/wav/video_0058/0014.wav
[2222] OK: /hpctmp/scratch/e0968015/chsims/wav/video_0058/0015.wav
[2223] OK: /hpctmp/scratch/e0968015/chsims/wav/video_0058/0016.wav
[2224] OK: /hpctmp/scratch/e0968015/chsims/wav/video_0059/0001.wav
[2225] OK: /hpctmp/scratch/e0968015/chsims/wav/video_0059/0002.wav
[2226] OK: /hpctmp/scratch/e0968015/chsims/wav/video_0059/0003.wav
[2227] OK: /hpctmp/scratch/e0968015/chsims/wav/video_0059/0004.wav
[2228] OK: /hpctmp/scratch/e0968015/chsims/wav/video_0059/0005.wav
[2229] OK: /hpctmp/scratch/e0968015/chsims/wav/video_0059/0006.wav
[2230] OK: /hpctmp/scratch/e0968015/chsims/wav/video_0059/0007.wav
[2231] OK: /hpctmp/scratch/e0968015/chsims/wav/video_0059/0008.wav
[2232] OK: /hpctmp/scratch/e0968015/chsims/wav/video_0059/0009.wav
[2233] OK: /hpctmp/scratch/e0968015/chsims/wav/video_0059/0010.wav
[2234] OK: /hpctmp/scratch/e0968015/chsims/wav/video_0059/0011.wav
[2235] OK: /hpctmp/scratch/e0968015/chsims/wav/video_0059/0012.wav
[2236] OK: /hpctmp/scratch/e0968015/chsims/wav/video_0059/0013.wav
[2237] OK: /hpctmp/scratch/e0968015/chsims/wav/video_0059/0014.wav
[2238] OK: /hpctmp/scratch/e0968015/chsims/wav/video_0059/0015.wav
[2239] OK: /hpctmp/scratch/e0968015/chsims/wav/video_0060/0001.wav
[2240] OK: /hpctmp/scratch/e0968015/chsims/wav/video_0060/0002.wav
[2241] OK: /hpctmp/scratch/e0968015/chsims/wav/video_0060/0003.wav
[2242] OK: /hpctmp/scratch/e0968015/chsims/wav/video_0060/0004.wav
[2243] OK: /hpctmp/scratch/e0968015/chsims/wav/video_0060/0005.wav
[2244] OK: /hpctmp/scratch/e0968015/chsims/wav/video_0060/0006.wav
[2245] OK: /hpctmp/scratch/e0968015/chsims/wav/video_0060/0007.wav
[2246] OK: /hpctmp/scratch/e0968015/chsims/wav/video_0060/0008.wav
[2247] OK: /hpctmp/scratch/e0968015/chsims/wav/video_0060/0009.wav
[2248] OK: /hpctmp/scratch/e0968015/chsims/wav/video_0060/0010.wav
[2249] OK: /hpctmp/scratch/e0968015/chsims/wav/video_0060/0011.wav
[2250] OK: /hpctmp/scratch/e0968015/chsims/wav/video_0060/0012.wav
[2251] OK: /hpctmp/scratch/e0968015/chsims/wav/video_0060/0013.wav
[2252] OK: /hpctmp/scratch/e0968015/chsims/wav/video_0060/0014.wav
[2253] OK: /hpctmp/scratch/e0968015/chsims/wav/video_0060/0015.wav
[2254] OK: /hpctmp/scratch/e0968015/chsims/wav/video_0060/0016.wav
[2255] OK: /hpctmp/scratch/e0968015/chsims/wav/video_0060/0017.wav
[2256] OK: /hpctmp/scratch/e0968015/chsims/wav/video_0060/0018.wav
[2257] OK: /hpctmp/scratch/e0968015/chsims/wav/video_0060/0019.wav
[2258] OK: /hpctmp/scratch/e0968015/chsims/wav/video_0060/0020.wav
[2259] OK: /hpctmp/scratch/e0968015/chsims/wav/video_0060/0021.wav
[2260] OK: /hpctmp/scratch/e0968015/chsims/wav/video_0060/0022.wav
[2261] OK: /hpctmp/scratch/e0968015/chsims/wav/video_0060/0023.wav
[2262] OK: /hpctmp/scratch/e0968015/chsims/wav/video_0060/0024.wav
[2263] OK: /hpctmp/scratch/e0968015/chsims/wav/video_0060/0025.wav
[2264] OK: /hpctmp/scratch/e0968015/chsims/wav/video_0060/0026.wav
[2265] OK: /hpctmp/scratch/e0968015/chsims/wav/video_0060/0027.wav
[2266] OK: /hpctmp/scratch/e0968015/chsims/wav/video_0060/0028.wav
[2267] OK: /hpctmp/scratch/e0968015/chsims/wav/video_0060/0029.wav
[2268] OK: /hpctmp/scratch/e0968015/chsims/wav/video_0060/0030.wav
[2269] OK: /hpctmp/scratch/e0968015/chsims/wav/video_0060/0031.wav
[2270] OK: /hpctmp/scratch/e0968015/chsims/wav/video_0060/0032.wav
[2271] OK: /hpctmp/scratch/e0968015/chsims/wav/video_0060/0033.wav
[2272] OK: /hpctmp/scratch/e0968015/chsims/wav/video_0060/0034.wav
[2273] OK: /hpctmp/scratch/e0968015/chsims/wav/video_0060/0035.wav
[2274] OK: /hpctmp/scratch/e0968015/chsims/wav/video_0060/0036.wav
[2275] OK: /hpctmp/scratch/e0968015/chsims/wav/video_0060/0037.wav
[2276] OK: /hpctmp/scratch/e0968015/chsims/wav/video_0060/0038.wav
[2277] OK: /hpctmp/scratch/e0968015/chsims/wav/video_0060/0039.wav
[2278] OK: /hpctmp/scratch/e0968015/chsims/wav/video_0060/0040.wav
[2279] OK: /hpctmp/scratch/e0968015/chsims/wav/video_0060/0041.wav
[2280] OK: /hpctmp/scratch/e0968015/chsims/wav/video_0060/0042.wav
[2281] OK: /hpctmp/scratch/e0968015/chsims/wav/video_0060/0043.wav
[2282] OK: /hpctmp/scratch/e0968015/chsims/wav/csbgs2_0001/00000.wav
[2283] OK: /hpctmp/scratch/e0968015/chsims/wav/csbgs2_0001/00001.wav
[2284] OK: /hpctmp/scratch/e0968015/chsims/wav/csbgs2_0001/00002.wav
[2285] OK: /hpctmp/scratch/e0968015/chsims/wav/csbgs2_0001/00003.wav
[2286] OK: /hpctmp/scratch/e0968015/chsims/wav/csbgs2_0001/00004.wav
[2287] OK: /hpctmp/scratch/e0968015/chsims/wav/csbgs2_0001/00005.wav
[2288] OK: /hpctmp/scratch/e0968015/chsims/wav/csbgs2_0001/00006.wav
[2289] OK: /hpctmp/scratch/e0968015/chsims/wav/csbgs2_0001/00007.wav
[2290] OK: /hpctmp/scratch/e0968015/chsims/wav/csbgs2_0001/00008.wav
[2291] OK: /hpctmp/scratch/e0968015/chsims/wav/csbgs2_0001/00009.wav
[2292] OK: /hpctmp/scratch/e0968015/chsims/wav/csbgs2_0001/00010.wav
[2293] OK: /hpctmp/scratch/e0968015/chsims/wav/csbgs2_0001/00011.wav
[2294] OK: /hpctmp/scratch/e0968015/chsims/wav/csbgs2_0001/00012.wav
[2295] OK: /hpctmp/scratch/e0968015/chsims/wav/csbgs2_0001/00013.wav
[2296] OK: /hpctmp/scratch/e0968015/chsims/wav/csbgs2_0001/00015.wav
[2297] OK: /hpctmp/scratch/e0968015/chsims/wav/csbgs2_0001/00016.wav
[2298] OK: /hpctmp/scratch/e0968015/chsims/wav/csbgs2_0001/00017.wav
[2299] OK: /hpctmp/scratch/e0968015/chsims/wav/csbgs2_0001/00018.wav
[2300] OK: /hpctmp/scratch/e0968015/chsims/wav/csbgs2_0001/00019.wav
[2301] OK: /hpctmp/scratch/e0968015/chsims/wav/csbgs2_0001/00020.wav
[2302] OK: /hpctmp/scratch/e0968015/chsims/wav/csbgs2_0001/00021.wav
[2303] OK: /hpctmp/scratch/e0968015/chsims/wav/csbgs2_0001/00022.wav
[2304] OK: /hpctmp/scratch/e0968015/chsims/wav/csbgs2_0001/00023.wav
[2305] OK: /hpctmp/scratch/e0968015/chsims/wav/csbgs2_0001/00024.wav
[2306] OK: /hpctmp/scratch/e0968015/chsims/wav/csbgs2_0001/00025.wav
[2307] OK: /hpctmp/scratch/e0968015/chsims/wav/csbgs2_0001/00026.wav
[2308] OK: /hpctmp/scratch/e0968015/chsims/wav/csbgs2_0001/00027.wav
[2309] OK: /hpctmp/scratch/e0968015/chsims/wav/csbgs2_0001/00028.wav
[2310] OK: /hpctmp/scratch/e0968015/chsims/wav/csbgs2_0001/00029.wav
[2311] OK: /hpctmp/scratch/e0968015/chsims/wav/csbgs2_0001/00030.wav
[2312] OK: /hpctmp/scratch/e0968015/chsims/wav/csbgs2_0001/00031.wav
[2313] OK: /hpctmp/scratch/e0968015/chsims/wav/csbgs2_0001/00032.wav
[2314] OK: /hpctmp/scratch/e0968015/chsims/wav/csbgs2_0001/00033.wav
[2315] OK: /hpctmp/scratch/e0968015/chsims/wav/csbgs2_0001/00034.wav
[2316] OK: /hpctmp/scratch/e0968015/chsims/wav/csbgs2_0001/00035.wav
[2317] OK: /hpctmp/scratch/e0968015/chsims/wav/csbgs2_0001/00036.wav
[2318] OK: /hpctmp/scratch/e0968015/chsims/wav/csbgs2_0002/00000.wav
[2319] OK: /hpctmp/scratch/e0968015/chsims/wav/csbgs2_0002/00001.wav
[2320] OK: /hpctmp/scratch/e0968015/chsims/wav/csbgs2_0002/00002.wav
[2321] OK: /hpctmp/scratch/e0968015/chsims/wav/csbgs2_0002/00003.wav
[2322] OK: /hpctmp/scratch/e0968015/chsims/wav/csbgs2_0002/00004.wav
[2323] OK: /hpctmp/scratch/e0968015/chsims/wav/csbgs2_0002/00005.wav
[2324] OK: /hpctmp/scratch/e0968015/chsims/wav/csbgs2_0002/00006.wav
[2325] OK: /hpctmp/scratch/e0968015/chsims/wav/csbgs2_0002/00007.wav
[2326] OK: /hpctmp/scratch/e0968015/chsims/wav/csbgs2_0002/00008.wav
[2327] OK: /hpctmp/scratch/e0968015/chsims/wav/csbgs2_0002/00009.wav
[2328] OK: /hpctmp/scratch/e0968015/chsims/wav/csbgs2_0002/00010.wav
[2329] OK: /hpctmp/scratch/e0968015/chsims/wav/csbgs2_0002/00011.wav
[2330] OK: /hpctmp/scratch/e0968015/chsims/wav/csbgs2_0002/00012.wav
[2331] OK: /hpctmp/scratch/e0968015/chsims/wav/csbgs2_0002/00013.wav
[2332] OK: /hpctmp/scratch/e0968015/chsims/wav/csbgs2_0002/00014.wav
[2333] OK: /hpctmp/scratch/e0968015/chsims/wav/csbgs2_0002/00015.wav
[2334] OK: /hpctmp/scratch/e0968015/chsims/wav/csbgs2_0002/00016.wav
[2335] OK: /hpctmp/scratch/e0968015/chsims/wav/csbgs2_0002/00017.wav
[2336] OK: /hpctmp/scratch/e0968015/chsims/wav/csbgs2_0002/00018.wav
[2337] OK: /hpctmp/scratch/e0968015/chsims/wav/csbgs2_0002/00019.wav
[2338] OK: /hpctmp/scratch/e0968015/chsims/wav/csbgs2_0002/00020.wav
[2339] OK: /hpctmp/scratch/e0968015/chsims/wav/csbgs2_0003/00000.wav
[2340] OK: /hpctmp/scratch/e0968015/chsims/wav/csbgs2_0003/00001.wav
[2341] OK: /hpctmp/scratch/e0968015/chsims/wav/csbgs2_0003/00002.wav
[2342] OK: /hpctmp/scratch/e0968015/chsims/wav/csbgs2_0003/00003.wav
[2343] OK: /hpctmp/scratch/e0968015/chsims/wav/csbgs2_0003/00004.wav
[2344] OK: /hpctmp/scratch/e0968015/chsims/wav/csbgs2_0003/00005.wav
[2345] OK: /hpctmp/scratch/e0968015/chsims/wav/csbgs2_0003/00006.wav
[2346] OK: /hpctmp/scratch/e0968015/chsims/wav/csbgs2_0003/00007.wav
[2347] OK: /hpctmp/scratch/e0968015/chsims/wav/csbgs2_0003/00010.wav
[2348] OK: /hpctmp/scratch/e0968015/chsims/wav/csbgs2_0003/00011.wav
[2349] OK: /hpctmp/scratch/e0968015/chsims/wav/csbgs2_0003/00012.wav
[2350] OK: /hpctmp/scratch/e0968015/chsims/wav/csbgs2_0003/00013.wav
[2351] OK: /hpctmp/scratch/e0968015/chsims/wav/csbgs2_0003/00014.wav
[2352] OK: /hpctmp/scratch/e0968015/chsims/wav/csbgs2_0003/00015.wav
[2353] OK: /hpctmp/scratch/e0968015/chsims/wav/csbgs2_0003/00016.wav
[2354] OK: /hpctmp/scratch/e0968015/chsims/wav/csbgs2_0003/00017.wav
[2355] OK: /hpctmp/scratch/e0968015/chsims/wav/csbgs2_0003/00018.wav
[2356] OK: /hpctmp/scratch/e0968015/chsims/wav/csbgs2_0003/00019.wav
[2357] OK: /hpctmp/scratch/e0968015/chsims/wav/csbgs2_0003/00021.wav
[2358] OK: /hpctmp/scratch/e0968015/chsims/wav/csbgs2_0003/00022.wav
[2359] OK: /hpctmp/scratch/e0968015/chsims/wav/csbgs2_0003/00023.wav
[2360] OK: /hpctmp/scratch/e0968015/chsims/wav/video_xjzw/00001.wav
[2361] OK: /hpctmp/scratch/e0968015/chsims/wav/video_xjzw/00002.wav
[2362] OK: /hpctmp/scratch/e0968015/chsims/wav/video_xjzw/00003.wav
[2363] OK: /hpctmp/scratch/e0968015/chsims/wav/video_xjzw/00004.wav
[2364] OK: /hpctmp/scratch/e0968015/chsims/wav/video_xjzw/00005.wav
[2365] OK: /hpctmp/scratch/e0968015/chsims/wav/video_xjzw/00006.wav
[2366] OK: /hpctmp/scratch/e0968015/chsims/wav/video_xjzw/00007.wav
[2367] OK: /hpctmp/scratch/e0968015/chsims/wav/video_xjzw/00008.wav
[2368] OK: /hpctmp/scratch/e0968015/chsims/wav/video_xjzw/00009.wav
[2369] OK: /hpctmp/scratch/e0968015/chsims/wav/video_xjzw/00010.wav
[2370] OK: /hpctmp/scratch/e0968015/chsims/wav/video_xjzw/00011.wav
[2371] OK: /hpctmp/scratch/e0968015/chsims/wav/video_xjzw/00012.wav
[2372] OK: /hpctmp/scratch/e0968015/chsims/wav/video_xjzw/00013.wav
[2373] OK: /hpctmp/scratch/e0968015/chsims/wav/video_xjzw/00014.wav
[2374] OK: /hpctmp/scratch/e0968015/chsims/wav/video_xjzw/00015.wav
[2375] OK: /hpctmp/scratch/e0968015/chsims/wav/video_xjzw/00016.wav
[2376] OK: /hpctmp/scratch/e0968015/chsims/wav/video_xjzw/00017.wav
[2377] OK: /hpctmp/scratch/e0968015/chsims/wav/video_xjzw/00018.wav
[2378] OK: /hpctmp/scratch/e0968015/chsims/wav/video_xjzw/00019.wav
[2379] OK: /hpctmp/scratch/e0968015/chsims/wav/video_xjzw/00020.wav
[2380] OK: /hpctmp/scratch/e0968015/chsims/wav/video_xjzw/00021.wav
[2381] OK: /hpctmp/scratch/e0968015/chsims/wav/video_xjzw/00022.wav
[2382] OK: /hpctmp/scratch/e0968015/chsims/wav/video_xjzw/00023.wav
[2383] OK: /hpctmp/scratch/e0968015/chsims/wav/video_xjzw/00024.wav
[2384] OK: /hpctmp/scratch/e0968015/chsims/wav/video_xjzw/00025.wav
[2385] OK: /hpctmp/scratch/e0968015/chsims/wav/video_xjzw/00026.wav
[2386] OK: /hpctmp/scratch/e0968015/chsims/wav/video_xjzw/00027.wav
[2387] OK: /hpctmp/scratch/e0968015/chsims/wav/video_xjzw/00028.wav
[2388] OK: /hpctmp/scratch/e0968015/chsims/wav/video_xjzw/00029.wav
[2389] OK: /hpctmp/scratch/e0968015/chsims/wav/video_xjzw/00030.wav
[2390] OK: /hpctmp/scratch/e0968015/chsims/wav/video_xjzw/00031.wav
[2391] OK: /hpctmp/scratch/e0968015/chsims/wav/video_xjzw/00032.wav
[2392] OK: /hpctmp/scratch/e0968015/chsims/wav/video_xjzw/00033.wav
[2393] OK: /hpctmp/scratch/e0968015/chsims/wav/video_xjzw/00034.wav
[2394] OK: /hpctmp/scratch/e0968015/chsims/wav/video_xjzw/00035.wav
[2395] OK: /hpctmp/scratch/e0968015/chsims/wav/video_xjzw/00036.wav
[2396] OK: /hpctmp/scratch/e0968015/chsims/wav/video_xjzw/00037.wav
[2397] OK: /hpctmp/scratch/e0968015/chsims/wav/video_xjzw/00038.wav
[2398] OK: /hpctmp/scratch/e0968015/chsims/wav/video_xjzw/00039.wav
[2399] OK: /hpctmp/scratch/e0968015/chsims/wav/video_xjzw/00040.wav
[2400] OK: /hpctmp/scratch/e0968015/chsims/wav/video_xjzw/00041.wav
[2401] OK: /hpctmp/scratch/e0968015/chsims/wav/video_xjzw/00042.wav
[2402] OK: /hpctmp/scratch/e0968015/chsims/wav/video_xjzw/00043.wav
[2403] OK: /hpctmp/scratch/e0968015/chsims/wav/video_xjzw/00044.wav
[2404] OK: /hpctmp/scratch/e0968015/chsims/wav/video_xjzw/00045.wav
[2405] OK: /hpctmp/scratch/e0968015/chsims/wav/video_xjzw/00046.wav
[2406] OK: /hpctmp/scratch/e0968015/chsims/wav/video_xjzw/00047.wav
[2407] OK: /hpctmp/scratch/e0968015/chsims/wav/video_xjzw/00048.wav
[2408] OK: /hpctmp/scratch/e0968015/chsims/wav/video_xjzw/00049.wav
[2409] OK: /hpctmp/scratch/e0968015/chsims/wav/video_xjzw/00050.wav
[2410] OK: /hpctmp/scratch/e0968015/chsims/wav/video_xjzw/00051.wav
[2411] OK: /hpctmp/scratch/e0968015/chsims/wav/video_xjzw/00052.wav
[2412] OK: /hpctmp/scratch/e0968015/chsims/wav/video_xjzw/00053.wav
[2413] OK: /hpctmp/scratch/e0968015/chsims/wav/video_xjzw/00054.wav
[2414] OK: /hpctmp/scratch/e0968015/chsims/wav/video_xjzw/00055.wav
[2415] OK: /hpctmp/scratch/e0968015/chsims/wav/video_xjzw/00056.wav
[2416] OK: /hpctmp/scratch/e0968015/chsims/wav/video_xjzw/00057.wav
[2417] OK: /hpctmp/scratch/e0968015/chsims/wav/video_xjzw/00058.wav
[2418] OK: /hpctmp/scratch/e0968015/chsims/wav/video_xjzw/00059.wav
[2419] OK: /hpctmp/scratch/e0968015/chsims/wav/video_xjzw/00060.wav
[2420] OK: /hpctmp/scratch/e0968015/chsims/wav/video_xjzw/00061.wav
[2421] OK: /hpctmp/scratch/e0968015/chsims/wav/video_xjzw/00062.wav
[2422] OK: /hpctmp/scratch/e0968015/chsims/wav/video_xjzw/00063.wav
[2423] OK: /hpctmp/scratch/e0968015/chsims/wav/video_xjzw/00064.wav
[2424] OK: /hpctmp/scratch/e0968015/chsims/wav/video_xjzw/00065.wav
[2425] OK: /hpctmp/scratch/e0968015/chsims/wav/video_xjzw/00066.wav
[2426] OK: /hpctmp/scratch/e0968015/chsims/wav/video_xjzw/00067.wav
[2427] OK: /hpctmp/scratch/e0968015/chsims/wav/video_xjzw/00068.wav
[2428] OK: /hpctmp/scratch/e0968015/chsims/wav/video_xjzw/00069.wav
[2429] OK: /hpctmp/scratch/e0968015/chsims/wav/video_xjzw/00070.wav
[2430] OK: /hpctmp/scratch/e0968015/chsims/wav/video_xjzw/00071.wav
[2431] OK: /hpctmp/scratch/e0968015/chsims/wav/video_xjzw/00072.wav
[2432] OK: /hpctmp/scratch/e0968015/chsims/wav/video_xjzw/00073.wav
[2433] OK: /hpctmp/scratch/e0968015/chsims/wav/video_xjzw/00074.wav
[2434] OK: /hpctmp/scratch/e0968015/chsims/wav/video_xjzw/00075.wav
[2435] OK: /hpctmp/scratch/e0968015/chsims/wav/aqgy3_0001/00000.wav
[2436] OK: /hpctmp/scratch/e0968015/chsims/wav/aqgy3_0001/00002.wav
[2437] OK: /hpctmp/scratch/e0968015/chsims/wav/aqgy3_0001/00003.wav
[2438] OK: /hpctmp/scratch/e0968015/chsims/wav/aqgy3_0001/00004.wav
[2439] OK: /hpctmp/scratch/e0968015/chsims/wav/aqgy3_0001/00005.wav
[2440] OK: /hpctmp/scratch/e0968015/chsims/wav/aqgy3_0001/00006.wav
[2441] OK: /hpctmp/scratch/e0968015/chsims/wav/aqgy3_0001/00007.wav
[2442] OK: /hpctmp/scratch/e0968015/chsims/wav/aqgy3_0001/00009.wav
[2443] OK: /hpctmp/scratch/e0968015/chsims/wav/aqgy3_0001/00010.wav
[2444] OK: /hpctmp/scratch/e0968015/chsims/wav/aqgy3_0001/00011.wav
[2445] OK: /hpctmp/scratch/e0968015/chsims/wav/aqgy3_0001/00012.wav
[2446] OK: /hpctmp/scratch/e0968015/chsims/wav/aqgy3_0001/00013.wav
[2447] OK: /hpctmp/scratch/e0968015/chsims/wav/aqgy3_0001/00014.wav
[2448] OK: /hpctmp/scratch/e0968015/chsims/wav/aqgy3_0001/00015.wav
[2449] OK: /hpctmp/scratch/e0968015/chsims/wav/aqgy3_0001/00016.wav
[2450] OK: /hpctmp/scratch/e0968015/chsims/wav/aqgy3_0001/00017.wav
[2451] OK: /hpctmp/scratch/e0968015/chsims/wav/aqgy3_0001/00018.wav
[2452] OK: /hpctmp/scratch/e0968015/chsims/wav/aqgy3_0001/00019.wav
[2453] OK: /hpctmp/scratch/e0968015/chsims/wav/aqgy3_0001/00020.wav
[2454] OK: /hpctmp/scratch/e0968015/chsims/wav/aqgy3_0001/00021.wav
[2455] OK: /hpctmp/scratch/e0968015/chsims/wav/aqgy3_0002/00000.wav
[2456] OK: /hpctmp/scratch/e0968015/chsims/wav/aqgy3_0002/00001.wav
[2457] OK: /hpctmp/scratch/e0968015/chsims/wav/aqgy3_0002/00002.wav
[2458] OK: /hpctmp/scratch/e0968015/chsims/wav/aqgy3_0002/00003.wav
[2459] OK: /hpctmp/scratch/e0968015/chsims/wav/aqgy3_0002/00004.wav
[2460] OK: /hpctmp/scratch/e0968015/chsims/wav/aqgy3_0002/00005.wav
[2461] OK: /hpctmp/scratch/e0968015/chsims/wav/aqgy3_0002/00006.wav
[2462] OK: /hpctmp/scratch/e0968015/chsims/wav/aqgy3_0002/00007.wav
[2463] OK: /hpctmp/scratch/e0968015/chsims/wav/aqgy3_0002/00008.wav
[2464] OK: /hpctmp/scratch/e0968015/chsims/wav/aqgy3_0002/00009.wav
[2465] OK: /hpctmp/scratch/e0968015/chsims/wav/aqgy3_0002/00010.wav
[2466] OK: /hpctmp/scratch/e0968015/chsims/wav/aqgy3_0002/00011.wav
[2467] OK: /hpctmp/scratch/e0968015/chsims/wav/aqgy3_0002/00012.wav
[2468] OK: /hpctmp/scratch/e0968015/chsims/wav/aqgy3_0002/00013.wav
[2469] OK: /hpctmp/scratch/e0968015/chsims/wav/aqgy3_0002/00014.wav
[2470] OK: /hpctmp/scratch/e0968015/chsims/wav/aqgy3_0002/00015.wav
[2471] OK: /hpctmp/scratch/e0968015/chsims/wav/aqgy3_0002/00016.wav
[2472] OK: /hpctmp/scratch/e0968015/chsims/wav/aqgy3_0002/00017.wav
[2473] OK: /hpctmp/scratch/e0968015/chsims/wav/aqgy3_0002/00018.wav
[2474] OK: /hpctmp/scratch/e0968015/chsims/wav/aqgy3_0002/00019.wav
[2475] OK: /hpctmp/scratch/e0968015/chsims/wav/aqgy3_0002/00020.wav
[2476] OK: /hpctmp/scratch/e0968015/chsims/wav/aqgy3_0002/00021.wav
[2477] OK: /hpctmp/scratch/e0968015/chsims/wav/aqgy3_0002/00022.wav
[2478] OK: /hpctmp/scratch/e0968015/chsims/wav/aqgy3_0002/00023.wav
[2479] OK: /hpctmp/scratch/e0968015/chsims/wav/aqgy3_0002/00024.wav
[2480] OK: /hpctmp/scratch/e0968015/chsims/wav/aqgy3_0003/00000.wav
[2481] OK: /hpctmp/scratch/e0968015/chsims/wav/aqgy3_0003/00001.wav
[2482] OK: /hpctmp/scratch/e0968015/chsims/wav/aqgy3_0003/00002.wav
[2483] OK: /hpctmp/scratch/e0968015/chsims/wav/aqgy3_0003/00003.wav
[2484] OK: /hpctmp/scratch/e0968015/chsims/wav/aqgy3_0003/00004.wav
[2485] OK: /hpctmp/scratch/e0968015/chsims/wav/aqgy3_0003/00005.wav
[2486] OK: /hpctmp/scratch/e0968015/chsims/wav/aqgy3_0003/00006.wav
[2487] OK: /hpctmp/scratch/e0968015/chsims/wav/aqgy3_0003/00007.wav
[2488] OK: /hpctmp/scratch/e0968015/chsims/wav/aqgy3_0003/00008.wav
[2489] OK: /hpctmp/scratch/e0968015/chsims/wav/aqgy3_0003/00009.wav
[2490] OK: /hpctmp/scratch/e0968015/chsims/wav/aqgy3_0003/00010.wav
[2491] OK: /hpctmp/scratch/e0968015/chsims/wav/aqgy3_0003/00011.wav
[2492] OK: /hpctmp/scratch/e0968015/chsims/wav/aqgy3_0003/00012.wav
[2493] OK: /hpctmp/scratch/e0968015/chsims/wav/aqgy3_0003/00013.wav
[2494] OK: /hpctmp/scratch/e0968015/chsims/wav/aqgy3_0003/00014.wav
[2495] OK: /hpctmp/scratch/e0968015/chsims/wav/aqgy3_0003/00015.wav
[2496] OK: /hpctmp/scratch/e0968015/chsims/wav/aqgy3_0003/00016.wav
[2497] OK: /hpctmp/scratch/e0968015/chsims/wav/aqgy3_0003/00017.wav
[2498] OK: /hpctmp/scratch/e0968015/chsims/wav/aqgy3_0003/00018.wav
[2499] OK: /hpctmp/scratch/e0968015/chsims/wav/aqgy3_0003/00019.wav
[2500] OK: /hpctmp/scratch/e0968015/chsims/wav/aqgy3_0004/00000.wav
[2501] OK: /hpctmp/scratch/e0968015/chsims/wav/aqgy3_0004/00001.wav
[2502] OK: /hpctmp/scratch/e0968015/chsims/wav/aqgy3_0004/00002.wav
[2503] OK: /hpctmp/scratch/e0968015/chsims/wav/aqgy3_0004/00003.wav
[2504] OK: /hpctmp/scratch/e0968015/chsims/wav/aqgy3_0004/00004.wav
[2505] OK: /hpctmp/scratch/e0968015/chsims/wav/aqgy3_0004/00005.wav
[2506] OK: /hpctmp/scratch/e0968015/chsims/wav/aqgy3_0004/00006.wav
[2507] OK: /hpctmp/scratch/e0968015/chsims/wav/aqgy3_0004/00007.wav
[2508] OK: /hpctmp/scratch/e0968015/chsims/wav/aqgy3_0004/00008.wav
[2509] OK: /hpctmp/scratch/e0968015/chsims/wav/aqgy3_0004/00009.wav
[2510] OK: /hpctmp/scratch/e0968015/chsims/wav/aqgy3_0004/00011.wav
[2511] OK: /hpctmp/scratch/e0968015/chsims/wav/aqgy3_0004/00012.wav
[2512] OK: /hpctmp/scratch/e0968015/chsims/wav/aqgy3_0004/00014.wav
[2513] OK: /hpctmp/scratch/e0968015/chsims/wav/aqgy3_0004/00015.wav
[2514] OK: /hpctmp/scratch/e0968015/chsims/wav/aqgy3_0004/00016.wav
[2515] OK: /hpctmp/scratch/e0968015/chsims/wav/aqgy3_0004/00017.wav
[2516] OK: /hpctmp/scratch/e0968015/chsims/wav/aqgy3_0004/00018.wav
[2517] OK: /hpctmp/scratch/e0968015/chsims/wav/aqgy3_0004/00019.wav
[2518] OK: /hpctmp/scratch/e0968015/chsims/wav/aqgy3_0004/00020.wav
[2519] OK: /hpctmp/scratch/e0968015/chsims/wav/aqgy3_0004/00021.wav
[2520] OK: /hpctmp/scratch/e0968015/chsims/wav/aqgy3_0004/00022.wav
[2521] OK: /hpctmp/scratch/e0968015/chsims/wav/aqgy3_0004/00023.wav
[2522] OK: /hpctmp/scratch/e0968015/chsims/wav/aqgy3_0004/00024.wav
[2523] OK: /hpctmp/scratch/e0968015/chsims/wav/aqgy3_0004/00025.wav
[2524] OK: /hpctmp/scratch/e0968015/chsims/wav/aqgy3_0004/00026.wav
[2525] OK: /hpctmp/scratch/e0968015/chsims/wav/aqgy3_0004/00027.wav
[2526] OK: /hpctmp/scratch/e0968015/chsims/wav/aqgy3_0004/00028.wav
[2527] OK: /hpctmp/scratch/e0968015/chsims/wav/aqgy3_0004/00029.wav
[2528] OK: /hpctmp/scratch/e0968015/chsims/wav/aqgy3_0004/00030.wav
[2529] OK: /hpctmp/scratch/e0968015/chsims/wav/aqgy3_0004/00031.wav
[2530] OK: /hpctmp/scratch/e0968015/chsims/wav/aqgy3_0005/00000.wav
[2531] OK: /hpctmp/scratch/e0968015/chsims/wav/aqgy3_0005/00001.wav
[2532] OK: /hpctmp/scratch/e0968015/chsims/wav/aqgy3_0005/00002.wav
[2533] OK: /hpctmp/scratch/e0968015/chsims/wav/aqgy3_0005/00003.wav
[2534] OK: /hpctmp/scratch/e0968015/chsims/wav/aqgy3_0005/00004.wav
[2535] OK: /hpctmp/scratch/e0968015/chsims/wav/aqgy3_0005/00005.wav
[2536] OK: /hpctmp/scratch/e0968015/chsims/wav/aqgy3_0005/00006.wav
[2537] OK: /hpctmp/scratch/e0968015/chsims/wav/aqgy3_0005/00007.wav
[2538] OK: /hpctmp/scratch/e0968015/chsims/wav/aqgy3_0005/00008.wav
[2539] OK: /hpctmp/scratch/e0968015/chsims/wav/aqgy3_0005/00009.wav
[2540] OK: /hpctmp/scratch/e0968015/chsims/wav/aqgy3_0005/00010.wav
[2541] OK: /hpctmp/scratch/e0968015/chsims/wav/aqgy3_0005/00011.wav
[2542] OK: /hpctmp/scratch/e0968015/chsims/wav/aqgy3_0005/00012.wav
[2543] OK: /hpctmp/scratch/e0968015/chsims/wav/aqgy3_0005/00013.wav
[2544] OK: /hpctmp/scratch/e0968015/chsims/wav/aqgy3_0005/00014.wav
[2545] OK: /hpctmp/scratch/e0968015/chsims/wav/aqgy3_0005/00015.wav
[2546] OK: /hpctmp/scratch/e0968015/chsims/wav/aqgy3_0005/00016.wav
[2547] OK: /hpctmp/scratch/e0968015/chsims/wav/aqgy3_0005/00017.wav
[2548] OK: /hpctmp/scratch/e0968015/chsims/wav/aqgy3_0005/00018.wav
[2549] OK: /hpctmp/scratch/e0968015/chsims/wav/aqgy3_0005/00019.wav
[2550] OK: /hpctmp/scratch/e0968015/chsims/wav/aqgy3_0005/00020.wav
[2551] OK: /hpctmp/scratch/e0968015/chsims/wav/aqgy3_0005/00021.wav
[2552] OK: /hpctmp/scratch/e0968015/chsims/wav/aqgy3_0005/00022.wav
[2553] OK: /hpctmp/scratch/e0968015/chsims/wav/aqgy3_0005/00023.wav
[2554] OK: /hpctmp/scratch/e0968015/chsims/wav/aqgy3_0005/00024.wav
[2555] OK: /hpctmp/scratch/e0968015/chsims/wav/aqgy3_0005/00025.wav
[2556] OK: /hpctmp/scratch/e0968015/chsims/wav/aqgy3_0005/00026.wav
[2557] OK: /hpctmp/scratch/e0968015/chsims/wav/aqgy3_0005/00027.wav
[2558] OK: /hpctmp/scratch/e0968015/chsims/wav/aqgy3_0005/00028.wav
[2559] OK: /hpctmp/scratch/e0968015/chsims/wav/aqgy3_0005/00029.wav
[2560] OK: /hpctmp/scratch/e0968015/chsims/wav/aqgy3_0005/00030.wav
[2561] OK: /hpctmp/scratch/e0968015/chsims/wav/aqgy3_0005/00031.wav
[2562] OK: /hpctmp/scratch/e0968015/chsims/wav/aqgy3_0005/00032.wav
[2563] OK: /hpctmp/scratch/e0968015/chsims/wav/aqgy3_0005/00033.wav
[2564] OK: /hpctmp/scratch/e0968015/chsims/wav/aqgy3_0005/00034.wav
[2565] OK: /hpctmp/scratch/e0968015/chsims/wav/aqgy3_0005/00035.wav
[2566] OK: /hpctmp/scratch/e0968015/chsims/wav/aqgy3_0005/00036.wav
[2567] OK: /hpctmp/scratch/e0968015/chsims/wav/aqgy3_0005/00037.wav
[2568] OK: /hpctmp/scratch/e0968015/chsims/wav/aqgy3_0005/00038.wav
[2569] OK: /hpctmp/scratch/e0968015/chsims/wav/aqgy3_0005/00039.wav
[2570] OK: /hpctmp/scratch/e0968015/chsims/wav/aqgy3_0005/00040.wav
[2571] OK: /hpctmp/scratch/e0968015/chsims/wav/aqgy3_0005/00041.wav
[2572] OK: /hpctmp/scratch/e0968015/chsims/wav/aqgy3_0005/00042.wav
[2573] OK: /hpctmp/scratch/e0968015/chsims/wav/aqgy3_0005/00043.wav
[2574] OK: /hpctmp/scratch/e0968015/chsims/wav/aqgy3_0005/00044.wav
[2575] OK: /hpctmp/scratch/e0968015/chsims/wav/aqgy3_0005/00045.wav
[2576] OK: /hpctmp/scratch/e0968015/chsims/wav/aqgy3_0005/00046.wav
[2577] OK: /hpctmp/scratch/e0968015/chsims/wav/aqgy3_0006/00000.wav
[2578] OK: /hpctmp/scratch/e0968015/chsims/wav/aqgy3_0006/00001.wav
[2579] OK: /hpctmp/scratch/e0968015/chsims/wav/aqgy3_0006/00002.wav
[2580] OK: /hpctmp/scratch/e0968015/chsims/wav/aqgy3_0006/00003.wav
[2581] OK: /hpctmp/scratch/e0968015/chsims/wav/aqgy3_0006/00004.wav
[2582] OK: /hpctmp/scratch/e0968015/chsims/wav/aqgy3_0006/00005.wav
[2583] OK: /hpctmp/scratch/e0968015/chsims/wav/aqgy3_0006/00006.wav
[2584] OK: /hpctmp/scratch/e0968015/chsims/wav/aqgy3_0006/00007.wav
[2585] OK: /hpctmp/scratch/e0968015/chsims/wav/aqgy3_0006/00008.wav
[2586] OK: /hpctmp/scratch/e0968015/chsims/wav/aqgy3_0007/00000.wav
[2587] OK: /hpctmp/scratch/e0968015/chsims/wav/aqgy3_0007/00001.wav
[2588] OK: /hpctmp/scratch/e0968015/chsims/wav/aqgy3_0007/00002.wav
[2589] OK: /hpctmp/scratch/e0968015/chsims/wav/aqgy3_0007/00003.wav
[2590] OK: /hpctmp/scratch/e0968015/chsims/wav/aqgy3_0007/00004.wav
[2591] OK: /hpctmp/scratch/e0968015/chsims/wav/aqgy3_0007/00005.wav
[2592] OK: /hpctmp/scratch/e0968015/chsims/wav/aqgy3_0007/00006.wav
[2593] OK: /hpctmp/scratch/e0968015/chsims/wav/aqgy3_0007/00007.wav
[2594] OK: /hpctmp/scratch/e0968015/chsims/wav/aqgy3_0007/00008.wav
[2595] OK: /hpctmp/scratch/e0968015/chsims/wav/aqgy3_0007/00009.wav
[2596] OK: /hpctmp/scratch/e0968015/chsims/wav/aqgy3_0007/00010.wav
[2597] OK: /hpctmp/scratch/e0968015/chsims/wav/aqgy3_0007/00011.wav
[2598] OK: /hpctmp/scratch/e0968015/chsims/wav/aqgy3_0007/00012.wav
[2599] OK: /hpctmp/scratch/e0968015/chsims/wav/aqgy3_0007/00013.wav
[2600] OK: /hpctmp/scratch/e0968015/chsims/wav/aqgy3_0007/00014.wav
[2601] OK: /hpctmp/scratch/e0968015/chsims/wav/aqgy3_0007/00015.wav
[2602] OK: /hpctmp/scratch/e0968015/chsims/wav/aqgy3_0007/00016.wav
[2603] OK: /hpctmp/scratch/e0968015/chsims/wav/aqgy3_0008/00000.wav
[2604] OK: /hpctmp/scratch/e0968015/chsims/wav/aqgy3_0008/00001.wav
[2605] OK: /hpctmp/scratch/e0968015/chsims/wav/aqgy3_0008/00003.wav
[2606] OK: /hpctmp/scratch/e0968015/chsims/wav/aqgy3_0008/00004.wav
[2607] OK: /hpctmp/scratch/e0968015/chsims/wav/aqgy3_0008/00008.wav
[2608] OK: /hpctmp/scratch/e0968015/chsims/wav/aqgy3_0008/00010.wav
[2609] OK: /hpctmp/scratch/e0968015/chsims/wav/aqgy3_0008/00011.wav
[2610] OK: /hpctmp/scratch/e0968015/chsims/wav/aqgy3_0008/00012.wav
[2611] OK: /hpctmp/scratch/e0968015/chsims/wav/aqgy3_0008/00013.wav
[2612] OK: /hpctmp/scratch/e0968015/chsims/wav/aqgy3_0008/00014.wav
[2613] OK: /hpctmp/scratch/e0968015/chsims/wav/aqgy3_0008/00015.wav
[2614] OK: /hpctmp/scratch/e0968015/chsims/wav/aqgy4_0001/00000.wav
[2615] OK: /hpctmp/scratch/e0968015/chsims/wav/aqgy4_0001/00001.wav
[2616] OK: /hpctmp/scratch/e0968015/chsims/wav/aqgy4_0001/00004.wav
[2617] OK: /hpctmp/scratch/e0968015/chsims/wav/aqgy4_0001/00005.wav
[2618] OK: /hpctmp/scratch/e0968015/chsims/wav/aqgy4_0001/00006.wav
[2619] OK: /hpctmp/scratch/e0968015/chsims/wav/aqgy4_0001/00007.wav
[2620] OK: /hpctmp/scratch/e0968015/chsims/wav/aqgy4_0001/00008.wav
[2621] OK: /hpctmp/scratch/e0968015/chsims/wav/aqgy4_0001/00009.wav
[2622] OK: /hpctmp/scratch/e0968015/chsims/wav/aqgy4_0001/00010.wav
[2623] OK: /hpctmp/scratch/e0968015/chsims/wav/aqgy4_0001/00011.wav
[2624] OK: /hpctmp/scratch/e0968015/chsims/wav/aqgy4_0001/00012.wav
[2625] OK: /hpctmp/scratch/e0968015/chsims/wav/aqgy4_0001/00013.wav
[2626] OK: /hpctmp/scratch/e0968015/chsims/wav/aqgy4_0001/00014.wav
[2627] OK: /hpctmp/scratch/e0968015/chsims/wav/aqgy4_0001/00015.wav
[2628] OK: /hpctmp/scratch/e0968015/chsims/wav/aqgy4_0001/00016.wav
[2629] OK: /hpctmp/scratch/e0968015/chsims/wav/aqgy4_0001/00017.wav
[2630] OK: /hpctmp/scratch/e0968015/chsims/wav/aqgy4_0001/00018.wav
[2631] OK: /hpctmp/scratch/e0968015/chsims/wav/aqgy4_0001/00019.wav
[2632] OK: /hpctmp/scratch/e0968015/chsims/wav/aqgy4_0001/00020.wav
[2633] OK: /hpctmp/scratch/e0968015/chsims/wav/aqgy4_0001/00021.wav
[2634] OK: /hpctmp/scratch/e0968015/chsims/wav/aqgy4_0001/00022.wav
[2635] OK: /hpctmp/scratch/e0968015/chsims/wav/aqgy4_0001/00023.wav
[2636] OK: /hpctmp/scratch/e0968015/chsims/wav/aqgy4_0001/00024.wav
[2637] OK: /hpctmp/scratch/e0968015/chsims/wav/aqgy4_0001/00025.wav
[2638] OK: /hpctmp/scratch/e0968015/chsims/wav/aqgy4_0001/00026.wav
[2639] OK: /hpctmp/scratch/e0968015/chsims/wav/aqgy4_0001/00027.wav
[2640] OK: /hpctmp/scratch/e0968015/chsims/wav/aqgy4_0001/00028.wav
[2641] OK: /hpctmp/scratch/e0968015/chsims/wav/aqgy4_0001/00029.wav
[2642] OK: /hpctmp/scratch/e0968015/chsims/wav/aqgy4_0001/00030.wav
[2643] OK: /hpctmp/scratch/e0968015/chsims/wav/aqgy4_0001/00031.wav
[2644] OK: /hpctmp/scratch/e0968015/chsims/wav/aqgy4_0001/00032.wav
[2645] OK: /hpctmp/scratch/e0968015/chsims/wav/aqgy4_0001/00033.wav
[2646] OK: /hpctmp/scratch/e0968015/chsims/wav/aqgy4_0001/00035.wav
[2647] OK: /hpctmp/scratch/e0968015/chsims/wav/aqgy4_0001/00036.wav
[2648] OK: /hpctmp/scratch/e0968015/chsims/wav/aqgy4_0001/00037.wav
[2649] OK: /hpctmp/scratch/e0968015/chsims/wav/aqgy4_0001/00038.wav
[2650] OK: /hpctmp/scratch/e0968015/chsims/wav/aqgy4_0001/00039.wav
[2651] OK: /hpctmp/scratch/e0968015/chsims/wav/aqgy4_0001/00040.wav
[2652] OK: /hpctmp/scratch/e0968015/chsims/wav/aqgy4_0001/00041.wav
[2653] OK: /hpctmp/scratch/e0968015/chsims/wav/aqgy4_0001/00042.wav
[2654] OK: /hpctmp/scratch/e0968015/chsims/wav/aqgy4_0001/00043.wav
[2655] OK: /hpctmp/scratch/e0968015/chsims/wav/aqgy4_0001/00044.wav
[2656] OK: /hpctmp/scratch/e0968015/chsims/wav/aqgy4_0001/00045.wav
[2657] OK: /hpctmp/scratch/e0968015/chsims/wav/aqgy4_0001/00046.wav
[2658] OK: /hpctmp/scratch/e0968015/chsims/wav/aqgy4_0001/00047.wav
[2659] OK: /hpctmp/scratch/e0968015/chsims/wav/aqgy4_0001/00048.wav
[2660] OK: /hpctmp/scratch/e0968015/chsims/wav/aqgy4_0001/00049.wav
[2661] OK: /hpctmp/scratch/e0968015/chsims/wav/aqgy4_0001/00051.wav
[2662] OK: /hpctmp/scratch/e0968015/chsims/wav/aqgy4_0001/00052.wav
[2663] OK: /hpctmp/scratch/e0968015/chsims/wav/aqgy4_0001/00053.wav
[2664] OK: /hpctmp/scratch/e0968015/chsims/wav/aqgy4_0001/00054.wav
[2665] OK: /hpctmp/scratch/e0968015/chsims/wav/aqgy4_0001/00055.wav
[2666] OK: /hpctmp/scratch/e0968015/chsims/wav/aqgy4_0001/00056.wav
[2667] OK: /hpctmp/scratch/e0968015/chsims/wav/aqgy4_0001/00057.wav
[2668] OK: /hpctmp/scratch/e0968015/chsims/wav/aqgy4_0001/00058.wav
[2669] OK: /hpctmp/scratch/e0968015/chsims/wav/aqgy4_0001/00059.wav
[2670] OK: /hpctmp/scratch/e0968015/chsims/wav/aqgy4_0001/00060.wav
[2671] OK: /hpctmp/scratch/e0968015/chsims/wav/aqgy4_0001/00061.wav
[2672] OK: /hpctmp/scratch/e0968015/chsims/wav/aqgy4_0001/00062.wav
[2673] OK: /hpctmp/scratch/e0968015/chsims/wav/aqgy4_0001/00063.wav
[2674] OK: /hpctmp/scratch/e0968015/chsims/wav/aqgy4_0001/00064.wav
[2675] OK: /hpctmp/scratch/e0968015/chsims/wav/aqgy4_0001/00065.wav
[2676] OK: /hpctmp/scratch/e0968015/chsims/wav/aqgy4_0001/00066.wav
[2677] OK: /hpctmp/scratch/e0968015/chsims/wav/aqgy4_0001/00067.wav
[2678] OK: /hpctmp/scratch/e0968015/chsims/wav/aqgy4_0001/00068.wav
[2679] OK: /hpctmp/scratch/e0968015/chsims/wav/aqgy4_0001/00069.wav
[2680] OK: /hpctmp/scratch/e0968015/chsims/wav/aqgy4_0001/00070.wav
[2681] OK: /hpctmp/scratch/e0968015/chsims/wav/aqgy4_0001/00071.wav
[2682] OK: /hpctmp/scratch/e0968015/chsims/wav/aqgy4_0001/00072.wav
[2683] OK: /hpctmp/scratch/e0968015/chsims/wav/aqgy4_0001/00073.wav
[2684] OK: /hpctmp/scratch/e0968015/chsims/wav/aqgy4_0002/00000.wav
[2685] OK: /hpctmp/scratch/e0968015/chsims/wav/aqgy4_0002/00001.wav
[2686] OK: /hpctmp/scratch/e0968015/chsims/wav/aqgy4_0002/00002.wav
[2687] OK: /hpctmp/scratch/e0968015/chsims/wav/aqgy4_0002/00003.wav
[2688] OK: /hpctmp/scratch/e0968015/chsims/wav/aqgy4_0002/00004.wav
[2689] OK: /hpctmp/scratch/e0968015/chsims/wav/aqgy4_0002/00006.wav
[2690] OK: /hpctmp/scratch/e0968015/chsims/wav/aqgy4_0002/00007.wav
[2691] OK: /hpctmp/scratch/e0968015/chsims/wav/aqgy4_0002/00008.wav
[2692] OK: /hpctmp/scratch/e0968015/chsims/wav/aqgy4_0002/00009.wav
[2693] OK: /hpctmp/scratch/e0968015/chsims/wav/aqgy4_0002/00010.wav
[2694] OK: /hpctmp/scratch/e0968015/chsims/wav/aqgy4_0002/00011.wav
[2695] OK: /hpctmp/scratch/e0968015/chsims/wav/aqgy4_0002/00012.wav
[2696] OK: /hpctmp/scratch/e0968015/chsims/wav/aqgy4_0002/00013.wav
[2697] OK: /hpctmp/scratch/e0968015/chsims/wav/aqgy4_0003/00000.wav
[2698] OK: /hpctmp/scratch/e0968015/chsims/wav/aqgy4_0003/00001.wav
[2699] OK: /hpctmp/scratch/e0968015/chsims/wav/aqgy4_0003/00002.wav
[2700] OK: /hpctmp/scratch/e0968015/chsims/wav/aqgy4_0003/00003.wav
[2701] OK: /hpctmp/scratch/e0968015/chsims/wav/aqgy4_0003/00004.wav
[2702] OK: /hpctmp/scratch/e0968015/chsims/wav/aqgy4_0003/00005.wav
[2703] OK: /hpctmp/scratch/e0968015/chsims/wav/aqgy4_0003/00006.wav
[2704] OK: /hpctmp/scratch/e0968015/chsims/wav/aqgy4_0003/00007.wav
[2705] OK: /hpctmp/scratch/e0968015/chsims/wav/aqgy4_0003/00008.wav
[2706] OK: /hpctmp/scratch/e0968015/chsims/wav/aqgy4_0003/00009.wav
[2707] OK: /hpctmp/scratch/e0968015/chsims/wav/aqgy4_0003/00010.wav
[2708] OK: /hpctmp/scratch/e0968015/chsims/wav/aqgy4_0004/00000.wav
[2709] OK: /hpctmp/scratch/e0968015/chsims/wav/aqgy4_0004/00001.wav
[2710] OK: /hpctmp/scratch/e0968015/chsims/wav/aqgy4_0004/00002.wav
[2711] OK: /hpctmp/scratch/e0968015/chsims/wav/aqgy4_0004/00003.wav
[2712] OK: /hpctmp/scratch/e0968015/chsims/wav/aqgy4_0004/00004.wav
[2713] OK: /hpctmp/scratch/e0968015/chsims/wav/aqgy4_0004/00005.wav
[2714] OK: /hpctmp/scratch/e0968015/chsims/wav/aqgy4_0004/00006.wav
[2715] OK: /hpctmp/scratch/e0968015/chsims/wav/aqgy4_0004/00007.wav
[2716] OK: /hpctmp/scratch/e0968015/chsims/wav/aqgy4_0004/00008.wav
[2717] OK: /hpctmp/scratch/e0968015/chsims/wav/aqgy4_0004/00009.wav
[2718] OK: /hpctmp/scratch/e0968015/chsims/wav/aqgy4_0004/00010.wav
[2719] OK: /hpctmp/scratch/e0968015/chsims/wav/aqgy4_0004/00011.wav
[2720] OK: /hpctmp/scratch/e0968015/chsims/wav/aqgy4_0004/00012.wav
[2721] OK: /hpctmp/scratch/e0968015/chsims/wav/aqgy4_0004/00013.wav
[2722] OK: /hpctmp/scratch/e0968015/chsims/wav/aqgy4_0004/00014.wav
[2723] OK: /hpctmp/scratch/e0968015/chsims/wav/aqgy4_0004/00015.wav
[2724] OK: /hpctmp/scratch/e0968015/chsims/wav/aqgy4_0004/00016.wav
[2725] OK: /hpctmp/scratch/e0968015/chsims/wav/aqgy4_0004/00017.wav
[2726] OK: /hpctmp/scratch/e0968015/chsims/wav/aqgy4_0004/00018.wav
[2727] OK: /hpctmp/scratch/e0968015/chsims/wav/aqgy4_0004/00019.wav
[2728] OK: /hpctmp/scratch/e0968015/chsims/wav/aqgy4_0004/00021.wav
[2729] OK: /hpctmp/scratch/e0968015/chsims/wav/aqgy4_0004/00022.wav
[2730] OK: /hpctmp/scratch/e0968015/chsims/wav/aqgy4_0004/00023.wav
[2731] OK: /hpctmp/scratch/e0968015/chsims/wav/aqgy4_0005/00000.wav
[2732] OK: /hpctmp/scratch/e0968015/chsims/wav/aqgy4_0005/00001.wav
[2733] OK: /hpctmp/scratch/e0968015/chsims/wav/aqgy4_0005/00002.wav
[2734] OK: /hpctmp/scratch/e0968015/chsims/wav/aqgy4_0005/00003.wav
[2735] OK: /hpctmp/scratch/e0968015/chsims/wav/aqgy4_0005/00004.wav
[2736] OK: /hpctmp/scratch/e0968015/chsims/wav/aqgy4_0005/00005.wav
[2737] OK: /hpctmp/scratch/e0968015/chsims/wav/aqgy4_0005/00006.wav
[2738] OK: /hpctmp/scratch/e0968015/chsims/wav/aqgy4_0005/00007.wav
[2739] OK: /hpctmp/scratch/e0968015/chsims/wav/aqgy4_0005/00008_0.wav
[2740] OK: /hpctmp/scratch/e0968015/chsims/wav/aqgy4_0005/00010.wav
[2741] OK: /hpctmp/scratch/e0968015/chsims/wav/aqgy4_0005/00011_0.wav
[2742] OK: /hpctmp/scratch/e0968015/chsims/wav/aqgy4_0005/00011_1.wav
[2743] OK: /hpctmp/scratch/e0968015/chsims/wav/aqgy4_0005/00012_0.wav
[2744] OK: /hpctmp/scratch/e0968015/chsims/wav/aqgy4_0005/00015.wav
[2745] OK: /hpctmp/scratch/e0968015/chsims/wav/aqgy4_0005/00017.wav
[2746] OK: /hpctmp/scratch/e0968015/chsims/wav/aqgy4_0005/00019.wav
[2747] OK: /hpctmp/scratch/e0968015/chsims/wav/aqgy4_0005/00020_1.wav
[2748] OK: /hpctmp/scratch/e0968015/chsims/wav/aqgy4_0005/00021.wav
[2749] OK: /hpctmp/scratch/e0968015/chsims/wav/aqgy4_0005/00024.wav
[2750] OK: /hpctmp/scratch/e0968015/chsims/wav/aqgy4_0005/00025.wav
[2751] OK: /hpctmp/scratch/e0968015/chsims/wav/aqgy4_0005/00026.wav
[2752] OK: /hpctmp/scratch/e0968015/chsims/wav/aqgy4_0005/00027.wav
[2753] OK: /hpctmp/scratch/e0968015/chsims/wav/aqgy4_0005/00028.wav
[2754] OK: /hpctmp/scratch/e0968015/chsims/wav/aqgy4_0005/00029.wav
[2755] OK: /hpctmp/scratch/e0968015/chsims/wav/aqgy4_0005/00030.wav
[2756] OK: /hpctmp/scratch/e0968015/chsims/wav/aqgy4_0005/00032.wav
[2757] OK: /hpctmp/scratch/e0968015/chsims/wav/aqgy4_0005/00033.wav
[2758] OK: /hpctmp/scratch/e0968015/chsims/wav/aqgy4_0005/00034.wav
[2759] OK: /hpctmp/scratch/e0968015/chsims/wav/aqgy4_0005/00036.wav
[2760] OK: /hpctmp/scratch/e0968015/chsims/wav/aqgy4_0005/00037.wav
[2761] OK: /hpctmp/scratch/e0968015/chsims/wav/aqgy4_0005/00040.wav
[2762] OK: /hpctmp/scratch/e0968015/chsims/wav/aqgy4_0005/00042.wav
[2763] OK: /hpctmp/scratch/e0968015/chsims/wav/aqgy4_0005/00043.wav
[2764] OK: /hpctmp/scratch/e0968015/chsims/wav/aqgy4_0005/00045.wav
[2765] OK: /hpctmp/scratch/e0968015/chsims/wav/aqgy4_0005/00046.wav
[2766] OK: /hpctmp/scratch/e0968015/chsims/wav/aqgy4_0005/00047.wav
[2767] OK: /hpctmp/scratch/e0968015/chsims/wav/aqgy4_0005/00048.wav
[2768] OK: /hpctmp/scratch/e0968015/chsims/wav/aqgy4_0005/00049.wav
[2769] OK: /hpctmp/scratch/e0968015/chsims/wav/aqgy4_0005/00051.wav
[2770] OK: /hpctmp/scratch/e0968015/chsims/wav/aqgy4_0005/00052.wav
[2771] OK: /hpctmp/scratch/e0968015/chsims/wav/aqgy4_0006/00000.wav
[2772] OK: /hpctmp/scratch/e0968015/chsims/wav/aqgy4_0006/00001.wav
[2773] OK: /hpctmp/scratch/e0968015/chsims/wav/aqgy4_0006/00002.wav
[2774] OK: /hpctmp/scratch/e0968015/chsims/wav/aqgy4_0006/00003.wav
[2775] OK: /hpctmp/scratch/e0968015/chsims/wav/aqgy4_0006/00004.wav
[2776] OK: /hpctmp/scratch/e0968015/chsims/wav/aqgy4_0006/00005.wav
[2777] OK: /hpctmp/scratch/e0968015/chsims/wav/aqgy4_0006/00006.wav
[2778] OK: /hpctmp/scratch/e0968015/chsims/wav/aqgy4_0006/00007.wav
[2779] OK: /hpctmp/scratch/e0968015/chsims/wav/aqgy4_0006/00008.wav
[2780] OK: /hpctmp/scratch/e0968015/chsims/wav/aqgy4_0006/00009.wav
[2781] OK: /hpctmp/scratch/e0968015/chsims/wav/aqgy4_0006/00011.wav
[2782] OK: /hpctmp/scratch/e0968015/chsims/wav/aqgy4_0006/00012.wav
[2783] OK: /hpctmp/scratch/e0968015/chsims/wav/aqgy4_0006/00013.wav
[2784] OK: /hpctmp/scratch/e0968015/chsims/wav/aqgy4_0006/00014.wav
[2785] OK: /hpctmp/scratch/e0968015/chsims/wav/aqgy4_0006/00015.wav
[2786] OK: /hpctmp/scratch/e0968015/chsims/wav/aqgy4_0006/00016.wav
[2787] OK: /hpctmp/scratch/e0968015/chsims/wav/aqgy4_0006/00018.wav
[2788] OK: /hpctmp/scratch/e0968015/chsims/wav/aqgy4_0006/00019.wav
[2789] OK: /hpctmp/scratch/e0968015/chsims/wav/aqgy4_0006/00020.wav
[2790] OK: /hpctmp/scratch/e0968015/chsims/wav/aqgy4_0006/00021.wav
[2791] OK: /hpctmp/scratch/e0968015/chsims/wav/aqgy4_0006/00022.wav
[2792] OK: /hpctmp/scratch/e0968015/chsims/wav/aqgy4_0007/00000.wav
[2793] OK: /hpctmp/scratch/e0968015/chsims/wav/aqgy4_0007/00001.wav
[2794] OK: /hpctmp/scratch/e0968015/chsims/wav/aqgy4_0007/00002.wav
[2795] OK: /hpctmp/scratch/e0968015/chsims/wav/aqgy4_0007/00003.wav
[2796] OK: /hpctmp/scratch/e0968015/chsims/wav/aqgy4_0007/00004.wav
[2797] OK: /hpctmp/scratch/e0968015/chsims/wav/aqgy4_0007/00006.wav
[2798] OK: /hpctmp/scratch/e0968015/chsims/wav/aqgy4_0007/00007.wav
[2799] OK: /hpctmp/scratch/e0968015/chsims/wav/aqgy4_0007/00008.wav
[2800] OK: /hpctmp/scratch/e0968015/chsims/wav/aqgy4_0007/00009.wav
[2801] OK: /hpctmp/scratch/e0968015/chsims/wav/aqgy4_0007/00010.wav
[2802] OK: /hpctmp/scratch/e0968015/chsims/wav/aqgy4_0007/00011.wav
[2803] OK: /hpctmp/scratch/e0968015/chsims/wav/aqgy4_0007/00012.wav
[2804] OK: /hpctmp/scratch/e0968015/chsims/wav/aqgy4_0007/00013.wav
[2805] OK: /hpctmp/scratch/e0968015/chsims/wav/aqgy4_0007/00014.wav
[2806] OK: /hpctmp/scratch/e0968015/chsims/wav/aqgy4_0007/00015.wav
[2807] OK: /hpctmp/scratch/e0968015/chsims/wav/aqgy4_0007/00016.wav
[2808] OK: /hpctmp/scratch/e0968015/chsims/wav/aqgy4_0007/00017.wav
[2809] OK: /hpctmp/scratch/e0968015/chsims/wav/aqgy4_0007/00018.wav
[2810] OK: /hpctmp/scratch/e0968015/chsims/wav/aqgy4_0007/00020.wav
[2811] OK: /hpctmp/scratch/e0968015/chsims/wav/aqgy4_0007/00021.wav
[2812] OK: /hpctmp/scratch/e0968015/chsims/wav/aqgy4_0007/00022.wav
[2813] OK: /hpctmp/scratch/e0968015/chsims/wav/aqgy4_0007/00023.wav
[2814] OK: /hpctmp/scratch/e0968015/chsims/wav/aqgy4_0007/00024.wav
[2815] OK: /hpctmp/scratch/e0968015/chsims/wav/aqgy4_0007/00025.wav
[2816] OK: /hpctmp/scratch/e0968015/chsims/wav/aqgy4_0008/00001.wav
[2817] OK: /hpctmp/scratch/e0968015/chsims/wav/aqgy4_0008/00002.wav
[2818] OK: /hpctmp/scratch/e0968015/chsims/wav/aqgy4_0008/00003.wav
[2819] OK: /hpctmp/scratch/e0968015/chsims/wav/aqgy4_0008/00004.wav
[2820] OK: /hpctmp/scratch/e0968015/chsims/wav/aqgy4_0008/00005.wav
[2821] OK: /hpctmp/scratch/e0968015/chsims/wav/aqgy4_0008/00009.wav
[2822] OK: /hpctmp/scratch/e0968015/chsims/wav/aqgy4_0008/00010.wav
[2823] OK: /hpctmp/scratch/e0968015/chsims/wav/aqgy4_0008/00011.wav
[2824] OK: /hpctmp/scratch/e0968015/chsims/wav/aqgy4_0008/00012.wav
[2825] OK: /hpctmp/scratch/e0968015/chsims/wav/aqgy4_0008/00013.wav
[2826] OK: /hpctmp/scratch/e0968015/chsims/wav/aqgy4_0008/00014.wav
[2827] OK: /hpctmp/scratch/e0968015/chsims/wav/aqgy4_0008/00015.wav
[2828] OK: /hpctmp/scratch/e0968015/chsims/wav/aqgy4_0008/00016.wav
[2829] OK: /hpctmp/scratch/e0968015/chsims/wav/aqgy4_0008/00017.wav
[2830] OK: /hpctmp/scratch/e0968015/chsims/wav/aqgy4_0008/00018.wav
[2831] OK: /hpctmp/scratch/e0968015/chsims/wav/aqgy4_0008/00019.wav
[2832] OK: /hpctmp/scratch/e0968015/chsims/wav/aqgy4_0008/00020.wav
[2833] OK: /hpctmp/scratch/e0968015/chsims/wav/aqgy4_0008/00021.wav
[2834] OK: /hpctmp/scratch/e0968015/chsims/wav/aqgy4_0008/00022.wav
[2835] OK: /hpctmp/scratch/e0968015/chsims/wav/aqgy4_0008/00023.wav
[2836] OK: /hpctmp/scratch/e0968015/chsims/wav/aqgy4_0008/00024.wav
[2837] OK: /hpctmp/scratch/e0968015/chsims/wav/aqgy4_0008/00025.wav
[2838] OK: /hpctmp/scratch/e0968015/chsims/wav/aqgy4_0008/00026.wav
[2839] OK: /hpctmp/scratch/e0968015/chsims/wav/aqgy4_0008/00027.wav
[2840] OK: /hpctmp/scratch/e0968015/chsims/wav/aqgy4_0008/00028.wav
[2841] OK: /hpctmp/scratch/e0968015/chsims/wav/aqgy4_0008/00029.wav
[2842] OK: /hpctmp/scratch/e0968015/chsims/wav/aqgy4_0008/00030.wav
[2843] OK: /hpctmp/scratch/e0968015/chsims/wav/aqgy4_0008/00031.wav
[2844] OK: /hpctmp/scratch/e0968015/chsims/wav/aqgy4_0008/00032.wav
[2845] OK: /hpctmp/scratch/e0968015/chsims/wav/aqgy4_0008/00033.wav
[2846] OK: /hpctmp/scratch/e0968015/chsims/wav/aqgy4_0008/00034.wav
[2847] OK: /hpctmp/scratch/e0968015/chsims/wav/aqgy4_0008/00035.wav
[2848] OK: /hpctmp/scratch/e0968015/chsims/wav/aqgy4_0008/00036.wav
[2849] OK: /hpctmp/scratch/e0968015/chsims/wav/aqgy4_0008/00037.wav
[2850] OK: /hpctmp/scratch/e0968015/chsims/wav/aqgy4_0008/00038.wav
[2851] OK: /hpctmp/scratch/e0968015/chsims/wav/aqgy4_0008/00039.wav
[2852] OK: /hpctmp/scratch/e0968015/chsims/wav/aqgy4_0008/00040.wav
[2853] OK: /hpctmp/scratch/e0968015/chsims/wav/aqgy4_0008/00041.wav
[2854] OK: /hpctmp/scratch/e0968015/chsims/wav/aqgy4_0008/00042.wav
[2855] OK: /hpctmp/scratch/e0968015/chsims/wav/aqgy4_0008/00043.wav
[2856] OK: /hpctmp/scratch/e0968015/chsims/wav/aqgy4_0009/00000.wav
[2857] OK: /hpctmp/scratch/e0968015/chsims/wav/aqgy4_0009/00001_0.wav
[2858] OK: /hpctmp/scratch/e0968015/chsims/wav/aqgy4_0009/00002_0.wav
[2859] OK: /hpctmp/scratch/e0968015/chsims/wav/aqgy4_0009/00005.wav
[2860] OK: /hpctmp/scratch/e0968015/chsims/wav/aqgy4_0009/00006.wav
[2861] OK: /hpctmp/scratch/e0968015/chsims/wav/aqgy4_0009/00009.wav
[2862] OK: /hpctmp/scratch/e0968015/chsims/wav/aqgy4_0009/00010.wav
[2863] OK: /hpctmp/scratch/e0968015/chsims/wav/aqgy4_0009/00011.wav
[2864] OK: /hpctmp/scratch/e0968015/chsims/wav/aqgy4_0009/00012.wav
[2865] OK: /hpctmp/scratch/e0968015/chsims/wav/aqgy4_0009/00013.wav
[2866] OK: /hpctmp/scratch/e0968015/chsims/wav/aqgy4_0009/00014.wav
[2867] OK: /hpctmp/scratch/e0968015/chsims/wav/aqgy4_0009/00015.wav
[2868] OK: /hpctmp/scratch/e0968015/chsims/wav/aqgy4_0009/00017.wav
[2869] OK: /hpctmp/scratch/e0968015/chsims/wav/aqgy4_0009/00019.wav
[2870] OK: /hpctmp/scratch/e0968015/chsims/wav/aqgy4_0009/00024.wav
[2871] OK: /hpctmp/scratch/e0968015/chsims/wav/aqgy4_0009/00025.wav
[2872] OK: /hpctmp/scratch/e0968015/chsims/wav/aqgy4_0009/00026_0.wav
[2873] OK: /hpctmp/scratch/e0968015/chsims/wav/aqgy4_0009/00033.wav
[2874] OK: /hpctmp/scratch/e0968015/chsims/wav/aqgy4_0009/00034.wav
[2875] OK: /hpctmp/scratch/e0968015/chsims/wav/aqgy4_0009/00035.wav
[2876] OK: /hpctmp/scratch/e0968015/chsims/wav/aqgy4_0009/00036.wav
[2877] OK: /hpctmp/scratch/e0968015/chsims/wav/aqgy4_0009/00037.wav
[2878] OK: /hpctmp/scratch/e0968015/chsims/wav/aqgy4_0010/00000.wav
[2879] OK: /hpctmp/scratch/e0968015/chsims/wav/aqgy4_0010/00001.wav
[2880] OK: /hpctmp/scratch/e0968015/chsims/wav/aqgy4_0010/00002.wav
[2881] OK: /hpctmp/scratch/e0968015/chsims/wav/aqgy4_0010/00003.wav
[2882] OK: /hpctmp/scratch/e0968015/chsims/wav/aqgy4_0010/00004.wav
[2883] OK: /hpctmp/scratch/e0968015/chsims/wav/aqgy4_0010/00005.wav
[2884] OK: /hpctmp/scratch/e0968015/chsims/wav/aqgy4_0010/00006.wav
[2885] OK: /hpctmp/scratch/e0968015/chsims/wav/aqgy4_0010/00007.wav
[2886] OK: /hpctmp/scratch/e0968015/chsims/wav/aqgy4_0010/00008.wav
[2887] OK: /hpctmp/scratch/e0968015/chsims/wav/aqgy4_0010/00011.wav
[2888] OK: /hpctmp/scratch/e0968015/chsims/wav/aqgy4_0010/00012.wav
[2889] OK: /hpctmp/scratch/e0968015/chsims/wav/aqgy4_0010/00013.wav
[2890] OK: /hpctmp/scratch/e0968015/chsims/wav/aqgy4_0010/00014.wav
[2891] OK: /hpctmp/scratch/e0968015/chsims/wav/aqgy4_0010/00015.wav
[2892] OK: /hpctmp/scratch/e0968015/chsims/wav/aqgy4_0010/00016.wav
[2893] OK: /hpctmp/scratch/e0968015/chsims/wav/aqgy4_0010/00017.wav
[2894] OK: /hpctmp/scratch/e0968015/chsims/wav/aqgy4_0010/00018.wav
[2895] OK: /hpctmp/scratch/e0968015/chsims/wav/aqgy4_0010/00019.wav
[2896] OK: /hpctmp/scratch/e0968015/chsims/wav/aqgy4_0010/00020.wav
[2897] OK: /hpctmp/scratch/e0968015/chsims/wav/aqgy4_0010/00022.wav
[2898] OK: /hpctmp/scratch/e0968015/chsims/wav/aqgy4_0010/00023.wav
[2899] OK: /hpctmp/scratch/e0968015/chsims/wav/aqgy4_0010/00024.wav
[2900] OK: /hpctmp/scratch/e0968015/chsims/wav/aqgy4_0010/00025.wav
[2901] OK: /hpctmp/scratch/e0968015/chsims/wav/aqgy4_0010/00026.wav
[2902] OK: /hpctmp/scratch/e0968015/chsims/wav/aqgy4_0010/00028.wav
[2903] OK: /hpctmp/scratch/e0968015/chsims/wav/aqgy4_0010/00030.wav
[2904] OK: /hpctmp/scratch/e0968015/chsims/wav/aqgy4_0010/00031.wav
[2905] OK: /hpctmp/scratch/e0968015/chsims/wav/aqgy4_0010/00032.wav
[2906] OK: /hpctmp/scratch/e0968015/chsims/wav/aqgy4_0010/00033.wav
[2907] OK: /hpctmp/scratch/e0968015/chsims/wav/aqgy4_0010/00034.wav
[2908] OK: /hpctmp/scratch/e0968015/chsims/wav/aqgy4_0011/00000.wav
[2909] OK: /hpctmp/scratch/e0968015/chsims/wav/aqgy4_0011/00001.wav
[2910] OK: /hpctmp/scratch/e0968015/chsims/wav/aqgy4_0011/00002.wav
[2911] OK: /hpctmp/scratch/e0968015/chsims/wav/aqgy4_0011/00003.wav
[2912] OK: /hpctmp/scratch/e0968015/chsims/wav/aqgy4_0011/00004.wav
[2913] OK: /hpctmp/scratch/e0968015/chsims/wav/aqgy4_0011/00005.wav
[2914] OK: /hpctmp/scratch/e0968015/chsims/wav/aqgy4_0011/00006.wav
[2915] OK: /hpctmp/scratch/e0968015/chsims/wav/aqgy4_0011/00007.wav
[2916] OK: /hpctmp/scratch/e0968015/chsims/wav/aqgy4_0011/00008.wav
[2917] OK: /hpctmp/scratch/e0968015/chsims/wav/aqgy4_0011/00009.wav
[2918] OK: /hpctmp/scratch/e0968015/chsims/wav/aqgy4_0011/00010.wav
[2919] OK: /hpctmp/scratch/e0968015/chsims/wav/aqgy4_0011/00011.wav
[2920] OK: /hpctmp/scratch/e0968015/chsims/wav/aqgy4_0011/00012.wav
[2921] OK: /hpctmp/scratch/e0968015/chsims/wav/aqgy4_0011/00013.wav
[2922] OK: /hpctmp/scratch/e0968015/chsims/wav/aqgy4_0011/00014.wav
[2923] OK: /hpctmp/scratch/e0968015/chsims/wav/aqgy4_0011/00015.wav
[2924] OK: /hpctmp/scratch/e0968015/chsims/wav/aqgy4_0011/00016.wav
[2925] OK: /hpctmp/scratch/e0968015/chsims/wav/aqgy4_0011/00017.wav
[2926] OK: /hpctmp/scratch/e0968015/chsims/wav/aqgy4_0011/00018.wav
[2927] OK: /hpctmp/scratch/e0968015/chsims/wav/aqgy4_0011/00020.wav
[2928] OK: /hpctmp/scratch/e0968015/chsims/wav/aqgy4_0011/00021.wav
[2929] OK: /hpctmp/scratch/e0968015/chsims/wav/aqgy4_0011/00022.wav
[2930] OK: /hpctmp/scratch/e0968015/chsims/wav/aqgy4_0011/00023.wav
[2931] OK: /hpctmp/scratch/e0968015/chsims/wav/aqgy4_0011/00024.wav
[2932] OK: /hpctmp/scratch/e0968015/chsims/wav/aqgy4_0011/00025.wav
[2933] OK: /hpctmp/scratch/e0968015/chsims/wav/aqgy4_0011/00026.wav
[2934] OK: /hpctmp/scratch/e0968015/chsims/wav/aqgy4_0011/00027.wav
[2935] OK: /hpctmp/scratch/e0968015/chsims/wav/aqgy4_0012/00000.wav
[2936] OK: /hpctmp/scratch/e0968015/chsims/wav/aqgy4_0012/00001.wav
[2937] OK: /hpctmp/scratch/e0968015/chsims/wav/aqgy4_0012/00002.wav
[2938] OK: /hpctmp/scratch/e0968015/chsims/wav/aqgy4_0012/00003.wav
[2939] OK: /hpctmp/scratch/e0968015/chsims/wav/aqgy4_0012/00004.wav
[2940] OK: /hpctmp/scratch/e0968015/chsims/wav/aqgy4_0012/00005.wav
[2941] OK: /hpctmp/scratch/e0968015/chsims/wav/aqgy4_0012/00006.wav
[2942] OK: /hpctmp/scratch/e0968015/chsims/wav/aqgy4_0012/00007.wav
[2943] OK: /hpctmp/scratch/e0968015/chsims/wav/aqgy4_0012/00008.wav
[2944] OK: /hpctmp/scratch/e0968015/chsims/wav/aqgy4_0012/00009.wav
[2945] OK: /hpctmp/scratch/e0968015/chsims/wav/aqgy4_0012/00010.wav
[2946] OK: /hpctmp/scratch/e0968015/chsims/wav/aqgy4_0012/00011.wav
[2947] OK: /hpctmp/scratch/e0968015/chsims/wav/aqgy4_0012/00012.wav
[2948] OK: /hpctmp/scratch/e0968015/chsims/wav/aqgy4_0012/00013.wav
[2949] OK: /hpctmp/scratch/e0968015/chsims/wav/aqgy4_0012/00014.wav
[2950] OK: /hpctmp/scratch/e0968015/chsims/wav/aqgy4_0012/00015.wav
[2951] OK: /hpctmp/scratch/e0968015/chsims/wav/aqgy4_0012/00016.wav
[2952] OK: /hpctmp/scratch/e0968015/chsims/wav/aqgy4_0012/00017.wav
[2953] OK: /hpctmp/scratch/e0968015/chsims/wav/aqgy4_0012/00018.wav
[2954] OK: /hpctmp/scratch/e0968015/chsims/wav/aqgy4_0012/00019.wav
[2955] OK: /hpctmp/scratch/e0968015/chsims/wav/aqgy4_0012/00020.wav
[2956] OK: /hpctmp/scratch/e0968015/chsims/wav/aqgy4_0012/00021.wav
[2957] OK: /hpctmp/scratch/e0968015/chsims/wav/aqgy4_0012/00022.wav
[2958] OK: /hpctmp/scratch/e0968015/chsims/wav/aqgy4_0012/00024.wav
[2959] OK: /hpctmp/scratch/e0968015/chsims/wav/aqgy4_0012/00025.wav
[2960] OK: /hpctmp/scratch/e0968015/chsims/wav/aqgy4_0012/00026.wav
[2961] OK: /hpctmp/scratch/e0968015/chsims/wav/aqgy4_0012/00027.wav
[2962] OK: /hpctmp/scratch/e0968015/chsims/wav/aqgy4_0012/00028.wav
[2963] OK: /hpctmp/scratch/e0968015/chsims/wav/aqgy4_0012/00029.wav
[2964] OK: /hpctmp/scratch/e0968015/chsims/wav/aqgy4_0012/00030.wav
[2965] OK: /hpctmp/scratch/e0968015/chsims/wav/aqgy4_0012/00031.wav
[2966] OK: /hpctmp/scratch/e0968015/chsims/wav/aqgy4_0012/00032.wav
[2967] OK: /hpctmp/scratch/e0968015/chsims/wav/aqgy4_0012/00033.wav
[2968] OK: /hpctmp/scratch/e0968015/chsims/wav/aqgy4_0012/00034.wav
[2969] OK: /hpctmp/scratch/e0968015/chsims/wav/aqgy4_0012/00035.wav
[2970] OK: /hpctmp/scratch/e0968015/chsims/wav/aqgy4_0012/00036.wav
[2971] OK: /hpctmp/scratch/e0968015/chsims/wav/aqgy4_0012/00037.wav
[2972] OK: /hpctmp/scratch/e0968015/chsims/wav/aqgy4_0012/00038.wav
[2973] OK: /hpctmp/scratch/e0968015/chsims/wav/aqgy4_0012/00039.wav
[2974] OK: /hpctmp/scratch/e0968015/chsims/wav/aqgy4_0012/00040.wav
[2975] OK: /hpctmp/scratch/e0968015/chsims/wav/aqgy4_0012/00041.wav
[2976] OK: /hpctmp/scratch/e0968015/chsims/wav/aqgy4_0012/00042.wav
[2977] OK: /hpctmp/scratch/e0968015/chsims/wav/aqgy4_0012/00043.wav
[2978] OK: /hpctmp/scratch/e0968015/chsims/wav/aqgy4_0012/00044.wav
[2979] OK: /hpctmp/scratch/e0968015/chsims/wav/aqgy4_0012/00045.wav
[2980] OK: /hpctmp/scratch/e0968015/chsims/wav/aqgy4_0012/00046.wav
[2981] OK: /hpctmp/scratch/e0968015/chsims/wav/aqgy4_0012/00047.wav
[2982] OK: /hpctmp/scratch/e0968015/chsims/wav/aqgy4_0012/00048.wav
[2983] OK: /hpctmp/scratch/e0968015/chsims/wav/aqgy4_0012/00049.wav
[2984] OK: /hpctmp/scratch/e0968015/chsims/wav/aqgy4_0012/00050.wav
[2985] OK: /hpctmp/scratch/e0968015/chsims/wav/aqgy4_0012/00051.wav
[2986] OK: /hpctmp/scratch/e0968015/chsims/wav/aqgy4_0012/00052.wav
[2987] OK: /hpctmp/scratch/e0968015/chsims/wav/aqgy4_0012/00053.wav
[2988] OK: /hpctmp/scratch/e0968015/chsims/wav/aqgy4_0012/00054.wav
[2989] OK: /hpctmp/scratch/e0968015/chsims/wav/aqgy4_0012/00055.wav
[2990] OK: /hpctmp/scratch/e0968015/chsims/wav/aqgy4_0012/00056.wav
[2991] OK: /hpctmp/scratch/e0968015/chsims/wav/aqgy4_0012/00058.wav
[2992] OK: /hpctmp/scratch/e0968015/chsims/wav/aqgy4_0012/00059.wav
[2993] OK: /hpctmp/scratch/e0968015/chsims/wav/aqgy4_0012/00060.wav
[2994] OK: /hpctmp/scratch/e0968015/chsims/wav/aqgy4_0012/00061.wav
[2995] OK: /hpctmp/scratch/e0968015/chsims/wav/aqgy4_0012/00062.wav
[2996] OK: /hpctmp/scratch/e0968015/chsims/wav/aqgy4_0012/00063.wav
[2997] OK: /hpctmp/scratch/e0968015/chsims/wav/aqgy4_0014/00000.wav
[2998] OK: /hpctmp/scratch/e0968015/chsims/wav/aqgy4_0014/00002.wav
[2999] OK: /hpctmp/scratch/e0968015/chsims/wav/aqgy4_0014/00003.wav
[3000] OK: /hpctmp/scratch/e0968015/chsims/wav/aqgy4_0014/00004.wav
[3001] OK: /hpctmp/scratch/e0968015/chsims/wav/aqgy4_0014/00005.wav
[3002] OK: /hpctmp/scratch/e0968015/chsims/wav/aqgy4_0014/00006.wav
[3003] OK: /hpctmp/scratch/e0968015/chsims/wav/aqgy4_0014/00007.wav
[3004] OK: /hpctmp/scratch/e0968015/chsims/wav/aqgy4_0014/00008.wav
[3005] OK: /hpctmp/scratch/e0968015/chsims/wav/aqgy4_0014/00009.wav
[3006] OK: /hpctmp/scratch/e0968015/chsims/wav/aqgy4_0014/00010.wav
[3007] OK: /hpctmp/scratch/e0968015/chsims/wav/aqgy4_0014/00011.wav
[3008] OK: /hpctmp/scratch/e0968015/chsims/wav/aqgy4_0014/00012.wav
[3009] OK: /hpctmp/scratch/e0968015/chsims/wav/aqgy4_0014/00013.wav
[3010] OK: /hpctmp/scratch/e0968015/chsims/wav/aqgy4_0014/00015.wav
[3011] OK: /hpctmp/scratch/e0968015/chsims/wav/aqgy4_0014/00016.wav
[3012] OK: /hpctmp/scratch/e0968015/chsims/wav/aqgy4_0014/00017.wav
[3013] OK: /hpctmp/scratch/e0968015/chsims/wav/aqgy4_0014/00019.wav
[3014] OK: /hpctmp/scratch/e0968015/chsims/wav/aqgy4_0014/00020.wav
[3015] OK: /hpctmp/scratch/e0968015/chsims/wav/aqgy4_0014/00021.wav
[3016] OK: /hpctmp/scratch/e0968015/chsims/wav/aqgy4_0015/00000.wav
[3017] OK: /hpctmp/scratch/e0968015/chsims/wav/aqgy4_0015/00001.wav
[3018] OK: /hpctmp/scratch/e0968015/chsims/wav/aqgy4_0015/00002.wav
[3019] OK: /hpctmp/scratch/e0968015/chsims/wav/aqgy4_0015/00003.wav
[3020] OK: /hpctmp/scratch/e0968015/chsims/wav/aqgy4_0015/00004.wav
[3021] OK: /hpctmp/scratch/e0968015/chsims/wav/aqgy4_0015/00005.wav
[3022] OK: /hpctmp/scratch/e0968015/chsims/wav/aqgy4_0015/00006.wav
[3023] OK: /hpctmp/scratch/e0968015/chsims/wav/aqgy4_0016/00000.wav
[3024] OK: /hpctmp/scratch/e0968015/chsims/wav/aqgy4_0016/00001.wav
[3025] OK: /hpctmp/scratch/e0968015/chsims/wav/aqgy4_0016/00002.wav
[3026] OK: /hpctmp/scratch/e0968015/chsims/wav/aqgy4_0016/00004.wav
[3027] OK: /hpctmp/scratch/e0968015/chsims/wav/aqgy4_0016/00005.wav
[3028] OK: /hpctmp/scratch/e0968015/chsims/wav/aqgy4_0016/00006.wav
[3029] OK: /hpctmp/scratch/e0968015/chsims/wav/aqgy4_0016/00007.wav
[3030] OK: /hpctmp/scratch/e0968015/chsims/wav/aqgy4_0016/00008.wav
[3031] OK: /hpctmp/scratch/e0968015/chsims/wav/aqgy4_0016/00009.wav
[3032] OK: /hpctmp/scratch/e0968015/chsims/wav/aqgy4_0016/00010.wav
[3033] OK: /hpctmp/scratch/e0968015/chsims/wav/aqgy4_0016/00011.wav
[3034] OK: /hpctmp/scratch/e0968015/chsims/wav/aqgy4_0016/00012.wav
[3035] OK: /hpctmp/scratch/e0968015/chsims/wav/aqgy4_0016/00013.wav
[3036] OK: /hpctmp/scratch/e0968015/chsims/wav/aqgy4_0016/00015.wav
[3037] OK: /hpctmp/scratch/e0968015/chsims/wav/aqgy4_0016/00016.wav
[3038] OK: /hpctmp/scratch/e0968015/chsims/wav/aqgy4_0016/00017.wav
[3039] OK: /hpctmp/scratch/e0968015/chsims/wav/aqgy4_0016/00018.wav
[3040] OK: /hpctmp/scratch/e0968015/chsims/wav/aqgy4_0016/00019.wav
[3041] OK: /hpctmp/scratch/e0968015/chsims/wav/aqgy4_0016/00020.wav
[3042] OK: /hpctmp/scratch/e0968015/chsims/wav/aqgy4_0016/00021.wav
[3043] OK: /hpctmp/scratch/e0968015/chsims/wav/aqgy4_0016/00022.wav
[3044] OK: /hpctmp/scratch/e0968015/chsims/wav/aqgy4_0016/00023.wav
[3045] OK: /hpctmp/scratch/e0968015/chsims/wav/aqgy4_0016/00024.wav
[3046] OK: /hpctmp/scratch/e0968015/chsims/wav/aqgy4_0016/00025.wav
[3047] OK: /hpctmp/scratch/e0968015/chsims/wav/aqgy4_0016/00026.wav
[3048] OK: /hpctmp/scratch/e0968015/chsims/wav/aqgy4_0016/00027.wav
[3049] OK: /hpctmp/scratch/e0968015/chsims/wav/aqgy4_0016/00028.wav
[3050] OK: /hpctmp/scratch/e0968015/chsims/wav/aqgy4_0016/00029.wav
[3051] OK: /hpctmp/scratch/e0968015/chsims/wav/aqgy4_0016/00030.wav
[3052] OK: /hpctmp/scratch/e0968015/chsims/wav/aqgy4_0016/00031.wav
[3053] OK: /hpctmp/scratch/e0968015/chsims/wav/aqgy4_0017/00000.wav
[3054] OK: /hpctmp/scratch/e0968015/chsims/wav/aqgy4_0017/00001.wav
[3055] OK: /hpctmp/scratch/e0968015/chsims/wav/aqgy4_0017/00002.wav
[3056] OK: /hpctmp/scratch/e0968015/chsims/wav/aqgy4_0017/00003.wav
[3057] OK: /hpctmp/scratch/e0968015/chsims/wav/aqgy4_0017/00005.wav
[3058] OK: /hpctmp/scratch/e0968015/chsims/wav/aqgy4_0017/00006.wav
[3059] OK: /hpctmp/scratch/e0968015/chsims/wav/aqgy4_0017/00007.wav
[3060] OK: /hpctmp/scratch/e0968015/chsims/wav/aqgy4_0017/00008.wav
[3061] OK: /hpctmp/scratch/e0968015/chsims/wav/aqgy4_0017/00009.wav
[3062] OK: /hpctmp/scratch/e0968015/chsims/wav/aqgy4_0017/00010.wav
[3063] OK: /hpctmp/scratch/e0968015/chsims/wav/aqgy4_0017/00011.wav
[3064] OK: /hpctmp/scratch/e0968015/chsims/wav/aqgy4_0017/00012.wav
[3065] OK: /hpctmp/scratch/e0968015/chsims/wav/aqgy4_0017/00013.wav
[3066] OK: /hpctmp/scratch/e0968015/chsims/wav/aqgy4_0017/00014.wav
[3067] OK: /hpctmp/scratch/e0968015/chsims/wav/aqgy4_0017/00015.wav
[3068] OK: /hpctmp/scratch/e0968015/chsims/wav/aqgy4_0017/00016.wav
[3069] OK: /hpctmp/scratch/e0968015/chsims/wav/aqgy4_0017/00017.wav
[3070] OK: /hpctmp/scratch/e0968015/chsims/wav/aqgy4_0017/00018.wav
[3071] OK: /hpctmp/scratch/e0968015/chsims/wav/aqgy4_0017/00019.wav
[3072] OK: /hpctmp/scratch/e0968015/chsims/wav/aqgy4_0018/00000.wav
[3073] OK: /hpctmp/scratch/e0968015/chsims/wav/aqgy4_0018/00001.wav
[3074] OK: /hpctmp/scratch/e0968015/chsims/wav/aqgy4_0018/00002.wav
[3075] OK: /hpctmp/scratch/e0968015/chsims/wav/aqgy4_0018/00003.wav
[3076] OK: /hpctmp/scratch/e0968015/chsims/wav/aqgy4_0018/00004.wav
[3077] OK: /hpctmp/scratch/e0968015/chsims/wav/aqgy4_0018/00005.wav
[3078] OK: /hpctmp/scratch/e0968015/chsims/wav/aqgy4_0018/00006.wav
[3079] OK: /hpctmp/scratch/e0968015/chsims/wav/aqgy4_0018/00007.wav
[3080] OK: /hpctmp/scratch/e0968015/chsims/wav/aqgy4_0018/00008.wav
[3081] OK: /hpctmp/scratch/e0968015/chsims/wav/aqgy4_0018/00009.wav
[3082] OK: /hpctmp/scratch/e0968015/chsims/wav/aqgy4_0018/00010.wav
[3083] OK: /hpctmp/scratch/e0968015/chsims/wav/aqgy4_0018/00011.wav
[3084] OK: /hpctmp/scratch/e0968015/chsims/wav/aqgy4_0018/00012.wav
[3085] OK: /hpctmp/scratch/e0968015/chsims/wav/aqgy4_0018/00013.wav
[3086] OK: /hpctmp/scratch/e0968015/chsims/wav/aqgy4_0018/00014.wav
[3087] OK: /hpctmp/scratch/e0968015/chsims/wav/aqgy4_0018/00015.wav
[3088] OK: /hpctmp/scratch/e0968015/chsims/wav/aqgy4_0018/00016.wav
[3089] OK: /hpctmp/scratch/e0968015/chsims/wav/aqgy4_0018/00017.wav
[3090] OK: /hpctmp/scratch/e0968015/chsims/wav/aqgy4_0018/00018.wav
[3091] OK: /hpctmp/scratch/e0968015/chsims/wav/aqgy4_0018/00019.wav
[3092] OK: /hpctmp/scratch/e0968015/chsims/wav/aqgy4_0018/00020.wav
[3093] OK: /hpctmp/scratch/e0968015/chsims/wav/aqgy4_0018/00021.wav
[3094] OK: /hpctmp/scratch/e0968015/chsims/wav/aqgy4_0018/00022.wav
[3095] OK: /hpctmp/scratch/e0968015/chsims/wav/aqgy4_0019/00000.wav
[3096] OK: /hpctmp/scratch/e0968015/chsims/wav/aqgy4_0019/00001.wav
[3097] OK: /hpctmp/scratch/e0968015/chsims/wav/aqgy4_0019/00002.wav
[3098] OK: /hpctmp/scratch/e0968015/chsims/wav/aqgy4_0019/00003.wav
[3099] OK: /hpctmp/scratch/e0968015/chsims/wav/aqgy4_0019/00004.wav
[3100] OK: /hpctmp/scratch/e0968015/chsims/wav/aqgy4_0019/00005.wav
[3101] OK: /hpctmp/scratch/e0968015/chsims/wav/aqgy4_0019/00006.wav
[3102] OK: /hpctmp/scratch/e0968015/chsims/wav/aqgy4_0019/00007.wav
[3103] OK: /hpctmp/scratch/e0968015/chsims/wav/aqgy4_0019/00008.wav
[3104] OK: /hpctmp/scratch/e0968015/chsims/wav/aqgy4_0019/00009.wav
[3105] OK: /hpctmp/scratch/e0968015/chsims/wav/aqgy4_0019/00010.wav
[3106] OK: /hpctmp/scratch/e0968015/chsims/wav/aqgy4_0019/00011.wav
[3107] OK: /hpctmp/scratch/e0968015/chsims/wav/aqgy4_0019/00012.wav
[3108] OK: /hpctmp/scratch/e0968015/chsims/wav/aqgy4_0019/00013.wav
[3109] OK: /hpctmp/scratch/e0968015/chsims/wav/aqgy4_0019/00014.wav
[3110] OK: /hpctmp/scratch/e0968015/chsims/wav/aqgy4_0019/00015.wav
[3111] OK: /hpctmp/scratch/e0968015/chsims/wav/aqgy4_0020/00000.wav
[3112] OK: /hpctmp/scratch/e0968015/chsims/wav/aqgy4_0020/00001.wav
[3113] OK: /hpctmp/scratch/e0968015/chsims/wav/aqgy4_0020/00002.wav
[3114] OK: /hpctmp/scratch/e0968015/chsims/wav/aqgy4_0020/00003.wav
[3115] OK: /hpctmp/scratch/e0968015/chsims/wav/aqgy4_0020/00004.wav
[3116] OK: /hpctmp/scratch/e0968015/chsims/wav/aqgy4_0020/00005.wav
[3117] OK: /hpctmp/scratch/e0968015/chsims/wav/aqgy4_0020/00006.wav
[3118] OK: /hpctmp/scratch/e0968015/chsims/wav/aqgy4_0020/00007.wav
[3119] OK: /hpctmp/scratch/e0968015/chsims/wav/aqgy4_0020/00008.wav
[3120] OK: /hpctmp/scratch/e0968015/chsims/wav/aqgy4_0020/00009.wav
[3121] OK: /hpctmp/scratch/e0968015/chsims/wav/aqgy4_0020/00010.wav
[3122] OK: /hpctmp/scratch/e0968015/chsims/wav/aqgy4_0020/00011.wav
[3123] OK: /hpctmp/scratch/e0968015/chsims/wav/aqgy4_0020/00012.wav
[3124] OK: /hpctmp/scratch/e0968015/chsims/wav/aqgy4_0020/00013.wav
[3125] OK: /hpctmp/scratch/e0968015/chsims/wav/aqgy4_0021/00000.wav
[3126] OK: /hpctmp/scratch/e0968015/chsims/wav/aqgy4_0021/00001.wav
[3127] OK: /hpctmp/scratch/e0968015/chsims/wav/aqgy4_0021/00002.wav
[3128] OK: /hpctmp/scratch/e0968015/chsims/wav/aqgy4_0021/00003.wav
[3129] OK: /hpctmp/scratch/e0968015/chsims/wav/aqgy4_0021/00004.wav
[3130] OK: /hpctmp/scratch/e0968015/chsims/wav/aqgy4_0021/00005.wav
[3131] OK: /hpctmp/scratch/e0968015/chsims/wav/aqgy4_0021/00006.wav
[3132] OK: /hpctmp/scratch/e0968015/chsims/wav/aqgy4_0021/00007.wav
[3133] OK: /hpctmp/scratch/e0968015/chsims/wav/aqgy4_0021/00008.wav
[3134] OK: /hpctmp/scratch/e0968015/chsims/wav/aqgy4_0022/00000.wav
[3135] OK: /hpctmp/scratch/e0968015/chsims/wav/aqgy4_0022/00001.wav
[3136] OK: /hpctmp/scratch/e0968015/chsims/wav/aqgy4_0022/00002.wav
[3137] OK: /hpctmp/scratch/e0968015/chsims/wav/aqgy4_0022/00003.wav
[3138] OK: /hpctmp/scratch/e0968015/chsims/wav/aqgy4_0022/00004.wav
[3139] OK: /hpctmp/scratch/e0968015/chsims/wav/aqgy4_0022/00005.wav
[3140] OK: /hpctmp/scratch/e0968015/chsims/wav/aqgy4_0022/00006.wav
[3141] OK: /hpctmp/scratch/e0968015/chsims/wav/aqgy4_0022/00007.wav
[3142] OK: /hpctmp/scratch/e0968015/chsims/wav/aqgy4_0022/00008.wav
[3143] OK: /hpctmp/scratch/e0968015/chsims/wav/aqgy4_0022/00009.wav
[3144] OK: /hpctmp/scratch/e0968015/chsims/wav/aqgy4_0022/00010.wav
[3145] OK: /hpctmp/scratch/e0968015/chsims/wav/aqgy4_0022/00011.wav
[3146] OK: /hpctmp/scratch/e0968015/chsims/wav/aqgy4_0023/00000.wav
[3147] OK: /hpctmp/scratch/e0968015/chsims/wav/aqgy4_0024/00000.wav
[3148] OK: /hpctmp/scratch/e0968015/chsims/wav/aqgy4_0024/00001.wav
[3149] OK: /hpctmp/scratch/e0968015/chsims/wav/aqgy4_0024/00002.wav
[3150] OK: /hpctmp/scratch/e0968015/chsims/wav/aqgy4_0024/00003.wav
[3151] OK: /hpctmp/scratch/e0968015/chsims/wav/aqgy4_0024/00004.wav
[3152] OK: /hpctmp/scratch/e0968015/chsims/wav/aqgy4_0024/00005.wav
[3153] OK: /hpctmp/scratch/e0968015/chsims/wav/aqgy4_0024/00006.wav
[3154] OK: /hpctmp/scratch/e0968015/chsims/wav/aqgy4_0024/00007.wav
[3155] OK: /hpctmp/scratch/e0968015/chsims/wav/aqgy4_0024/00008.wav
[3156] OK: /hpctmp/scratch/e0968015/chsims/wav/aqgy4_0024/00009.wav
[3157] OK: /hpctmp/scratch/e0968015/chsims/wav/aqgy4_0024/00010.wav
[3158] OK: /hpctmp/scratch/e0968015/chsims/wav/aqgy4_0024/00011.wav
[3159] OK: /hpctmp/scratch/e0968015/chsims/wav/aqgy4_0024/00012.wav
[3160] OK: /hpctmp/scratch/e0968015/chsims/wav/aqgy4_0024/00013.wav
[3161] OK: /hpctmp/scratch/e0968015/chsims/wav/aqgy4_0024/00014.wav
[3162] OK: /hpctmp/scratch/e0968015/chsims/wav/aqgy4_0024/00016.wav
[3163] OK: /hpctmp/scratch/e0968015/chsims/wav/aqgy5_0001/00000.wav
[3164] OK: /hpctmp/scratch/e0968015/chsims/wav/aqgy5_0001/00001.wav
[3165] OK: /hpctmp/scratch/e0968015/chsims/wav/aqgy5_0001/00002.wav
[3166] OK: /hpctmp/scratch/e0968015/chsims/wav/aqgy5_0001/00003.wav
[3167] OK: /hpctmp/scratch/e0968015/chsims/wav/aqgy5_0001/00004.wav
[3168] OK: /hpctmp/scratch/e0968015/chsims/wav/aqgy5_0001/00005.wav
[3169] OK: /hpctmp/scratch/e0968015/chsims/wav/aqgy5_0001/00006.wav
[3170] OK: /hpctmp/scratch/e0968015/chsims/wav/aqgy5_0001/00007.wav
[3171] OK: /hpctmp/scratch/e0968015/chsims/wav/aqgy5_0001/00008.wav
[3172] OK: /hpctmp/scratch/e0968015/chsims/wav/aqgy5_0001/00009.wav
[3173] OK: /hpctmp/scratch/e0968015/chsims/wav/aqgy5_0001/00010.wav
[3174] OK: /hpctmp/scratch/e0968015/chsims/wav/aqgy5_0001/00011.wav
[3175] OK: /hpctmp/scratch/e0968015/chsims/wav/aqgy5_0001/00012.wav
[3176] OK: /hpctmp/scratch/e0968015/chsims/wav/aqgy5_0001/00013.wav
[3177] OK: /hpctmp/scratch/e0968015/chsims/wav/aqgy5_0001/00014.wav
[3178] OK: /hpctmp/scratch/e0968015/chsims/wav/aqgy5_0001/00015.wav
[3179] OK: /hpctmp/scratch/e0968015/chsims/wav/aqgy5_0001/00016.wav
[3180] OK: /hpctmp/scratch/e0968015/chsims/wav/aqgy5_0001/00017.wav
[3181] OK: /hpctmp/scratch/e0968015/chsims/wav/aqgy5_0001/00018.wav
[3182] OK: /hpctmp/scratch/e0968015/chsims/wav/aqgy5_0001/00019.wav
[3183] OK: /hpctmp/scratch/e0968015/chsims/wav/aqgy5_0002/00000.wav
[3184] OK: /hpctmp/scratch/e0968015/chsims/wav/aqgy5_0002/00001.wav
[3185] OK: /hpctmp/scratch/e0968015/chsims/wav/aqgy5_0002/00002.wav
[3186] OK: /hpctmp/scratch/e0968015/chsims/wav/aqgy5_0002/00003.wav
[3187] OK: /hpctmp/scratch/e0968015/chsims/wav/aqgy5_0002/00004.wav
[3188] OK: /hpctmp/scratch/e0968015/chsims/wav/aqgy5_0002/00005.wav
[3189] OK: /hpctmp/scratch/e0968015/chsims/wav/aqgy5_0002/00006.wav
[3190] OK: /hpctmp/scratch/e0968015/chsims/wav/aqgy5_0002/00007.wav
[3191] OK: /hpctmp/scratch/e0968015/chsims/wav/aqgy5_0002/00008.wav
[3192] OK: /hpctmp/scratch/e0968015/chsims/wav/aqgy5_0002/00009.wav
[3193] OK: /hpctmp/scratch/e0968015/chsims/wav/aqgy5_0002/00010.wav
[3194] OK: /hpctmp/scratch/e0968015/chsims/wav/aqgy5_0002/00011.wav
[3195] OK: /hpctmp/scratch/e0968015/chsims/wav/aqgy5_0002/00012.wav
[3196] OK: /hpctmp/scratch/e0968015/chsims/wav/aqgy5_0002/00013.wav
[3197] OK: /hpctmp/scratch/e0968015/chsims/wav/aqgy5_0002/00014.wav
[3198] OK: /hpctmp/scratch/e0968015/chsims/wav/aqgy5_0002/00015.wav
[3199] OK: /hpctmp/scratch/e0968015/chsims/wav/aqgy5_0002/00016.wav
[3200] OK: /hpctmp/scratch/e0968015/chsims/wav/aqgy5_0003/00000.wav
[3201] OK: /hpctmp/scratch/e0968015/chsims/wav/aqgy5_0003/00001.wav
[3202] OK: /hpctmp/scratch/e0968015/chsims/wav/aqgy5_0003/00002.wav
[3203] OK: /hpctmp/scratch/e0968015/chsims/wav/aqgy5_0003/00003.wav
[3204] OK: /hpctmp/scratch/e0968015/chsims/wav/aqgy5_0003/00004.wav
[3205] OK: /hpctmp/scratch/e0968015/chsims/wav/aqgy5_0003/00005.wav
[3206] OK: /hpctmp/scratch/e0968015/chsims/wav/aqgy5_0003/00006.wav
[3207] OK: /hpctmp/scratch/e0968015/chsims/wav/aqgy5_0003/00007.wav
[3208] OK: /hpctmp/scratch/e0968015/chsims/wav/aqgy5_0003/00009.wav
[3209] OK: /hpctmp/scratch/e0968015/chsims/wav/aqgy5_0003/00010.wav
[3210] OK: /hpctmp/scratch/e0968015/chsims/wav/aqgy5_0003/00011.wav
[3211] OK: /hpctmp/scratch/e0968015/chsims/wav/aqgy5_0003/00012.wav
[3212] OK: /hpctmp/scratch/e0968015/chsims/wav/aqgy5_0003/00013.wav
[3213] OK: /hpctmp/scratch/e0968015/chsims/wav/aqgy5_0003/00014.wav
[3214] OK: /hpctmp/scratch/e0968015/chsims/wav/aqgy5_0003/00015.wav
[3215] OK: /hpctmp/scratch/e0968015/chsims/wav/aqgy5_0003/00016.wav
[3216] OK: /hpctmp/scratch/e0968015/chsims/wav/aqgy5_0003/00017.wav
[3217] OK: /hpctmp/scratch/e0968015/chsims/wav/aqgy5_0003/00018.wav
[3218] OK: /hpctmp/scratch/e0968015/chsims/wav/aqgy5_0003/00019.wav
[3219] OK: /hpctmp/scratch/e0968015/chsims/wav/aqgy5_0003/00020.wav
[3220] OK: /hpctmp/scratch/e0968015/chsims/wav/aqgy5_0004/00000.wav
[3221] OK: /hpctmp/scratch/e0968015/chsims/wav/aqgy5_0004/00001.wav
[3222] OK: /hpctmp/scratch/e0968015/chsims/wav/aqgy5_0004/00002.wav
[3223] OK: /hpctmp/scratch/e0968015/chsims/wav/aqgy5_0004/00003.wav
[3224] OK: /hpctmp/scratch/e0968015/chsims/wav/aqgy5_0004/00004.wav
[3225] OK: /hpctmp/scratch/e0968015/chsims/wav/aqgy5_0004/00005.wav
[3226] OK: /hpctmp/scratch/e0968015/chsims/wav/aqgy5_0004/00007.wav
[3227] OK: /hpctmp/scratch/e0968015/chsims/wav/aqgy5_0004/00008.wav
[3228] OK: /hpctmp/scratch/e0968015/chsims/wav/aqgy5_0004/00009.wav
[3229] OK: /hpctmp/scratch/e0968015/chsims/wav/aqgy5_0004/00010.wav
[3230] OK: /hpctmp/scratch/e0968015/chsims/wav/aqgy5_0004/00011.wav
[3231] OK: /hpctmp/scratch/e0968015/chsims/wav/aqgy5_0004/00012.wav
[3232] OK: /hpctmp/scratch/e0968015/chsims/wav/aqgy5_0004/00013.wav
[3233] OK: /hpctmp/scratch/e0968015/chsims/wav/aqgy5_0004/00014.wav
[3234] OK: /hpctmp/scratch/e0968015/chsims/wav/aqgy5_0004/00015.wav
[3235] OK: /hpctmp/scratch/e0968015/chsims/wav/aqgy5_0004/00016.wav
[3236] OK: /hpctmp/scratch/e0968015/chsims/wav/aqgy5_0004/00017.wav
[3237] OK: /hpctmp/scratch/e0968015/chsims/wav/aqgy5_0004/00018.wav
[3238] OK: /hpctmp/scratch/e0968015/chsims/wav/aqgy5_0004/00019.wav
[3239] OK: /hpctmp/scratch/e0968015/chsims/wav/aqgy5_0004/00020.wav
[3240] OK: /hpctmp/scratch/e0968015/chsims/wav/aqgy5_0005/00000.wav
[3241] OK: /hpctmp/scratch/e0968015/chsims/wav/aqgy5_0005/00001.wav
[3242] OK: /hpctmp/scratch/e0968015/chsims/wav/aqgy5_0005/00002.wav
[3243] OK: /hpctmp/scratch/e0968015/chsims/wav/aqgy5_0005/00003.wav
[3244] OK: /hpctmp/scratch/e0968015/chsims/wav/aqgy5_0005/00004.wav
[3245] OK: /hpctmp/scratch/e0968015/chsims/wav/aqgy5_0005/00005.wav
[3246] OK: /hpctmp/scratch/e0968015/chsims/wav/aqgy5_0005/00006.wav
[3247] OK: /hpctmp/scratch/e0968015/chsims/wav/aqgy5_0005/00007.wav
[3248] OK: /hpctmp/scratch/e0968015/chsims/wav/aqgy5_0005/00008.wav
[3249] OK: /hpctmp/scratch/e0968015/chsims/wav/aqgy5_0005/00009.wav
[3250] OK: /hpctmp/scratch/e0968015/chsims/wav/aqgy5_0005/00010.wav
[3251] OK: /hpctmp/scratch/e0968015/chsims/wav/aqgy5_0005/00011.wav
[3252] OK: /hpctmp/scratch/e0968015/chsims/wav/aqgy5_0005/00012.wav
[3253] OK: /hpctmp/scratch/e0968015/chsims/wav/aqgy5_0005/00014.wav
[3254] OK: /hpctmp/scratch/e0968015/chsims/wav/aqgy5_0005/00015.wav
[3255] OK: /hpctmp/scratch/e0968015/chsims/wav/aqgy5_0005/00016.wav
[3256] OK: /hpctmp/scratch/e0968015/chsims/wav/aqgy5_0005/00017.wav
[3257] OK: /hpctmp/scratch/e0968015/chsims/wav/aqgy5_0005/00018.wav
[3258] OK: /hpctmp/scratch/e0968015/chsims/wav/aqgy5_0005/00019.wav
[3259] OK: /hpctmp/scratch/e0968015/chsims/wav/aqgy5_0005/00020.wav
[3260] OK: /hpctmp/scratch/e0968015/chsims/wav/aqgy5_0005/00021.wav
[3261] OK: /hpctmp/scratch/e0968015/chsims/wav/aqgy5_0005/00022.wav
[3262] OK: /hpctmp/scratch/e0968015/chsims/wav/aqgy5_0005/00023.wav
[3263] OK: /hpctmp/scratch/e0968015/chsims/wav/aqgy5_0005/00024.wav
[3264] OK: /hpctmp/scratch/e0968015/chsims/wav/aqgy5_0005/00025.wav
[3265] OK: /hpctmp/scratch/e0968015/chsims/wav/aqgy5_0005/00027.wav
[3266] OK: /hpctmp/scratch/e0968015/chsims/wav/aqgy5_0005/00028.wav
[3267] OK: /hpctmp/scratch/e0968015/chsims/wav/aqgy5_0005/00029.wav
[3268] OK: /hpctmp/scratch/e0968015/chsims/wav/aqgy5_0005/00030.wav
[3269] OK: /hpctmp/scratch/e0968015/chsims/wav/aqgy5_0005/00031.wav
[3270] OK: /hpctmp/scratch/e0968015/chsims/wav/aqgy5_0005/00032.wav
[3271] OK: /hpctmp/scratch/e0968015/chsims/wav/aqgy5_0005/00033.wav
[3272] OK: /hpctmp/scratch/e0968015/chsims/wav/aqgy5_0005/00034.wav
[3273] OK: /hpctmp/scratch/e0968015/chsims/wav/aqgy5_0005/00035.wav
[3274] OK: /hpctmp/scratch/e0968015/chsims/wav/aqgy5_0005/00036.wav
[3275] OK: /hpctmp/scratch/e0968015/chsims/wav/aqgy5_0005/00037.wav
[3276] OK: /hpctmp/scratch/e0968015/chsims/wav/aqgy5_0005/00038.wav
[3277] OK: /hpctmp/scratch/e0968015/chsims/wav/aqgy5_0005/00039.wav
[3278] OK: /hpctmp/scratch/e0968015/chsims/wav/aqgy5_0005/00040.wav
[3279] OK: /hpctmp/scratch/e0968015/chsims/wav/aqgy5_0005/00041.wav
[3280] OK: /hpctmp/scratch/e0968015/chsims/wav/aqgy5_0005/00042.wav
[3281] OK: /hpctmp/scratch/e0968015/chsims/wav/aqgy5_0005/00043.wav
[3282] OK: /hpctmp/scratch/e0968015/chsims/wav/aqgy5_0005/00044.wav
[3283] OK: /hpctmp/scratch/e0968015/chsims/wav/aqgy5_0005/00045.wav
[3284] OK: /hpctmp/scratch/e0968015/chsims/wav/aqgy5_0006/00000.wav
[3285] OK: /hpctmp/scratch/e0968015/chsims/wav/aqgy5_0006/00001.wav
[3286] OK: /hpctmp/scratch/e0968015/chsims/wav/aqgy5_0006/00002.wav
[3287] OK: /hpctmp/scratch/e0968015/chsims/wav/aqgy5_0006/00003.wav
[3288] OK: /hpctmp/scratch/e0968015/chsims/wav/aqgy5_0006/00004.wav
[3289] OK: /hpctmp/scratch/e0968015/chsims/wav/aqgy5_0006/00005.wav
[3290] OK: /hpctmp/scratch/e0968015/chsims/wav/aqgy5_0006/00006.wav
[3291] OK: /hpctmp/scratch/e0968015/chsims/wav/aqgy5_0006/00007.wav
[3292] OK: /hpctmp/scratch/e0968015/chsims/wav/aqgy5_0006/00008.wav
[3293] OK: /hpctmp/scratch/e0968015/chsims/wav/aqgy5_0006/00010.wav
[3294] OK: /hpctmp/scratch/e0968015/chsims/wav/aqgy5_0006/00011.wav
[3295] OK: /hpctmp/scratch/e0968015/chsims/wav/aqgy5_0006/00013.wav
[3296] OK: /hpctmp/scratch/e0968015/chsims/wav/aqgy5_0006/00014.wav
[3297] OK: /hpctmp/scratch/e0968015/chsims/wav/aqgy5_0006/00015.wav
[3298] OK: /hpctmp/scratch/e0968015/chsims/wav/aqgy5_0006/00016.wav
[3299] OK: /hpctmp/scratch/e0968015/chsims/wav/aqgy5_0006/00017.wav
[3300] OK: /hpctmp/scratch/e0968015/chsims/wav/aqgy5_0006/00018.wav
[3301] OK: /hpctmp/scratch/e0968015/chsims/wav/aqgy5_0006/00019.wav
[3302] OK: /hpctmp/scratch/e0968015/chsims/wav/aqgy5_0006/00020.wav
[3303] OK: /hpctmp/scratch/e0968015/chsims/wav/aqgy5_0006/00021.wav
[3304] OK: /hpctmp/scratch/e0968015/chsims/wav/aqgy5_0006/00022.wav
[3305] OK: /hpctmp/scratch/e0968015/chsims/wav/aqgy5_0006/00023.wav
[3306] OK: /hpctmp/scratch/e0968015/chsims/wav/aqgy5_0006/00024.wav
[3307] OK: /hpctmp/scratch/e0968015/chsims/wav/aqgy5_0006/00025.wav
[3308] OK: /hpctmp/scratch/e0968015/chsims/wav/aqgy5_0006/00026.wav
[3309] OK: /hpctmp/scratch/e0968015/chsims/wav/aqgy5_0006/00027.wav
[3310] OK: /hpctmp/scratch/e0968015/chsims/wav/aqgy5_0006/00028.wav
[3311] OK: /hpctmp/scratch/e0968015/chsims/wav/aqgy5_0006/00029.wav
[3312] OK: /hpctmp/scratch/e0968015/chsims/wav/aqgy5_0006/00031.wav
[3313] OK: /hpctmp/scratch/e0968015/chsims/wav/aqgy5_0006/00032.wav
[3314] OK: /hpctmp/scratch/e0968015/chsims/wav/aqgy5_0006/00033.wav
[3315] OK: /hpctmp/scratch/e0968015/chsims/wav/aqgy5_0006/00034.wav
[3316] OK: /hpctmp/scratch/e0968015/chsims/wav/aqgy5_0006/00035.wav
[3317] OK: /hpctmp/scratch/e0968015/chsims/wav/aqgy5_0007/00000.wav
[3318] OK: /hpctmp/scratch/e0968015/chsims/wav/aqgy5_0007/00001.wav
[3319] OK: /hpctmp/scratch/e0968015/chsims/wav/aqgy5_0007/00002.wav
[3320] OK: /hpctmp/scratch/e0968015/chsims/wav/aqgy5_0007/00003.wav
[3321] OK: /hpctmp/scratch/e0968015/chsims/wav/aqgy5_0007/00004.wav
[3322] OK: /hpctmp/scratch/e0968015/chsims/wav/aqgy5_0007/00005.wav
[3323] OK: /hpctmp/scratch/e0968015/chsims/wav/aqgy5_0007/00006.wav
[3324] OK: /hpctmp/scratch/e0968015/chsims/wav/aqgy5_0007/00007.wav
[3325] OK: /hpctmp/scratch/e0968015/chsims/wav/aqgy5_0007/00008.wav
[3326] OK: /hpctmp/scratch/e0968015/chsims/wav/aqgy5_0007/00009.wav
[3327] OK: /hpctmp/scratch/e0968015/chsims/wav/aqgy5_0007/00010.wav
[3328] OK: /hpctmp/scratch/e0968015/chsims/wav/aqgy5_0007/00011.wav
[3329] OK: /hpctmp/scratch/e0968015/chsims/wav/aqgy5_0007/00012.wav
[3330] OK: /hpctmp/scratch/e0968015/chsims/wav/aqgy5_0007/00013.wav
[3331] OK: /hpctmp/scratch/e0968015/chsims/wav/aqgy5_0007/00014.wav
[3332] OK: /hpctmp/scratch/e0968015/chsims/wav/aqgy5_0007/00015.wav
[3333] OK: /hpctmp/scratch/e0968015/chsims/wav/aqgy5_0007/00016.wav
[3334] OK: /hpctmp/scratch/e0968015/chsims/wav/aqgy5_0007/00017.wav
[3335] OK: /hpctmp/scratch/e0968015/chsims/wav/aqgy5_0007/00019.wav
[3336] OK: /hpctmp/scratch/e0968015/chsims/wav/aqgy5_0007/00020.wav
[3337] OK: /hpctmp/scratch/e0968015/chsims/wav/aqgy5_0007/00021.wav
[3338] OK: /hpctmp/scratch/e0968015/chsims/wav/aqgy5_0007/00022.wav
[3339] OK: /hpctmp/scratch/e0968015/chsims/wav/aqgy5_0007/00023.wav
[3340] OK: /hpctmp/scratch/e0968015/chsims/wav/aqgy5_0007/00024.wav
[3341] OK: /hpctmp/scratch/e0968015/chsims/wav/aqgy5_0007/00025.wav
[3342] OK: /hpctmp/scratch/e0968015/chsims/wav/aqgy5_0007/00026.wav
[3343] OK: /hpctmp/scratch/e0968015/chsims/wav/aqgy5_0007/00027.wav
[3344] OK: /hpctmp/scratch/e0968015/chsims/wav/aqgy5_0007/00028.wav
[3345] OK: /hpctmp/scratch/e0968015/chsims/wav/aqgy5_0007/00029.wav
[3346] OK: /hpctmp/scratch/e0968015/chsims/wav/aqgy5_0007/00030.wav
[3347] OK: /hpctmp/scratch/e0968015/chsims/wav/aqgy5_0007/00031.wav
[3348] OK: /hpctmp/scratch/e0968015/chsims/wav/aqgy5_0007/00032.wav
[3349] OK: /hpctmp/scratch/e0968015/chsims/wav/aqgy5_0007/00033.wav
[3350] OK: /hpctmp/scratch/e0968015/chsims/wav/aqgy5_0007/00034.wav
[3351] OK: /hpctmp/scratch/e0968015/chsims/wav/aqgy5_0007/00035.wav
[3352] OK: /hpctmp/scratch/e0968015/chsims/wav/aqgy5_0007/00036.wav
[3353] OK: /hpctmp/scratch/e0968015/chsims/wav/aqgy5_0007/00037.wav
[3354] OK: /hpctmp/scratch/e0968015/chsims/wav/aqgy5_0007/00038.wav
[3355] OK: /hpctmp/scratch/e0968015/chsims/wav/aqgy5_0007/00040.wav
[3356] OK: /hpctmp/scratch/e0968015/chsims/wav/aqgy5_0008/00000.wav
[3357] OK: /hpctmp/scratch/e0968015/chsims/wav/aqgy5_0008/00001.wav
[3358] OK: /hpctmp/scratch/e0968015/chsims/wav/aqgy5_0008/00002.wav
[3359] OK: /hpctmp/scratch/e0968015/chsims/wav/aqgy5_0008/00003.wav
[3360] OK: /hpctmp/scratch/e0968015/chsims/wav/aqgy5_0008/00004.wav
[3361] OK: /hpctmp/scratch/e0968015/chsims/wav/aqgy5_0008/00005.wav
[3362] OK: /hpctmp/scratch/e0968015/chsims/wav/aqgy5_0008/00006.wav
[3363] OK: /hpctmp/scratch/e0968015/chsims/wav/aqgy5_0008/00007.wav
[3364] OK: /hpctmp/scratch/e0968015/chsims/wav/aqgy5_0008/00008.wav
[3365] OK: /hpctmp/scratch/e0968015/chsims/wav/aqgy5_0008/00009.wav
[3366] OK: /hpctmp/scratch/e0968015/chsims/wav/aqgy5_0008/00010.wav
[3367] OK: /hpctmp/scratch/e0968015/chsims/wav/aqgy5_0008/00011.wav
[3368] OK: /hpctmp/scratch/e0968015/chsims/wav/aqgy5_0008/00012.wav
[3369] OK: /hpctmp/scratch/e0968015/chsims/wav/aqgy5_0008/00013.wav
[3370] OK: /hpctmp/scratch/e0968015/chsims/wav/aqgy5_0008/00014.wav
[3371] OK: /hpctmp/scratch/e0968015/chsims/wav/aqgy5_0008/00015.wav
[3372] OK: /hpctmp/scratch/e0968015/chsims/wav/aqgy5_0008/00016.wav
[3373] OK: /hpctmp/scratch/e0968015/chsims/wav/aqgy5_0008/00017.wav
[3374] OK: /hpctmp/scratch/e0968015/chsims/wav/aqgy5_0008/00018.wav
[3375] OK: /hpctmp/scratch/e0968015/chsims/wav/aqgy5_0008/00019.wav
[3376] OK: /hpctmp/scratch/e0968015/chsims/wav/aqgy5_0008/00020.wav
[3377] OK: /hpctmp/scratch/e0968015/chsims/wav/aqgy5_0008/00021.wav
[3378] OK: /hpctmp/scratch/e0968015/chsims/wav/aqgy5_0008/00022.wav
[3379] OK: /hpctmp/scratch/e0968015/chsims/wav/aqgy5_0008/00023.wav
[3380] OK: /hpctmp/scratch/e0968015/chsims/wav/aqgy5_0008/00024.wav
[3381] OK: /hpctmp/scratch/e0968015/chsims/wav/aqgy5_0008/00025.wav
[3382] OK: /hpctmp/scratch/e0968015/chsims/wav/aqgy5_0008/00026.wav
[3383] OK: /hpctmp/scratch/e0968015/chsims/wav/aqgy5_0008/00027.wav
[3384] OK: /hpctmp/scratch/e0968015/chsims/wav/aqgy5_0008/00028.wav
[3385] OK: /hpctmp/scratch/e0968015/chsims/wav/aqgy5_0008/00029.wav
[3386] OK: /hpctmp/scratch/e0968015/chsims/wav/aqgy5_0008/00030.wav
[3387] OK: /hpctmp/scratch/e0968015/chsims/wav/aqgy5_0008/00031.wav
[3388] OK: /hpctmp/scratch/e0968015/chsims/wav/aqgy5_0008/00032.wav
[3389] OK: /hpctmp/scratch/e0968015/chsims/wav/aqgy5_0008/00033.wav
[3390] OK: /hpctmp/scratch/e0968015/chsims/wav/aqgy5_0008/00034.wav
[3391] OK: /hpctmp/scratch/e0968015/chsims/wav/aqgy5_0008/00035.wav
[3392] OK: /hpctmp/scratch/e0968015/chsims/wav/aqgy5_0008/00036.wav
[3393] OK: /hpctmp/scratch/e0968015/chsims/wav/aqgy5_0008/00037.wav
[3394] OK: /hpctmp/scratch/e0968015/chsims/wav/aqgy5_0008/00038.wav
[3395] OK: /hpctmp/scratch/e0968015/chsims/wav/aqgy5_0009/00000.wav
[3396] OK: /hpctmp/scratch/e0968015/chsims/wav/aqgy5_0009/00001.wav
[3397] OK: /hpctmp/scratch/e0968015/chsims/wav/aqgy5_0009/00002.wav
[3398] OK: /hpctmp/scratch/e0968015/chsims/wav/aqgy5_0009/00003.wav
[3399] OK: /hpctmp/scratch/e0968015/chsims/wav/aqgy5_0009/00004.wav
[3400] OK: /hpctmp/scratch/e0968015/chsims/wav/aqgy5_0009/00005.wav
[3401] OK: /hpctmp/scratch/e0968015/chsims/wav/aqgy5_0009/00006.wav
[3402] OK: /hpctmp/scratch/e0968015/chsims/wav/aqgy5_0009/00007.wav
[3403] OK: /hpctmp/scratch/e0968015/chsims/wav/aqgy5_0009/00008.wav
[3404] OK: /hpctmp/scratch/e0968015/chsims/wav/aqgy5_0009/00009.wav
[3405] OK: /hpctmp/scratch/e0968015/chsims/wav/aqgy5_0009/00010.wav
[3406] OK: /hpctmp/scratch/e0968015/chsims/wav/aqgy5_0009/00011.wav
[3407] OK: /hpctmp/scratch/e0968015/chsims/wav/aqgy5_0009/00012.wav
[3408] OK: /hpctmp/scratch/e0968015/chsims/wav/aqgy5_0009/00014.wav
[3409] OK: /hpctmp/scratch/e0968015/chsims/wav/aqgy5_0009/00015.wav
[3410] OK: /hpctmp/scratch/e0968015/chsims/wav/aqgy5_0009/00016.wav
[3411] OK: /hpctmp/scratch/e0968015/chsims/wav/aqgy5_0009/00017.wav
[3412] OK: /hpctmp/scratch/e0968015/chsims/wav/aqgy5_0009/00018.wav
[3413] OK: /hpctmp/scratch/e0968015/chsims/wav/aqgy5_0009/00019.wav
[3414] OK: /hpctmp/scratch/e0968015/chsims/wav/aqgy5_0009/00020.wav
[3415] OK: /hpctmp/scratch/e0968015/chsims/wav/aqgy5_0009/00021.wav
[3416] OK: /hpctmp/scratch/e0968015/chsims/wav/aqgy5_0009/00022.wav
[3417] OK: /hpctmp/scratch/e0968015/chsims/wav/aqgy5_0009/00023.wav
[3418] OK: /hpctmp/scratch/e0968015/chsims/wav/aqgy5_0009/00024.wav
[3419] OK: /hpctmp/scratch/e0968015/chsims/wav/aqgy5_0009/00025.wav
[3420] OK: /hpctmp/scratch/e0968015/chsims/wav/aqgy5_0009/00026.wav
[3421] OK: /hpctmp/scratch/e0968015/chsims/wav/aqgy5_0009/00027.wav
[3422] OK: /hpctmp/scratch/e0968015/chsims/wav/aqgy5_0009/00028.wav
[3423] OK: /hpctmp/scratch/e0968015/chsims/wav/aqgy5_0009/00029.wav
[3424] OK: /hpctmp/scratch/e0968015/chsims/wav/aqgy5_0009/00030.wav
[3425] OK: /hpctmp/scratch/e0968015/chsims/wav/aqgy5_0009/00031.wav
[3426] OK: /hpctmp/scratch/e0968015/chsims/wav/aqgy5_0009/00032.wav
[3427] OK: /hpctmp/scratch/e0968015/chsims/wav/aqgy5_0009/00033.wav
[3428] OK: /hpctmp/scratch/e0968015/chsims/wav/aqgy5_0009/00034.wav
[3429] OK: /hpctmp/scratch/e0968015/chsims/wav/aqgy5_0009/00035.wav
[3430] OK: /hpctmp/scratch/e0968015/chsims/wav/aqgy5_0009/00036.wav
[3431] OK: /hpctmp/scratch/e0968015/chsims/wav/aqgy5_0009/00037.wav
[3432] OK: /hpctmp/scratch/e0968015/chsims/wav/aqgy5_0009/00038.wav
[3433] OK: /hpctmp/scratch/e0968015/chsims/wav/aqgy5_0009/00039.wav
[3434] OK: /hpctmp/scratch/e0968015/chsims/wav/aqgy5_0009/00040.wav
[3435] OK: /hpctmp/scratch/e0968015/chsims/wav/aqgy5_0009/00041.wav
[3436] OK: /hpctmp/scratch/e0968015/chsims/wav/aqgy5_0009/00042.wav
[3437] OK: /hpctmp/scratch/e0968015/chsims/wav/aqgy5_0009/00043.wav
[3438] OK: /hpctmp/scratch/e0968015/chsims/wav/aqgy5_0009/00044.wav
[3439] OK: /hpctmp/scratch/e0968015/chsims/wav/aqgy5_0009/00045.wav
[3440] OK: /hpctmp/scratch/e0968015/chsims/wav/aqgy5_0009/00046.wav
[3441] OK: /hpctmp/scratch/e0968015/chsims/wav/aqgy5_0010/00000.wav
[3442] OK: /hpctmp/scratch/e0968015/chsims/wav/aqgy5_0010/00001.wav
[3443] OK: /hpctmp/scratch/e0968015/chsims/wav/aqgy5_0010/00002.wav
[3444] OK: /hpctmp/scratch/e0968015/chsims/wav/aqgy5_0010/00003.wav
[3445] OK: /hpctmp/scratch/e0968015/chsims/wav/aqgy5_0010/00004.wav
[3446] OK: /hpctmp/scratch/e0968015/chsims/wav/aqgy5_0010/00005.wav
[3447] OK: /hpctmp/scratch/e0968015/chsims/wav/aqgy5_0010/00006.wav
[3448] OK: /hpctmp/scratch/e0968015/chsims/wav/aqgy5_0010/00007.wav
[3449] OK: /hpctmp/scratch/e0968015/chsims/wav/aqgy5_0010/00008.wav
[3450] OK: /hpctmp/scratch/e0968015/chsims/wav/aqgy5_0010/00009.wav
[3451] OK: /hpctmp/scratch/e0968015/chsims/wav/aqgy5_0010/00010.wav
[3452] OK: /hpctmp/scratch/e0968015/chsims/wav/aqgy5_0010/00011.wav
[3453] OK: /hpctmp/scratch/e0968015/chsims/wav/aqgy5_0010/00012.wav
[3454] OK: /hpctmp/scratch/e0968015/chsims/wav/aqgy5_0010/00013.wav
[3455] OK: /hpctmp/scratch/e0968015/chsims/wav/aqgy5_0010/00014.wav
[3456] OK: /hpctmp/scratch/e0968015/chsims/wav/aqgy5_0010/00015.wav
[3457] OK: /hpctmp/scratch/e0968015/chsims/wav/aqgy5_0010/00016.wav
[3458] OK: /hpctmp/scratch/e0968015/chsims/wav/aqgy5_0010/00017.wav
[3459] OK: /hpctmp/scratch/e0968015/chsims/wav/aqgy5_0010/00018.wav
[3460] OK: /hpctmp/scratch/e0968015/chsims/wav/aqgy5_0010/00019.wav
[3461] OK: /hpctmp/scratch/e0968015/chsims/wav/aqgy5_0010/00020.wav
[3462] OK: /hpctmp/scratch/e0968015/chsims/wav/aqgy5_0010/00021.wav
[3463] OK: /hpctmp/scratch/e0968015/chsims/wav/aqgy5_0010/00022.wav
[3464] OK: /hpctmp/scratch/e0968015/chsims/wav/aqgy5_0010/00023.wav
[3465] OK: /hpctmp/scratch/e0968015/chsims/wav/aqgy5_0010/00024.wav
[3466] OK: /hpctmp/scratch/e0968015/chsims/wav/aqgy5_0010/00025.wav
[3467] OK: /hpctmp/scratch/e0968015/chsims/wav/aqgy5_0010/00026.wav
[3468] OK: /hpctmp/scratch/e0968015/chsims/wav/aqgy5_0010/00027.wav
[3469] OK: /hpctmp/scratch/e0968015/chsims/wav/aqgy5_0010/00028.wav
[3470] OK: /hpctmp/scratch/e0968015/chsims/wav/aqgy5_0010/00029.wav
[3471] OK: /hpctmp/scratch/e0968015/chsims/wav/aqgy5_0010/00030.wav
[3472] OK: /hpctmp/scratch/e0968015/chsims/wav/aqgy5_0011/00000.wav
[3473] OK: /hpctmp/scratch/e0968015/chsims/wav/aqgy5_0011/00001.wav
[3474] OK: /hpctmp/scratch/e0968015/chsims/wav/aqgy5_0011/00002.wav
[3475] OK: /hpctmp/scratch/e0968015/chsims/wav/aqgy5_0011/00003.wav
[3476] OK: /hpctmp/scratch/e0968015/chsims/wav/aqgy5_0011/00004.wav
[3477] OK: /hpctmp/scratch/e0968015/chsims/wav/aqgy5_0011/00005.wav
[3478] OK: /hpctmp/scratch/e0968015/chsims/wav/aqgy5_0011/00007.wav
[3479] OK: /hpctmp/scratch/e0968015/chsims/wav/aqgy5_0011/00008.wav
[3480] OK: /hpctmp/scratch/e0968015/chsims/wav/aqgy5_0011/00009.wav
[3481] OK: /hpctmp/scratch/e0968015/chsims/wav/aqgy5_0011/00010.wav
[3482] OK: /hpctmp/scratch/e0968015/chsims/wav/aqgy5_0011/00011.wav
[3483] OK: /hpctmp/scratch/e0968015/chsims/wav/aqgy5_0011/00012.wav
[3484] OK: /hpctmp/scratch/e0968015/chsims/wav/aqgy5_0011/00013.wav
[3485] OK: /hpctmp/scratch/e0968015/chsims/wav/aqgy5_0011/00014.wav
[3486] OK: /hpctmp/scratch/e0968015/chsims/wav/aqgy5_0011/00015.wav
[3487] OK: /hpctmp/scratch/e0968015/chsims/wav/aqgy5_0011/00016.wav
[3488] OK: /hpctmp/scratch/e0968015/chsims/wav/aqgy5_0011/00017.wav
[3489] OK: /hpctmp/scratch/e0968015/chsims/wav/aqgy5_0011/00018.wav
[3490] OK: /hpctmp/scratch/e0968015/chsims/wav/aqgy5_0011/00019.wav
[3491] OK: /hpctmp/scratch/e0968015/chsims/wav/aqgy5_0011/00020.wav
[3492] OK: /hpctmp/scratch/e0968015/chsims/wav/aqgy5_0011/00022.wav
[3493] OK: /hpctmp/scratch/e0968015/chsims/wav/aqgy5_0011/00023.wav
[3494] OK: /hpctmp/scratch/e0968015/chsims/wav/aqgy5_0011/00024.wav
[3495] OK: /hpctmp/scratch/e0968015/chsims/wav/aqgy5_0011/00025.wav
[3496] OK: /hpctmp/scratch/e0968015/chsims/wav/aqgy5_0011/00026.wav
[3497] OK: /hpctmp/scratch/e0968015/chsims/wav/aqgy5_0011/00027.wav
[3498] OK: /hpctmp/scratch/e0968015/chsims/wav/aqgy5_0011/00028.wav
[3499] OK: /hpctmp/scratch/e0968015/chsims/wav/aqgy5_0011/00029.wav
[3500] OK: /hpctmp/scratch/e0968015/chsims/wav/aqgy5_0011/00030.wav
[3501] OK: /hpctmp/scratch/e0968015/chsims/wav/aqgy5_0011/00031.wav
[3502] OK: /hpctmp/scratch/e0968015/chsims/wav/aqgy5_0011/00032.wav
[3503] OK: /hpctmp/scratch/e0968015/chsims/wav/aqgy5_0011/00033.wav
[3504] OK: /hpctmp/scratch/e0968015/chsims/wav/aqgy5_0011/00034.wav
[3505] OK: /hpctmp/scratch/e0968015/chsims/wav/aqgy5_0011/00035.wav
[3506] OK: /hpctmp/scratch/e0968015/chsims/wav/aqgy5_0011/00036.wav
[3507] OK: /hpctmp/scratch/e0968015/chsims/wav/aqgy5_0011/00037.wav
[3508] OK: /hpctmp/scratch/e0968015/chsims/wav/aqgy5_0011/00038.wav
[3509] OK: /hpctmp/scratch/e0968015/chsims/wav/aqgy5_0011/00039.wav
[3510] OK: /hpctmp/scratch/e0968015/chsims/wav/aqgy5_0011/00040.wav
[3511] OK: /hpctmp/scratch/e0968015/chsims/wav/aqgy5_0011/00041.wav
[3512] OK: /hpctmp/scratch/e0968015/chsims/wav/aqgy5_0011/00042.wav
[3513] OK: /hpctmp/scratch/e0968015/chsims/wav/aqgy5_0011/00043.wav
[3514] OK: /hpctmp/scratch/e0968015/chsims/wav/aqgy5_0011/00046.wav
[3515] OK: /hpctmp/scratch/e0968015/chsims/wav/aqgy5_0011/00047.wav
[3516] OK: /hpctmp/scratch/e0968015/chsims/wav/aqgy5_0012/00000.wav
[3517] OK: /hpctmp/scratch/e0968015/chsims/wav/aqgy5_0012/00001.wav
[3518] OK: /hpctmp/scratch/e0968015/chsims/wav/aqgy5_0012/00002.wav
[3519] OK: /hpctmp/scratch/e0968015/chsims/wav/aqgy5_0012/00003.wav
[3520] OK: /hpctmp/scratch/e0968015/chsims/wav/aqgy5_0012/00004.wav
[3521] OK: /hpctmp/scratch/e0968015/chsims/wav/aqgy5_0012/00005.wav
[3522] OK: /hpctmp/scratch/e0968015/chsims/wav/aqgy5_0012/00006.wav
[3523] OK: /hpctmp/scratch/e0968015/chsims/wav/aqgy5_0012/00007.wav
[3524] OK: /hpctmp/scratch/e0968015/chsims/wav/aqgy5_0012/00008.wav
[3525] OK: /hpctmp/scratch/e0968015/chsims/wav/aqgy5_0012/00009.wav
[3526] OK: /hpctmp/scratch/e0968015/chsims/wav/aqgy5_0012/00010.wav
[3527] OK: /hpctmp/scratch/e0968015/chsims/wav/aqgy5_0012/00011.wav
[3528] OK: /hpctmp/scratch/e0968015/chsims/wav/aqgy5_0012/00012.wav
[3529] OK: /hpctmp/scratch/e0968015/chsims/wav/aqgy5_0012/00013.wav
[3530] OK: /hpctmp/scratch/e0968015/chsims/wav/aqgy5_0012/00014.wav
[3531] OK: /hpctmp/scratch/e0968015/chsims/wav/aqgy5_0012/00015.wav
[3532] OK: /hpctmp/scratch/e0968015/chsims/wav/aqgy5_0012/00016.wav
[3533] OK: /hpctmp/scratch/e0968015/chsims/wav/aqgy5_0012/00017.wav
[3534] OK: /hpctmp/scratch/e0968015/chsims/wav/aqgy5_0012/00018.wav
[3535] OK: /hpctmp/scratch/e0968015/chsims/wav/aqgy5_0012/00019.wav
[3536] OK: /hpctmp/scratch/e0968015/chsims/wav/aqgy5_0012/00020.wav
[3537] OK: /hpctmp/scratch/e0968015/chsims/wav/aqgy5_0012/00021.wav
[3538] OK: /hpctmp/scratch/e0968015/chsims/wav/aqgy5_0012/00022.wav
[3539] OK: /hpctmp/scratch/e0968015/chsims/wav/aqgy5_0012/00023.wav
[3540] OK: /hpctmp/scratch/e0968015/chsims/wav/aqgy5_0012/00024.wav
[3541] OK: /hpctmp/scratch/e0968015/chsims/wav/aqgy5_0012/00025.wav
[3542] OK: /hpctmp/scratch/e0968015/chsims/wav/aqgy5_0012/00026.wav
[3543] OK: /hpctmp/scratch/e0968015/chsims/wav/aqgy5_0012/00027.wav
[3544] OK: /hpctmp/scratch/e0968015/chsims/wav/aqgy5_0012/00028.wav
[3545] OK: /hpctmp/scratch/e0968015/chsims/wav/aqgy5_0013/00000.wav
[3546] OK: /hpctmp/scratch/e0968015/chsims/wav/aqgy5_0013/00001.wav
[3547] OK: /hpctmp/scratch/e0968015/chsims/wav/aqgy5_0013/00002.wav
[3548] OK: /hpctmp/scratch/e0968015/chsims/wav/aqgy5_0013/00004.wav
[3549] OK: /hpctmp/scratch/e0968015/chsims/wav/aqgy5_0013/00005.wav
[3550] OK: /hpctmp/scratch/e0968015/chsims/wav/aqgy5_0013/00006.wav
[3551] OK: /hpctmp/scratch/e0968015/chsims/wav/aqgy5_0013/00007.wav
[3552] OK: /hpctmp/scratch/e0968015/chsims/wav/aqgy5_0013/00008.wav
[3553] OK: /hpctmp/scratch/e0968015/chsims/wav/aqgy5_0013/00009.wav
[3554] OK: /hpctmp/scratch/e0968015/chsims/wav/aqgy5_0013/00010.wav
[3555] OK: /hpctmp/scratch/e0968015/chsims/wav/aqgy5_0013/00011.wav
[3556] OK: /hpctmp/scratch/e0968015/chsims/wav/aqgy5_0013/00012.wav
[3557] OK: /hpctmp/scratch/e0968015/chsims/wav/aqgy5_0013/00013.wav
[3558] OK: /hpctmp/scratch/e0968015/chsims/wav/aqgy5_0013/00014.wav
[3559] OK: /hpctmp/scratch/e0968015/chsims/wav/aqgy5_0013/00015.wav
[3560] OK: /hpctmp/scratch/e0968015/chsims/wav/aqgy5_0013/00017.wav
[3561] OK: /hpctmp/scratch/e0968015/chsims/wav/aqgy5_0013/00018.wav
[3562] OK: /hpctmp/scratch/e0968015/chsims/wav/aqgy5_0013/00019.wav
[3563] OK: /hpctmp/scratch/e0968015/chsims/wav/aqgy5_0013/00020.wav
[3564] OK: /hpctmp/scratch/e0968015/chsims/wav/aqgy5_0013/00021.wav
[3565] OK: /hpctmp/scratch/e0968015/chsims/wav/aqgy5_0013/00022.wav
[3566] OK: /hpctmp/scratch/e0968015/chsims/wav/aqgy5_0013/00023.wav
[3567] OK: /hpctmp/scratch/e0968015/chsims/wav/aqgy5_0013/00024.wav
[3568] OK: /hpctmp/scratch/e0968015/chsims/wav/aqgy5_0013/00025.wav
[3569] OK: /hpctmp/scratch/e0968015/chsims/wav/aqgy5_0013/00026.wav
[3570] OK: /hpctmp/scratch/e0968015/chsims/wav/aqgy5_0013/00027.wav
[3571] OK: /hpctmp/scratch/e0968015/chsims/wav/aqgy5_0013/00028.wav
[3572] OK: /hpctmp/scratch/e0968015/chsims/wav/aqgy5_0013/00029.wav
[3573] OK: /hpctmp/scratch/e0968015/chsims/wav/aqgy5_0014/00000.wav
[3574] OK: /hpctmp/scratch/e0968015/chsims/wav/aqgy5_0014/00001.wav
[3575] OK: /hpctmp/scratch/e0968015/chsims/wav/aqgy5_0014/00002.wav
[3576] OK: /hpctmp/scratch/e0968015/chsims/wav/aqgy5_0014/00003.wav
[3577] OK: /hpctmp/scratch/e0968015/chsims/wav/aqgy5_0014/00004.wav
[3578] OK: /hpctmp/scratch/e0968015/chsims/wav/aqgy5_0014/00005.wav
[3579] OK: /hpctmp/scratch/e0968015/chsims/wav/aqgy5_0014/00006.wav
[3580] OK: /hpctmp/scratch/e0968015/chsims/wav/aqgy5_0014/00007.wav
[3581] OK: /hpctmp/scratch/e0968015/chsims/wav/aqgy5_0014/00008.wav
[3582] OK: /hpctmp/scratch/e0968015/chsims/wav/aqgy5_0014/00009.wav
[3583] OK: /hpctmp/scratch/e0968015/chsims/wav/aqgy5_0014/00010.wav
[3584] OK: /hpctmp/scratch/e0968015/chsims/wav/aqgy5_0014/00011.wav
[3585] OK: /hpctmp/scratch/e0968015/chsims/wav/aqgy5_0014/00012.wav
[3586] OK: /hpctmp/scratch/e0968015/chsims/wav/aqgy5_0014/00013.wav
[3587] OK: /hpctmp/scratch/e0968015/chsims/wav/aqgy5_0014/00014.wav
[3588] OK: /hpctmp/scratch/e0968015/chsims/wav/aqgy5_0014/00015.wav
[3589] OK: /hpctmp/scratch/e0968015/chsims/wav/aqgy5_0014/00016.wav
[3590] OK: /hpctmp/scratch/e0968015/chsims/wav/aqgy5_0014/00018.wav
[3591] OK: /hpctmp/scratch/e0968015/chsims/wav/aqgy5_0014/00019.wav
[3592] OK: /hpctmp/scratch/e0968015/chsims/wav/aqgy5_0014/00020.wav
[3593] OK: /hpctmp/scratch/e0968015/chsims/wav/aqgy5_0014/00021.wav
[3594] OK: /hpctmp/scratch/e0968015/chsims/wav/aqgy5_0014/00022.wav
[3595] OK: /hpctmp/scratch/e0968015/chsims/wav/aqgy5_0014/00023.wav
[3596] OK: /hpctmp/scratch/e0968015/chsims/wav/aqgy5_0014/00024.wav
[3597] OK: /hpctmp/scratch/e0968015/chsims/wav/aqgy5_0014/00025.wav
[3598] OK: /hpctmp/scratch/e0968015/chsims/wav/aqgy5_0014/00027.wav
[3599] OK: /hpctmp/scratch/e0968015/chsims/wav/aqgy5_0014/00028.wav
[3600] OK: /hpctmp/scratch/e0968015/chsims/wav/aqgy5_0014/00029.wav
[3601] OK: /hpctmp/scratch/e0968015/chsims/wav/aqgy5_0014/00030.wav
[3602] OK: /hpctmp/scratch/e0968015/chsims/wav/aqgy5_0014/00031.wav
[3603] OK: /hpctmp/scratch/e0968015/chsims/wav/aqgy5_0014/00032.wav
[3604] OK: /hpctmp/scratch/e0968015/chsims/wav/aqgy5_0014/00033.wav
[3605] OK: /hpctmp/scratch/e0968015/chsims/wav/aqgy5_0014/00034.wav
[3606] OK: /hpctmp/scratch/e0968015/chsims/wav/aqgy5_0014/00035.wav
[3607] OK: /hpctmp/scratch/e0968015/chsims/wav/aqgy5_0014/00036.wav
[3608] OK: /hpctmp/scratch/e0968015/chsims/wav/aqgy5_0014/00037.wav
[3609] OK: /hpctmp/scratch/e0968015/chsims/wav/aqgy5_0014/00041.wav
[3610] OK: /hpctmp/scratch/e0968015/chsims/wav/aqgy5_0014/00042.wav
[3611] OK: /hpctmp/scratch/e0968015/chsims/wav/aqgy5_0014/00043.wav
[3612] OK: /hpctmp/scratch/e0968015/chsims/wav/aqgy5_0014/00044.wav
[3613] OK: /hpctmp/scratch/e0968015/chsims/wav/aqgy5_0014/00045.wav
[3614] OK: /hpctmp/scratch/e0968015/chsims/wav/aqgy5_0014/00046.wav
[3615] OK: /hpctmp/scratch/e0968015/chsims/wav/aqgy5_0014/00047.wav
[3616] OK: /hpctmp/scratch/e0968015/chsims/wav/aqgy5_0014/00048.wav
[3617] OK: /hpctmp/scratch/e0968015/chsims/wav/aqgy5_0014/00049.wav
[3618] OK: /hpctmp/scratch/e0968015/chsims/wav/aqgy5_0014/00050.wav
[3619] OK: /hpctmp/scratch/e0968015/chsims/wav/aqgy5_0014/00051.wav
[3620] OK: /hpctmp/scratch/e0968015/chsims/wav/aqgy5_0014/00052.wav
[3621] OK: /hpctmp/scratch/e0968015/chsims/wav/aqgy5_0014/00053.wav
[3622] OK: /hpctmp/scratch/e0968015/chsims/wav/aqgy5_0015/00000.wav
[3623] OK: /hpctmp/scratch/e0968015/chsims/wav/aqgy5_0015/00001.wav
[3624] OK: /hpctmp/scratch/e0968015/chsims/wav/aqgy5_0015/00002.wav
[3625] OK: /hpctmp/scratch/e0968015/chsims/wav/aqgy5_0015/00003.wav
[3626] OK: /hpctmp/scratch/e0968015/chsims/wav/aqgy5_0015/00004.wav
[3627] OK: /hpctmp/scratch/e0968015/chsims/wav/aqgy5_0015/00006.wav
[3628] OK: /hpctmp/scratch/e0968015/chsims/wav/aqgy5_0015/00007.wav
[3629] OK: /hpctmp/scratch/e0968015/chsims/wav/aqgy5_0015/00008.wav
[3630] OK: /hpctmp/scratch/e0968015/chsims/wav/aqgy5_0015/00009.wav
[3631] OK: /hpctmp/scratch/e0968015/chsims/wav/aqgy5_0015/00010.wav
[3632] OK: /hpctmp/scratch/e0968015/chsims/wav/aqgy5_0015/00011.wav
[3633] OK: /hpctmp/scratch/e0968015/chsims/wav/aqgy5_0015/00012.wav
[3634] OK: /hpctmp/scratch/e0968015/chsims/wav/aqgy5_0015/00013.wav
[3635] OK: /hpctmp/scratch/e0968015/chsims/wav/aqgy5_0015/00014.wav
[3636] OK: /hpctmp/scratch/e0968015/chsims/wav/aqgy5_0015/00015.wav
[3637] OK: /hpctmp/scratch/e0968015/chsims/wav/aqgy5_0015/00016.wav
[3638] OK: /hpctmp/scratch/e0968015/chsims/wav/aqgy5_0015/00017.wav
[3639] OK: /hpctmp/scratch/e0968015/chsims/wav/aqgy5_0015/00018.wav
[3640] OK: /hpctmp/scratch/e0968015/chsims/wav/aqgy5_0015/00019.wav
[3641] OK: /hpctmp/scratch/e0968015/chsims/wav/aqgy5_0015/00020.wav
[3642] OK: /hpctmp/scratch/e0968015/chsims/wav/aqgy5_0015/00021.wav
[3643] OK: /hpctmp/scratch/e0968015/chsims/wav/aqgy5_0015/00022.wav
[3644] OK: /hpctmp/scratch/e0968015/chsims/wav/aqgy5_0015/00023.wav
[3645] OK: /hpctmp/scratch/e0968015/chsims/wav/aqgy5_0015/00024.wav
[3646] OK: /hpctmp/scratch/e0968015/chsims/wav/aqgy5_0015/00025.wav
[3647] OK: /hpctmp/scratch/e0968015/chsims/wav/aqgy5_0015/00026.wav
[3648] OK: /hpctmp/scratch/e0968015/chsims/wav/aqgy5_0015/00027.wav
[3649] OK: /hpctmp/scratch/e0968015/chsims/wav/aqgy5_0016/00000.wav
[3650] OK: /hpctmp/scratch/e0968015/chsims/wav/aqgy5_0016/00001.wav
[3651] OK: /hpctmp/scratch/e0968015/chsims/wav/aqgy5_0016/00002.wav
[3652] OK: /hpctmp/scratch/e0968015/chsims/wav/aqgy5_0016/00004.wav
[3653] OK: /hpctmp/scratch/e0968015/chsims/wav/aqgy5_0016/00005.wav
[3654] OK: /hpctmp/scratch/e0968015/chsims/wav/aqgy5_0016/00006.wav
[3655] OK: /hpctmp/scratch/e0968015/chsims/wav/aqgy5_0016/00007.wav
[3656] OK: /hpctmp/scratch/e0968015/chsims/wav/aqgy5_0016/00008.wav
[3657] OK: /hpctmp/scratch/e0968015/chsims/wav/aqgy5_0016/00009.wav
[3658] OK: /hpctmp/scratch/e0968015/chsims/wav/aqgy5_0016/00010.wav
[3659] OK: /hpctmp/scratch/e0968015/chsims/wav/aqgy5_0016/00011.wav
[3660] OK: /hpctmp/scratch/e0968015/chsims/wav/aqgy5_0016/00012.wav
[3661] OK: /hpctmp/scratch/e0968015/chsims/wav/aqgy5_0016/00013.wav
[3662] OK: /hpctmp/scratch/e0968015/chsims/wav/aqgy5_0016/00014.wav
[3663] OK: /hpctmp/scratch/e0968015/chsims/wav/aqgy5_0016/00015.wav
[3664] OK: /hpctmp/scratch/e0968015/chsims/wav/aqgy5_0016/00016.wav
[3665] OK: /hpctmp/scratch/e0968015/chsims/wav/aqgy5_0016/00017.wav
[3666] OK: /hpctmp/scratch/e0968015/chsims/wav/aqgy5_0016/00018.wav
[3667] OK: /hpctmp/scratch/e0968015/chsims/wav/aqgy5_0016/00019.wav
[3668] OK: /hpctmp/scratch/e0968015/chsims/wav/aqgy5_0016/00020.wav
[3669] OK: /hpctmp/scratch/e0968015/chsims/wav/aqgy5_0016/00022.wav
[3670] OK: /hpctmp/scratch/e0968015/chsims/wav/aqgy5_0016/00023.wav
[3671] OK: /hpctmp/scratch/e0968015/chsims/wav/aqgy5_0016/00024.wav
[3672] OK: /hpctmp/scratch/e0968015/chsims/wav/aqgy5_0016/00025.wav
[3673] OK: /hpctmp/scratch/e0968015/chsims/wav/aqgy5_0016/00026.wav
[3674] OK: /hpctmp/scratch/e0968015/chsims/wav/aqgy5_0016/00027.wav
[3675] OK: /hpctmp/scratch/e0968015/chsims/wav/aqgy5_0016/00028.wav
[3676] OK: /hpctmp/scratch/e0968015/chsims/wav/aqgy5_0016/00029.wav
[3677] OK: /hpctmp/scratch/e0968015/chsims/wav/aqgy5_0016/00030.wav
[3678] OK: /hpctmp/scratch/e0968015/chsims/wav/aqgy5_0016/00031.wav
[3679] OK: /hpctmp/scratch/e0968015/chsims/wav/aqgy5_0016/00032.wav
[3680] OK: /hpctmp/scratch/e0968015/chsims/wav/aqgy5_0016/00033.wav
[3681] OK: /hpctmp/scratch/e0968015/chsims/wav/aqgy5_0016/00034.wav
[3682] OK: /hpctmp/scratch/e0968015/chsims/wav/aqgy5_0016/00035.wav
[3683] OK: /hpctmp/scratch/e0968015/chsims/wav/aqgy5_0016/00036.wav
[3684] OK: /hpctmp/scratch/e0968015/chsims/wav/aqgy5_0016/00037.wav
[3685] OK: /hpctmp/scratch/e0968015/chsims/wav/aqgy5_0016/00038.wav
[3686] OK: /hpctmp/scratch/e0968015/chsims/wav/aqgy5_0016/00039.wav
[3687] OK: /hpctmp/scratch/e0968015/chsims/wav/aqgy5_0016/00040.wav
[3688] OK: /hpctmp/scratch/e0968015/chsims/wav/aqgy5_0016/00041.wav
[3689] OK: /hpctmp/scratch/e0968015/chsims/wav/aqgy5_0016/00042.wav
[3690] OK: /hpctmp/scratch/e0968015/chsims/wav/aqgy5_0016/00043.wav
[3691] OK: /hpctmp/scratch/e0968015/chsims/wav/aqgy5_0016/00044.wav
[3692] OK: /hpctmp/scratch/e0968015/chsims/wav/aqgy5_0016/00045.wav
[3693] OK: /hpctmp/scratch/e0968015/chsims/wav/aqgy5_0017/00000.wav
[3694] OK: /hpctmp/scratch/e0968015/chsims/wav/aqgy5_0017/00001.wav
[3695] OK: /hpctmp/scratch/e0968015/chsims/wav/aqgy5_0017/00002.wav
[3696] OK: /hpctmp/scratch/e0968015/chsims/wav/aqgy5_0017/00003.wav
[3697] OK: /hpctmp/scratch/e0968015/chsims/wav/aqgy5_0017/00004.wav
[3698] OK: /hpctmp/scratch/e0968015/chsims/wav/aqgy5_0017/00005.wav
[3699] OK: /hpctmp/scratch/e0968015/chsims/wav/aqgy5_0017/00006.wav
[3700] OK: /hpctmp/scratch/e0968015/chsims/wav/aqgy5_0017/00007.wav
[3701] OK: /hpctmp/scratch/e0968015/chsims/wav/aqgy5_0017/00008.wav
[3702] OK: /hpctmp/scratch/e0968015/chsims/wav/aqgy5_0017/00009.wav
[3703] OK: /hpctmp/scratch/e0968015/chsims/wav/aqgy5_0017/00010.wav
[3704] OK: /hpctmp/scratch/e0968015/chsims/wav/aqgy5_0017/00011.wav
[3705] OK: /hpctmp/scratch/e0968015/chsims/wav/aqgy5_0017/00012.wav
[3706] OK: /hpctmp/scratch/e0968015/chsims/wav/aqgy5_0017/00013.wav
[3707] OK: /hpctmp/scratch/e0968015/chsims/wav/aqgy5_0017/00014.wav
[3708] OK: /hpctmp/scratch/e0968015/chsims/wav/aqgy5_0017/00015.wav
[3709] OK: /hpctmp/scratch/e0968015/chsims/wav/aqgy5_0017/00016.wav
[3710] OK: /hpctmp/scratch/e0968015/chsims/wav/aqgy5_0017/00017.wav
[3711] OK: /hpctmp/scratch/e0968015/chsims/wav/aqgy5_0017/00018.wav
[3712] OK: /hpctmp/scratch/e0968015/chsims/wav/aqgy5_0017/00019.wav
[3713] OK: /hpctmp/scratch/e0968015/chsims/wav/aqgy5_0017/00020.wav
[3714] OK: /hpctmp/scratch/e0968015/chsims/wav/aqgy5_0017/00021.wav
[3715] OK: /hpctmp/scratch/e0968015/chsims/wav/aqgy5_0017/00022.wav
[3716] OK: /hpctmp/scratch/e0968015/chsims/wav/aqgy5_0017/00023.wav
[3717] OK: /hpctmp/scratch/e0968015/chsims/wav/aqgy5_0017/00024.wav
[3718] OK: /hpctmp/scratch/e0968015/chsims/wav/aqgy5_0017/00025.wav
[3719] OK: /hpctmp/scratch/e0968015/chsims/wav/aqgy5_0017/00026.wav
[3720] OK: /hpctmp/scratch/e0968015/chsims/wav/aqgy5_0017/00027.wav
[3721] OK: /hpctmp/scratch/e0968015/chsims/wav/aqgy5_0017/00028.wav
[3722] OK: /hpctmp/scratch/e0968015/chsims/wav/aqgy5_0017/00029.wav
[3723] OK: /hpctmp/scratch/e0968015/chsims/wav/aqgy5_0017/00030.wav
[3724] OK: /hpctmp/scratch/e0968015/chsims/wav/aqgy5_0017/00031.wav
[3725] OK: /hpctmp/scratch/e0968015/chsims/wav/aqgy5_0017/00032.wav
[3726] OK: /hpctmp/scratch/e0968015/chsims/wav/aqgy5_0017/00033.wav
[3727] OK: /hpctmp/scratch/e0968015/chsims/wav/aqgy5_0017/00034.wav
[3728] OK: /hpctmp/scratch/e0968015/chsims/wav/aqgy5_0017/00035.wav
[3729] OK: /hpctmp/scratch/e0968015/chsims/wav/aqgy5_0017/00037.wav
[3730] OK: /hpctmp/scratch/e0968015/chsims/wav/aqgy5_0017/00038.wav
[3731] OK: /hpctmp/scratch/e0968015/chsims/wav/aqgy5_0017/00039.wav
[3732] OK: /hpctmp/scratch/e0968015/chsims/wav/aqgy5_0017/00040.wav
[3733] OK: /hpctmp/scratch/e0968015/chsims/wav/aqgy5_0017/00041.wav
[3734] OK: /hpctmp/scratch/e0968015/chsims/wav/aqgy5_0017/00042.wav
[3735] OK: /hpctmp/scratch/e0968015/chsims/wav/aqgy5_0017/00043.wav
[3736] OK: /hpctmp/scratch/e0968015/chsims/wav/aqgy5_0017/00044.wav
[3737] OK: /hpctmp/scratch/e0968015/chsims/wav/aqgy5_0017/00045.wav
[3738] OK: /hpctmp/scratch/e0968015/chsims/wav/aqgy5_0018/00001.wav
[3739] OK: /hpctmp/scratch/e0968015/chsims/wav/aqgy5_0018/00002.wav
[3740] OK: /hpctmp/scratch/e0968015/chsims/wav/aqgy5_0018/00003.wav
[3741] OK: /hpctmp/scratch/e0968015/chsims/wav/aqgy5_0018/00004.wav
[3742] OK: /hpctmp/scratch/e0968015/chsims/wav/aqgy5_0018/00005.wav
[3743] OK: /hpctmp/scratch/e0968015/chsims/wav/aqgy5_0018/00006.wav
[3744] OK: /hpctmp/scratch/e0968015/chsims/wav/aqgy5_0018/00007.wav
[3745] OK: /hpctmp/scratch/e0968015/chsims/wav/aqgy5_0018/00008.wav
[3746] OK: /hpctmp/scratch/e0968015/chsims/wav/aqgy5_0018/00009.wav
[3747] OK: /hpctmp/scratch/e0968015/chsims/wav/aqgy5_0018/00010.wav
[3748] OK: /hpctmp/scratch/e0968015/chsims/wav/aqgy5_0018/00011.wav
[3749] OK: /hpctmp/scratch/e0968015/chsims/wav/aqgy5_0018/00012.wav
[3750] OK: /hpctmp/scratch/e0968015/chsims/wav/aqgy5_0018/00013.wav
[3751] OK: /hpctmp/scratch/e0968015/chsims/wav/aqgy5_0018/00014.wav
[3752] OK: /hpctmp/scratch/e0968015/chsims/wav/aqgy5_0018/00015.wav
[3753] OK: /hpctmp/scratch/e0968015/chsims/wav/aqgy5_0018/00016.wav
[3754] OK: /hpctmp/scratch/e0968015/chsims/wav/aqgy5_0018/00017.wav
[3755] OK: /hpctmp/scratch/e0968015/chsims/wav/aqgy5_0018/00018.wav
[3756] OK: /hpctmp/scratch/e0968015/chsims/wav/aqgy5_0018/00019.wav
[3757] OK: /hpctmp/scratch/e0968015/chsims/wav/aqgy5_0018/00020.wav
[3758] OK: /hpctmp/scratch/e0968015/chsims/wav/aqgy5_0018/00021.wav
[3759] OK: /hpctmp/scratch/e0968015/chsims/wav/aqgy5_0018/00022.wav
[3760] OK: /hpctmp/scratch/e0968015/chsims/wav/aqgy5_0018/00023.wav
[3761] OK: /hpctmp/scratch/e0968015/chsims/wav/aqgy5_0019/00000.wav
[3762] OK: /hpctmp/scratch/e0968015/chsims/wav/aqgy5_0019/00001.wav
[3763] OK: /hpctmp/scratch/e0968015/chsims/wav/aqgy5_0019/00003.wav
[3764] OK: /hpctmp/scratch/e0968015/chsims/wav/aqgy5_0019/00004.wav
[3765] OK: /hpctmp/scratch/e0968015/chsims/wav/aqgy5_0019/00005.wav
[3766] OK: /hpctmp/scratch/e0968015/chsims/wav/aqgy5_0019/00006.wav
[3767] OK: /hpctmp/scratch/e0968015/chsims/wav/aqgy5_0019/00007.wav
[3768] OK: /hpctmp/scratch/e0968015/chsims/wav/aqgy5_0019/00008.wav
[3769] OK: /hpctmp/scratch/e0968015/chsims/wav/aqgy5_0019/00009.wav
[3770] OK: /hpctmp/scratch/e0968015/chsims/wav/aqgy5_0019/00010.wav
[3771] OK: /hpctmp/scratch/e0968015/chsims/wav/aqgy5_0019/00011.wav
[3772] OK: /hpctmp/scratch/e0968015/chsims/wav/aqgy5_0019/00012.wav
[3773] OK: /hpctmp/scratch/e0968015/chsims/wav/aqgy5_0019/00013.wav
[3774] OK: /hpctmp/scratch/e0968015/chsims/wav/aqgy5_0019/00014.wav
[3775] OK: /hpctmp/scratch/e0968015/chsims/wav/aqgy5_0019/00015.wav
[3776] OK: /hpctmp/scratch/e0968015/chsims/wav/aqgy5_0019/00016.wav
[3777] OK: /hpctmp/scratch/e0968015/chsims/wav/aqgy5_0019/00017.wav
[3778] OK: /hpctmp/scratch/e0968015/chsims/wav/aqgy5_0020/00000.wav
[3779] OK: /hpctmp/scratch/e0968015/chsims/wav/aqgy5_0020/00001.wav
[3780] OK: /hpctmp/scratch/e0968015/chsims/wav/aqgy5_0020/00002.wav
[3781] OK: /hpctmp/scratch/e0968015/chsims/wav/aqgy5_0020/00003.wav
[3782] OK: /hpctmp/scratch/e0968015/chsims/wav/aqgy5_0020/00004.wav
[3783] OK: /hpctmp/scratch/e0968015/chsims/wav/aqgy5_0020/00005.wav
[3784] OK: /hpctmp/scratch/e0968015/chsims/wav/aqgy5_0020/00006.wav
[3785] OK: /hpctmp/scratch/e0968015/chsims/wav/aqgy5_0020/00007.wav
[3786] OK: /hpctmp/scratch/e0968015/chsims/wav/aqgy5_0020/00008.wav
[3787] OK: /hpctmp/scratch/e0968015/chsims/wav/aqgy5_0020/00009.wav
[3788] OK: /hpctmp/scratch/e0968015/chsims/wav/aqgy5_0020/00010.wav
[3789] OK: /hpctmp/scratch/e0968015/chsims/wav/aqgy5_0020/00011.wav
[3790] OK: /hpctmp/scratch/e0968015/chsims/wav/aqgy5_0020/00012.wav
[3791] OK: /hpctmp/scratch/e0968015/chsims/wav/aqgy5_0020/00013.wav
[3792] OK: /hpctmp/scratch/e0968015/chsims/wav/aqgy5_0020/00014.wav
[3793] OK: /hpctmp/scratch/e0968015/chsims/wav/aqgy5_0020/00015.wav
[3794] OK: /hpctmp/scratch/e0968015/chsims/wav/aqgy5_0020/00016.wav
[3795] OK: /hpctmp/scratch/e0968015/chsims/wav/aqgy5_0020/00017.wav
[3796] OK: /hpctmp/scratch/e0968015/chsims/wav/aqgy5_0020/00018.wav
[3797] OK: /hpctmp/scratch/e0968015/chsims/wav/aqgy5_0020/00019.wav
[3798] OK: /hpctmp/scratch/e0968015/chsims/wav/aqgy5_0020/00020.wav
[3799] OK: /hpctmp/scratch/e0968015/chsims/wav/aqgy5_0020/00021.wav
[3800] OK: /hpctmp/scratch/e0968015/chsims/wav/aqgy5_0020/00022.wav
[3801] OK: /hpctmp/scratch/e0968015/chsims/wav/aqgy5_0020/00023.wav
[3802] OK: /hpctmp/scratch/e0968015/chsims/wav/aqgy5_0020/00024.wav
[3803] OK: /hpctmp/scratch/e0968015/chsims/wav/aqgy5_0020/00025.wav
[3804] OK: /hpctmp/scratch/e0968015/chsims/wav/aqgy5_0020/00026.wav
[3805] OK: /hpctmp/scratch/e0968015/chsims/wav/aqgy5_0020/00027.wav
[3806] OK: /hpctmp/scratch/e0968015/chsims/wav/aqgy5_0020/00028.wav
[3807] OK: /hpctmp/scratch/e0968015/chsims/wav/aqgy5_0020/00029.wav
[3808] OK: /hpctmp/scratch/e0968015/chsims/wav/aqgy5_0020/00030.wav
[3809] OK: /hpctmp/scratch/e0968015/chsims/wav/aqgy5_0020/00031.wav
[3810] OK: /hpctmp/scratch/e0968015/chsims/wav/aqgy5_0020/00033.wav
[3811] OK: /hpctmp/scratch/e0968015/chsims/wav/aqgy5_0020/00034.wav
[3812] OK: /hpctmp/scratch/e0968015/chsims/wav/aqgy5_0021/00000.wav
[3813] OK: /hpctmp/scratch/e0968015/chsims/wav/aqgy5_0021/00001.wav
[3814] OK: /hpctmp/scratch/e0968015/chsims/wav/aqgy5_0021/00002.wav
[3815] OK: /hpctmp/scratch/e0968015/chsims/wav/aqgy5_0021/00003.wav
[3816] OK: /hpctmp/scratch/e0968015/chsims/wav/aqgy5_0021/00004.wav
[3817] OK: /hpctmp/scratch/e0968015/chsims/wav/aqgy5_0021/00005.wav
[3818] OK: /hpctmp/scratch/e0968015/chsims/wav/aqgy5_0021/00006.wav
[3819] OK: /hpctmp/scratch/e0968015/chsims/wav/aqgy5_0021/00007.wav
[3820] OK: /hpctmp/scratch/e0968015/chsims/wav/aqgy5_0021/00008.wav
[3821] OK: /hpctmp/scratch/e0968015/chsims/wav/aqgy5_0021/00011.wav
[3822] OK: /hpctmp/scratch/e0968015/chsims/wav/aqgy5_0021/00012.wav
[3823] OK: /hpctmp/scratch/e0968015/chsims/wav/aqgy5_0021/00013.wav
[3824] OK: /hpctmp/scratch/e0968015/chsims/wav/aqgy5_0021/00014.wav
[3825] OK: /hpctmp/scratch/e0968015/chsims/wav/aqgy5_0021/00015.wav
[3826] OK: /hpctmp/scratch/e0968015/chsims/wav/aqgy5_0021/00016.wav
[3827] OK: /hpctmp/scratch/e0968015/chsims/wav/aqgy5_0021/00017.wav
[3828] OK: /hpctmp/scratch/e0968015/chsims/wav/aqgy5_0021/00018.wav
[3829] OK: /hpctmp/scratch/e0968015/chsims/wav/aqgy5_0021/00019.wav
[3830] OK: /hpctmp/scratch/e0968015/chsims/wav/aqgy5_0021/00020.wav
[3831] OK: /hpctmp/scratch/e0968015/chsims/wav/aqgy5_0021/00021.wav
[3832] OK: /hpctmp/scratch/e0968015/chsims/wav/aqgy5_0021/00022.wav
[3833] OK: /hpctmp/scratch/e0968015/chsims/wav/aqgy5_0021/00023.wav
[3834] OK: /hpctmp/scratch/e0968015/chsims/wav/aqgy5_0022/00000.wav
[3835] OK: /hpctmp/scratch/e0968015/chsims/wav/aqgy5_0022/00001.wav
[3836] OK: /hpctmp/scratch/e0968015/chsims/wav/aqgy5_0022/00002.wav
[3837] OK: /hpctmp/scratch/e0968015/chsims/wav/aqgy5_0022/00003.wav
[3838] OK: /hpctmp/scratch/e0968015/chsims/wav/aqgy5_0022/00004.wav
[3839] OK: /hpctmp/scratch/e0968015/chsims/wav/aqgy5_0022/00006.wav
[3840] OK: /hpctmp/scratch/e0968015/chsims/wav/aqgy5_0022/00007.wav
[3841] OK: /hpctmp/scratch/e0968015/chsims/wav/aqgy5_0022/00009.wav
[3842] OK: /hpctmp/scratch/e0968015/chsims/wav/aqgy5_0022/00010.wav
[3843] OK: /hpctmp/scratch/e0968015/chsims/wav/aqgy5_0022/00011.wav
[3844] OK: /hpctmp/scratch/e0968015/chsims/wav/aqgy5_0022/00012.wav
[3845] OK: /hpctmp/scratch/e0968015/chsims/wav/aqgy5_0022/00013.wav
[3846] OK: /hpctmp/scratch/e0968015/chsims/wav/aqgy5_0022/00014.wav
[3847] OK: /hpctmp/scratch/e0968015/chsims/wav/aqgy5_0022/00015.wav
[3848] OK: /hpctmp/scratch/e0968015/chsims/wav/aqgy5_0022/00016.wav
[3849] OK: /hpctmp/scratch/e0968015/chsims/wav/aqgy5_0022/00017.wav
[3850] OK: /hpctmp/scratch/e0968015/chsims/wav/aqgy5_0022/00018.wav
[3851] OK: /hpctmp/scratch/e0968015/chsims/wav/aqgy5_0022/00020.wav
[3852] OK: /hpctmp/scratch/e0968015/chsims/wav/aqgy5_0022/00021.wav
[3853] OK: /hpctmp/scratch/e0968015/chsims/wav/aqgy5_0022/00022.wav
[3854] OK: /hpctmp/scratch/e0968015/chsims/wav/aqgy5_0022/00023.wav
[3855] OK: /hpctmp/scratch/e0968015/chsims/wav/aqgy5_0022/00024.wav
[3856] OK: /hpctmp/scratch/e0968015/chsims/wav/aqgy5_0023/00000.wav
[3857] OK: /hpctmp/scratch/e0968015/chsims/wav/aqgy5_0023/00001.wav
[3858] OK: /hpctmp/scratch/e0968015/chsims/wav/aqgy5_0023/00002.wav
[3859] OK: /hpctmp/scratch/e0968015/chsims/wav/aqgy5_0023/00003.wav
[3860] OK: /hpctmp/scratch/e0968015/chsims/wav/aqgy5_0023/00004.wav
[3861] OK: /hpctmp/scratch/e0968015/chsims/wav/aqgy5_0023/00005.wav
[3862] OK: /hpctmp/scratch/e0968015/chsims/wav/aqgy5_0023/00006.wav
[3863] OK: /hpctmp/scratch/e0968015/chsims/wav/aqgy5_0023/00007.wav
[3864] OK: /hpctmp/scratch/e0968015/chsims/wav/aqgy5_0023/00008.wav
[3865] OK: /hpctmp/scratch/e0968015/chsims/wav/aqgy5_0023/00009.wav
[3866] OK: /hpctmp/scratch/e0968015/chsims/wav/aqgy5_0023/00010.wav
[3867] OK: /hpctmp/scratch/e0968015/chsims/wav/aqgy5_0023/00011.wav
[3868] OK: /hpctmp/scratch/e0968015/chsims/wav/aqgy5_0023/00012.wav
[3869] OK: /hpctmp/scratch/e0968015/chsims/wav/aqgy5_0023/00013.wav
[3870] OK: /hpctmp/scratch/e0968015/chsims/wav/aqgy5_0024/00000.wav
[3871] OK: /hpctmp/scratch/e0968015/chsims/wav/aqgy5_0024/00001.wav
[3872] OK: /hpctmp/scratch/e0968015/chsims/wav/aqgy5_0024/00002.wav
[3873] OK: /hpctmp/scratch/e0968015/chsims/wav/aqgy5_0024/00003.wav
[3874] OK: /hpctmp/scratch/e0968015/chsims/wav/aqgy5_0024/00004.wav
[3875] OK: /hpctmp/scratch/e0968015/chsims/wav/aqgy5_0024/00005.wav
[3876] OK: /hpctmp/scratch/e0968015/chsims/wav/aqgy5_0024/00006.wav
[3877] OK: /hpctmp/scratch/e0968015/chsims/wav/aqgy5_0024/00007.wav
[3878] OK: /hpctmp/scratch/e0968015/chsims/wav/aqgy5_0024/00008.wav
[3879] OK: /hpctmp/scratch/e0968015/chsims/wav/aqgy5_0024/00009.wav
[3880] OK: /hpctmp/scratch/e0968015/chsims/wav/aqgy5_0024/00010.wav
[3881] OK: /hpctmp/scratch/e0968015/chsims/wav/aqgy5_0024/00011.wav
[3882] OK: /hpctmp/scratch/e0968015/chsims/wav/aqgy5_0024/00012.wav
[3883] OK: /hpctmp/scratch/e0968015/chsims/wav/aqgy5_0024/00013.wav
[3884] OK: /hpctmp/scratch/e0968015/chsims/wav/aqgy5_0024/00014.wav
[3885] OK: /hpctmp/scratch/e0968015/chsims/wav/aqgy5_0024/00015.wav
[3886] OK: /hpctmp/scratch/e0968015/chsims/wav/aqgy5_0024/00016.wav
[3887] OK: /hpctmp/scratch/e0968015/chsims/wav/aqgy5_0025/00000.wav
[3888] OK: /hpctmp/scratch/e0968015/chsims/wav/aqgy5_0025/00001.wav
[3889] OK: /hpctmp/scratch/e0968015/chsims/wav/aqgy5_0025/00002.wav
[3890] OK: /hpctmp/scratch/e0968015/chsims/wav/aqgy5_0025/00003.wav
[3891] OK: /hpctmp/scratch/e0968015/chsims/wav/aqgy5_0025/00004.wav
[3892] OK: /hpctmp/scratch/e0968015/chsims/wav/aqgy5_0025/00005.wav
[3893] OK: /hpctmp/scratch/e0968015/chsims/wav/aqgy5_0025/00006.wav
[3894] OK: /hpctmp/scratch/e0968015/chsims/wav/aqgy5_0025/00007.wav
[3895] OK: /hpctmp/scratch/e0968015/chsims/wav/aqgy5_0025/00008.wav
[3896] OK: /hpctmp/scratch/e0968015/chsims/wav/aqgy5_0025/00009.wav
[3897] OK: /hpctmp/scratch/e0968015/chsims/wav/aqgy5_0025/00010.wav
[3898] OK: /hpctmp/scratch/e0968015/chsims/wav/aqgy5_0025/00011.wav
[3899] OK: /hpctmp/scratch/e0968015/chsims/wav/aqgy5_0025/00012.wav
[3900] OK: /hpctmp/scratch/e0968015/chsims/wav/aqgy5_0025/00013.wav
[3901] OK: /hpctmp/scratch/e0968015/chsims/wav/aqgy5_0025/00014.wav
[3902] OK: /hpctmp/scratch/e0968015/chsims/wav/aqgy5_0025/00015.wav
[3903] OK: /hpctmp/scratch/e0968015/chsims/wav/aqgy5_0025/00016.wav
[3904] OK: /hpctmp/scratch/e0968015/chsims/wav/aqgy5_0025/00017.wav
[3905] OK: /hpctmp/scratch/e0968015/chsims/wav/aqgy5_0025/00018.wav
[3906] OK: /hpctmp/scratch/e0968015/chsims/wav/aqgy5_0025/00019.wav
[3907] OK: /hpctmp/scratch/e0968015/chsims/wav/aqgy5_0025/00020.wav
[3908] OK: /hpctmp/scratch/e0968015/chsims/wav/aqgy5_0025/00021.wav
[3909] OK: /hpctmp/scratch/e0968015/chsims/wav/aqgy5_0025/00023.wav
[3910] OK: /hpctmp/scratch/e0968015/chsims/wav/aqgy5_0025/00024.wav
[3911] OK: /hpctmp/scratch/e0968015/chsims/wav/aqgy5_0025/00025.wav
[3912] OK: /hpctmp/scratch/e0968015/chsims/wav/aqgy5_0025/00026.wav
[3913] OK: /hpctmp/scratch/e0968015/chsims/wav/aqgy5_0025/00027.wav
[3914] OK: /hpctmp/scratch/e0968015/chsims/wav/aqgy5_0025/00028.wav
[3915] OK: /hpctmp/scratch/e0968015/chsims/wav/aqgy5_0026/00000.wav
[3916] OK: /hpctmp/scratch/e0968015/chsims/wav/aqgy5_0026/00001.wav
[3917] OK: /hpctmp/scratch/e0968015/chsims/wav/aqgy5_0026/00002.wav
[3918] OK: /hpctmp/scratch/e0968015/chsims/wav/aqgy5_0026/00003.wav
[3919] OK: /hpctmp/scratch/e0968015/chsims/wav/aqgy5_0026/00004.wav
[3920] OK: /hpctmp/scratch/e0968015/chsims/wav/aqgy5_0026/00005.wav
[3921] OK: /hpctmp/scratch/e0968015/chsims/wav/aqgy5_0026/00006.wav
[3922] OK: /hpctmp/scratch/e0968015/chsims/wav/aqgy5_0026/00007.wav
[3923] OK: /hpctmp/scratch/e0968015/chsims/wav/aqgy5_0026/00008.wav
[3924] OK: /hpctmp/scratch/e0968015/chsims/wav/aqgy5_0026/00009.wav
[3925] OK: /hpctmp/scratch/e0968015/chsims/wav/aqgy5_0026/00010.wav
[3926] OK: /hpctmp/scratch/e0968015/chsims/wav/aqgy5_0026/00011.wav
[3927] OK: /hpctmp/scratch/e0968015/chsims/wav/aqgy5_0026/00012.wav
[3928] OK: /hpctmp/scratch/e0968015/chsims/wav/aqgy5_0026/00013.wav
[3929] OK: /hpctmp/scratch/e0968015/chsims/wav/aqgy5_0026/00014.wav
[3930] OK: /hpctmp/scratch/e0968015/chsims/wav/aqgy5_0026/00015.wav
[3931] OK: /hpctmp/scratch/e0968015/chsims/wav/aqgy5_0026/00016.wav
[3932] OK: /hpctmp/scratch/e0968015/chsims/wav/aqgy5_0026/00017.wav
[3933] OK: /hpctmp/scratch/e0968015/chsims/wav/aqgy5_0026/00018.wav
[3934] OK: /hpctmp/scratch/e0968015/chsims/wav/aqgy5_0027/00001.wav
[3935] OK: /hpctmp/scratch/e0968015/chsims/wav/aqgy5_0027/00002.wav
[3936] OK: /hpctmp/scratch/e0968015/chsims/wav/aqgy5_0027/00003.wav
[3937] OK: /hpctmp/scratch/e0968015/chsims/wav/aqgy5_0027/00004.wav
[3938] OK: /hpctmp/scratch/e0968015/chsims/wav/aqgy5_0027/00005.wav
[3939] OK: /hpctmp/scratch/e0968015/chsims/wav/aqgy5_0027/00006.wav
[3940] OK: /hpctmp/scratch/e0968015/chsims/wav/aqgy5_0027/00007.wav
[3941] OK: /hpctmp/scratch/e0968015/chsims/wav/aqgy5_0027/00009.wav
[3942] OK: /hpctmp/scratch/e0968015/chsims/wav/aqgy5_0027/00010.wav
[3943] OK: /hpctmp/scratch/e0968015/chsims/wav/aqgy5_0027/00011.wav
[3944] OK: /hpctmp/scratch/e0968015/chsims/wav/aqgy5_0027/00012.wav
[3945] OK: /hpctmp/scratch/e0968015/chsims/wav/aqgy5_0027/00013.wav
[3946] OK: /hpctmp/scratch/e0968015/chsims/wav/aqgy5_0027/00014.wav
[3947] OK: /hpctmp/scratch/e0968015/chsims/wav/aqgy5_0027/00016.wav
[3948] OK: /hpctmp/scratch/e0968015/chsims/wav/aqgy5_0027/00017.wav
[3949] OK: /hpctmp/scratch/e0968015/chsims/wav/aqgy5_0027/00018.wav
[3950] OK: /hpctmp/scratch/e0968015/chsims/wav/aqgy5_0027/00019.wav
[3951] OK: /hpctmp/scratch/e0968015/chsims/wav/aqgy5_0027/00020.wav
[3952] OK: /hpctmp/scratch/e0968015/chsims/wav/aqgy5_0027/00021.wav
[3953] OK: /hpctmp/scratch/e0968015/chsims/wav/aqgy5_0027/00022.wav
[3954] OK: /hpctmp/scratch/e0968015/chsims/wav/aqgy5_0027/00024.wav
[3955] OK: /hpctmp/scratch/e0968015/chsims/wav/aqgy5_0027/00025.wav
[3956] OK: /hpctmp/scratch/e0968015/chsims/wav/aqgy5_0027/00026.wav
[3957] OK: /hpctmp/scratch/e0968015/chsims/wav/aqgy5_0027/00027.wav
[3958] OK: /hpctmp/scratch/e0968015/chsims/wav/aqgy5_0027/00028.wav
[3959] OK: /hpctmp/scratch/e0968015/chsims/wav/aqgy5_0027/00029.wav
[3960] OK: /hpctmp/scratch/e0968015/chsims/wav/aqgy5_0027/00030.wav
[3961] OK: /hpctmp/scratch/e0968015/chsims/wav/aqgy5_0027/00031.wav
[3962] OK: /hpctmp/scratch/e0968015/chsims/wav/aqgy5_0027/00032.wav
[3963] OK: /hpctmp/scratch/e0968015/chsims/wav/aqgy5_0027/00033.wav
[3964] OK: /hpctmp/scratch/e0968015/chsims/wav/aqgy5_0027/00034.wav
[3965] OK: /hpctmp/scratch/e0968015/chsims/wav/aqgy5_0027/00035.wav
[3966] OK: /hpctmp/scratch/e0968015/chsims/wav/aqgy5_0027/00036.wav
[3967] OK: /hpctmp/scratch/e0968015/chsims/wav/aqgy5_0027/00037.wav
[3968] OK: /hpctmp/scratch/e0968015/chsims/wav/aqgy5_0027/00039.wav
[3969] OK: /hpctmp/scratch/e0968015/chsims/wav/aqgy5_0027/00040.wav
[3970] OK: /hpctmp/scratch/e0968015/chsims/wav/aqgy5_0027/00041.wav
[3971] OK: /hpctmp/scratch/e0968015/chsims/wav/aqgy5_0028/00000.wav
[3972] OK: /hpctmp/scratch/e0968015/chsims/wav/aqgy5_0028/00001.wav
[3973] OK: /hpctmp/scratch/e0968015/chsims/wav/aqgy5_0028/00002.wav
[3974] OK: /hpctmp/scratch/e0968015/chsims/wav/aqgy5_0028/00003.wav
[3975] OK: /hpctmp/scratch/e0968015/chsims/wav/aqgy5_0028/00004.wav
[3976] OK: /hpctmp/scratch/e0968015/chsims/wav/aqgy5_0028/00005.wav
[3977] OK: /hpctmp/scratch/e0968015/chsims/wav/aqgy5_0028/00008.wav
[3978] OK: /hpctmp/scratch/e0968015/chsims/wav/aqgy5_0028/00009.wav
[3979] OK: /hpctmp/scratch/e0968015/chsims/wav/aqgy5_0028/00010.wav
[3980] OK: /hpctmp/scratch/e0968015/chsims/wav/aqgy5_0028/00011.wav
[3981] OK: /hpctmp/scratch/e0968015/chsims/wav/aqgy5_0028/00012.wav
[3982] OK: /hpctmp/scratch/e0968015/chsims/wav/aqgy5_0028/00013.wav
[3983] OK: /hpctmp/scratch/e0968015/chsims/wav/aqgy5_0028/00015.wav
[3984] OK: /hpctmp/scratch/e0968015/chsims/wav/aqgy5_0028/00016.wav
[3985] OK: /hpctmp/scratch/e0968015/chsims/wav/aqgy5_0028/00017.wav
[3986] OK: /hpctmp/scratch/e0968015/chsims/wav/aqgy5_0028/00018.wav
[3987] OK: /hpctmp/scratch/e0968015/chsims/wav/aqgy5_0028/00019.wav
[3988] OK: /hpctmp/scratch/e0968015/chsims/wav/aqgy5_0028/00020.wav
[3989] OK: /hpctmp/scratch/e0968015/chsims/wav/aqgy5_0028/00021.wav
[3990] OK: /hpctmp/scratch/e0968015/chsims/wav/aqgy5_0028/00022.wav
[3991] OK: /hpctmp/scratch/e0968015/chsims/wav/aqgy5_0028/00023.wav
[3992] OK: /hpctmp/scratch/e0968015/chsims/wav/aqgy5_0028/00024.wav
[3993] OK: /hpctmp/scratch/e0968015/chsims/wav/aqgy5_0028/00025.wav
[3994] OK: /hpctmp/scratch/e0968015/chsims/wav/aqgy5_0028/00026.wav
[3995] OK: /hpctmp/scratch/e0968015/chsims/wav/aqgy5_0028/00027.wav
[3996] OK: /hpctmp/scratch/e0968015/chsims/wav/aqgy5_0028/00028.wav
[3997] OK: /hpctmp/scratch/e0968015/chsims/wav/aqgy5_0028/00029.wav
[3998] OK: /hpctmp/scratch/e0968015/chsims/wav/aqgy5_0028/00030.wav
[3999] OK: /hpctmp/scratch/e0968015/chsims/wav/aqgy5_0028/00031.wav
[4000] OK: /hpctmp/scratch/e0968015/chsims/wav/aqgy5_0028/00032.wav
[4001] OK: /hpctmp/scratch/e0968015/chsims/wav/aqgy5_0028/00033.wav
[4002] OK: /hpctmp/scratch/e0968015/chsims/wav/aqgy5_0028/00034.wav
[4003] OK: /hpctmp/scratch/e0968015/chsims/wav/aqgy5_0028/00035.wav
[4004] OK: /hpctmp/scratch/e0968015/chsims/wav/aqgy5_0028/00036.wav
[4005] OK: /hpctmp/scratch/e0968015/chsims/wav/aqgy5_0028/00037.wav
[4006] OK: /hpctmp/scratch/e0968015/chsims/wav/aqgy5_0028/00038.wav
[4007] OK: /hpctmp/scratch/e0968015/chsims/wav/aqgy5_0028/00039.wav
[4008] OK: /hpctmp/scratch/e0968015/chsims/wav/aqgy5_0028/00040.wav
[4009] OK: /hpctmp/scratch/e0968015/chsims/wav/aqgy5_0028/00041.wav
[4010] OK: /hpctmp/scratch/e0968015/chsims/wav/aqgy5_0028/00042.wav
[4011] OK: /hpctmp/scratch/e0968015/chsims/wav/aqgy5_0028/00043.wav
[4012] OK: /hpctmp/scratch/e0968015/chsims/wav/aqgy5_0028/00044.wav
[4013] OK: /hpctmp/scratch/e0968015/chsims/wav/aqgy5_0028/00045.wav
[4014] OK: /hpctmp/scratch/e0968015/chsims/wav/aqgy5_0028/00046.wav
[4015] OK: /hpctmp/scratch/e0968015/chsims/wav/aqgy5_0028/00047.wav
[4016] OK: /hpctmp/scratch/e0968015/chsims/wav/aqgy5_0028/00048.wav
[4017] OK: /hpctmp/scratch/e0968015/chsims/wav/aqgy5_0028/00049.wav
[4018] OK: /hpctmp/scratch/e0968015/chsims/wav/aqgy5_0029/00000.wav
[4019] OK: /hpctmp/scratch/e0968015/chsims/wav/aqgy5_0029/00001.wav
[4020] OK: /hpctmp/scratch/e0968015/chsims/wav/aqgy5_0029/00002.wav
[4021] OK: /hpctmp/scratch/e0968015/chsims/wav/aqgy5_0029/00003.wav
[4022] OK: /hpctmp/scratch/e0968015/chsims/wav/aqgy5_0029/00004.wav
[4023] OK: /hpctmp/scratch/e0968015/chsims/wav/aqgy5_0029/00005.wav
[4024] OK: /hpctmp/scratch/e0968015/chsims/wav/aqgy5_0029/00006.wav
[4025] OK: /hpctmp/scratch/e0968015/chsims/wav/aqgy5_0029/00007.wav
[4026] OK: /hpctmp/scratch/e0968015/chsims/wav/aqgy5_0029/00008.wav
[4027] OK: /hpctmp/scratch/e0968015/chsims/wav/aqgy5_0029/00009.wav
[4028] OK: /hpctmp/scratch/e0968015/chsims/wav/aqgy5_0029/00010.wav
[4029] OK: /hpctmp/scratch/e0968015/chsims/wav/aqgy5_0029/00012.wav
[4030] OK: /hpctmp/scratch/e0968015/chsims/wav/aqgy5_0029/00013.wav
[4031] OK: /hpctmp/scratch/e0968015/chsims/wav/aqgy5_0029/00014.wav
[4032] OK: /hpctmp/scratch/e0968015/chsims/wav/aqgy5_0029/00015.wav
[4033] OK: /hpctmp/scratch/e0968015/chsims/wav/aqgy5_0029/00016.wav
[4034] OK: /hpctmp/scratch/e0968015/chsims/wav/aqgy5_0029/00017.wav
[4035] OK: /hpctmp/scratch/e0968015/chsims/wav/aqgy5_0029/00018.wav
[4036] OK: /hpctmp/scratch/e0968015/chsims/wav/aqgy5_0029/00019.wav
[4037] OK: /hpctmp/scratch/e0968015/chsims/wav/aqgy5_0029/00020.wav
[4038] OK: /hpctmp/scratch/e0968015/chsims/wav/aqgy5_0029/00021.wav
[4039] OK: /hpctmp/scratch/e0968015/chsims/wav/aqgy5_0029/00022.wav
[4040] OK: /hpctmp/scratch/e0968015/chsims/wav/aqgy5_0029/00023.wav
[4041] OK: /hpctmp/scratch/e0968015/chsims/wav/aqgy5_0029/00024.wav
[4042] OK: /hpctmp/scratch/e0968015/chsims/wav/aqgy5_0029/00025.wav
[4043] OK: /hpctmp/scratch/e0968015/chsims/wav/aqgy5_0029/00026.wav
[4044] OK: /hpctmp/scratch/e0968015/chsims/wav/aqgy5_0029/00027.wav
[4045] OK: /hpctmp/scratch/e0968015/chsims/wav/aqgy5_0029/00028.wav
[4046] OK: /hpctmp/scratch/e0968015/chsims/wav/aqgy5_0029/00029.wav
[4047] OK: /hpctmp/scratch/e0968015/chsims/wav/aqgy5_0029/00030.wav
[4048] OK: /hpctmp/scratch/e0968015/chsims/wav/aqgy5_0029/00031.wav
[4049] OK: /hpctmp/scratch/e0968015/chsims/wav/aqgy5_0029/00032.wav
[4050] OK: /hpctmp/scratch/e0968015/chsims/wav/aqgy5_0030/00000.wav
[4051] OK: /hpctmp/scratch/e0968015/chsims/wav/aqgy5_0030/00001.wav
[4052] OK: /hpctmp/scratch/e0968015/chsims/wav/aqgy5_0030/00002.wav
[4053] OK: /hpctmp/scratch/e0968015/chsims/wav/aqgy5_0030/00003.wav
[4054] OK: /hpctmp/scratch/e0968015/chsims/wav/aqgy5_0030/00004.wav
[4055] OK: /hpctmp/scratch/e0968015/chsims/wav/aqgy5_0030/00005.wav
[4056] OK: /hpctmp/scratch/e0968015/chsims/wav/aqgy5_0030/00006.wav
[4057] OK: /hpctmp/scratch/e0968015/chsims/wav/aqgy5_0030/00007.wav
[4058] OK: /hpctmp/scratch/e0968015/chsims/wav/aqgy5_0030/00008.wav
[4059] OK: /hpctmp/scratch/e0968015/chsims/wav/aqgy5_0030/00009.wav
[4060] OK: /hpctmp/scratch/e0968015/chsims/wav/aqgy5_0030/00010.wav
[4061] OK: /hpctmp/scratch/e0968015/chsims/wav/aqgy5_0030/00011.wav
[4062] OK: /hpctmp/scratch/e0968015/chsims/wav/aqgy5_0030/00012.wav
[4063] OK: /hpctmp/scratch/e0968015/chsims/wav/aqgy5_0030/00013.wav
[4064] OK: /hpctmp/scratch/e0968015/chsims/wav/aqgy5_0030/00014.wav
[4065] OK: /hpctmp/scratch/e0968015/chsims/wav/aqgy5_0030/00015.wav
[4066] OK: /hpctmp/scratch/e0968015/chsims/wav/aqgy5_0030/00017.wav
[4067] OK: /hpctmp/scratch/e0968015/chsims/wav/aqgy5_0031/00001.wav
[4068] OK: /hpctmp/scratch/e0968015/chsims/wav/aqgy5_0031/00002.wav
[4069] OK: /hpctmp/scratch/e0968015/chsims/wav/aqgy5_0031/00003.wav
[4070] OK: /hpctmp/scratch/e0968015/chsims/wav/aqgy5_0031/00005.wav
[4071] OK: /hpctmp/scratch/e0968015/chsims/wav/aqgy5_0031/00006.wav
[4072] OK: /hpctmp/scratch/e0968015/chsims/wav/aqgy5_0031/00007.wav
[4073] OK: /hpctmp/scratch/e0968015/chsims/wav/aqgy5_0031/00008.wav
[4074] OK: /hpctmp/scratch/e0968015/chsims/wav/aqgy5_0031/00009.wav
[4075] OK: /hpctmp/scratch/e0968015/chsims/wav/aqgy5_0031/00010.wav
[4076] OK: /hpctmp/scratch/e0968015/chsims/wav/aqgy5_0031/00011.wav
[4077] OK: /hpctmp/scratch/e0968015/chsims/wav/aqgy5_0031/00012.wav
[4078] OK: /hpctmp/scratch/e0968015/chsims/wav/aqgy5_0031/00013.wav
[4079] OK: /hpctmp/scratch/e0968015/chsims/wav/aqgy5_0031/00014.wav
[4080] OK: /hpctmp/scratch/e0968015/chsims/wav/aqgy5_0031/00015.wav
[4081] OK: /hpctmp/scratch/e0968015/chsims/wav/aqgy5_0031/00016.wav
[4082] OK: /hpctmp/scratch/e0968015/chsims/wav/aqgy5_0031/00017.wav
[4083] OK: /hpctmp/scratch/e0968015/chsims/wav/aqgy5_0031/00018.wav
[4084] OK: /hpctmp/scratch/e0968015/chsims/wav/aqgy5_0031/00019.wav
[4085] OK: /hpctmp/scratch/e0968015/chsims/wav/aqgy5_0031/00020.wav
[4086] OK: /hpctmp/scratch/e0968015/chsims/wav/aqgy5_0031/00021.wav
[4087] OK: /hpctmp/scratch/e0968015/chsims/wav/aqgy5_0031/00022.wav
[4088] OK: /hpctmp/scratch/e0968015/chsims/wav/aqgy5_0031/00023.wav
[4089] OK: /hpctmp/scratch/e0968015/chsims/wav/aqgy5_0031/00024.wav
[4090] OK: /hpctmp/scratch/e0968015/chsims/wav/aqgy5_0031/00025.wav
[4091] OK: /hpctmp/scratch/e0968015/chsims/wav/aqgy5_0031/00026.wav
[4092] OK: /hpctmp/scratch/e0968015/chsims/wav/aqgy5_0031/00027.wav
[4093] OK: /hpctmp/scratch/e0968015/chsims/wav/aqgy5_0031/00028.wav
[4094] OK: /hpctmp/scratch/e0968015/chsims/wav/aqgy5_0031/00029.wav
[4095] OK: /hpctmp/scratch/e0968015/chsims/wav/aqgy5_0031/00030.wav
[4096] OK: /hpctmp/scratch/e0968015/chsims/wav/aqgy5_0031/00031.wav
[4097] OK: /hpctmp/scratch/e0968015/chsims/wav/aqgy5_0031/00032.wav
[4098] OK: /hpctmp/scratch/e0968015/chsims/wav/aqgy5_0031/00033.wav
[4099] OK: /hpctmp/scratch/e0968015/chsims/wav/aqgy5_0031/00034.wav
[4100] OK: /hpctmp/scratch/e0968015/chsims/wav/aqgy5_0031/00035.wav
[4101] OK: /hpctmp/scratch/e0968015/chsims/wav/aqgy5_0031/00036.wav
[4102] OK: /hpctmp/scratch/e0968015/chsims/wav/aqgy5_0031/00037.wav
[4103] OK: /hpctmp/scratch/e0968015/chsims/wav/aqgy5_0031/00038.wav
[4104] OK: /hpctmp/scratch/e0968015/chsims/wav/aqgy5_0031/00039.wav
[4105] OK: /hpctmp/scratch/e0968015/chsims/wav/aqgy5_0031/00040.wav
[4106] OK: /hpctmp/scratch/e0968015/chsims/wav/aqgy5_0031/00041.wav
[4107] OK: /hpctmp/scratch/e0968015/chsims/wav/aqgy5_0031/00042.wav
[4108] OK: /hpctmp/scratch/e0968015/chsims/wav/aqgy5_0031/00043.wav
[4109] OK: /hpctmp/scratch/e0968015/chsims/wav/aqgy5_0031/00044.wav
[4110] OK: /hpctmp/scratch/e0968015/chsims/wav/aqgy5_0031/00045.wav
[4111] OK: /hpctmp/scratch/e0968015/chsims/wav/aqgy5_0031/00046.wav
[4112] OK: /hpctmp/scratch/e0968015/chsims/wav/aqgy5_0031/00047.wav
[4113] OK: /hpctmp/scratch/e0968015/chsims/wav/aqgy5_0031/00048.wav
[4114] OK: /hpctmp/scratch/e0968015/chsims/wav/aqgy5_0031/00049.wav
[4115] OK: /hpctmp/scratch/e0968015/chsims/wav/aqgy5_0031/00050.wav
[4116] OK: /hpctmp/scratch/e0968015/chsims/wav/aqgy5_0031/00051.wav
[4117] OK: /hpctmp/scratch/e0968015/chsims/wav/aqgy5_0031/00052.wav
[4118] OK: /hpctmp/scratch/e0968015/chsims/wav/aqgy5_0031/00053.wav
[4119] OK: /hpctmp/scratch/e0968015/chsims/wav/aqgy5_0031/00054.wav
[4120] OK: /hpctmp/scratch/e0968015/chsims/wav/aqgy5_0031/00055.wav
[4121] OK: /hpctmp/scratch/e0968015/chsims/wav/aqgy5_0031/00056.wav
[4122] OK: /hpctmp/scratch/e0968015/chsims/wav/aqgy5_0031/00057.wav
[4123] OK: /hpctmp/scratch/e0968015/chsims/wav/aqgy5_0031/00058.wav
[4124] OK: /hpctmp/scratch/e0968015/chsims/wav/aqgy5_0031/00059.wav
[4125] OK: /hpctmp/scratch/e0968015/chsims/wav/aqgy5_0032/00000.wav
[4126] OK: /hpctmp/scratch/e0968015/chsims/wav/aqgy5_0032/00001.wav
[4127] OK: /hpctmp/scratch/e0968015/chsims/wav/aqgy5_0032/00002.wav
[4128] OK: /hpctmp/scratch/e0968015/chsims/wav/aqgy5_0032/00003.wav
[4129] OK: /hpctmp/scratch/e0968015/chsims/wav/aqgy5_0032/00004.wav
[4130] OK: /hpctmp/scratch/e0968015/chsims/wav/aqgy5_0032/00005.wav
[4131] OK: /hpctmp/scratch/e0968015/chsims/wav/aqgy5_0032/00006.wav
[4132] OK: /hpctmp/scratch/e0968015/chsims/wav/aqgy5_0032/00007.wav
[4133] OK: /hpctmp/scratch/e0968015/chsims/wav/aqgy5_0032/00008.wav
[4134] OK: /hpctmp/scratch/e0968015/chsims/wav/aqgy5_0032/00009.wav
[4135] OK: /hpctmp/scratch/e0968015/chsims/wav/aqgy5_0032/00010.wav
[4136] OK: /hpctmp/scratch/e0968015/chsims/wav/aqgy5_0032/00011.wav
[4137] OK: /hpctmp/scratch/e0968015/chsims/wav/aqgy5_0032/00012.wav
[4138] OK: /hpctmp/scratch/e0968015/chsims/wav/aqgy5_0032/00013.wav
[4139] OK: /hpctmp/scratch/e0968015/chsims/wav/aqgy5_0032/00014.wav
[4140] OK: /hpctmp/scratch/e0968015/chsims/wav/aqgy5_0032/00015.wav
[4141] OK: /hpctmp/scratch/e0968015/chsims/wav/aqgy5_0032/00016.wav
[4142] OK: /hpctmp/scratch/e0968015/chsims/wav/aqgy5_0032/00017.wav
[4143] OK: /hpctmp/scratch/e0968015/chsims/wav/aqgy5_0032/00018.wav
[4144] OK: /hpctmp/scratch/e0968015/chsims/wav/aqgy5_0032/00019.wav
[4145] OK: /hpctmp/scratch/e0968015/chsims/wav/aqgy5_0033/00000.wav
[4146] OK: /hpctmp/scratch/e0968015/chsims/wav/aqgy5_0033/00001.wav
[4147] OK: /hpctmp/scratch/e0968015/chsims/wav/aqgy5_0033/00002.wav
[4148] OK: /hpctmp/scratch/e0968015/chsims/wav/aqgy5_0033/00003.wav
[4149] OK: /hpctmp/scratch/e0968015/chsims/wav/aqgy5_0033/00004.wav
[4150] OK: /hpctmp/scratch/e0968015/chsims/wav/aqgy5_0033/00005.wav
[4151] OK: /hpctmp/scratch/e0968015/chsims/wav/aqgy5_0033/00006.wav
[4152] OK: /hpctmp/scratch/e0968015/chsims/wav/aqgy5_0033/00007.wav
[4153] OK: /hpctmp/scratch/e0968015/chsims/wav/aqgy5_0033/00008.wav
[4154] OK: /hpctmp/scratch/e0968015/chsims/wav/aqgy5_0033/00009.wav
[4155] OK: /hpctmp/scratch/e0968015/chsims/wav/aqgy5_0033/00010.wav
[4156] OK: /hpctmp/scratch/e0968015/chsims/wav/aqgy5_0033/00011.wav
[4157] OK: /hpctmp/scratch/e0968015/chsims/wav/aqgy5_0033/00012.wav
[4158] OK: /hpctmp/scratch/e0968015/chsims/wav/aqgy5_0033/00013.wav
[4159] OK: /hpctmp/scratch/e0968015/chsims/wav/aqgy5_0033/00014.wav
[4160] OK: /hpctmp/scratch/e0968015/chsims/wav/aqgy5_0033/00015.wav
[4161] OK: /hpctmp/scratch/e0968015/chsims/wav/aqgy5_0033/00016.wav
[4162] OK: /hpctmp/scratch/e0968015/chsims/wav/aqgy5_0033/00017.wav
[4163] OK: /hpctmp/scratch/e0968015/chsims/wav/aqgy5_0033/00018.wav
[4164] OK: /hpctmp/scratch/e0968015/chsims/wav/aqgy5_0033/00019.wav
[4165] OK: /hpctmp/scratch/e0968015/chsims/wav/aqgy5_0033/00020.wav
[4166] OK: /hpctmp/scratch/e0968015/chsims/wav/aqgy5_0033/00021.wav
[4167] OK: /hpctmp/scratch/e0968015/chsims/wav/aqgy5_0033/00022.wav
[4168] OK: /hpctmp/scratch/e0968015/chsims/wav/aqgy5_0033/00023.wav
[4169] OK: /hpctmp/scratch/e0968015/chsims/wav/aqgy5_0033/00024.wav
[4170] OK: /hpctmp/scratch/e0968015/chsims/wav/aqgy5_0034/00000.wav
[4171] OK: /hpctmp/scratch/e0968015/chsims/wav/aqgy5_0034/00001.wav
[4172] OK: /hpctmp/scratch/e0968015/chsims/wav/aqgy5_0034/00002.wav
[4173] OK: /hpctmp/scratch/e0968015/chsims/wav/aqgy5_0034/00003.wav
[4174] OK: /hpctmp/scratch/e0968015/chsims/wav/aqgy5_0034/00004.wav
[4175] OK: /hpctmp/scratch/e0968015/chsims/wav/aqgy5_0034/00005.wav
[4176] OK: /hpctmp/scratch/e0968015/chsims/wav/aqgy5_0034/00006.wav
[4177] OK: /hpctmp/scratch/e0968015/chsims/wav/aqgy5_0034/00007.wav
[4178] OK: /hpctmp/scratch/e0968015/chsims/wav/aqgy5_0034/00008.wav
[4179] OK: /hpctmp/scratch/e0968015/chsims/wav/aqgy5_0034/00009.wav
[4180] OK: /hpctmp/scratch/e0968015/chsims/wav/aqgy5_0034/00010.wav
[4181] OK: /hpctmp/scratch/e0968015/chsims/wav/aqgy5_0034/00011.wav
[4182] OK: /hpctmp/scratch/e0968015/chsims/wav/aqgy5_0034/00012.wav
[4183] OK: /hpctmp/scratch/e0968015/chsims/wav/aqgy5_0034/00013.wav
[4184] OK: /hpctmp/scratch/e0968015/chsims/wav/aqgy5_0034/00014.wav
[4185] OK: /hpctmp/scratch/e0968015/chsims/wav/aqgy5_0034/00015.wav
[4186] OK: /hpctmp/scratch/e0968015/chsims/wav/aqgy5_0034/00016.wav
[4187] OK: /hpctmp/scratch/e0968015/chsims/wav/aqgy5_0036/00000.wav
[4188] OK: /hpctmp/scratch/e0968015/chsims/wav/aqgy5_0036/00001.wav
[4189] OK: /hpctmp/scratch/e0968015/chsims/wav/aqgy5_0036/00002.wav
[4190] OK: /hpctmp/scratch/e0968015/chsims/wav/aqgy5_0036/00003.wav
[4191] OK: /hpctmp/scratch/e0968015/chsims/wav/aqgy5_0036/00004.wav
[4192] OK: /hpctmp/scratch/e0968015/chsims/wav/aqgy5_0036/00005.wav
[4193] OK: /hpctmp/scratch/e0968015/chsims/wav/aqgy5_0036/00006.wav
[4194] OK: /hpctmp/scratch/e0968015/chsims/wav/aqgy5_0036/00007.wav
[4195] OK: /hpctmp/scratch/e0968015/chsims/wav/aqgy5_0036/00008.wav
[4196] OK: /hpctmp/scratch/e0968015/chsims/wav/aqgy5_0036/00009.wav
[4197] OK: /hpctmp/scratch/e0968015/chsims/wav/aqgy5_0036/00010.wav
[4198] OK: /hpctmp/scratch/e0968015/chsims/wav/aqgy5_0036/00011.wav
[4199] OK: /hpctmp/scratch/e0968015/chsims/wav/aqgy5_0036/00012.wav
[4200] OK: /hpctmp/scratch/e0968015/chsims/wav/aqgy5_0036/00013.wav
[4201] OK: /hpctmp/scratch/e0968015/chsims/wav/aqgy5_0036/00014.wav
[4202] OK: /hpctmp/scratch/e0968015/chsims/wav/aqgy5_0036/00015.wav
[4203] OK: /hpctmp/scratch/e0968015/chsims/wav/aqgy5_0036/00016.wav
[4204] OK: /hpctmp/scratch/e0968015/chsims/wav/aqgy5_0036/00017.wav
[4205] OK: /hpctmp/scratch/e0968015/chsims/wav/aqgy5_0036/00018.wav
[4206] OK: /hpctmp/scratch/e0968015/chsims/wav/aqgy5_0036/00019.wav
[4207] OK: /hpctmp/scratch/e0968015/chsims/wav/aqgy5_0036/00020.wav
[4208] OK: /hpctmp/scratch/e0968015/chsims/wav/aqgy5_0036/00021.wav
[4209] OK: /hpctmp/scratch/e0968015/chsims/wav/aqgy5_0036/00022.wav
[4210] OK: /hpctmp/scratch/e0968015/chsims/wav/aqgy5_0036/00023.wav
[4211] OK: /hpctmp/scratch/e0968015/chsims/wav/aqgy5_0036/00024.wav
[4212] OK: /hpctmp/scratch/e0968015/chsims/wav/aqgy5_0036/00025.wav
[4213] OK: /hpctmp/scratch/e0968015/chsims/wav/aqgy5_0036/00026.wav
[4214] OK: /hpctmp/scratch/e0968015/chsims/wav/test1/00000.wav
[4215] OK: /hpctmp/scratch/e0968015/chsims/wav/test1/00001.wav
[4216] OK: /hpctmp/scratch/e0968015/chsims/wav/test1/00002.wav
[4217] OK: /hpctmp/scratch/e0968015/chsims/wav/test1/00003.wav
[4218] OK: /hpctmp/scratch/e0968015/chsims/wav/test1/00004.wav
[4219] OK: /hpctmp/scratch/e0968015/chsims/wav/test1/00005.wav
[4220] OK: /hpctmp/scratch/e0968015/chsims/wav/test1/00006.wav
[4221] OK: /hpctmp/scratch/e0968015/chsims/wav/test1/00007.wav
[4222] OK: /hpctmp/scratch/e0968015/chsims/wav/test1/00008.wav
[4223] OK: /hpctmp/scratch/e0968015/chsims/wav/test2/00000.wav
[4224] OK: /hpctmp/scratch/e0968015/chsims/wav/test2/00001.wav
[4225] OK: /hpctmp/scratch/e0968015/chsims/wav/test2/00002.wav
[4226] OK: /hpctmp/scratch/e0968015/chsims/wav/test2/00003.wav
[4227] OK: /hpctmp/scratch/e0968015/chsims/wav/test2/00004.wav
[4228] OK: /hpctmp/scratch/e0968015/chsims/wav/test2/00005.wav
[4229] OK: /hpctmp/scratch/e0968015/chsims/wav/test2/00006.wav
[4230] OK: /hpctmp/scratch/e0968015/chsims/wav/test2/00007.wav
[4231] OK: /hpctmp/scratch/e0968015/chsims/wav/test2/00008.wav
[4232] OK: /hpctmp/scratch/e0968015/chsims/wav/test2/00009.wav
[4233] OK: /hpctmp/scratch/e0968015/chsims/wav/test2/00010.wav
[4234] OK: /hpctmp/scratch/e0968015/chsims/wav/test2/00011.wav
[4235] OK: /hpctmp/scratch/e0968015/chsims/wav/test2/00012.wav
[4236] OK: /hpctmp/scratch/e0968015/chsims/wav/test2/00013.wav
[4237] OK: /hpctmp/scratch/e0968015/chsims/wav/test2/00014.wav
[4238] OK: /hpctmp/scratch/e0968015/chsims/wav/test2/00015.wav
[4239] OK: /hpctmp/scratch/e0968015/chsims/wav/test2/00016.wav
[4240] OK: /hpctmp/scratch/e0968015/chsims/wav/test2/00017.wav
[4241] OK: /hpctmp/scratch/e0968015/chsims/wav/test2/00018.wav
[4242] OK: /hpctmp/scratch/e0968015/chsims/wav/test2/00019.wav
[4243] OK: /hpctmp/scratch/e0968015/chsims/wav/test2/00020.wav
[4244] OK: /hpctmp/scratch/e0968015/chsims/wav/test2/00021.wav
[4245] OK: /hpctmp/scratch/e0968015/chsims/wav/test2/00022.wav
[4246] OK: /hpctmp/scratch/e0968015/chsims/wav/test3/00000.wav
[4247] OK: /hpctmp/scratch/e0968015/chsims/wav/test3/00001.wav
[4248] OK: /hpctmp/scratch/e0968015/chsims/wav/test3/00002.wav
[4249] OK: /hpctmp/scratch/e0968015/chsims/wav/test3/00003.wav
[4250] OK: /hpctmp/scratch/e0968015/chsims/wav/test3/00004.wav
[4251] OK: /hpctmp/scratch/e0968015/chsims/wav/test4/00000.wav
[4252] OK: /hpctmp/scratch/e0968015/chsims/wav/test4/00001.wav
[4253] OK: /hpctmp/scratch/e0968015/chsims/wav/test5/00000.wav
[4254] OK: /hpctmp/scratch/e0968015/chsims/wav/test5/00001.wav
[4255] OK: /hpctmp/scratch/e0968015/chsims/wav/test5/00002.wav
[4256] OK: /hpctmp/scratch/e0968015/chsims/wav/test5/00003.wav
[4257] OK: /hpctmp/scratch/e0968015/chsims/wav/test5/00004.wav
[4258] OK: /hpctmp/scratch/e0968015/chsims/wav/test5/00005.wav
[4259] OK: /hpctmp/scratch/e0968015/chsims/wav/test5/00006.wav
[4260] OK: /hpctmp/scratch/e0968015/chsims/wav/test5/00007.wav
[4261] OK: /hpctmp/scratch/e0968015/chsims/wav/test5/00008.wav
[4262] OK: /hpctmp/scratch/e0968015/chsims/wav/test5/00009.wav
[4263] OK: /hpctmp/scratch/e0968015/chsims/wav/test5/00010.wav
[4264] OK: /hpctmp/scratch/e0968015/chsims/wav/test5/00011.wav
[4265] OK: /hpctmp/scratch/e0968015/chsims/wav/test5/00012.wav
[4266] OK: /hpctmp/scratch/e0968015/chsims/wav/test5/00013.wav
[4267] OK: /hpctmp/scratch/e0968015/chsims/wav/test5/00014.wav
[4268] OK: /hpctmp/scratch/e0968015/chsims/wav/test5/00016.wav
[4269] OK: /hpctmp/scratch/e0968015/chsims/wav/test5/00017.wav
[4270] OK: /hpctmp/scratch/e0968015/chsims/wav/test5/00018.wav
[4271] OK: /hpctmp/scratch/e0968015/chsims/wav/test5/00019.wav
[4272] OK: /hpctmp/scratch/e0968015/chsims/wav/test6/00000.wav
[4273] OK: /hpctmp/scratch/e0968015/chsims/wav/test6/00003.wav
[4274] OK: /hpctmp/scratch/e0968015/chsims/wav/test6/00004.wav
[4275] OK: /hpctmp/scratch/e0968015/chsims/wav/test6/00006.wav
[4276] OK: /hpctmp/scratch/e0968015/chsims/wav/test6/00007.wav
[4277] OK: /hpctmp/scratch/e0968015/chsims/wav/test6/00008.wav
[4278] OK: /hpctmp/scratch/e0968015/chsims/wav/test6/00009.wav
[4279] OK: /hpctmp/scratch/e0968015/chsims/wav/test6/00011.wav
[4280] OK: /hpctmp/scratch/e0968015/chsims/wav/test7/00000.wav
[4281] OK: /hpctmp/scratch/e0968015/chsims/wav/test7/00001.wav
[4282] OK: /hpctmp/scratch/e0968015/chsims/wav/test7/00002.wav
[4283] OK: /hpctmp/scratch/e0968015/chsims/wav/test7/00003.wav
[4284] OK: /hpctmp/scratch/e0968015/chsims/wav/test7/00004.wav
[4285] OK: /hpctmp/scratch/e0968015/chsims/wav/test7/00005.wav
[4286] OK: /hpctmp/scratch/e0968015/chsims/wav/test7/00006.wav
[4287] OK: /hpctmp/scratch/e0968015/chsims/wav/test7/00007.wav
[4288] OK: /hpctmp/scratch/e0968015/chsims/wav/test7/00008.wav
[4289] OK: /hpctmp/scratch/e0968015/chsims/wav/test7/00009.wav
[4290] OK: /hpctmp/scratch/e0968015/chsims/wav/test8/00000.wav
[4291] OK: /hpctmp/scratch/e0968015/chsims/wav/test8/00001.wav
[4292] OK: /hpctmp/scratch/e0968015/chsims/wav/test8/00002.wav
[4293] OK: /hpctmp/scratch/e0968015/chsims/wav/test8/00003.wav
[4294] OK: /hpctmp/scratch/e0968015/chsims/wav/test8/00004.wav
[4295] OK: /hpctmp/scratch/e0968015/chsims/wav/test8/00005.wav
[4296] OK: /hpctmp/scratch/e0968015/chsims/wav/test8/00006.wav
[4297] OK: /hpctmp/scratch/e0968015/chsims/wav/test9/00000.wav
[4298] OK: /hpctmp/scratch/e0968015/chsims/wav/test9/00002.wav
[4299] OK: /hpctmp/scratch/e0968015/chsims/wav/test9/00003.wav
[4300] OK: /hpctmp/scratch/e0968015/chsims/wav/test10/00000.wav
[4301] OK: /hpctmp/scratch/e0968015/chsims/wav/test10/00001.wav
[4302] OK: /hpctmp/scratch/e0968015/chsims/wav/test10/00002.wav
[4303] OK: /hpctmp/scratch/e0968015/chsims/wav/test11/00000.wav
[4304] OK: /hpctmp/scratch/e0968015/chsims/wav/test11/00001.wav
[4305] OK: /hpctmp/scratch/e0968015/chsims/wav/test11/00002.wav
[4306] OK: /hpctmp/scratch/e0968015/chsims/wav/test11/00003.wav
[4307] OK: /hpctmp/scratch/e0968015/chsims/wav/test11/00004.wav
[4308] OK: /hpctmp/scratch/e0968015/chsims/wav/test11/00005.wav
[4309] OK: /hpctmp/scratch/e0968015/chsims/wav/test11/00006.wav
[4310] OK: /hpctmp/scratch/e0968015/chsims/wav/test11/00008.wav
[4311] OK: /hpctmp/scratch/e0968015/chsims/wav/test11/00009.wav
[4312] OK: /hpctmp/scratch/e0968015/chsims/wav/test11/00010.wav
[4313] OK: /hpctmp/scratch/e0968015/chsims/wav/test11/00011.wav
[4314] OK: /hpctmp/scratch/e0968015/chsims/wav/test11/00012.wav
[4315] OK: /hpctmp/scratch/e0968015/chsims/wav/test11/00013.wav
[4316] OK: /hpctmp/scratch/e0968015/chsims/wav/test11/00014.wav
[4317] OK: /hpctmp/scratch/e0968015/chsims/wav/test11/00015.wav
[4318] OK: /hpctmp/scratch/e0968015/chsims/wav/test11/00016.wav
[4319] OK: /hpctmp/scratch/e0968015/chsims/wav/test11/00017.wav
[4320] OK: /hpctmp/scratch/e0968015/chsims/wav/test11/00018.wav
[4321] OK: /hpctmp/scratch/e0968015/chsims/wav/test11/00019.wav
[4322] OK: /hpctmp/scratch/e0968015/chsims/wav/test12/00000.wav
[4323] OK: /hpctmp/scratch/e0968015/chsims/wav/test12/00001.wav
[4324] OK: /hpctmp/scratch/e0968015/chsims/wav/test12/00002.wav
[4325] OK: /hpctmp/scratch/e0968015/chsims/wav/test12/00003.wav
[4326] OK: /hpctmp/scratch/e0968015/chsims/wav/test12/00004.wav
[4327] OK: /hpctmp/scratch/e0968015/chsims/wav/test12/00005.wav
[4328] OK: /hpctmp/scratch/e0968015/chsims/wav/test12/00006.wav
[4329] OK: /hpctmp/scratch/e0968015/chsims/wav/test12/00007.wav
[4330] OK: /hpctmp/scratch/e0968015/chsims/wav/test12/00008.wav
[4331] OK: /hpctmp/scratch/e0968015/chsims/wav/test12/00009.wav
[4332] OK: /hpctmp/scratch/e0968015/chsims/wav/test12/00010.wav
[4333] OK: /hpctmp/scratch/e0968015/chsims/wav/test12/00011.wav
[4334] OK: /hpctmp/scratch/e0968015/chsims/wav/test12/00012.wav
[4335] OK: /hpctmp/scratch/e0968015/chsims/wav/test12/00013.wav
[4336] OK: /hpctmp/scratch/e0968015/chsims/wav/test12/00015.wav
[4337] OK: /hpctmp/scratch/e0968015/chsims/wav/test12/00016.wav
[4338] OK: /hpctmp/scratch/e0968015/chsims/wav/test12/00017.wav
[4339] OK: /hpctmp/scratch/e0968015/chsims/wav/test12/00018.wav
[4340] OK: /hpctmp/scratch/e0968015/chsims/wav/test12/00019.wav
[4341] OK: /hpctmp/scratch/e0968015/chsims/wav/test12/00020.wav
[4342] OK: /hpctmp/scratch/e0968015/chsims/wav/test12/00021.wav
[4343] OK: /hpctmp/scratch/e0968015/chsims/wav/test12/00022.wav
[4344] OK: /hpctmp/scratch/e0968015/chsims/wav/test12/00023.wav
[4345] OK: /hpctmp/scratch/e0968015/chsims/wav/test12/00024.wav
[4346] OK: /hpctmp/scratch/e0968015/chsims/wav/test12/00025.wav
[4347] OK: /hpctmp/scratch/e0968015/chsims/wav/test12/00026.wav
[4348] OK: /hpctmp/scratch/e0968015/chsims/wav/test12/00027.wav
[4349] OK: /hpctmp/scratch/e0968015/chsims/wav/test12/00028.wav
[4350] OK: /hpctmp/scratch/e0968015/chsims/wav/test12/00029.wav
[4351] OK: /hpctmp/scratch/e0968015/chsims/wav/test12/00030.wav
[4352] OK: /hpctmp/scratch/e0968015/chsims/wav/test12/00031.wav
[4353] OK: /hpctmp/scratch/e0968015/chsims/wav/test12/00032.wav
[4354] OK: /hpctmp/scratch/e0968015/chsims/wav/test12/00033.wav
[4355] OK: /hpctmp/scratch/e0968015/chsims/wav/test13/00000.wav
[4356] OK: /hpctmp/scratch/e0968015/chsims/wav/test13/00001.wav
[4357] OK: /hpctmp/scratch/e0968015/chsims/wav/test13/00002.wav
[4358] OK: /hpctmp/scratch/e0968015/chsims/wav/test13/00003.wav
[4359] OK: /hpctmp/scratch/e0968015/chsims/wav/test13/00004.wav
[4360] OK: /hpctmp/scratch/e0968015/chsims/wav/test13/00005.wav
[4361] OK: /hpctmp/scratch/e0968015/chsims/wav/test13/00006.wav
[4362] OK: /hpctmp/scratch/e0968015/chsims/wav/test13/00008.wav
[4363] OK: /hpctmp/scratch/e0968015/chsims/wav/test13/00009.wav
[4364] OK: /hpctmp/scratch/e0968015/chsims/wav/test13/00010.wav
[4365] OK: /hpctmp/scratch/e0968015/chsims/wav/test13/00011.wav
[4366] OK: /hpctmp/scratch/e0968015/chsims/wav/test13/00012.wav
[4367] OK: /hpctmp/scratch/e0968015/chsims/wav/test13/00013.wav
[4368] OK: /hpctmp/scratch/e0968015/chsims/wav/test14/00000.wav
[4369] OK: /hpctmp/scratch/e0968015/chsims/wav/test14/00001.wav
[4370] OK: /hpctmp/scratch/e0968015/chsims/wav/test14/00002.wav
[4371] OK: /hpctmp/scratch/e0968015/chsims/wav/test14/00003.wav
[4372] OK: /hpctmp/scratch/e0968015/chsims/wav/test14/00004.wav
[4373] OK: /hpctmp/scratch/e0968015/chsims/wav/test14/00005.wav
[4374] OK: /hpctmp/scratch/e0968015/chsims/wav/test14/00006.wav
[4375] OK: /hpctmp/scratch/e0968015/chsims/wav/test14/00007.wav
[4376] OK: /hpctmp/scratch/e0968015/chsims/wav/test14/00008.wav
[4377] OK: /hpctmp/scratch/e0968015/chsims/wav/test14/00009.wav
[4378] OK: /hpctmp/scratch/e0968015/chsims/wav/test14/00010.wav
[4379] OK: /hpctmp/scratch/e0968015/chsims/wav/test14/00011.wav
[4380] OK: /hpctmp/scratch/e0968015/chsims/wav/test14/00012.wav
[4381] OK: /hpctmp/scratch/e0968015/chsims/wav/test14/00013.wav
[4382] OK: /hpctmp/scratch/e0968015/chsims/wav/test14/00014.wav
[4383] OK: /hpctmp/scratch/e0968015/chsims/wav/test15/00000.wav
[4384] OK: /hpctmp/scratch/e0968015/chsims/wav/test15/00001.wav
[4385] OK: /hpctmp/scratch/e0968015/chsims/wav/test15/00002.wav
[4386] OK: /hpctmp/scratch/e0968015/chsims/wav/test15/00003.wav
[4387] OK: /hpctmp/scratch/e0968015/chsims/wav/test15/00004.wav
[4388] OK: /hpctmp/scratch/e0968015/chsims/wav/test15/00005.wav
[4389] OK: /hpctmp/scratch/e0968015/chsims/wav/test15/00006.wav
[4390] OK: /hpctmp/scratch/e0968015/chsims/wav/test15/00007.wav
[4391] OK: /hpctmp/scratch/e0968015/chsims/wav/test15/00008.wav
[4392] OK: /hpctmp/scratch/e0968015/chsims/wav/test15/00009.wav
[4393] OK: /hpctmp/scratch/e0968015/chsims/wav/test15/00010.wav
[4394] OK: /hpctmp/scratch/e0968015/chsims/wav/test15/00011.wav
[4395] OK: /hpctmp/scratch/e0968015/chsims/wav/test15/00012.wav
[4396] OK: /hpctmp/scratch/e0968015/chsims/wav/test15/00013.wav
[4397] OK: /hpctmp/scratch/e0968015/chsims/wav/test15/00014.wav
[4398] OK: /hpctmp/scratch/e0968015/chsims/wav/test15/00015.wav
[4399] OK: /hpctmp/scratch/e0968015/chsims/wav/test15/00016.wav
[4400] OK: /hpctmp/scratch/e0968015/chsims/wav/test15/00017.wav
[4401] OK: /hpctmp/scratch/e0968015/chsims/wav/test15/00018.wav
[4402] OK: /hpctmp/scratch/e0968015/chsims/wav/test15/00019.wav
[4403] OK: /hpctmp/scratch/e0968015/chsims/wav/test15/00020.wav
Done. Success=4403, Fail=0
